2026-09-22T22:48:50.5877830Z Current runner version: '2.337.0'
2026-09-22T22:48:50.5904850Z ##[group]Runner Image Provisioner
2026-09-22T22:48:50.5905772Z Hosted Compute Agent
2026-09-22T22:48:50.5906328Z Version: 20260828.587
2026-09-22T22:48:50.5906888Z Commit: abac92662cab4cc7352de4f9f9d2e2419aad9c29
2026-09-22T22:48:50.5907577Z Build Date: 2026-08-28T16:44:25Z
2026-09-22T22:48:50.5908196Z Worker ID: {88e62b62-fd46-489f-b292-898863fa00a0}
2026-09-22T22:48:50.5908838Z Azure Region: westus3
2026-09-22T22:48:50.5909384Z ##[endgroup]
2026-09-22T22:48:50.5911272Z ##[group]Operating System
2026-09-22T22:48:50.5911967Z Microsoft Windows Server 2025
2026-09-22T22:48:50.5912571Z 10.0.26100
2026-09-22T22:48:50.5913035Z Datacenter
2026-09-22T22:48:50.5913531Z ##[endgroup]
2026-09-22T22:48:50.5914033Z ##[group]Runner Image
2026-09-22T22:48:50.5914591Z Image: windows-2025-vs2026
2026-09-22T22:48:50.5915150Z Version: 20260907.229.1
2026-09-22T22:48:50.5916595Z Included Software: https://github.com/actions/runner-images/blob/win25-vs2026/20260907.229/images/windows/Windows2025-VS2026-Readme.md
2026-09-22T22:48:50.5918169Z Image Release: https://github.com/actions/runner-images/releases/tag/win25-vs2026%2F20260907.229
2026-09-22T22:48:50.5919106Z ##[endgroup]
2026-09-22T22:48:50.5920156Z ##[group]GITHUB_TOKEN Permissions
2026-09-22T22:48:50.5922331Z Contents: read
2026-09-22T22:48:50.5922895Z Metadata: read
2026-09-22T22:48:50.5923403Z ##[endgroup]
2026-09-22T22:48:50.5925716Z Secret source: Actions
2026-09-22T22:48:50.5926602Z Cache mode: write
2026-09-22T22:48:50.5927551Z Prepare workflow directory
2026-09-22T22:48:50.6322975Z Prepare all required actions
2026-09-22T22:48:50.6373330Z Getting action download info
2026-09-22T22:48:50.9342707Z Download action repository 'actions/checkout@v4' (SHA:11d5960a326750d5838078e36cf38b85af677262)
2026-09-22T22:48:51.0844961Z Download action repository 'dtolnay/rust-toolchain@stable' (SHA:6bed0761d98439e5a578e2877258200ad565ba87)
2026-09-22T22:48:51.3032512Z Download action repository 'actions/setup-node@v4' (SHA:49933ea5288caeca8642d1e84afbd3f7d6820020)
2026-09-22T22:48:51.4681903Z Download action repository 'actions/upload-artifact@v4' (SHA:ea165f8d65b6e75b540449e92b4886f43607fa02)
2026-09-22T22:48:51.8952298Z Complete job name: native (windows-latest)
2026-09-22T22:48:52.0540225Z Node 20 is being deprecated. This workflow is running with Node 24 by default. If you need to temporarily use Node 20, you can set the ACTIONS_ALLOW_USE_UNSECURE_NODE_VERSION=true environment variable. For more information see: https://github.blog/changelog/2025-09-19-deprecation-of-node-20-on-github-actions-runners/
2026-09-22T22:48:52.0553801Z ##[group]Run actions/checkout@v4
2026-09-22T22:48:52.0554978Z with:
2026-09-22T22:48:52.0555822Z   repository: ridgemerkley2-web/Spheres
2026-09-22T22:48:52.0562243Z   token: ***
2026-09-22T22:48:52.0563027Z   ssh-strict: true
2026-09-22T22:48:52.0563833Z   ssh-user: git
2026-09-22T22:48:52.0565083Z   persist-credentials: true
2026-09-22T22:48:52.0566062Z   clean: true
2026-09-22T22:48:52.0566932Z   sparse-checkout-cone-mode: true
2026-09-22T22:48:52.0567846Z   fetch-depth: 1
2026-09-22T22:48:52.0568653Z   fetch-tags: false
2026-09-22T22:48:52.0569488Z   show-progress: true
2026-09-22T22:48:52.0570316Z   lfs: false
2026-09-22T22:48:52.0571131Z   submodules: false
2026-09-22T22:48:52.0571962Z   set-safe-directory: true
2026-09-22T22:48:52.0572879Z   allow-unsafe-pr-checkout: false
2026-09-22T22:48:52.0574128Z ##[endgroup]
2026-09-22T22:48:52.2261437Z Syncing repository: ridgemerkley2-web/Spheres
2026-09-22T22:48:52.2264085Z ##[group]Getting Git version info
2026-09-22T22:48:52.2265111Z Working directory is 'D:\a\Spheres\Spheres'
2026-09-22T22:48:52.3233718Z [command]"C:\Program Files\Git\bin\git.exe" version
2026-09-22T22:48:52.6557563Z git version 2.55.0.windows.5
2026-09-22T22:48:52.6615694Z ##[endgroup]
2026-09-22T22:48:52.6637290Z Temporarily overriding HOME='D:\a\_temp\22787b6c-9d83-4152-9676-91be942d73aa' before making global git config changes
2026-09-22T22:48:52.6643939Z Adding repository directory to the temporary git global config as a safe directory
2026-09-22T22:48:52.6649808Z [command]"C:\Program Files\Git\bin\git.exe" config --global --add safe.directory D:\a\Spheres\Spheres
2026-09-22T22:48:52.7555538Z Deleting the contents of 'D:\a\Spheres\Spheres'
2026-09-22T22:48:52.7562108Z ##[group]Initializing the repository
2026-09-22T22:48:52.7571380Z [command]"C:\Program Files\Git\bin\git.exe" init D:\a\Spheres\Spheres
2026-09-22T22:48:52.8378451Z Initialized empty Git repository in D:/a/Spheres/Spheres/.git/
2026-09-22T22:48:52.8429405Z [command]"C:\Program Files\Git\bin\git.exe" remote add origin https://github.com/ridgemerkley2-web/Spheres
2026-09-22T22:48:52.9122856Z ##[endgroup]
2026-09-22T22:48:52.9124240Z ##[group]Disabling automatic garbage collection
2026-09-22T22:48:52.9131667Z [command]"C:\Program Files\Git\bin\git.exe" config --local gc.auto 0
2026-09-22T22:48:52.9462323Z ##[endgroup]
2026-09-22T22:48:52.9533104Z ##[group]Setting up auth
2026-09-22T22:48:52.9535265Z [command]"C:\Program Files\Git\bin\git.exe" config --local --name-only --get-regexp core\.sshCommand
2026-09-22T22:48:52.9816446Z [command]"C:\Program Files\Git\bin\git.exe" submodule foreach --recursive "sh -c \"git config --local --name-only --get-regexp 'core\.sshCommand' && git config --local --unset-all 'core.sshCommand' || :\""
2026-09-22T22:48:54.4818647Z [command]"C:\Program Files\Git\bin\git.exe" config --local --name-only --get-regexp http\.https\:\/\/github\.com\/\.extraheader
2026-09-22T22:48:54.5155682Z [command]"C:\Program Files\Git\bin\git.exe" submodule foreach --recursive "sh -c \"git config --local --name-only --get-regexp 'http\.https\:\/\/github\.com\/\.extraheader' && git config --local --unset-all 'http.https://github.com/.extraheader' || :\""
2026-09-22T22:48:55.1093955Z [command]"C:\Program Files\Git\bin\git.exe" config --local --name-only --get-regexp ^includeIf\.gitdir:
2026-09-22T22:48:55.1432164Z [command]"C:\Program Files\Git\bin\git.exe" submodule foreach --recursive "git config --local --show-origin --name-only --get-regexp remote.origin.url"
2026-09-22T22:48:55.7772235Z [command]"C:\Program Files\Git\bin\git.exe" config --local http.https://github.com/.extraheader "AUTHORIZATION: basic ***"
2026-09-22T22:48:55.8115657Z ##[endgroup]
2026-09-22T22:48:55.8116628Z ##[group]Fetching the repository
2026-09-22T22:48:55.8129119Z [command]"C:\Program Files\Git\bin\git.exe" -c protocol.version=2 fetch --no-tags --prune --no-recurse-submodules --depth=1 origin +9f7faed5f541e14545e01caf1616ba08c6ad8ff9:refs/remotes/origin/codex/campaign-certification
2026-09-22T22:49:50.6384965Z From https://github.com/ridgemerkley2-web/Spheres
2026-09-22T22:49:50.6386042Z  * [new ref]         9f7faed5f541e14545e01caf1616ba08c6ad8ff9 -> origin/codex/campaign-certification
2026-09-22T22:49:50.6441896Z ##[endgroup]
2026-09-22T22:49:50.6442579Z ##[group]Determining the checkout info
2026-09-22T22:49:50.6445742Z ##[endgroup]
2026-09-22T22:49:50.6463000Z [command]"C:\Program Files\Git\bin\git.exe" sparse-checkout disable
2026-09-22T22:49:50.6957426Z [command]"C:\Program Files\Git\bin\git.exe" config --local --unset-all extensions.worktreeConfig
2026-09-22T22:49:50.7290139Z ##[group]Checking out the ref
2026-09-22T22:49:50.7300178Z [command]"C:\Program Files\Git\bin\git.exe" checkout --progress --force -B codex/campaign-certification refs/remotes/origin/codex/campaign-certification
2026-09-22T22:49:51.8610229Z Updating files:  17% (1988/11624)
2026-09-22T22:49:51.9423801Z Updating files:  18% (2093/11624)
2026-09-22T22:49:52.0314771Z Updating files:  19% (2209/11624)
2026-09-22T22:49:52.1288146Z Updating files:  20% (2325/11624)
2026-09-22T22:49:52.1663110Z Updating files:  21% (2442/11624)
2026-09-22T22:49:52.2916794Z Updating files:  22% (2558/11624)
2026-09-22T22:49:52.8339069Z Updating files:  23% (2674/11624)
2026-09-22T22:49:53.4310854Z Updating files:  23% (2765/11624)
2026-09-22T22:49:53.8290313Z Updating files:  24% (2790/11624)
2026-09-22T22:49:54.8446076Z Updating files:  24% (2808/11624)
2026-09-22T22:49:55.8328365Z Updating files:  24% (2854/11624)
2026-09-22T22:49:56.0239494Z Updating files:  24% (2897/11624)
2026-09-22T22:49:56.8464224Z Updating files:  25% (2906/11624)
2026-09-22T22:49:57.1148260Z Updating files:  25% (2944/11624)
2026-09-22T22:49:57.2000000Z Updating files:  26% (3023/11624)
2026-09-22T22:49:57.2854757Z Updating files:  27% (3139/11624)
2026-09-22T22:49:57.7297452Z Updating files:  28% (3255/11624)
2026-09-22T22:49:57.8472480Z Updating files:  29% (3371/11624)
2026-09-22T22:49:58.0621895Z Updating files:  29% (3398/11624)
2026-09-22T22:49:58.2792125Z Updating files:  30% (3488/11624)
2026-09-22T22:49:58.4506668Z Updating files:  31% (3604/11624)
2026-09-22T22:49:58.8550635Z Updating files:  32% (3720/11624)
2026-09-22T22:49:58.9060256Z Updating files:  32% (3820/11624)
2026-09-22T22:49:59.1647646Z Updating files:  33% (3836/11624)
2026-09-22T22:49:59.3741713Z Updating files:  34% (3953/11624)
2026-09-22T22:49:59.5957435Z Updating files:  35% (4069/11624)
2026-09-22T22:49:59.8500855Z Updating files:  36% (4185/11624)
2026-09-22T22:49:59.8984017Z Updating files:  36% (4289/11624)
2026-09-22T22:50:00.1869186Z Updating files:  37% (4301/11624)
2026-09-22T22:50:00.4128714Z Updating files:  38% (4418/11624)
2026-09-22T22:50:00.7215181Z Updating files:  39% (4534/11624)
2026-09-22T22:50:00.8574734Z Updating files:  40% (4650/11624)
2026-09-22T22:50:01.0851166Z Updating files:  40% (4689/11624)
2026-09-22T22:50:01.3408956Z Updating files:  41% (4766/11624)
2026-09-22T22:50:01.6442879Z Updating files:  42% (4883/11624)
2026-09-22T22:50:01.8581640Z Updating files:  43% (4999/11624)
2026-09-22T22:50:02.0254577Z Updating files:  43% (5070/11624)
2026-09-22T22:50:02.6605672Z Updating files:  44% (5115/11624)
2026-09-22T22:50:02.8781151Z Updating files:  45% (5231/11624)
2026-09-22T22:50:03.3889920Z Updating files:  45% (5266/11624)
2026-09-22T22:50:03.8898744Z Updating files:  46% (5348/11624)
2026-09-22T22:50:04.2219358Z Updating files:  46% (5420/11624)
2026-09-22T22:50:04.4782800Z Updating files:  47% (5464/11624)
2026-09-22T22:50:04.8923025Z Updating files:  48% (5580/11624)
2026-09-22T22:50:05.2815493Z Updating files:  48% (5626/11624)
2026-09-22T22:50:05.8379651Z Updating files:  49% (5696/11624)
2026-09-22T22:50:05.8952994Z Updating files:  50% (5812/11624)
2026-09-22T22:50:06.3098698Z Updating files:  50% (5864/11624)
2026-09-22T22:50:06.9155898Z Updating files:  51% (5929/11624)
2026-09-22T22:50:06.9395176Z Updating files:  51% (6040/11624)
2026-09-22T22:50:07.5770607Z Updating files:  52% (6045/11624)
2026-09-22T22:50:07.9275393Z Updating files:  53% (6161/11624)
2026-09-22T22:50:08.3744128Z Updating files:  53% (6202/11624)
2026-09-22T22:50:08.9307173Z Updating files:  54% (6277/11624)
2026-09-22T22:50:08.9951902Z Updating files:  54% (6382/11624)
2026-09-22T22:50:09.6452377Z Updating files:  55% (6394/11624)
2026-09-22T22:50:09.9410967Z Updating files:  56% (6510/11624)
2026-09-22T22:50:10.1303933Z Updating files:  56% (6605/11624)
2026-09-22T22:50:10.8615587Z Updating files:  57% (6626/11624)
2026-09-22T22:50:10.9362589Z Updating files:  58% (6742/11624)
2026-09-22T22:50:11.9387738Z Updating files:  58% (6750/11624)
2026-09-22T22:50:12.3303989Z Updating files:  58% (6827/11624)
2026-09-22T22:50:13.2904681Z Updating files:  59% (6859/11624)
2026-09-22T22:50:13.4243516Z Updating files:  59% (6942/11624)
2026-09-22T22:50:13.7939110Z Updating files:  60% (6975/11624)
2026-09-22T22:50:13.9609570Z Updating files:  61% (7091/11624)
2026-09-22T22:50:14.6378589Z Updating files:  61% (7140/11624)
2026-09-22T22:50:14.9764094Z Updating files:  62% (7207/11624)
2026-09-22T22:50:15.2514801Z Updating files:  62% (7274/11624)
2026-09-22T22:50:15.3889631Z Updating files:  63% (7324/11624)
2026-09-22T22:50:16.0445133Z Updating files:  64% (7440/11624)
2026-09-22T22:50:16.1693657Z Updating files:  64% (7533/11624)
2026-09-22T22:50:16.4425207Z Updating files:  65% (7556/11624)
2026-09-22T22:50:16.5855567Z Updating files:  66% (7672/11624)
2026-09-22T22:50:16.7434751Z Updating files:  67% (7789/11624)
2026-09-22T22:50:16.8503976Z Updating files:  68% (7905/11624)
2026-09-22T22:50:16.9347608Z Updating files:  69% (8021/11624)
2026-09-22T22:50:16.9853410Z Updating files:  70% (8137/11624)
2026-09-22T22:50:17.0600489Z Updating files:  70% (8162/11624)
2026-09-22T22:50:18.1772510Z Updating files:  71% (8254/11624)
2026-09-22T22:50:18.6273779Z Updating files:  71% (8303/11624)
2026-09-22T22:50:18.6675988Z Updating files:  72% (8370/11624)
2026-09-22T22:50:18.7029184Z Updating files:  73% (8486/11624)
2026-09-22T22:50:18.7369730Z Updating files:  74% (8602/11624)
2026-09-22T22:50:18.7681843Z Updating files:  75% (8718/11624)
2026-09-22T22:50:18.8088652Z Updating files:  76% (8835/11624)
2026-09-22T22:50:18.8532891Z Updating files:  77% (8951/11624)
2026-09-22T22:50:18.8988079Z Updating files:  78% (9067/11624)
2026-09-22T22:50:18.9627677Z Updating files:  79% (9183/11624)
2026-09-22T22:50:19.0134832Z Updating files:  80% (9300/11624)
2026-09-22T22:50:19.0435603Z Updating files:  80% (9366/11624)
2026-09-22T22:50:19.0991026Z Updating files:  81% (9416/11624)
2026-09-22T22:50:19.1356220Z Updating files:  82% (9532/11624)
2026-09-22T22:50:19.1710565Z Updating files:  83% (9648/11624)
2026-09-22T22:50:20.0132665Z Updating files:  84% (9765/11624)
2026-09-22T22:50:20.5892421Z Updating files:  84% (9847/11624)
2026-09-22T22:50:21.0407647Z Updating files:  85% (9881/11624)
2026-09-22T22:50:22.0309413Z Updating files:  85% (9906/11624)
2026-09-22T22:50:22.3749015Z Updating files:  85% (9968/11624)
2026-09-22T22:50:23.0373325Z Updating files:  86% (9997/11624)
2026-09-22T22:50:23.7333090Z Updating files:  86% (10064/11624)
2026-09-22T22:50:23.8094869Z Updating files:  87% (10113/11624)
2026-09-22T22:50:23.9593199Z Updating files:  88% (10230/11624)
2026-09-22T22:50:24.0289071Z Updating files:  89% (10346/11624)
2026-09-22T22:50:24.1254164Z Updating files:  89% (10407/11624)
2026-09-22T22:50:24.2805535Z Updating files:  90% (10462/11624)
2026-09-22T22:50:24.4854274Z Updating files:  91% (10578/11624)
2026-09-22T22:50:24.7081816Z Updating files:  92% (10695/11624)
2026-09-22T22:50:24.8118679Z Updating files:  93% (10811/11624)
2026-09-22T22:50:25.1275145Z Updating files:  94% (10927/11624)
2026-09-22T22:50:25.1544938Z Updating files:  94% (10966/11624)
2026-09-22T22:50:25.1816766Z Updating files:  95% (11043/11624)
2026-09-22T22:50:25.2438408Z Updating files:  96% (11160/11624)
2026-09-22T22:50:25.2718807Z Updating files:  97% (11276/11624)
2026-09-22T22:50:25.3431888Z Updating files:  98% (11392/11624)
2026-09-22T22:50:25.3879627Z Updating files:  99% (11508/11624)
2026-09-22T22:50:25.3880339Z Updating files: 100% (11624/11624)
2026-09-22T22:50:25.3880705Z Updating files: 100% (11624/11624), done.
2026-09-22T22:50:25.4188177Z Switched to a new branch 'codex/campaign-certification'
2026-09-22T22:50:25.4206519Z branch 'codex/campaign-certification' set up to track 'origin/codex/campaign-certification'.
2026-09-22T22:50:25.7164387Z ##[endgroup]
2026-09-22T22:50:25.7502795Z [command]"C:\Program Files\Git\bin\git.exe" log -1 --format=%H
2026-09-22T22:50:25.7772025Z 9f7faed5f541e14545e01caf1616ba08c6ad8ff9
2026-09-22T22:50:25.8367213Z ##[group]Run dtolnay/rust-toolchain@stable
2026-09-22T22:50:25.8367649Z with:
2026-09-22T22:50:25.8367894Z   toolchain: stable
2026-09-22T22:50:25.8368154Z ##[endgroup]
2026-09-22T22:50:25.8451677Z ##[start-action display=Parse toolchain version;id=__dtolnay_rust-toolchain.parse]
2026-09-22T22:50:25.8642712Z ##[group]Run if [[ -z $toolchain ]]; then
2026-09-22T22:50:25.8643182Z [36;1mif [[ -z $toolchain ]]; then[0m
2026-09-22T22:50:25.8643787Z [36;1m  # GitHub does not enforce `required: true` inputs itself. https://github.com/actions/runner/issues/1070[0m
2026-09-22T22:50:25.8644410Z [36;1m  echo "'toolchain' is a required input" >&2[0m
2026-09-22T22:50:25.8644750Z [36;1m  exit 1[0m
2026-09-22T22:50:25.8645129Z [36;1melif [[ $toolchain =~ ^stable' '[0-9]+' '(year|month|week|day)s?' 'ago$ ]]; then[0m
2026-09-22T22:50:25.8645877Z [36;1m  if [[ Windows == macOS ]]; then[0m
2026-09-22T22:50:25.8646575Z [36;1m    echo "toolchain=1.$((($(date -v-$(sed 's/stable \([0-9]*\) \(.\).*/\1\2/' <<< $toolchain) +%s)/60/60/24-16569)/7/6))" >> $GITHUB_OUTPUT[0m
2026-09-22T22:50:25.8647147Z [36;1m  else[0m
2026-09-22T22:50:25.8647602Z [36;1m    echo "toolchain=1.$((($(date --date "${toolchain#stable }" +%s)/60/60/24-16569)/7/6))" >> $GITHUB_OUTPUT[0m
2026-09-22T22:50:25.8648109Z [36;1m  fi[0m
2026-09-22T22:50:25.8648753Z [36;1melif [[ $toolchain =~ ^stable' 'minus' '[0-9]+' 'releases?$ ]]; then[0m
2026-09-22T22:50:25.8649351Z [36;1m  echo "toolchain=1.$((($(date +%s)/60/60/24-16569)/7/6-${toolchain//[^0-9]/}))" >> $GITHUB_OUTPUT[0m
2026-09-22T22:50:25.8649889Z [36;1melif [[ $toolchain =~ ^1\.[0-9]+$ ]]; then[0m
2026-09-22T22:50:25.8650453Z [36;1m  echo "toolchain=1.$((i=${toolchain#1.}, c=($(date +%s)/60/60/24-16569)/7/6, i+9*i*(10*i<=c)+90*i*(100*i<=c)))" >> $GITHUB_OUTPUT[0m
2026-09-22T22:50:25.8651001Z [36;1melse[0m
2026-09-22T22:50:25.8651289Z [36;1m  echo "toolchain=$toolchain" >> $GITHUB_OUTPUT[0m
2026-09-22T22:50:25.8651626Z [36;1mfi[0m
2026-09-22T22:50:25.8674239Z shell: C:\Program Files\Git\bin\bash.EXE --noprofile --norc -e -o pipefail {0}
2026-09-22T22:50:25.8674710Z env:
2026-09-22T22:50:25.8674961Z   toolchain: stable
2026-09-22T22:50:25.8675229Z ##[endgroup]
2026-09-22T22:50:26.0354746Z ##[end-action id=__dtolnay_rust-toolchain.parse;outcome=success;conclusion=success;duration_ms=190]
2026-09-22T22:50:26.0369391Z ##[start-action display=Construct rustup command line;id=__dtolnay_rust-toolchain.flags]
2026-09-22T22:50:26.0530616Z ##[group]Run echo "targets=$(for t in ${targets//,/ }; do echo -n ' --target' $t; done)" >> $GITHUB_OUTPUT
2026-09-22T22:50:26.0531752Z [36;1mecho "targets=$(for t in ${targets//,/ }; do echo -n ' --target' $t; done)" >> $GITHUB_OUTPUT[0m
2026-09-22T22:50:26.0532883Z [36;1mecho "components=$(for c in ${components//,/ }; do echo -n ' --component' $c; done)" >> $GITHUB_OUTPUT[0m
2026-09-22T22:50:26.0533458Z [36;1mecho "downgrade=" >> $GITHUB_OUTPUT[0m
2026-09-22T22:50:26.0553548Z shell: C:\Program Files\Git\bin\bash.EXE --noprofile --norc -e -o pipefail {0}
2026-09-22T22:50:26.0554308Z env:
2026-09-22T22:50:26.0554575Z   targets: 
2026-09-22T22:50:26.0554825Z   components: 
2026-09-22T22:50:26.0555108Z ##[endgroup]
2026-09-22T22:50:26.1247508Z ##[end-action id=__dtolnay_rust-toolchain.flags;outcome=success;conclusion=success;duration_ms=87]
2026-09-22T22:50:26.1250557Z ##[start-action display=Set $CARGO_HOME;id=__dtolnay_rust-toolchain.__run]
2026-09-22T22:50:26.1387914Z ##[group]Run echo CARGO_HOME=${CARGO_HOME:-"$USERPROFILE\.cargo"} >> $GITHUB_ENV
2026-09-22T22:50:26.1388488Z [36;1mecho CARGO_HOME=${CARGO_HOME:-"$USERPROFILE\.cargo"} >> $GITHUB_ENV[0m
2026-09-22T22:50:26.1405516Z shell: C:\Program Files\Git\bin\bash.EXE --noprofile --norc -e -o pipefail {0}
2026-09-22T22:50:26.1406076Z ##[endgroup]
2026-09-22T22:50:26.1883158Z ##[end-action id=__dtolnay_rust-toolchain.__run;outcome=success;conclusion=success;duration_ms=63]
2026-09-22T22:50:26.1889600Z ##[start-action display=Install rustup if needed;id=__dtolnay_rust-toolchain.__run_2]
2026-09-22T22:50:26.1902632Z ##[end-action id=__dtolnay_rust-toolchain.__run_2;outcome=skipped;conclusion=skipped;duration_ms=0]
2026-09-22T22:50:26.1905206Z ##[start-action display=Install rustup if needed on windows;id=__dtolnay_rust-toolchain.__run_3]
2026-09-22T22:50:26.2053287Z ##[group]Run if ! command -v rustup &>/dev/null; then
2026-09-22T22:50:26.2053658Z [36;1mif ! command -v rustup &>/dev/null; then[0m
2026-09-22T22:50:26.2054426Z [36;1m  curl --proto '=https' --tlsv1.2 --retry 10 --retry-connrefused --location --silent --show-error --fail https://win.rustup.rs/x86_64 --output 'D:\a\_temp\rustup-init.exe'[0m
2026-09-22T22:50:26.2055256Z [36;1m  'D:\a\_temp\rustup-init.exe' --default-toolchain none --no-modify-path -y[0m
2026-09-22T22:50:26.2056595Z [36;1m  echo "$CARGO_HOME\bin" >> $GITHUB_PATH[0m
2026-09-22T22:50:26.2056870Z [36;1mfi[0m
2026-09-22T22:50:26.2074771Z shell: C:\Program Files\Git\bin\bash.EXE --noprofile --norc -e -o pipefail {0}
2026-09-22T22:50:26.2075162Z env:
2026-09-22T22:50:26.2075366Z   CARGO_HOME: C:\Users\runneradmin\.cargo
2026-09-22T22:50:26.2075616Z ##[endgroup]
2026-09-22T22:50:26.2637323Z ##[end-action id=__dtolnay_rust-toolchain.__run_3;outcome=success;conclusion=success;duration_ms=73]
2026-09-22T22:50:26.2650967Z ##[start-action display=rustup toolchain install stable;id=__dtolnay_rust-toolchain.__run_4]
2026-09-22T22:50:26.2801516Z ##[group]Run rustup toolchain install stable --profile minimal --no-self-update
2026-09-22T22:50:26.2802060Z [36;1mrustup toolchain install stable --profile minimal --no-self-update[0m
2026-09-22T22:50:26.2819200Z shell: C:\Program Files\Git\bin\bash.EXE --noprofile --norc -e -o pipefail {0}
2026-09-22T22:50:26.2819598Z env:
2026-09-22T22:50:26.2819807Z   CARGO_HOME: C:\Users\runneradmin\.cargo
2026-09-22T22:50:26.2820073Z   RUSTUP_PERMIT_COPY_RENAME: 1
2026-09-22T22:50:26.2820291Z ##[endgroup]
2026-09-22T22:50:29.5692706Z info: syncing channel updates for stable-x86_64-pc-windows-msvc
2026-09-22T22:50:29.9732383Z 
2026-09-22T22:50:29.9933573Z   stable-x86_64-pc-windows-msvc unchanged - rustc 1.98.1 (48a229cea 2026-09-01)
2026-09-22T22:50:29.9933947Z 
2026-09-22T22:50:30.0030755Z ##[end-action id=__dtolnay_rust-toolchain.__run_4;outcome=success;conclusion=success;duration_ms=3737]
2026-09-22T22:50:30.0036655Z ##[start-action display=rustup default stable;id=__dtolnay_rust-toolchain.__run_5]
2026-09-22T22:50:30.0185412Z ##[group]Run rustup default stable
2026-09-22T22:50:30.0185680Z [36;1mrustup default stable[0m
2026-09-22T22:50:30.0201050Z shell: C:\Program Files\Git\bin\bash.EXE --noprofile --norc -e -o pipefail {0}
2026-09-22T22:50:30.0201442Z env:
2026-09-22T22:50:30.0201630Z   CARGO_HOME: C:\Users\runneradmin\.cargo
2026-09-22T22:50:30.0201892Z ##[endgroup]
2026-09-22T22:50:30.0938826Z info: using existing install for stable-x86_64-pc-windows-msvc
2026-09-22T22:50:30.1152007Z info: default toolchain set to stable-x86_64-pc-windows-msvc
2026-09-22T22:50:30.1154464Z 
2026-09-22T22:50:30.1366709Z   stable-x86_64-pc-windows-msvc unchanged - rustc 1.98.1 (48a229cea 2026-09-01)
2026-09-22T22:50:30.1367141Z 
2026-09-22T22:50:30.1449967Z ##[end-action id=__dtolnay_rust-toolchain.__run_5;outcome=success;conclusion=success;duration_ms=141]
2026-09-22T22:50:30.1452448Z ##[start-action display=Create cachekey;id=__dtolnay_rust-toolchain.rustc-version]
2026-09-22T22:50:30.1592633Z ##[group]Run DATE=$(rustc +stable --version --verbose | sed -ne 's/^commit-date: \(20[0-9][0-9]\)-\([01][0-9]\)-\([0-3][0-9]\)$/\1\2\3/p')
2026-09-22T22:50:30.1593463Z [36;1mDATE=$(rustc +stable --version --verbose | sed -ne 's/^commit-date: \(20[0-9][0-9]\)-\([01][0-9]\)-\([0-3][0-9]\)$/\1\2\3/p')[0m
2026-09-22T22:50:30.1594083Z [36;1mHASH=$(rustc +stable --version --verbose | sed -ne 's/^commit-hash: //p')[0m
2026-09-22T22:50:30.1594585Z [36;1mecho "cachekey=$(echo $DATE$HASH | head -c12)" >> $GITHUB_OUTPUT[0m
2026-09-22T22:50:30.1611582Z shell: C:\Program Files\Git\bin\bash.EXE --noprofile --norc -e -o pipefail {0}
2026-09-22T22:50:30.1612018Z env:
2026-09-22T22:50:30.1612212Z   CARGO_HOME: C:\Users\runneradmin\.cargo
2026-09-22T22:50:30.1612482Z ##[endgroup]
2026-09-22T22:50:30.9701557Z ##[end-action id=__dtolnay_rust-toolchain.rustc-version;outcome=success;conclusion=success;duration_ms=824]
2026-09-22T22:50:30.9704307Z ##[start-action display=Disable incremental compilation;id=__dtolnay_rust-toolchain.__run_6]
2026-09-22T22:50:30.9849538Z ##[group]Run if [ -z "${CARGO_INCREMENTAL+set}" ]; then
2026-09-22T22:50:30.9849921Z [36;1mif [ -z "${CARGO_INCREMENTAL+set}" ]; then[0m
2026-09-22T22:50:30.9850232Z [36;1m  echo CARGO_INCREMENTAL=0 >> $GITHUB_ENV[0m
2026-09-22T22:50:30.9850485Z [36;1mfi[0m
2026-09-22T22:50:30.9866825Z shell: C:\Program Files\Git\bin\bash.EXE --noprofile --norc -e -o pipefail {0}
2026-09-22T22:50:30.9867215Z env:
2026-09-22T22:50:30.9867406Z   CARGO_HOME: C:\Users\runneradmin\.cargo
2026-09-22T22:50:30.9867661Z ##[endgroup]
2026-09-22T22:50:31.0293842Z ##[end-action id=__dtolnay_rust-toolchain.__run_6;outcome=success;conclusion=success;duration_ms=58]
2026-09-22T22:50:31.0297062Z ##[start-action display=Enable colors in Cargo output;id=__dtolnay_rust-toolchain.__run_7]
2026-09-22T22:50:31.0433530Z ##[group]Run if [ -z "${CARGO_TERM_COLOR+set}" ]; then
2026-09-22T22:50:31.0433889Z [36;1mif [ -z "${CARGO_TERM_COLOR+set}" ]; then[0m
2026-09-22T22:50:31.0434200Z [36;1m  echo CARGO_TERM_COLOR=always >> $GITHUB_ENV[0m
2026-09-22T22:50:31.0434461Z [36;1mfi[0m
2026-09-22T22:50:31.0449721Z shell: C:\Program Files\Git\bin\bash.EXE --noprofile --norc -e -o pipefail {0}
2026-09-22T22:50:31.0450107Z env:
2026-09-22T22:50:31.0450293Z   CARGO_HOME: C:\Users\runneradmin\.cargo
2026-09-22T22:50:31.0450560Z   CARGO_INCREMENTAL: 0
2026-09-22T22:50:31.0450746Z ##[endgroup]
2026-09-22T22:50:31.0868294Z ##[end-action id=__dtolnay_rust-toolchain.__run_7;outcome=success;conclusion=success;duration_ms=57]
2026-09-22T22:50:31.0871177Z ##[start-action display=Enable Cargo sparse registry;id=__dtolnay_rust-toolchain.__run_8]
2026-09-22T22:50:31.1023728Z ##[group]Run # implemented in 1.66, stabilized in 1.68, made default in 1.70
2026-09-22T22:50:31.1024591Z [36;1m# implemented in 1.66, stabilized in 1.68, made default in 1.70[0m
2026-09-22T22:50:31.1025669Z [36;1mif [ -z "${CARGO_REGISTRIES_CRATES_IO_PROTOCOL+set}" -o -f "D:\a\_temp"/.implicit_cargo_registries_crates_io_protocol ]; then[0m
2026-09-22T22:50:31.1026809Z [36;1m  if rustc +stable --version --verbose | grep -q '^release: 1\.6[89]\.'; then[0m
2026-09-22T22:50:31.1027651Z [36;1m    touch "D:\a\_temp"/.implicit_cargo_registries_crates_io_protocol || true[0m
2026-09-22T22:50:31.1028462Z [36;1m    echo CARGO_REGISTRIES_CRATES_IO_PROTOCOL=sparse >> $GITHUB_ENV[0m
2026-09-22T22:50:31.1029326Z [36;1m  elif rustc +stable --version --verbose | grep -q '^release: 1\.6[67]\.'; then[0m
2026-09-22T22:50:31.1030632Z [36;1m    touch "D:\a\_temp"/.implicit_cargo_registries_crates_io_protocol || true[0m
2026-09-22T22:50:31.1031449Z [36;1m    echo CARGO_REGISTRIES_CRATES_IO_PROTOCOL=git >> $GITHUB_ENV[0m
2026-09-22T22:50:31.1032012Z [36;1m  fi[0m
2026-09-22T22:50:31.1032458Z [36;1mfi[0m
2026-09-22T22:50:31.1058869Z shell: C:\Program Files\Git\bin\bash.EXE --noprofile --norc -e -o pipefail {0}
2026-09-22T22:50:31.1059693Z env:
2026-09-22T22:50:31.1060124Z   CARGO_HOME: C:\Users\runneradmin\.cargo
2026-09-22T22:50:31.1060671Z   CARGO_INCREMENTAL: 0
2026-09-22T22:50:31.1061166Z   CARGO_TERM_COLOR: always
2026-09-22T22:50:31.1061627Z ##[endgroup]
2026-09-22T22:50:31.3045020Z ##[end-action id=__dtolnay_rust-toolchain.__run_8;outcome=success;conclusion=success;duration_ms=217]
2026-09-22T22:50:31.3047532Z ##[start-action display=Work around spurious network errors in curl 8.0;id=__dtolnay_rust-toolchain.__run_9]
2026-09-22T22:50:31.3195128Z ##[group]Run # https://rust-lang.zulipchat.com/#narrow/stream/246057-t-cargo/topic/timeout.20investigation
2026-09-22T22:50:31.3196529Z [36;1m# https://rust-lang.zulipchat.com/#narrow/stream/246057-t-cargo/topic/timeout.20investigation[0m
2026-09-22T22:50:31.3197140Z [36;1mif rustc +stable --version --verbose | grep -q '^release: 1\.7[01]\.'; then[0m
2026-09-22T22:50:31.3197578Z [36;1m  echo CARGO_HTTP_MULTIPLEXING=false >> $GITHUB_ENV[0m
2026-09-22T22:50:31.3197862Z [36;1mfi[0m
2026-09-22T22:50:31.3212723Z shell: C:\Program Files\Git\bin\bash.EXE --noprofile --norc -e -o pipefail {0}
2026-09-22T22:50:31.3213105Z env:
2026-09-22T22:50:31.3213293Z   CARGO_HOME: C:\Users\runneradmin\.cargo
2026-09-22T22:50:31.3213545Z   CARGO_INCREMENTAL: 0
2026-09-22T22:50:31.3213743Z   CARGO_TERM_COLOR: always
2026-09-22T22:50:31.3213939Z ##[endgroup]
2026-09-22T22:50:31.4306077Z ##[end-action id=__dtolnay_rust-toolchain.__run_9;outcome=success;conclusion=success;duration_ms=125]
2026-09-22T22:50:31.4310634Z ##[start-action display=rustc +stable --version --verbose;id=__dtolnay_rust-toolchain.__run_10]
2026-09-22T22:50:31.4447707Z ##[group]Run rustc +stable --version --verbose
2026-09-22T22:50:31.4448033Z [36;1mrustc +stable --version --verbose[0m
2026-09-22T22:50:31.4464063Z shell: C:\Program Files\Git\bin\bash.EXE --noprofile --norc -e -o pipefail {0}
2026-09-22T22:50:31.4464449Z env:
2026-09-22T22:50:31.4465051Z   CARGO_HOME: C:\Users\runneradmin\.cargo
2026-09-22T22:50:31.4465404Z   CARGO_INCREMENTAL: 0
2026-09-22T22:50:31.4465603Z   CARGO_TERM_COLOR: always
2026-09-22T22:50:31.4465802Z ##[endgroup]
2026-09-22T22:50:31.5340720Z rustc 1.98.1 (48a229cea 2026-09-01)
2026-09-22T22:50:31.5341178Z binary: rustc
2026-09-22T22:50:31.5341440Z commit-hash: 48a229ceaefd4985c50990b14116b6d856af0985
2026-09-22T22:50:31.5341772Z commit-date: 2026-09-01
2026-09-22T22:50:31.5342005Z host: x86_64-pc-windows-msvc
2026-09-22T22:50:31.5342280Z release: 1.98.1
2026-09-22T22:50:31.5343900Z LLVM version: 22.1.8
2026-09-22T22:50:31.5476329Z ##[end-action id=__dtolnay_rust-toolchain.__run_10;outcome=success;conclusion=success;duration_ms=116]
2026-09-22T22:50:31.5704551Z Node 20 is being deprecated. This workflow is running with Node 24 by default. If you need to temporarily use Node 20, you can set the ACTIONS_ALLOW_USE_UNSECURE_NODE_VERSION=true environment variable. For more information see: https://github.blog/changelog/2025-09-19-deprecation-of-node-20-on-github-actions-runners/
2026-09-22T22:50:31.5706336Z ##[group]Run actions/setup-node@v4
2026-09-22T22:50:31.5706572Z with:
2026-09-22T22:50:31.5706739Z   node-version: 22
2026-09-22T22:50:31.5706923Z   cache: npm
2026-09-22T22:50:31.5707162Z   cache-dependency-path: tools/ui/package-lock.json
2026-09-22T22:50:31.5707457Z   always-auth: false
2026-09-22T22:50:31.5707646Z   check-latest: false
2026-09-22T22:50:31.5709887Z   token: ***
2026-09-22T22:50:31.5710078Z env:
2026-09-22T22:50:31.5710257Z   CARGO_HOME: C:\Users\runneradmin\.cargo
2026-09-22T22:50:31.5710528Z   CARGO_INCREMENTAL: 0
2026-09-22T22:50:31.5710724Z   CARGO_TERM_COLOR: always
2026-09-22T22:50:31.5710953Z ##[endgroup]
2026-09-22T22:50:31.7632670Z Found in cache @ C:\hostedtoolcache\windows\node\22.23.2\x64
2026-09-22T22:50:31.7642647Z (node:8556) [DEP0040] DeprecationWarning: The `punycode` module is deprecated. Please use a userland alternative instead.
2026-09-22T22:50:31.7643741Z (Use `node --trace-deprecation ...` to show where the warning was created)
2026-09-22T22:50:31.7648078Z ##[group]Environment details
2026-09-22T22:50:36.4080492Z node: v22.23.2
2026-09-22T22:50:36.4080792Z npm: 10.9.8
2026-09-22T22:50:36.4080960Z yarn: 1.22.22
2026-09-22T22:50:36.4081906Z ##[endgroup]
2026-09-22T22:50:36.4947990Z [command]C:\Windows\system32\cmd.exe /D /S /C "C:\hostedtoolcache\windows\node\22.23.2\x64\npm.cmd config get cache"
2026-09-22T22:50:37.2347113Z C:\npm\cache
2026-09-22T22:50:37.6925402Z Cache hit for: node-cache-Windows-x64-npm-2993b154bbb51f3226165b34eeedb8890f7870aced1ad546a52b629df5ec6cbf
2026-09-22T22:50:37.7069701Z (node:8556) [DEP0169] DeprecationWarning: `url.parse()` behavior is not standardized and prone to errors that have security implications. Use the WHATWG URL API instead. CVEs are not issued for `url.parse()` vulnerabilities.
2026-09-22T22:50:38.1108050Z Received 81978 of 81978 (100.0%), 0.5 MBs/sec
2026-09-22T22:50:38.1109936Z Cache Size: ~0 MB (81978 B)
2026-09-22T22:50:38.1150061Z [command]"C:\Program Files\Git\usr\bin\tar.exe" -xf D:/a/_temp/00bc55d4-9c30-4db3-acbc-7fd168303e94/cache.tzst -P -C D:/a/Spheres/Spheres --force-local --use-compress-program "zstd -d"
2026-09-22T22:50:38.3471205Z Cache restored successfully
2026-09-22T22:50:38.3483421Z Cache restored from key: node-cache-Windows-x64-npm-2993b154bbb51f3226165b34eeedb8890f7870aced1ad546a52b629df5ec6cbf
2026-09-22T22:50:38.3813358Z ##[group]Run cargo test --locked --release --workspace --no-fail-fast -- --skip tests::the_resource_pass_stays_under_budget
2026-09-22T22:50:38.3814603Z [36;1mcargo test --locked --release --workspace --no-fail-fast -- --skip tests::the_resource_pass_stays_under_budget[0m
2026-09-22T22:50:38.6378162Z shell: C:\Program Files\PowerShell\7\pwsh.EXE -command ". '{0}'"
2026-09-22T22:50:38.6378577Z env:
2026-09-22T22:50:38.6378956Z   CARGO_HOME: C:\Users\runneradmin\.cargo
2026-09-22T22:50:38.6379317Z   CARGO_INCREMENTAL: 0
2026-09-22T22:50:38.6379569Z   CARGO_TERM_COLOR: always
2026-09-22T22:50:38.6379813Z ##[endgroup]
2026-09-22T22:50:43.5470658Z [1m[92m    Updating[0m crates.io index
2026-09-22T22:50:44.4602738Z [1m[92m Downloading[0m crates ...
2026-09-22T22:50:44.6000005Z [1m[92m  Downloaded[0m itoa v1.0.18
2026-09-22T22:50:44.6689336Z [1m[92m  Downloaded[0m chunked_transfer v1.5.0
2026-09-22T22:50:44.6824843Z [1m[92m  Downloaded[0m httpdate v1.0.3
2026-09-22T22:50:44.7008090Z [1m[92m  Downloaded[0m zmij v1.0.23
2026-09-22T22:50:44.7183346Z [1m[92m  Downloaded[0m serde_json v1.0.151
2026-09-22T22:50:44.8047313Z [1m[92m  Downloaded[0m ascii v1.1.0
2026-09-22T22:50:44.8259283Z [1m[92m  Downloaded[0m quote v1.0.47
2026-09-22T22:50:44.8588911Z [1m[92m  Downloaded[0m unicode-ident v1.0.24
2026-09-22T22:50:44.8874394Z [1m[92m  Downloaded[0m serde_derive v1.0.229
2026-09-22T22:50:44.9219816Z [1m[92m  Downloaded[0m proc-macro2 v1.0.107
2026-09-22T22:50:44.9601072Z [1m[92m  Downloaded[0m serde_core v1.0.229
2026-09-22T22:50:44.9880920Z [1m[92m  Downloaded[0m log v0.4.33
2026-09-22T22:50:45.0156320Z [1m[92m  Downloaded[0m serde v1.0.229
2026-09-22T22:50:45.0472271Z [1m[92m  Downloaded[0m memchr v2.8.3
2026-09-22T22:50:45.1155955Z [1m[92m  Downloaded[0m syn v3.0.3
2026-09-22T22:50:45.9400052Z [1m[92m   Compiling[0m proc-macro2 v1.0.107
2026-09-22T22:50:45.9401045Z [1m[92m   Compiling[0m unicode-ident v1.0.24
2026-09-22T22:50:45.9402175Z [1m[92m   Compiling[0m quote v1.0.47
2026-09-22T22:50:45.9403128Z [1m[92m   Compiling[0m serde_core v1.0.229
2026-09-22T22:50:53.7021088Z [1m[92m   Compiling[0m zmij v1.0.23
2026-09-22T22:50:55.8199127Z [1m[92m   Compiling[0m serde v1.0.229
2026-09-22T22:50:55.8246291Z [1m[92m   Compiling[0m serde_json v1.0.151
2026-09-22T22:50:56.2255176Z [1m[92m   Compiling[0m memchr v2.8.3
2026-09-22T22:50:58.9454547Z [1m[92m   Compiling[0m itoa v1.0.18
2026-09-22T22:50:59.2059884Z [1m[92m   Compiling[0m syn v3.0.3
2026-09-22T22:50:59.3940155Z [1m[92m   Compiling[0m log v0.4.33
2026-09-22T22:50:59.7451825Z [1m[92m   Compiling[0m ascii v1.1.0
2026-09-22T22:51:00.2237331Z [1m[92m   Compiling[0m spheres-web v0.6.0 (D:\a\Spheres\Spheres\spheres-web)
2026-09-22T22:51:00.6114167Z [1m[92m   Compiling[0m chunked_transfer v1.5.0
2026-09-22T22:51:00.7952175Z [1m[92m   Compiling[0m httpdate v1.0.3
2026-09-22T22:51:01.6166635Z [1m[92m   Compiling[0m tiny_http v0.12.0 (D:\a\Spheres\Spheres\spheres-web\vendor\tiny_http)
2026-09-22T22:51:01.7395559Z [1m[93mwarning[0m[1m[97m: unused import: `path::PathBuf`[0m
2026-09-22T22:51:01.7396632Z  [1m[96m--> [0mspheres-web\vendor\tiny_http\src\connection.rs:7:5
2026-09-22T22:51:01.7429269Z   [1m[96m|[0m
2026-09-22T22:51:01.7459577Z [1m[96m7[0m [1m[96m|[0m     path::PathBuf,
2026-09-22T22:51:01.7481444Z   [1m[96m|[0m     [1m[93m^^^^^^^^^^^^^[0m
2026-09-22T22:51:01.7484916Z   [1m[96m|[0m
2026-09-22T22:51:01.7573307Z   [1m[96m= [0m[1m[97mnote[0m: `#[warn(unused_imports)]` (part of `#[warn(unused)]`) on by default
2026-09-22T22:51:01.7581014Z 
2026-09-22T22:51:01.7582932Z [1m[93mwarning[0m[1m[97m: unused import: `SequentialWriter`[0m
2026-09-22T22:51:01.7584200Z  [1m[96m--> [0mspheres-web\vendor\tiny_http\src\util\mod.rs:7:28
2026-09-22T22:51:01.7585996Z   [1m[96m|[0m
2026-09-22T22:51:01.7595902Z [1m[96m7[0m [1m[96m|[0m pub use self::sequential::{SequentialWriter, SequentialWriterBuilder};
2026-09-22T22:51:01.7597203Z   [1m[96m|[0m                            [1m[93m^^^^^^^^^^^^^^^^[0m
2026-09-22T22:51:01.7598783Z 
2026-09-22T22:51:02.0879247Z [1m[93mwarning[0m[1m[97m: trait `MustBeShareDummy` is never used[0m
2026-09-22T22:51:02.0914840Z    [1m[96m--> [0mspheres-web\vendor\tiny_http\src\lib.rs:164:7
2026-09-22T22:51:02.0979901Z     [1m[96m|[0m
2026-09-22T22:51:02.0980996Z [1m[96m164[0m [1m[96m|[0m trait MustBeShareDummy: Sync + Send {}
2026-09-22T22:51:02.0983559Z     [1m[96m|[0m       [1m[93m^^^^^^^^^^^^^^^^[0m
2026-09-22T22:51:02.0984950Z     [1m[96m|[0m
2026-09-22T22:51:02.0986193Z     [1m[96m= [0m[1m[97mnote[0m: `#[warn(dead_code)]` (part of `#[warn(unused)]`) on by default
2026-09-22T22:51:02.1004435Z 
2026-09-22T22:51:03.4076086Z [1m[92m   Compiling[0m serde_derive v1.0.229
2026-09-22T22:51:10.3551003Z [1m[93mwarning[0m: `tiny_http` (lib) generated 3 warnings (run `cargo fix --lib -p tiny_http` to apply 2 suggestions)
2026-09-22T22:51:11.2071865Z [1m[92m   Compiling[0m spheres-sim v0.5.0 (D:\a\Spheres\Spheres\spheres-sim)
2026-09-22T23:04:01.9450287Z [1m[92m   Compiling[0m spheres-cli v0.5.0 (D:\a\Spheres\Spheres\spheres-cli)
2026-09-22T23:11:12.5029207Z [1m[92m    Finished[0m `release` profile [optimized] target(s) in 20m 32s
2026-09-22T23:11:12.5980542Z [1m[92m     Running[0m unittests src\main.rs (target\release\deps\spheres_cli-2d4b4a7cf3cf8056.exe)
2026-09-22T23:11:12.6120978Z 
2026-09-22T23:11:12.6121572Z running 1 test
2026-09-22T23:11:12.7740353Z test tests::a_dissolution_is_not_a_destruction ... ok
2026-09-22T23:11:12.7740768Z 
2026-09-22T23:11:12.7742422Z test result: ok. 1 passed; 0 failed; 0 ignored; 0 measured; 0 filtered out; finished in 0.16s
2026-09-22T23:11:12.7743071Z 
2026-09-22T23:11:12.7789276Z [1m[92m     Running[0m unittests src\lib.rs (target\release\deps\spheres_sim-74f4db215ec4c50f.exe)
2026-09-22T23:11:12.7919446Z 
2026-09-22T23:11:12.7920323Z running 1030 tests
2026-09-22T23:11:12.7926805Z test airbases::distance_tests::great_circle_range_is_stable_at_poles_dateline_and_boundary ... ok
2026-09-22T23:11:12.8397350Z test airbases::tests::s13_cancelled_foundation_preserves_spent_money_and_creates_no_capacity ... ok
2026-09-22T23:11:12.8402859Z test airbases::tests::s13_captured_destination_cannot_finish_arrival_or_construction ... ok
2026-09-22T23:11:12.8406323Z test airbases::tests::s13_daily_project_cap_and_other_construction_share_one_remaining_envelope ... ok
2026-09-22T23:11:12.8409053Z test airbases::tests::s13_all_three_improvements_apply_only_after_paid_work_and_resume ... ok
2026-09-22T23:11:12.8516410Z test airbases::tests::s13_foreign_foundation_and_improvement_use_sponsor_money_with_exact_live_access ... ok
2026-09-22T23:11:12.8528541Z test airbases::tests::s13_foreign_permission_never_bypasses_host_physical_control ... ok
2026-09-22T23:11:12.8529959Z test airbases::tests::s13_geographic_range_uses_installed_fuel_and_useful_refusals ... ok
2026-09-22T23:11:12.8625266Z test airbases::tests::s13_queued_mission_must_be_cancelled_before_rebasing ... ok
2026-09-22T23:11:12.8627061Z test airbases::tests::s13_lost_exact_host_access_holds_transit_without_losing_aircraft_and_can_redirect ... ok
2026-09-22T23:11:12.8651359Z test airbases::tests::s13_load_rejects_nonexistent_overcapacity_and_underpriced_base_claims ... ok
2026-09-22T23:11:12.8670207Z test airbases::tests::s13_foundation_spends_shared_construction_once_and_grants_capacity_only_on_completion ... ok
2026-09-22T23:11:12.8799987Z test airbases::tests::s13_validation_rejects_duplicate_projects_and_early_benefits ... ok
2026-09-22T23:11:12.8829457Z test airbases::tests::s13_timed_rebase_reserves_inbound_capacity_and_excludes_all_transit_sorties ... ok
2026-09-22T23:11:12.9456007Z test airmissions::defense_tests::s16_defensive_patrol_has_no_ground_attack_or_hostile_ground_defense_exposure ... ok
2026-09-22T23:11:12.9534715Z test airmissions::defense_tests::s16_fighter_and_ground_air_defense_have_distinct_paid_contributions ... ok
2026-09-22T23:11:12.9541359Z test airmissions::defense_tests::s16_defend_skies_requires_fighter_friendly_geography_and_real_readiness ... ok
2026-09-22T23:11:13.1170202Z test airmissions::defense_tests::s16_multiple_interceptors_and_ground_defense_cannot_write_off_one_target_twice ... ok
2026-09-22T23:11:13.2010428Z test airmissions::defense_tests::s17_staff_cannot_launch_from_an_unavailable_base_or_transit ... ok
2026-09-22T23:11:13.2308306Z test airmissions::defense_tests::s16_paid_interception_changes_the_real_hostile_strike_and_depleted_defense_loses_it ... ok
2026-09-22T23:11:13.2782334Z test airmissions::tests::s15_access_lost_before_launch_blocks_without_ammunition_or_aircraft_loss ... ok
2026-09-22T23:11:13.3060676Z test airmissions::defense_tests::s16_saved_defense_effects_cannot_invent_contacts_suppression_or_losses ... ok
2026-09-22T23:11:13.3242505Z test airmissions::tests::s15_closed_shared_store_settlement_cannot_fund_another_launch ... ok
2026-09-22T23:11:13.3517010Z test airmissions::tests::s15_enrolled_aircraft_do_not_run_a_second_implicit_campaign_air_raid ... ok
2026-09-22T23:11:13.4346724Z test airmissions::defense_tests::s16_both_sides_and_two_conflicts_share_one_finite_national_store_plan ... ok
2026-09-22T23:11:13.4914036Z test airmissions::tests::s15_frozen_launch_cannot_be_cancelled_reassigned_or_replayed_after_resume ... ok
2026-09-22T23:11:13.5395263Z test airmissions::defense_tests::s17_staff_orders_real_attack_and_defense_once_and_respects_readiness ... ok
2026-09-22T23:11:13.5978512Z test airmissions::tests::s15_malformed_flown_reports_cannot_invent_stores_sorties_or_another_loadout ... ok
2026-09-22T23:11:13.5994774Z test airmissions::tests::s15_reviews_reserve_real_squadrons_and_refuse_busy_or_unavailable_flights ... ok
2026-09-22T23:11:13.6349497Z test airmissions::tests::s15_prepared_plan_save_and_resume_consumes_one_shared_ammunition_receipt ... ok
2026-09-22T23:11:13.6455121Z test airmissions::tests::s15_support_requires_ground_contact_and_aircraft_use_the_exact_store_family ... ok
2026-09-22T23:11:13.6748938Z test airmissions::tests::s15_shared_family_coverage_cannot_be_forged_to_reuse_the_same_stores ... ok
2026-09-22T23:11:13.7113823Z test armed_security::tests::a_military_collapse_does_not_mint_voters_and_ends_the_old_dependency ... ok
2026-09-22T23:11:13.7683572Z test airmissions::tests::s15_malformed_prepared_plan_references_families_and_shared_claims_are_rejected ... ok
2026-09-22T23:11:13.7757355Z test armed_security::tests::absent_armed_actors_and_old_saves_never_invent_a_military_claimant ... ok
2026-09-22T23:11:13.7902604Z test armed_security::tests::an_unaffordable_security_review_waits_without_free_effects_or_random_draws ... ok
2026-09-22T23:11:13.8013633Z test armed_security::tests::an_inherited_security_review_uses_the_real_paid_decision_once ... ok
2026-09-22T23:11:13.8021364Z test armed_security::tests::armed_security_sources_reject_invalid_parameters_and_unsupported_actors ... ok
2026-09-22T23:11:13.8075393Z test airmissions::tests::s15_whole_aircraft_loss_debits_only_the_flight_and_preserves_other_claims ... ok
2026-09-22T23:11:13.8122523Z test armed_security::tests::dead_patrons_dates_and_daily_steps_follow_actual_supply ... ok
2026-09-22T23:11:13.8315966Z test armed_security::tests::exhausted_reserves_do_not_override_the_real_contest_or_disabled_crises ... ok
2026-09-22T23:11:13.8363284Z test armed_security::tests::finite_reserves_follow_calendar_supply_in_both_clocks_without_harming_funded_forces ... ok
2026-09-22T23:11:13.8443557Z test armed_security::tests::maintained_replaced_and_domestically_replaced_supplies_prevent_collapse ... ok
2026-09-22T23:11:13.8445682Z test armed_security::tests::opening_security_is_sourced_priced_and_separate_from_votes ... ok
2026-09-22T23:11:13.8530199Z test armed_security::tests::an_unvoted_interim_keeps_its_real_supply_obligations_until_a_completed_ballot ... ok
2026-09-22T23:11:13.9031394Z test armed_security::tests::security_review_does_not_veto_replacement_or_deliberately_restored_supplies ... ok
2026-09-22T23:11:13.9374488Z test armed_security::tests::security_state_round_trips_and_switches_are_inert ... ok
2026-09-22T23:11:13.9399620Z test armed_security::tests::sustained_shortfalls_consume_operational_capacity_and_replacement_rebuilds_it ... ok
2026-09-22T23:11:13.9680926Z test army_authority::tests::authority_catalog_is_lagged_weighted_and_rejects_invented_coverage ... ok
2026-09-22T23:11:13.9723224Z test armed_security::tests::security_review_preserves_player_compatible_and_unreviewed_old_save_programmes ... ok
2026-09-22T23:11:13.9768642Z test army_institutions::tests::army_presence_audit_covers_every_opening_polity_with_explicit_exceptions ... ok
2026-09-22T23:11:14.0018479Z test airmissions::tests::s15_two_missions_share_finite_stores_and_replay_the_same_campaign_result ... ok
2026-09-22T23:11:14.0179818Z test army_institutions::tests::army_presence_overlay_preserves_parties_and_is_not_inferred_from_personnel ... ok
2026-09-22T23:11:14.0212046Z test army_institutions::tests::army_presence_rejects_invalid_sources_kinds_duplicates_and_no_force_records ... ok
2026-09-22T23:11:14.0606084Z test army_authority::tests::authority_lifecycle_keeps_the_source_and_uses_the_model_clock ... ok
2026-09-22T23:11:14.0641077Z test army_institutions::tests::army_presence_old_saves_preserve_recorded_institutions_and_live_loyalty ... ok
2026-09-22T23:11:14.0667238Z test arsenal::ranking_tests::daily_legacy_order_migration_respects_februarys_leap_day ... ok
2026-09-22T23:11:14.0805023Z test army_authority::tests::authority_seeds_only_fresh_existing_armies_and_never_backfills_old_saves ... ok
2026-09-22T23:11:14.0837941Z test arsenal::ranking_tests::daily_procurement_places_only_daily_funding_and_is_idempotent ... ok
2026-09-22T23:11:14.1044696Z test arsenal::ranking_tests::daily_procurement_books_one_row_per_kit_per_delivery_month ... ok
2026-09-22T23:11:14.1305372Z test aviation::tests::s12_existing_refits_are_preserved_and_assigned_aircraft_cannot_be_refitted_or_retired ... ok
2026-09-22T23:11:14.1403275Z test aviation::tests::s12_loss_reconciliation_uses_stable_ids_and_retains_empty_establishments ... ok
2026-09-22T23:11:14.1656056Z test aviation::tests::s12_loss_reconciliation_preserves_busy_assignments_is_idempotent_and_never_refills ... ok
2026-09-22T23:11:14.1868628Z test aviation::tests::s12_pending_deliveries_cannot_be_assigned_and_receipt_never_fills_a_squadron ... ok
2026-09-22T23:11:14.2157987Z test aviation::tests::s12_invalid_names_nonair_stock_foreign_commands_and_oversized_claims_are_atomic ... ok
2026-09-22T23:11:14.2360657Z test aviation::tests::s12_sparse_legacy_fractional_property_and_capability_survive_without_conversion ... ok
2026-09-22T23:11:14.3085963Z test aviation::tests::s12_transit_service_and_unbased_aircraft_never_report_ready_or_escape_work_by_editing ... ok
2026-09-22T23:11:14.3198898Z test aviation::tests::s12_two_squadrons_share_one_pool_and_revisions_exchange_claims_without_refitting ... ok
2026-09-22T23:11:14.3285748Z test aviation::tests::s13_squadron_resize_checks_real_shared_base_capacity_before_claiming_spares ... ok
2026-09-22T23:11:14.3360768Z test blocs::tests::a_backing_stock_does_not_cool_with_the_lens_off ... ok
2026-09-22T23:11:14.3589468Z test blocs::tests::a_crackdown_halves_the_foreign_backing_of_every_non_ruling_bloc ... ok
2026-09-22T23:11:14.4508418Z test aviation::tests::s12_malformed_saved_claims_dates_and_custom_fractions_are_rejected_without_repair ... ok
2026-09-22T23:11:14.4946149Z test blocs::tests::back_bloc_is_refused_off_and_against_the_ruling_bloc ... ok
2026-09-22T23:11:14.5069193Z test blocs::tests::backing_never_enters_support ... ok
2026-09-22T23:11:14.5291943Z test blocs::tests::coercion_reads_physical_services_before_party_discipline ... ok
2026-09-22T23:11:14.5622320Z test blocs::tests::electoral_uprising_requires_actual_coercion_failure_as_well_as_party_support ... ok
2026-09-22T23:11:14.5768737Z test blocs::tests::every_road_reads_closed_while_takeover_is_off ... ok
2026-09-22T23:11:14.6225355Z test blocs::tests::exposure_halves_backing_and_taints_the_bloc ... ok
2026-09-22T23:11:14.6470142Z test blocs::tests::gravity_appears_with_an_aid_flow_and_vanishes_the_month_it_stops ... ok
2026-09-22T23:11:14.6728184Z test blocs::tests::politics_is_null_off_and_served_whole_on ... ok
2026-09-22T23:11:14.7221246Z test blocs::tests::refusal_of_says_exactly_what_apply_command_would ... ok
2026-09-22T23:11:14.7540248Z test blocs::tests::the_1990_census_meets_the_design_brief ... ok
2026-09-22T23:11:14.7790294Z test blocs::tests::the_1990_ruling_bloc_census ... ok
2026-09-22T23:11:15.3783514Z test blocs::tests::an_absent_islamist_bloc_becomes_present_after_one_sponsor_operation ... ok
2026-09-22T23:11:16.5651699Z test blocs::tests::the_bloc_layer_is_deterministic_when_on ... ok
2026-09-22T23:11:16.5950937Z test blocs::tests::the_bloc_layer_is_inert_at_1990 ... ok
2026-09-22T23:11:16.7818869Z test blocs::tests::a_bloc_share_sums_to_one_everywhere ... ok
2026-09-22T23:11:16.7968139Z test blocs::tests::the_court_outranks_the_chamber_in_jordan ... ok
2026-09-22T23:11:16.8284577Z test blocs::tests::the_discontent_gauge_reads_the_pains ... ok
2026-09-22T23:11:16.8980811Z test blocs::tests::the_ai_backs_a_bloc_only_under_its_conditions ... ok
2026-09-22T23:11:16.9171886Z test blocs::tests::two_clean_ops_reach_the_sponsor_cap_and_three_sponsors_the_total_cap ... ok
2026-09-22T23:11:16.9336004Z test campaign::saved_validation_tests::campaign_decode_rejects_unknown_nested_force_property ... ok
2026-09-22T23:11:16.9557309Z test campaign::saved_validation_tests::campaign_is_empty_observes_every_persisted_field ... ok
2026-09-22T23:11:16.9631579Z test campaign::saved_validation_tests::campaign_validation_preserves_ended_wars_dead_participants_and_overdue_returns ... ok
2026-09-22T23:11:16.9963093Z test campaign::saved_validation_tests::campaign_validation_rejects_corrupt_identity_dates_and_quantities ... ok
2026-09-22T23:11:17.0529037Z test campaign::tests::custom_strike_uses_paid_stores_and_installed_quality_without_buying_other_air_roles ... ok
2026-09-22T23:11:17.0639058Z test campaign::tests::difficult_terrain_and_crossing_stop_real_local_throughput ... ok
2026-09-22T23:11:17.1085838Z test campaign::tests::partial_aircraft_launch_losses_match_campaign_pools_receipts_and_national_settlement ... ok
2026-09-22T23:11:17.1451093Z test campaign::tests::physical_air_defense_requires_paid_interceptors_and_cannot_attack_ground ... ok
2026-09-22T23:11:17.1731742Z test campaign::tests::physical_dry_ground_keeps_maneuver_and_observation_but_cannot_fire ... ok
2026-09-22T23:11:17.2166310Z test campaign::tests::specialist_roles_affect_their_actual_local_outcomes_once ... ok
2026-09-22T23:11:17.2284219Z test campaign::tests::supported_transport_opens_one_remote_contact_without_copying_home_defenders ... ok
2026-09-22T23:11:17.2487484Z test campaign_peace::saved_validation_tests::peace_decode_rejects_unknown_nested_archived_property ... ok
2026-09-22T23:11:17.2722442Z test campaign_peace::saved_validation_tests::peace_is_empty_observes_every_persisted_field ... ok
2026-09-22T23:11:17.2785645Z test campaign_peace::saved_validation_tests::peace_validation_preserves_expired_offers_archives_and_historical_participants ... ok
2026-09-22T23:11:17.3021287Z test campaign_peace::saved_validation_tests::peace_validation_rejects_corrupt_identity_dates_quantities_and_consent ... ok
2026-09-22T23:11:17.3490566Z test campaign_supply::saved_validation_tests::supply_decode_rejects_unknown_nested_service_property ... ok
2026-09-22T23:11:17.3766668Z test arsenal::ranking_tests::the_ranked_pick_is_the_folded_pick ... ok
2026-09-22T23:11:17.3860248Z test campaign_supply::saved_validation_tests::supply_is_empty_observes_every_persisted_field ... ok
2026-09-22T23:11:17.4853263Z test campaign_supply::saved_validation_tests::supply_validation_preserves_real_dispatch_after_expiry_and_loss_of_access ... ok
2026-09-22T23:11:17.5237255Z test campaign_supply::tests::blocked_or_already_due_cargo_does_not_promise_an_arrival_in_view ... ok
2026-09-22T23:11:17.8086587Z test blocs::tests::the_pillar_map_and_overrides_read_as_transcribed ... ok
2026-09-22T23:11:17.8639549Z test campaign_supply::tests::deployment_quote_is_pure_and_cannot_use_unconsented_foreign_ground ... ok
2026-09-22T23:11:17.9458871Z test campaign_supply::saved_validation_tests::supply_validation_rejects_corrupt_identity_dates_quantities_and_routes ... ok
2026-09-22T23:11:17.9745646Z test campaign_supply::tests::dispatch_arrival_and_consumption_are_conserved_and_same_day_idempotent ... ok
2026-09-22T23:11:18.0132075Z test campaign_supply::tests::garrison_coverage_recovers_real_occupied_corridor_capacity ... ok
2026-09-22T23:11:18.1254958Z test campaign_supply::tests::garrison_service_is_separate_from_frontline_forecast_coverage ... ok
2026-09-22T23:11:18.1591980Z test campaign_supply::tests::military_transit_requires_explicit_host_access_and_contested_is_never_friendly ... ok
2026-09-22T23:11:18.1707515Z test campaign_supply::tests::later_movement_snapshot_observes_capacity_and_permission_changes ... ok
2026-09-22T23:11:18.2585134Z test campaign_supply::tests::request_order_and_sector_recreation_do_not_create_local_stock ... ok
2026-09-22T23:11:18.3157725Z test campaign_supply::tests::movement_snapshot_matches_fresh_quotes_and_preserves_the_world ... ok
2026-09-22T23:11:18.3698692Z test campaign_supply::tests::source_and_edge_capacity_are_shared_across_requests_and_sea_needs_real_ships ... ok
2026-09-22T23:11:18.3759400Z test campaign_supply::tests::tactical_strike_aircraft_do_not_supply_unmodeled_convoy_air_cover ... ok
2026-09-22T23:11:18.3764031Z test clock::tests::calendar_and_leap_days_are_exact ... ok
2026-09-22T23:11:18.3824575Z test clock::tests::daily_rates_sum_to_a_year_without_multiplying_hazards ... ok
2026-09-22T23:11:18.3939873Z test commerce::tests::accepted_counter_honors_signed_price_but_not_stock_already_sold ... ok
2026-09-22T23:11:18.4429554Z test commerce::tests::advanced_components_counteroffer_escrow_freight_and_delivery_conserve_separate_inventory ... ok
2026-09-22T23:11:18.4614056Z test commerce::tests::advanced_components_sales_quotes_and_offer_acceptance_require_rebuild_rules ... ok
2026-09-22T23:11:18.4791995Z test commerce::tests::cancel_refunds_only_undispatched_and_debt_retirement_conserves_net_money ... ok
2026-09-22T23:11:18.5071844Z test commerce::tests::cash_only_handles_tiny_exact_cash_and_insufficient_funds_without_new_debt ... ok
2026-09-22T23:11:18.5445953Z test commerce::tests::closure_full_warehouse_and_reload_hold_then_release_without_duplicate_payment ... ok
2026-09-22T23:11:18.6074868Z test commerce::tests::commerce_market_read_reuse_matches_original_at_live_contract_and_cargo_limits ... ok
2026-09-22T23:11:18.6196484Z test commerce::tests::commerce_preflight_does_not_replace_live_standalone_acceptance_checks ... ok
2026-09-22T23:11:18.9430616Z test commerce::tests::commerce_preflight_reuse_matches_original_refusals_and_full_command_ledgers ... ok
2026-09-22T23:11:18.9707627Z test commerce::tests::construction_queue_creates_no_goods_demand_and_preserves_paid_cargo ... ok
2026-09-22T23:11:18.9825701Z test commerce::tests::counteroffer_has_no_escrow_until_acceptance_and_revalidates_consent_stock_expiry ... ok
2026-09-22T23:11:18.9885738Z test commerce::tests::dependency_requires_delivery_and_scales_reference_value_not_price ... ok
2026-09-22T23:11:19.0204238Z test commerce::tests::disabled_legacy_save_stays_byte_identical_and_views_are_pure ... ok
2026-09-22T23:11:19.0383431Z test commerce::tests::expiry_and_dead_government_return_only_undispatched_escrow ... ok
2026-09-22T23:11:19.0570852Z test commerce::tests::fully_paid_inflight_orders_still_count_toward_outstanding_limit ... ok
2026-09-22T23:11:19.1225789Z test commerce::tests::invalid_inputs_and_identifier_overflow_are_atomic ... ok
2026-09-22T23:11:19.1518996Z test commerce::tests::leap_day_routes_and_daily_save_resume_use_absolute_dates ... ok
2026-09-22T23:11:19.1745950Z test commerce::tests::manufactured_lot_conserves_cash_stock_and_gdp_through_exact_delivery_once ... ok
2026-09-22T23:11:19.1813169Z test commerce::tests::partial_dispatch_cancellation_preserves_paid_cargo_and_remaining_stock ... ok
2026-09-22T23:11:19.1917950Z test commerce::tests::raw_and_manufactured_freight_compete_for_the_same_edge_capacity ... ok
2026-09-22T23:11:19.2307863Z test campaign_supply::tests::commercial_usage_cannot_be_reset_or_overbooked_and_reserves_run_out ... ok
2026-09-22T23:11:19.3965306Z test commerce::tests::s08_best_market_quote_matches_full_first_with_duplicates_cash_and_refusals ... ok
2026-09-22T23:11:19.3999106Z test campaign_supply::tests::saved_booked_cargo_holds_on_permission_revocation_then_arrives_once ... ok
2026-09-22T23:11:19.4061012Z test commerce::tests::thirty_day_demand_never_invents_consumers_or_double_orders ... ok
2026-09-22T23:11:19.4101954Z test commerce::tests::s08_best_market_quote_refreshes_after_purchase_stock_and_route_mutations ... ok
2026-09-22T23:11:19.4777798Z test companies::tests::ammunition_license_is_sparse_free_of_stock_and_preserves_old_equipment_schema ... ok
2026-09-22T23:11:19.5300624Z test companies::tests::ordinary_transactions_do_not_upgrade_old_tank_books_and_unsupported_designs_are_atomic ... ok
2026-09-22T23:11:19.5680339Z test companies::tests::s08_development_working_capital_matches_original_quote_arithmetic_and_token ... ok
2026-09-22T23:11:19.6250941Z test companies::tests::s08_disposable_company_trial_preserves_refusals_and_never_settles_live_money ... ok
2026-09-22T23:11:19.7877108Z test companies::tests::all_implemented_families_freeze_the_existing_profile_without_another_factory_or_free_stock ... ok
2026-09-22T23:11:19.9058659Z test commerce::tests::real_system_order_delivers_goods_before_industry_and_replays ... ok
2026-09-22T23:11:19.9242923Z test companies::tests::s08_idle_capitalization_falls_back_for_global_budget_and_receipt_effects ... ok
2026-09-22T23:11:20.0914880Z test companies::tests::s08_idle_capitalization_preserves_other_buyers_import_settlement_and_refunds ... ok
2026-09-22T23:11:20.1043569Z test companies::tests::unavailable_quotes_and_refused_orders_do_not_enroll_the_company_layer ... ok
2026-09-22T23:11:20.1254959Z test companies::tests::unused_company_book_is_sparse_and_does_not_move_the_world ... ok
2026-09-22T23:11:20.1908288Z test companies::tests::s08_idle_capitalization_matches_native_errors_and_future_settlement ... ok
2026-09-22T23:11:20.1941424Z test construction_preview::tests::all_standard_capability_deltas_match_actual_completion_helpers ... ok
2026-09-22T23:11:20.2018984Z test construction_preview::tests::disabled_research_pilot_is_explicit_and_promises_no_credit ... ok
2026-09-22T23:11:20.2055310Z test construction_preview::tests::automation_and_efficiency_use_the_installed_plant_operating_recipe ... ok
2026-09-22T23:11:20.2195804Z test construction_preview::tests::foreign_province_refuses_without_awarding_national_capacity ... ok
2026-09-22T23:11:20.2306280Z test construction_preview::tests::infrastructure_respects_the_weaker_mapped_endpoint ... ok
2026-09-22T23:11:20.2606167Z test construction_preview::tests::invalid_or_full_module_capacity_never_overflows_or_mutates ... ok
2026-09-22T23:11:20.2649208Z test companies::tests::s08_retained_company_trial_matches_native_dispatch_and_future_settlement ... ok
2026-09-22T23:11:20.2715566Z test construction_preview::tests::module_preview_matches_real_fractional_completion_and_lead_time ... ok
2026-09-22T23:11:20.2734845Z test construction_preview::tests::zero_budget_has_no_eta_and_no_invented_gdp_gain ... ok
2026-09-22T23:11:20.2797047Z test construction_suggestions::tests::first_workshop_prefers_existing_compatible_investment_and_explains_ties ... ok
2026-09-22T23:11:20.2829062Z test construction_suggestions::tests::advice_is_pure_deterministic_and_does_not_require_the_ai_pilot ... ok
2026-09-22T23:11:20.2936407Z test construction_suggestions::tests::no_warehouse_is_suggested_for_unsold_stock_without_use ... ok
2026-09-22T23:11:20.2939360Z test construction_suggestions::tests::paused_budget_and_ineligible_actor_produce_no_arbitrary_order ... ok
2026-09-22T23:11:20.3074732Z test construction_suggestions::tests::processing_order_must_fit_the_evidenced_gap_and_count_queued_supply ... ok
2026-09-22T23:11:20.3077441Z test construction_preview::tests::every_kind_preview_is_pure_and_has_cost_effects_and_operating_requirements ... ok
2026-09-22T23:11:20.3108271Z test data::movements::tests::opening_organizations_have_sources_without_invented_vote_shares ... ok
2026-09-22T23:11:20.3110562Z test construction_suggestions::tests::queued_workshop_suppresses_redundant_startup_and_its_own_utilities ... ok
2026-09-22T23:11:20.3116151Z test data::movements::tests::opening_organizations_reject_duplicates_unknown_nations_and_unsourced_rows ... ok
2026-09-22T23:11:20.3143114Z test construction_suggestions::tests::real_full_capacity_power_and_grid_gaps_have_numeric_evidence ... ok
2026-09-22T23:11:20.3170673Z test data::tests::a_duplicate_id_is_caught_in_pass_two ... ok
2026-09-22T23:11:20.3172463Z test data::tests::a_dyad_stated_twice_is_caught ... ok
2026-09-22T23:11:20.3180187Z test data::tests::a_granted_technology_the_tree_does_not_have_is_refused ... ok
2026-09-22T23:11:20.3182145Z test data::tests::a_granted_technology_with_no_source_is_refused ... ok
2026-09-22T23:11:20.3187236Z test data::tests::a_bad_leader_row_is_refused ... ok
2026-09-22T23:11:20.3188854Z test data::tests::a_missing_field_names_the_file ... ok
2026-09-22T23:11:20.3207652Z test data::tests::a_misspelled_tech_1990_key_is_refused ... ok
2026-09-22T23:11:20.3209244Z test data::tests::a_missing_start_nation_names_itself ... ok
2026-09-22T23:11:20.3236303Z test data::tests::a_plausible_real_rate_is_not_refused ... ok
2026-09-22T23:11:20.3241428Z test data::tests::a_technology_that_did_not_exist_yet_cannot_be_held_in_1990 ... ok
2026-09-22T23:11:20.3242802Z test data::tests::a_relation_naming_an_unknown_nation_is_caught ... ok
2026-09-22T23:11:20.3246664Z test data::tests::a_well_formed_grant_reaches_the_nation_it_was_written_for ... ok
2026-09-22T23:11:20.3247824Z test data::tests::an_unknown_field_inside_the_block_is_refused ... ok
2026-09-22T23:11:20.3250901Z test data::tests::an_unknown_field_is_refused ... ok
2026-09-22T23:11:20.3263634Z test data::tests::every_leader_row_loads_and_ties_to_its_polity ... ok
2026-09-22T23:11:20.3299695Z test data::tests::every_embedded_nation_parses_and_validates ... ok
2026-09-22T23:11:20.3323569Z test data::tests::every_nation_carries_its_sourcing ... ok
2026-09-22T23:11:20.3328939Z test data::tests::provenance_is_required ... ok
2026-09-22T23:11:20.3410891Z test data::tests::the_authored_endowment_leaves_every_transcribed_trend_exactly_where_it_was ... ok
2026-09-22T23:11:20.3416290Z test data::tests::the_same_technology_granted_twice_is_refused ... ok
2026-09-22T23:11:20.3420780Z test data::tests::the_true_brazilian_hyperinflation_is_refused_at_the_door ... ok
2026-09-22T23:11:20.3426341Z test districts::tests::a_disagreeing_duplicate_is_refused ... ok
2026-09-22T23:11:20.3602315Z test districts::tests::adjacency_is_a_valid_graph ... ok
2026-09-22T23:11:20.3608711Z test districts::tests::bad_adjacency_is_refused ... ok
2026-09-22T23:11:20.3616908Z test districts::tests::bad_terrain_is_refused ... ok
2026-09-22T23:11:20.3748633Z test districts::tests::embedded_adjacency_is_transcribed_land_borders ... ok
2026-09-22T23:11:20.3878164Z test districts::tests::embedded_districts_parse_clean ... ok
2026-09-22T23:11:20.4014005Z test districts::tests::embedded_terrain_is_transcribed ... ok
2026-09-22T23:11:20.4022446Z test districts::tests::every_start_nation_the_map_can_draw_has_a_list ... ok
2026-09-22T23:11:20.4026634Z test districts::tests::famous_terrain_is_transcribed ... ok
2026-09-22T23:11:20.4134151Z test districts::tests::finance_consent_transfer_reprices_open_books_and_preserves_closed_books ... ok
2026-09-22T23:11:20.4219191Z test districts::tests::opening_population_covers_every_province_and_closes_to_national_totals ... ok
2026-09-22T23:11:20.4331112Z test districts::tests::province_population_follows_its_current_owners_demography ... ok
2026-09-22T23:11:20.4332457Z test data::tests::a_nation_can_show_what_it_was_granted_and_why ... ok
2026-09-22T23:11:20.4387471Z test domination::tests::an_annexed_overlord_passes_its_subjects_to_the_winner ... ok
2026-09-22T23:11:20.4457668Z test data::tests::every_nation_can_show_its_working ... ok
2026-09-22T23:11:20.4572808Z test domination::tests::choosing_is_free_and_observational ... ok
2026-09-22T23:11:20.4628744Z test domination::tests::custom_arsenal_prices_do_not_inflate_domination_power ... ok
2026-09-22T23:11:20.4656698Z test domination::tests::campaign_settlement_matches_the_daily_calendar ... ok
2026-09-22T23:11:20.4943934Z test domination::tests::formal_hierarchy_is_transitive_and_is_the_only_victory ... ok
2026-09-22T23:11:20.5066335Z test domination::tests::a_chosen_campaign_has_the_same_future_after_save_load ... ok
2026-09-22T23:11:20.5081906Z test domination::tests::milestones_and_legacy_observe_without_rewarding ... ok
2026-09-22T23:11:20.5082874Z test dyads::diag::appetite_table ... ignored
2026-09-22T23:11:20.5084080Z test dyads::diag::calibration_dashboard ... ignored
2026-09-22T23:11:20.5085090Z test dyads::diag::war_census ... ignored
2026-09-22T23:11:20.5139068Z test dyads::tests::a_claim_pressed_by_force_stops_being_a_war_aim ... ok
2026-09-22T23:11:20.5703763Z test domination::tests::old_save_without_campaign_data_loads_and_replays_identically ... ok
2026-09-22T23:11:20.5705858Z test dyads::tests::the_breakup_is_asymmetric_because_the_census_was ... ok
2026-09-22T23:11:20.5761947Z test dyads::tests::the_derived_table_keeps_the_orderings_the_old_one_encoded ... ok
2026-09-22T23:11:20.5860451Z test economic_ai::ammunition_forecast_tests::ammunition_and_vehicle_orders_preserve_separate_funding_and_one_material_bill ... ok
2026-09-22T23:11:20.5912969Z test economic_ai::ammunition_forecast_tests::ammunition_only_preserves_standing_procurement_and_adds_its_material_bill_once ... ok
2026-09-22T23:11:20.6113196Z test economic_ai::ammunition_forecast_tests::s08_pending_windows_match_independent_reads_at_boundaries_and_closures ... ok
2026-09-22T23:11:20.8789724Z test economic_ai::s08_industry_read_tests::s08_industry_reads_match_uncached_candidates_forecasts_and_mutated_worlds ... ok
2026-09-22T23:11:21.0745140Z test economic_ai::s08_industry_read_tests::s08_raw_forecast_shared_components_and_material_horizons_match_native_rows ... ok
2026-09-22T23:11:21.1361101Z test domination::tests::every_starting_nation_gets_three_deterministic_cards_and_one_direct_card ... ok
2026-09-22T23:11:21.1602867Z test economic_ai::ammunition_forecast_tests::detailed_review_observer_preserves_exact_decisions_and_same_day_noop ... ok
2026-09-22T23:11:21.1915118Z test economy::daily_tests::daily_economic_shocks_are_saved_and_are_not_redrawn_each_day ... ok
2026-09-22T23:11:21.1983625Z test economy::daily_tests::daily_economy_posts_growth_population_and_the_days_cash_only ... ok
2026-09-22T23:11:21.5258429Z test economic_ai::s08_industry_read_tests::s08_shared_review_reads_preserve_paid_orders_imports_waits_and_post_command_records ... ok
2026-09-22T23:11:21.5323543Z test economic_ai::sale_forecast_tests::shared_sale_forecast_matches_independent_reads_and_command_effects ... ok
2026-09-22T23:11:21.5495488Z test economy::daily_tests::finance_first_budget_roundtrip_keeps_original_ratio_rounding ... ok
2026-09-22T23:11:21.5577694Z test economy::daily_tests::finance_shock_therapy_refreshes_ratio_without_billing_the_gdp_loss ... ok
2026-09-22T23:11:21.5636723Z test economy::daily_tests::finance_small_gdp_charge_keeps_the_exact_stock_ratio ... ok
2026-09-22T23:11:21.5651488Z test economy::daily_tests::finance_ratio_refresh_is_inert_without_books_and_safe_without_output ... ok
2026-09-22T23:11:21.5706433Z test economy::daily_tests::finance_small_gdp_interest_share_matches_the_cash_bill ... ok
2026-09-22T23:11:21.5762245Z test economy::daily_tests::stability_explanation_preserves_original_arithmetic ... ok
2026-09-22T23:11:21.5820279Z test equipment::air_support_tests::air_support_cannot_repair_aircraft_without_an_accessible_base ... ok
2026-09-22T23:11:21.5826543Z test economy::daily_tests::finance_loading_a_stale_small_country_ratio_repairs_only_the_quotient ... ok
2026-09-22T23:11:21.5886608Z test equipment::air_support_tests::air_support_counts_existing_public_work_and_never_substitutes_incompatible_stores ... ok
2026-09-22T23:11:21.5972120Z test equipment::air_support_tests::air_support_does_not_buy_stores_after_an_underfunded_dated_upkeep_invoice ... ok
2026-09-22T23:11:21.6007614Z test equipment::air_support_tests::air_support_caps_combined_upkeep_and_stores_and_repeat_hooks_are_inert ... ok
2026-09-22T23:11:21.6089424Z test equipment::air_support_tests::air_support_edits_and_toggles_preserve_today_and_the_booked_receipt ... ok
2026-09-22T23:11:21.6097150Z test equipment::air_support_tests::air_support_exhausted_authority_blocks_purchases_without_minting_authority ... ok
2026-09-22T23:11:21.6150251Z test equipment::air_support_tests::air_support_has_no_supplier_creation_or_import_enrollment_fallback ... ok
2026-09-22T23:11:21.6251416Z test equipment::air_support_tests::air_support_one_cap_prospectively_funds_upkeep_and_protects_it_before_store_orders ... ok
2026-09-22T23:11:21.6263254Z test equipment::air_support_tests::air_support_is_prospective_and_configuration_never_buys_hardware_or_stores ... ok
2026-09-22T23:11:21.6791943Z test equipment::air_support_tests::air_support_paid_inbound_prevents_duplicate_target_purchases_after_reload ... ok
2026-09-22T23:11:21.7110953Z test equipment::air_support_tests::air_support_rejects_invalid_limits_and_forged_purchase_receipts ... ok
2026-09-22T23:11:21.7446708Z test equipment::air_support_tests::air_support_repairs_need_full_funding_one_day_at_a_time_and_resume_exactly ... ok
2026-09-22T23:11:21.7625836Z test equipment::air_support_tests::air_support_zero_and_half_caps_cannot_grant_maintenance_or_stores ... ok
2026-09-22T23:11:21.7734058Z test equipment::ammunition_operation_tests::ammunition_air_only_offense_uses_no_ground_rounds_and_aa_requires_real_air_exposure ... ok
2026-09-22T23:11:21.7741517Z test equipment::ammunition_operation_tests::ammunition_compatibility_separates_every_weapon_caliber_and_load ... ok
2026-09-22T23:11:21.8132959Z test equipment::ammunition_operation_tests::ammunition_inactive_mode_preserves_old_readings_and_saved_consumption_continues ... ok
2026-09-22T23:11:21.8250608Z test equipment::ammunition_operation_tests::ammunition_mixed_fleet_replaces_scalar_supply_only_for_its_physical_share ... ok
2026-09-22T23:11:21.8350146Z test equipment::air_support_tests::air_support_opening_day_edits_use_calendar_time_and_preserve_fiscal_receipts ... ok
2026-09-22T23:11:21.8411686Z test equipment::ammunition_operation_tests::ammunition_physical_stores_do_not_change_valuation_or_standing_force ... ok
2026-09-22T23:11:21.8460682Z test equipment::ammunition_operation_tests::ammunition_opening_plan_conserves_shared_stock_across_theatres_and_is_pure ... ok
2026-09-22T23:11:21.8469460Z test equipment::ammunition_operation_tests::ammunition_wrong_family_transit_and_refit_reservations_cannot_supply_firing ... ok
2026-09-22T23:11:21.8532028Z test equipment::ammunition_production_tests::completing_a_batch_cannot_reuse_a_lost_factory_slot_on_the_same_work_date ... ok
2026-09-22T23:11:21.8592456Z test equipment::ammunition_production_tests::completing_an_ordinary_vehicle_contract_keeps_its_factory_place_until_tomorrow ... ok
2026-09-22T23:11:21.8772653Z test equipment::ammunition_production_tests::fabrication_pays_and_consumes_once_then_fiscal_owner_posts_cash_once ... ok
2026-09-22T23:11:21.8903679Z test equipment::ammunition_production_tests::finite_raw_forecast_uses_d2_after_maintenance_and_retains_no_parallel_d3_claim ... ok
2026-09-22T23:11:21.8943578Z test equipment::ammunition_production_tests::completed_and_cancelled_history_never_prevents_later_paid_replenishment ... ok
2026-09-22T23:11:21.9000528Z test equipment::ammunition_production_tests::missing_raw_inputs_or_loss_of_factory_control_prevent_paid_fabrication ... ok
2026-09-22T23:11:21.9145590Z test equipment::ammunition_production_tests::ordinary_equipment_and_ammunition_reserve_the_same_finite_factory_slots ... ok
2026-09-22T23:11:21.9325763Z test equipment::ammunition_production_tests::review_order_and_activation_never_grant_rounds_or_spend_an_open_day ... ok
2026-09-22T23:11:21.9852982Z test equipment::ammunition_production_tests::save_roundtrip_resumes_fractional_work_without_repaying_or_duplicating_stock ... ok
2026-09-22T23:11:21.9916301Z test equipment::ammunition_production_tests::shared_d2_authority_is_used_after_maintenance_and_never_twice_for_parallel_orders ... ok
2026-09-22T23:11:21.9990654Z test equipment::ammunition_production_tests::tiny_daily_raw_inputs_accumulate_on_the_warehouse_quantum_and_finish_fully_paid ... ok
2026-09-22T23:11:22.0512356Z test equipment::ammunition_production_tests::unfinished_limit_counts_paused_batches_and_preserves_identifier_exhaustion ... ok
2026-09-22T23:11:22.0634696Z test equipment::ammunition_production_tests::zero_paused_and_cancelled_orders_preserve_paid_work_and_free_only_closed_slots ... ok
2026-09-22T23:11:22.0834153Z test equipment::ammunition_production_tests::malformed_orders_and_forged_conservation_or_dates_are_rejected ... ok
2026-09-22T23:11:22.0981136Z test equipment::ammunition_reserve_tests::first_automatic_review_is_prospective_and_repeated_support_is_byte_identical ... ok
2026-09-22T23:11:22.1020596Z test equipment::ammunition_reserve_tests::expired_authority_zero_cap_and_missing_factory_wait_without_granting_or_importing ... ok
2026-09-22T23:11:22.1042274Z test equipment::ammunition_reserve_tests::maintenance_and_existing_paid_work_own_authority_before_any_new_reserve_batch ... ok
2026-09-22T23:11:22.1377093Z test equipment::ammunition_reserve_tests::manual_reserve_review_and_save_need_no_maintenance_and_grant_nothing ... ok
2026-09-22T23:11:22.1497862Z test equipment::ammunition_reserve_tests::reserve_gap_nets_stock_and_all_unfinished_commitments_including_paused_work ... ok
2026-09-22T23:11:22.1614648Z test equipment::ammunition_reserve_tests::target_and_batch_are_bounded_and_a_large_plan_never_stacks_new_batch_ceilings ... ok
2026-09-22T23:11:22.1673603Z test equipment::ammunition_reserve_tests::unscheduled_targets_are_not_raw_purchase_demand_but_a_real_batch_exposes_missing_inputs ... ok
2026-09-22T23:11:22.1730823Z test equipment::aviation_tests::aircraft_components_change_frozen_air_effects_and_keep_ground_neutral ... ok
2026-09-22T23:11:22.2445036Z test equipment::aviation_tests::aircraft_paid_lifecycle_conserves_fabrication_raw_inputs_and_refits ... ok
2026-09-22T23:11:22.2562067Z test equipment::aviation_tests::aircraft_research_installation_and_payload_pairing_reject_before_spending ... ok
2026-09-22T23:11:22.2702115Z test equipment::aviation_tests::aviation_reviews_are_pure_complete_and_do_not_grant_stores ... ok
2026-09-22T23:11:22.2752681Z test equipment::ammunition_reserve_tests::receipt_roundtrip_preserves_continuation_and_rejects_forged_dates_or_orders ... ok
2026-09-22T23:11:22.2996172Z test equipment::aviation_tests::version_seven_ground_library_remains_sparse_and_airframe_changes_are_new_builds ... ok
2026-09-22T23:11:22.3062349Z test equipment::fighter_tests::s16_fighter_profile_has_only_interception_and_rejects_bomber_hardware ... ok
2026-09-22T23:11:22.3407303Z test equipment::fighter_tests::s16_fighter_research_is_prerequisite_gated_dated_and_grants_no_property ... ok
2026-09-22T23:11:22.4086102Z test equipment::fighter_tests::s16_company_fighter_and_missiles_complete_paid_delivery_upkeep_and_assignment ... ok
2026-09-22T23:11:22.4413944Z test equipment::fleet_target_tests::fleet_target_completion_counts_orders_once_and_cancelled_work_not_at_all ... ok
2026-09-22T23:11:22.4475889Z test equipment::fleet_target_tests::fleet_target_partial_refit_preserves_projection_and_cancel_keeps_completed_conversion ... ok
2026-09-22T23:11:22.4534404Z test equipment::fleet_target_tests::fleet_target_refit_suggestions_protect_source_goals_and_use_only_delivered_stock ... ok
2026-09-22T23:11:22.4649349Z test equipment::fleet_target_tests::fleet_target_refit_transfers_conserve_counts_and_cancellation_releases_source ... ok
2026-09-22T23:11:22.5024427Z test blocs::tests::the_bloc_layer_is_inert_over_time ... ok
2026-09-22T23:11:22.5027069Z test equipment::fighter_tests::s16_fighter_v8_air_profiles_remain_sparse_and_frozen_claims_are_checked ... ok
2026-09-22T23:11:22.5358368Z test equipment::fleet_target_tests::fleet_target_refusals_and_invalid_saves_are_atomic ... ok
2026-09-22T23:11:22.5411271Z test equipment::ground_readiness_tests::s11_ground_condition_scales_rounds_and_fire_once_without_repricing_the_reference ... ok
2026-09-22T23:11:22.5414074Z test equipment::ground_readiness_tests::s11_ground_mixed_age_specialists_apply_condition_once_beside_legacy_stock ... ok
2026-09-22T23:11:22.5529085Z test equipment::fleet_target_tests::fleet_target_setting_changes_only_preference_and_roundtrips ... ok
2026-09-22T23:11:22.5987390Z test equipment::ground_readiness_tests::s11_ground_partial_service_shares_stores_and_losses_across_fronts_and_reload ... ok
2026-09-22T23:11:22.6047216Z test equipment::ground_receipt_tests::ground_receipt_aggregates_physical_rows_without_merging_or_mutating_them ... ok
2026-09-22T23:11:22.6050218Z test economy::daily_tests::finance_small_gdp_daily_and_program_settlement_resume_exactly ... ok
2026-09-22T23:11:22.6257799Z test equipment::ground_readiness_tests::s11_ground_support_gate_also_applies_beside_parked_aircraft ... ok
2026-09-22T23:11:22.6621146Z test equipment::ground_receipt_tests::ground_receipt_all_nine_platforms_report_actual_whole_losses_across_fronts ... ok
2026-09-22T23:11:22.6875269Z test equipment::ground_receipt_tests::ground_receipt_closed_legacy_wars_reserve_identity_once_on_operational_adoption ... ok
2026-09-22T23:11:22.7112000Z test equipment::ground_receipt_tests::ground_receipt_old_saves_remain_absent_and_ended_wars_retired_stock_remain_valid ... ok
2026-09-22T23:11:22.7277858Z test equipment::ground_receipt_tests::ground_receipt_stays_sparse_for_aircraft_orders_only_peace_and_zero_allocation ... ok
2026-09-22T23:11:22.7334687Z test equipment::maintenance_tests::activation_is_prospective_and_does_not_reclassify_an_open_day ... ok
2026-09-22T23:11:22.7391742Z test equipment::maintenance_tests::delivered_vehicles_are_billed_but_pending_orders_are_not_and_retirement_lowers_future_cost ... ok
2026-09-22T23:11:22.7446577Z test equipment::maintenance_tests::fiscal_expiry_limits_invoices_but_eligible_prepaid_funds_are_not_charged_again ... ok
2026-09-22T23:11:22.7508860Z test equipment::ground_receipt_tests::ground_receipt_fractional_loss_and_refit_reserve_continue_exactly_after_reload ... ok
2026-09-22T23:11:22.8136875Z test equipment::maintenance_tests::forged_payment_splits_support_and_future_invoice_dates_are_rejected ... ok
2026-09-22T23:11:22.8313289Z test equipment::maintenance_tests::invoice_is_prorated_paid_once_and_posted_once_by_the_fiscal_owner ... ok
2026-09-22T23:11:22.8478980Z test equipment::maintenance_tests::invoice_and_target_envelope_roundtrip_preserves_continuation_and_rejects_forged_receipts ... ok
2026-09-22T23:11:22.8513029Z test equipment::maintenance_tests::malformed_limit_and_version_three_plan_are_refused_without_mutation ... ok
2026-09-22T23:11:22.8539000Z test equipment::maintenance_tests::zero_funding_reduces_supported_stock_without_deleting_or_rejuvenating_it ... ok
2026-09-22T23:11:22.8754717Z test equipment::replenishment_tests::held_or_late_paid_cargo_is_not_purchased_again ... ok
2026-09-22T23:11:22.8867148Z test equipment::ground_receipt_tests::ground_receipt_rejects_corrupt_dates_ids_arithmetic_and_nonfinite_carry_without_mutation ... ok
2026-09-22T23:11:22.9007800Z test equipment::service_tests::full_retirement_removes_only_delivered_row_and_later_delivery_starts_fresh ... ok
2026-09-22T23:11:22.9039585Z test equipment::replenishment_tests::equipment_replenishment_review_is_pure_and_command_conserves_existing_ledgers ... ok
2026-09-22T23:11:22.9112285Z test equipment::service_tests::retirement_preserves_receipts_and_funding_while_future_support_matches_survivors ... ok
2026-09-22T23:11:22.9241862Z test equipment::service_tests::partial_retirement_changes_only_units_and_preserves_refits_age_and_losses ... ok
2026-09-22T23:11:22.9243765Z test equipment::service_tests::retirement_quote_is_pure_and_quotes_physical_requirement_only ... ok
2026-09-22T23:11:22.9245735Z test equipment::replenishment_tests::paused_work_and_invalid_or_stale_supply_requests_change_nothing ... ok
2026-09-22T23:11:22.9320708Z test equipment::service_tests::retiring_all_unreserved_vehicles_still_allows_the_reserved_refit_to_finish ... ok
2026-09-22T23:11:22.9395507Z test equipment::service_tests::retiring_specialists_removes_their_realized_operational_role ... ok
2026-09-22T23:11:22.9740540Z test equipment::supply_automation_tests::automatic_purchase_is_the_same_transaction_as_manual_with_exact_cash_floor ... ok
2026-09-22T23:11:22.9892912Z test equipment::supply_automation_tests::bounded_audit_history_retains_latest_guard_and_does_not_exhaust_policy_lifetime ... ok
2026-09-22T23:11:23.0126641Z test equipment::service_tests::retirement_refusals_are_atomic_and_pending_or_legacy_stock_cannot_be_used ... ok
2026-09-22T23:11:23.0525583Z test equipment::supply_automation_tests::disable_and_clear_preserve_cargo_and_frozen_history_while_stopping_future_purchases ... ok
2026-09-22T23:11:23.0656999Z test equipment::supply_automation_tests::failed_reviews_advance_cadence_and_edits_do_not_create_catch_up_or_same_day_credit ... ok
2026-09-22T23:11:23.0824943Z test equipment::supply_automation_tests::paused_work_and_expired_fabrication_authority_create_no_purchase_demand ... ok
2026-09-22T23:11:23.1302597Z test equipment::supply_automation_tests::policy_illustrations_and_configuration_are_pure_until_a_later_review ... ok
2026-09-22T23:11:23.1364613Z test equipment::ground_readiness_tests::s11_ground_weapons_require_paid_support_for_every_family ... ok
2026-09-22T23:11:23.1532231Z test equipment::supply_tests::contractor_opening_quote_stays_frozen_when_an_earlier_job_trains_the_company ... ok
2026-09-22T23:11:23.1787792Z test equipment::service_tests::retirement_save_load_continues_the_same_dated_refit_and_delivery_schedule ... ok
2026-09-22T23:11:23.1858344Z test equipment::supply_tests::supply_exact_fractional_preflight_does_not_claim_rejected_work ... ok
2026-09-22T23:11:23.2181329Z test equipment::supply_tests::supply_finished_batch_consumes_its_bill_once_and_reload_preserves_it ... ok
2026-09-22T23:11:23.2261502Z test equipment::supply_tests::supply_forecast_nets_custom_appropriation_and_never_repeats_procurement_bank ... ok
2026-09-22T23:11:23.2339988Z test equipment::supply_tests::supply_full_custom_calendar_appropriation_leaves_no_invented_legacy_draw ... ok
2026-09-22T23:11:23.2393637Z test equipment::supply_tests::contractor_supply_preview_matches_partial_recipe_and_actual_fee_settlement ... ok
2026-09-22T23:11:23.2407054Z test equipment::supply_tests::supply_horizon_uses_one_shared_funding_pool_and_respects_enacted_year ... ok
2026-09-22T23:11:23.2475011Z test equipment::supply_tests::supply_prepaid_balance_can_fund_work_after_annual_authority_expires ... ok
2026-09-22T23:11:23.2525121Z test equipment::supply_tests::supply_national_target_cannot_assign_one_dollar_to_two_stock_blocked_projects ... ok
2026-09-22T23:11:23.2603986Z test equipment::supply_tests::supply_stock_sharing_matches_atomic_settlement_and_partial_conservation ... ok
2026-09-22T23:11:23.2657489Z test equipment::supply_tests::supply_tooling_start_dates_and_pauses_are_finite_and_pure ... ok
2026-09-22T23:11:23.2677088Z test equipment::supply_tests::supply_zero_funding_invalid_sites_and_closed_projects_do_not_create_demand ... ok
2026-09-22T23:11:23.2697273Z test equipment::supply_tests::s08_equipment_run_prefix_matches_original_365_project_and_ammunition_bits ... ok
2026-09-22T23:11:23.2747212Z test equipment::tests::actual_system_order_keeps_seven_full_delivery_days_and_supports_arrivals ... ok
2026-09-22T23:11:23.2757023Z test equipment::tests::component_research_consumes_effort_but_changes_no_stock_or_macro_knowledge ... ok
2026-09-22T23:11:23.2881955Z test equipment::tests::development_obeys_activation_budget_calendar_and_exact_contract_once ... ok
2026-09-22T23:11:23.2994623Z test equipment::tests::disabled_military_rules_refuse_design_work_without_mutation ... ok
2026-09-22T23:11:23.3061872Z test equipment::tests::each_new_specification_has_a_separate_price_or_rating_and_research_gate ... ok
2026-09-22T23:11:23.3066345Z test equipment::tests::detailed_revision_development_and_refit_quotes_survive_reload ... ok
2026-09-22T23:11:23.3449949Z test equipment::tests::every_vehicle_in_a_batch_consumes_its_recipe_and_false_paid_work_is_rejected ... ok
2026-09-22T23:11:23.3513388Z test equipment::supply_automation_tests::persisted_receipt_rejects_forged_costs_floors_fills_and_dates_after_policy_changes ... ok
2026-09-22T23:11:23.3569134Z test equipment::tests::gun_mounting_and_light_chassis_limits_are_enforced_before_spending ... ok
2026-09-22T23:11:23.3580264Z test equipment::tests::load_validation_refuses_missing_designs_and_invented_reservations ... ok
2026-09-22T23:11:23.3721086Z test equipment::tests::previews_and_unfunded_drafts_are_pure_and_locked_components_are_not_developed ... ok
2026-09-22T23:11:23.3791435Z test equipment::tests::production_requires_materials_and_delivers_only_whole_revisioned_orders ... ok
2026-09-22T23:11:23.3934725Z test equipment::tests::refit_reserves_real_stock_cancel_releases_it_and_completion_keeps_age ... ok
2026-09-22T23:11:23.4138411Z test equipment::tests::old_revisions_keep_identity_and_prices_when_a_detailed_draft_is_saved ... ok
2026-09-22T23:11:23.4321805Z test equipment::tests::research_focus_switches_charge_one_half_bank_and_shared_quota_survives_reload ... ok
2026-09-22T23:11:23.4447392Z test equipment::tests::separate_specifications_have_valid_distinct_types_and_require_every_slot ... ok
2026-09-22T23:11:23.4458074Z test exact::tests::agrees_with_the_platform_libm_to_a_few_ulps ... ok
2026-09-22T23:11:23.4458922Z test exact::tests::dump_pins ... ignored
2026-09-22T23:11:23.4563820Z test equipment::tests::saved_midwork_continues_identically_and_revision_prices_are_frozen ... ok
2026-09-22T23:11:23.4573588Z test exact::tests::the_identities_are_exact ... ok
2026-09-22T23:11:23.4577936Z test exact::tests::the_range_reduction_constants_are_what_they_claim ... ok
2026-09-22T23:11:23.4582207Z test exact::tests::transcendentals_are_pinned_to_the_bit ... ok
2026-09-22T23:11:23.4642835Z test fiscal_recovery_ai::tests::consolidation_does_not_try_to_seat_an_illegal_inherited_envelope ... ok
2026-09-22T23:11:23.4701685Z test fiscal_recovery_ai::tests::consolidation_updates_live_departments_for_the_single_cabinet_price ... ok
2026-09-22T23:11:23.4807960Z test equipment::tests::ground_families_complete_paid_development_and_share_physical_production ... ok
2026-09-22T23:11:23.4813212Z test fiscal_recovery_ai::tests::disabled_fiscal_ai_preserves_legacy_world_and_rng ... ok
2026-09-22T23:11:23.4966098Z test fiscal_recovery_ai::tests::exhausted_consolidation_is_refused_without_charging_or_changing_state ... ok
2026-09-22T23:11:23.5084284Z test exact::tests::nothing_in_the_sim_calls_the_platform_transcendentals ... ok
2026-09-22T23:11:23.5140292Z test fiscal_recovery_ai::tests::quarterly_ai_pays_ordinary_tax_price_and_never_changes_player_policy ... ok
2026-09-22T23:11:23.5142252Z test fiscal_recovery_ai::tests::recovery_budget_cuts_cash_services_and_preserves_protected_departments ... ok
2026-09-22T23:11:23.5151622Z test fiscal_recovery_ai::tests::existing_ai_department_budgets_renew_without_industrial_competition ... ok
2026-09-22T23:11:23.5202237Z test fiscal_recovery_ai::tests::repeated_recovery_votes_keep_inherited_operating_floors ... ok
2026-09-22T23:11:23.5212774Z test fiscal_recovery_ai::tests::unused_capital_authority_is_never_quoted_as_a_recovery_saving ... ok
2026-09-22T23:11:23.5288916Z test fiscal_recovery_ai::tests::restructuring_pays_once_retires_stock_and_has_a_shared_cooldown ... ok
2026-09-22T23:11:23.5346314Z test gdp_projects::tests::a_migrated_module_expansion_changes_capacity_without_a_gdp_completion_award ... ok
2026-09-22T23:11:23.5422549Z test gdp_projects::tests::blocked_plants_and_enablers_do_not_create_output ... ok
2026-09-22T23:11:23.5483160Z test gdp_projects::tests::completion_keeps_actual_work_receipt_and_legacy_work_is_not_incremental ... ok
2026-09-22T23:11:23.5891196Z test gdp_projects::tests::disabled_adapter_is_byte_inert_and_readers_never_settle ... ok
2026-09-22T23:11:23.6009933Z test gdp_projects::tests::actual_factory_chain_conserves_value_added_and_internal_power ... ok
2026-09-22T23:11:23.6405850Z test gdp_projects::tests::fractional_workshop_records_only_real_intermediates_and_balances_internal_power ... ok
2026-09-22T23:11:23.6486537Z test gdp_projects::tests::legacy_and_rebuilt_construction_kinds_use_paid_work_not_completion_bonuses ... ok
2026-09-22T23:11:23.6552623Z test gdp_projects::tests::installed_migration_scale_accounts_for_subsequent_upgrades_without_awarding_output ... ok
2026-09-22T23:11:23.6571705Z test equipment::tests::company_custom_equipment_recipes_survive_reassignment_and_save_load ... ok
2026-09-22T23:11:23.6687222Z test gdp_projects::tests::military_order_is_a_payment_not_fabricated_delivered_production ... ok
2026-09-22T23:11:23.6715324Z test gdp_projects::tests::power_dispatch_is_shared_across_generator_provinces_not_credited_twice ... ok
2026-09-22T23:11:23.6760027Z test government::tests::a_ban_takes_seats_and_not_the_cabinet ... ok
2026-09-22T23:11:23.6785796Z test gdp_projects::tests::mine_construction_hook_records_paid_work_but_not_inherited_extraction ... ok
2026-09-22T23:11:23.6817371Z test government::tests::a_coalition_leader_is_accountable_without_erasing_junior_or_opposition_voters ... ok
2026-09-22T23:11:23.6846505Z test gdp_projects::tests::new_mine_receipts_follow_actual_posting_without_january_february_gdp_jumps ... ok
2026-09-22T23:11:23.7165653Z test government::tests::a_continuing_incumbent_keeps_its_record_through_opening_and_its_first_ballot ... ok
2026-09-22T23:11:23.7308071Z test government::tests::a_coalition_costs_what_a_majority_does_not ... ok
2026-09-22T23:11:23.7602034Z test government::tests::a_fresh_military_government_keeps_its_choice_without_blocking_paid_openings ... ok
2026-09-22T23:11:23.7895247Z test government::tests::a_full_term_remembers_early_hardship_but_sustained_recovery_is_forgiven ... ok
2026-09-22T23:11:23.7943330Z test government::tests::a_legacy_regime_record_is_rekeyed_only_for_its_observed_live_party ... ok
2026-09-22T23:11:23.8210613Z test government::tests::a_paid_army_seats_the_islamists_and_a_hostile_one_annuls_the_algerian_way ... ok
2026-09-22T23:11:23.8598332Z test government::tests::a_coup_tick_has_identical_fiscal_state_with_and_without_a_save_boundary ... ok
2026-09-22T23:11:23.8646179Z test government::tests::a_new_accountable_party_gets_coup_grace_without_rewriting_the_election_clock ... ok
2026-09-22T23:11:23.8659338Z test government::tests::a_player_can_widen_their_own_coalition_and_pay_for_it ... ok
2026-09-22T23:11:23.8732949Z test government::tests::a_real_party_or_military_handover_resets_accountability_without_inventing_party_history ... ok
2026-09-22T23:11:23.8807543Z test government::tests::a_regime_s_movements_move_with_the_pains_and_revert ... ok
2026-09-22T23:11:23.9028060Z test government::tests::a_partial_party_table_does_not_erase_unrepresented_national_constituencies ... ok
2026-09-22T23:11:23.9249585Z test government::tests::a_sourced_opening_mandate_is_not_a_completed_or_unrestricted_model_ballot ... ok
2026-09-22T23:11:24.0299001Z test government::tests::a_state_with_no_parties_never_loops_through_the_polls ... ok
2026-09-22T23:11:24.0897146Z test government::tests::a_successor_calendar_keeps_the_eighteen_month_deadline_without_claiming_a_ballot ... ok
2026-09-22T23:11:24.1073184Z test government::tests::a_surge_is_news_once_per_crossing ... ok
2026-09-22T23:11:24.2822873Z test government::tests::a_war_going_badly_is_worth_votes_to_the_nationalists ... ok
2026-09-22T23:11:24.4041821Z test government::tests::a_communist_movement_at_discontent_0_70_with_an_unpaid_army_takes_power ... ok
2026-09-22T23:11:24.4470546Z test government::tests::ai_army_appropriation_targets_actual_loyalty_without_spending_past_useful_resources ... ok
2026-09-22T23:11:24.4570676Z test government::tests::ai_army_funding_is_priced_affordable_and_does_not_override_owned_budgets ... ok
2026-09-22T23:11:24.5012803Z test government::tests::ai_can_fund_a_midyear_army_crisis_once_without_free_loyalty_or_tiny_churn ... ok
2026-09-22T23:11:24.5896979Z test government::tests::ai_voluntary_opening_requires_a_live_eligible_party ... ok
2026-09-22T23:11:24.6080735Z test government::tests::algeria_opens_with_its_national_chamber_and_separate_opposition_support ... ok
2026-09-22T23:11:24.7549089Z test government::tests::algerian_opening_seats_preserve_saved_governments_and_later_date_fallbacks ... ok
2026-09-22T23:11:24.7608522Z test government::tests::an_actual_algerian_election_replaces_the_opening_chamber ... ok
2026-09-22T23:11:24.7677969Z test government::tests::an_annulled_first_ballot_has_no_elected_mandate_or_pending_deadline ... ok
2026-09-22T23:11:24.7744728Z test government::tests::an_annulled_opening_ballot_does_not_seat_the_parliamentary_winner ... ok
2026-09-22T23:11:24.7879373Z test government::tests::an_autonomous_army_can_veto_a_new_programme_but_civilian_control_and_loyalty_resist ... ok
2026-09-22T23:11:24.8002900Z test government::tests::an_election_changes_the_government_of_the_day_and_never_unseats_a_crown ... ok
2026-09-22T23:11:24.8684790Z test government::tests::an_established_movement_survives_funding_decay_and_save_load_without_free_support ... ok
2026-09-22T23:11:24.9065081Z test government::tests::an_explicit_legacy_plan_does_not_let_the_army_ai_erase_its_owner ... ok
2026-09-22T23:11:24.9857348Z test government::tests::an_uncrowned_collapse_preserves_the_actual_elected_programme_across_save_and_seeding ... ok
2026-09-22T23:11:25.0825765Z test government::tests::a_western_winner_is_refused_in_a_party_less_polity ... ok
2026-09-22T23:11:25.0926498Z test government::tests::an_unvoted_opposition_list_does_not_inherit_the_incumbents_bad_record ... ok
2026-09-22T23:11:25.1335100Z test government::tests::army_confidence_responds_to_sustained_civilian_failure_without_changing_resources ... ok
2026-09-22T23:11:25.1340549Z test government::tests::army_operating_costs_include_local_support_and_imported_equipment ... ok
2026-09-22T23:11:25.1857628Z test government::tests::assessed_army_authority_changes_only_at_real_seizures_and_qualified_transfers ... ok
2026-09-22T23:11:25.2074398Z test government::tests::banning_a_majority_party_keeps_its_support_and_zeroes_its_seats ... ok
2026-09-22T23:11:25.2130743Z test government::tests::buying_an_institution_is_a_real_price_and_not_a_button ... ok
2026-09-22T23:11:25.3083649Z test government::tests::civilian_confidence_counts_national_consent_without_manufacturing_a_mandate ... ok
2026-09-22T23:11:25.3151365Z test government::tests::coalition_exclusion_is_symmetric_without_erasing_pluralities_or_majorities ... ok
2026-09-22T23:11:25.3416108Z test government::tests::coalition_invitation_preview_and_command_enforce_both_sides_of_the_cordon ... ok
2026-09-22T23:11:25.3942504Z test government::tests::completed_ballots_refresh_constituencies_without_reinterpreting_seats_or_old_saves ... ok
2026-09-22T23:11:25.4294047Z test government::tests::convening_a_round_table_opens_the_country_in_six_months ... ok
2026-09-22T23:11:25.7019284Z test government::tests::coups_refresh_open_book_debt_ratios_without_rewriting_legacy_debt ... ok
2026-09-22T23:11:25.7138638Z test government::tests::d4_tables_are_read_under_the_switch_and_invisible_off ... ok
2026-09-22T23:11:25.7193856Z test government::tests::d4_tables_are_transcribed_beside_the_live_table_and_not_in_it ... ok
2026-09-22T23:11:25.7621453Z test government::tests::daily_government_age_and_support_do_not_jump_a_month_per_day ... ok
2026-09-22T23:11:25.7785127Z test government::tests::declaring_a_programme_moves_the_named_pillars_and_the_patrons_relations ... ok
2026-09-22T23:11:25.8086850Z test government::tests::disorder_alone_costs_a_regime_support_without_changing_the_quiet_record ... ok
2026-09-22T23:11:25.8334217Z test government::tests::disorder_alone_costs_the_elected_incumbent_support ... ok
2026-09-22T23:11:25.8442161Z test government::tests::a_regime_that_stops_paying_its_army_is_removed_by_it ... ok
2026-09-22T23:11:25.9471758Z test government::tests::electoral_coup_requires_a_current_hostile_army_and_crisis ... ok
2026-09-22T23:11:25.9511160Z test government::tests::every_bloc_override_has_a_source ... ok
2026-09-22T23:11:25.9570698Z test government::tests::every_government_is_reachable_in_january_1990 ... ok
2026-09-22T23:11:25.9620325Z test government::tests::electoral_coup_grace_uses_only_matching_observed_history_and_old_save_fallback ... ok
2026-09-22T23:11:25.9637620Z test government::tests::every_successor_flag_has_a_source ... ok
2026-09-22T23:11:25.9707623Z test government::tests::first_free_elections_replace_original_military_rulers_but_preserve_constitutional_heads ... ok
2026-09-22T23:11:25.9775831Z test government::tests::foreign_backing_alone_cannot_change_an_internal_coups_programme ... ok
2026-09-22T23:11:25.9910228Z test government::tests::franchise_demand_reads_excluded_parties_including_same_bloc_alternatives ... ok
2026-09-22T23:11:26.2209416Z test government::tests::generated_party_regimes_keep_their_role_through_succession_and_then_yield_to_a_ballot ... ok
2026-09-22T23:11:26.2947626Z test government::tests::lawful_same_party_succession_retains_only_the_existing_assembly_authority ... ok
2026-09-22T23:11:26.4257374Z test government::tests::lawful_transfers_consolidate_civilian_control_without_snap_election_farming ... ok
2026-09-22T23:11:26.4647684Z test government::tests::military_resources_have_real_units_and_change_loyalty_without_penalizing_small_budget_shares ... ok
2026-09-22T23:11:26.6360035Z test government::tests::missing_calendars_do_not_erase_real_regime_interims_or_change_the_lens_off_path ... ok
2026-09-22T23:11:26.6430702Z test government::tests::movement_constituencies_keep_organized_opposition_and_single_party_uncertainty ... ok
2026-09-22T23:11:26.6653077Z test government::tests::movement_establishment_is_inert_when_off_and_does_not_duplicate_table_presence ... ok
2026-09-22T23:11:26.7101534Z test government::tests::old_missing_restricted_and_future_opening_mandates_are_not_reconstructed ... ok
2026-09-22T23:11:26.8411398Z test government::tests::old_saves_recognize_qualifying_movement_backing_without_inventing_past_organizations ... ok
2026-09-22T23:11:26.9086742Z test government::tests::opening_a_regime_preserves_its_programme_until_a_real_ballot ... ok
2026-09-22T23:11:26.9565715Z test government::tests::opening_ballots_keep_same_party_people_separate_heads_and_the_off_path ... ok
2026-09-22T23:11:26.9567903Z test government::tests::an_unpaid_army_removes_an_elected_government_and_a_paid_one_never_does ... ok
2026-09-22T23:11:26.9651072Z test government::tests::opening_consent_counts_only_attested_live_national_constituencies ... ok
2026-09-22T23:11:27.0715458Z test government::tests::opening_up_a_regime_produces_an_election_without_anything_scheduling_one ... ok
2026-09-22T23:11:27.0848615Z test government::tests::organised_civilian_franchise_demand_can_buy_a_peaceful_opening_with_loyal_armed_services ... ok
2026-09-22T23:11:27.1283731Z test government::tests::opening_mandates_end_on_restriction_or_broken_authority_and_do_not_return ... ok
2026-09-22T23:11:27.1357167Z test government::tests::party_discipline_needs_a_domestic_constituency_and_stays_legacy_when_off ... ok
2026-09-22T23:11:27.1452043Z test government::tests::paid_snap_ballots_do_not_renew_a_continuing_governments_coup_grace ... ok
2026-09-22T23:11:27.1757125Z test government::tests::pending_ballot_metadata_is_absent_for_old_saves_and_inert_with_the_lens_off ... ok
2026-09-22T23:11:27.1764199Z test government::tests::performance_transfers_are_bounded_and_good_government_has_diminishing_returns ... ok
2026-09-22T23:11:27.1835882Z test government::tests::political_record_learns_one_calendar_month_in_both_clock_modes ... ok
2026-09-22T23:11:27.2162360Z test government::tests::political_record_remembers_a_bad_term_but_resets_when_another_party_governs ... ok
2026-09-22T23:11:27.2880620Z test government::tests::recovered_armed_loyalty_prevents_a_regime_coup_from_old_pressure ... ok
2026-09-22T23:11:27.3273204Z test government::tests::party_support_moves_with_prices_rather_than_with_a_slider ... ok
2026-09-22T23:11:27.3345303Z test government::tests::represented_parties_compete_without_spending_unrepresented_voters ... ok
2026-09-22T23:11:27.3420335Z test government::tests::reshuffles_and_restricted_ballots_do_not_fabricate_a_new_constituency ... ok
2026-09-22T23:11:27.3855656Z test government::tests::scheduling_a_new_electoral_successor_preserves_its_real_governing_record ... ok
2026-09-22T23:11:27.4697557Z test government::tests::refusal_of_agrees_with_apply_command_for_every_lever_over_poland_and_iraq ... ok
2026-09-22T23:11:27.5108827Z test government::tests::sourced_executive_removal_leverage_is_distinct_from_auth_resources_and_coup_risk ... ok
2026-09-22T23:11:27.5525442Z test government::tests::sourced_opening_organizations_exist_without_buying_them_and_preserve_saved_histories ... ok
2026-09-22T23:11:27.6786536Z test government::tests::successor_calendar_dates_and_accountability_survive_daily_and_legacy_saves ... ok
2026-09-22T23:11:27.7413603Z test government::tests::sourced_army_presence_keeps_funded_and_civilian_control_guards ... ok
2026-09-22T23:11:27.8079723Z test government::tests::successor_personnel_observation_uses_the_model_clock_not_legacy_settlement_day ... ok
2026-09-22T23:11:27.8344644Z test government::tests::suspending_the_constitution_keeps_the_incumbent_s_colour ... ok
2026-09-22T23:11:27.8469007Z test government::tests::the_ai_s_levers_ride_the_deck_s_one_draw ... ok
2026-09-22T23:11:28.1454358Z test government::tests::every_succession_rule_seats_the_right_description_and_never_a_name ... ok
2026-09-22T23:11:28.3998512Z test government::tests::the_algeria_shaped_annulment_fires_under_its_conditions_and_not_under_the_court ... ok
2026-09-22T23:11:28.4120571Z test government::tests::the_army_target_is_the_share_arm_off_and_the_pay_arm_is_the_ruled_form ... ok
2026-09-22T23:11:28.4124972Z test government::tests::the_complete_vote_change_preserves_totals_and_its_calendar_bound ... ok
2026-09-22T23:11:28.4189872Z test government::tests::the_current_party_apparatus_cannot_resurrect_a_defeated_historical_programme ... ok
2026-09-22T23:11:28.4811602Z test government::tests::the_first_free_ballot_replaces_a_generic_party_regime_but_not_an_inherited_crown ... ok
2026-09-22T23:11:28.5478218Z test government::tests::the_first_free_ballot_seats_the_same_interim_party_and_keeps_its_deadline ... ok
2026-09-22T23:11:28.6365755Z test government::tests::the_first_parliamentary_ballot_reconciles_the_actual_office_with_the_seeded_chamber ... ok
2026-09-22T23:11:28.6585332Z test government::tests::the_liberalisation_seam_reseeds_parties_from_movements ... ok
2026-09-22T23:11:28.6594867Z test government::tests::the_party_table_is_data_and_not_guesswork ... ok
2026-09-22T23:11:28.6832148Z test government::tests::the_regime_s_own_coup_keeps_its_colour_under_the_lens_and_latches_the_deposed_movement_on_the_roads ... ok
2026-09-22T23:11:29.2459911Z test government::tests::support_finds_an_equilibrium_rather_than_running_away ... ok
2026-09-22T23:11:29.2537528Z test government::tests::the_round_table_walks_authoritarianism_to_the_floor_and_opens_the_state ... ok
2026-09-22T23:11:29.2585929Z test government::tests::the_seat_formula_decides_whether_a_plurality_is_a_government ... ok
2026-09-22T23:11:29.2956114Z test government::tests::unsourced_army_size_is_an_explicit_model_estimate_without_rewriting_history ... ok
2026-09-22T23:11:29.3325411Z test government::tests::the_sponsor_payoff_and_exposure_fire_on_takeover ... ok
2026-09-22T23:11:29.3455404Z test government::tests::voter_reversion_uses_the_last_observed_ballot_and_never_rewrites_it_during_drift ... ok
2026-09-22T23:11:29.3584119Z test industrial_modules::tests::expansions_pay_added_capacity_and_reserve_caps_against_legacy_orders ... ok
2026-09-22T23:11:29.3656671Z test industrial_modules::tests::full_facility_requires_a_whole_paid_estate_but_retrofits_recognize_partial_processing ... ok
2026-09-22T23:11:29.3812715Z test government::tests::unsourced_successors_retain_a_dated_force_reference_without_inventing_1990_history ... ok
2026-09-22T23:11:29.3874731Z test industrial_modules::tests::manual_daily_workshop_needs_no_economic_competition_opt_in ... ok
2026-09-22T23:11:29.3991950Z test industrial_modules::tests::missing_construction_inputs_do_not_block_work_and_operating_output_is_fractional ... ok
2026-09-22T23:11:29.4005823Z test industrial_modules::tests::legacy_save_stays_absent_and_recommendation_fits_money_and_work ... ok
2026-09-22T23:11:29.4052827Z test industrial_modules::tests::mixed_queue_shares_budget_with_independent_site_work ... ok
2026-09-22T23:11:29.4120059Z test industrial_modules::tests::proportional_quote_is_pure_and_includes_turnkey_inputs ... ok
2026-09-22T23:11:29.4174190Z test industrial_modules::tests::recommendation_fits_exact_slowest_calendar_release_cash_bill ... ok
2026-09-22T23:11:29.4327751Z test industrial_modules::tests::range_ownership_ambiguous_and_overflow_orders_refuse_atomically ... ok
2026-09-22T23:11:29.4467151Z test industrial_modules::tests::scale_survives_save_capture_and_gdp_changes_without_integer_unlock ... ok
2026-09-22T23:11:29.4793797Z test industrial_modules::tests::unfinished_module_replays_identically_after_reload_and_keeps_frozen_price ... ok
2026-09-22T23:11:29.5392967Z test industry::tests::civilian_chain_conserves_inputs_power_cash_and_produces_real_goods ... ok
2026-09-22T23:11:29.5464786Z test industry::tests::company_factories_save_real_inputs_and_missing_inputs_charge_nothing ... ok
2026-09-22T23:11:29.5685818Z test industry::tests::company_generators_charge_for_dispatch_and_save_only_generating_fuel ... ok
2026-09-22T23:11:29.5806898Z test industry::tests::completed_project_closes_exact_cash_and_preserves_inventory ... ok
2026-09-22T23:11:29.5861549Z test industry::tests::construction_uses_pooled_civilian_capital_not_maintenance_or_procurement ... ok
2026-09-22T23:11:29.6040850Z test industry::tests::full_civilian_chain_bootstraps_from_raw_inputs_without_seeded_goods ... ok
2026-09-22T23:11:29.6223364Z test industry::tests::goods_storage_upgrade_and_retrofits_have_distinct_operating_consumers ... ok
2026-09-22T23:11:29.6602236Z test industry::tests::legacy_daily_rows_gain_financing_and_budget_activation_preserves_sunk_work ... ok
2026-09-22T23:11:29.6659350Z test industry::tests::manufactured_goods_remain_available_for_operations_during_construction ... ok
2026-09-22T23:11:29.7099715Z test government::tests::the_ai_takes_each_lever_only_under_its_thresholds ... ok
2026-09-22T23:11:29.7214108Z test industry::tests::mine_construction_uses_partial_budget_and_no_materials ... ok
2026-09-22T23:11:29.7274233Z test industry::tests::mine_preview_reserves_only_budget_left_after_the_building_queue ... ok
2026-09-22T23:11:29.7329523Z test industry::tests::new_industrial_demand_does_not_mint_opening_resources ... ok
2026-09-22T23:11:29.7438583Z test industry::tests::new_mines_share_funding_but_have_independent_site_lead_times ... ok
2026-09-22T23:11:29.7492523Z test industry::tests::no_power_or_fuel_pauses_only_new_activity_and_does_not_partially_draw ... ok
2026-09-22T23:11:29.7545630Z test industry::tests::partial_budget_scales_cash_and_work_without_consuming_inputs ... ok
2026-09-22T23:11:29.8929266Z test industry::tests::s08_line_energy_reuse_preserves_shortages_pauses_and_editable_assignments ... ok
2026-09-22T23:11:29.9845235Z test industry::tests::s08_line_energy_reuse_preserves_world_and_live_experience_thresholds ... ok
2026-09-22T23:11:30.1091600Z test industry::tests::s08_owned_operating_districts_preserve_order_demand_bits_and_energy_dispatch ... ok
2026-09-22T23:11:30.1531829Z test industry::tests::s08_shared_demand_fuel_rate_preserves_exact_recipe_bits ... ok
2026-09-22T23:11:30.1752607Z test industry::tests::untouched_industry_is_byte_inert_and_absent_from_saves ... ok
2026-09-22T23:11:30.2331017Z test industry::tests::whole_queue_reserves_one_budget_without_material_or_site_capacity_gates ... ok
2026-09-22T23:11:30.3153202Z test industry_operations::demand_read_tests::s08_operating_demand_reuses_only_immutable_fuel_rate ... ok
2026-09-22T23:11:30.3538440Z test industry::tests::migrated_contract_preserves_paid_history_and_only_prices_unfinished_work ... ok
2026-09-22T23:11:30.3764742Z test industry_planning::s08_read_parity_tests::s08_delivery_totals_preserve_exact_bits_windows_and_legacy_fallback ... ok
2026-09-22T23:11:30.3823015Z test logistics::freight_routing::access_read_tests::clearing_access_reuse_bounded_fallback_keeps_native_answers ... ok
2026-09-22T23:11:30.3931354Z test logistics::freight_routing::access_read_tests::clearing_access_reuse_checks_changed_paths_and_new_clearing_closures ... ok
2026-09-22T23:11:30.4290107Z test industrial_modules::tests::tiny_module_needs_ninety_dates_and_pays_exact_scaled_turnkey_bill ... ok
2026-09-22T23:11:30.4348442Z test logistics::tests::bilateral_sanctions_close_a_route ... ok
2026-09-22T23:11:30.4405396Z test logistics::tests::built_infrastructure_grows_land_capacity ... ok
2026-09-22T23:11:30.4578371Z test logistics::freight_routing::access_read_tests::clearing_access_reuse_preserves_dispatches_invalid_cache_and_alternates ... ok
2026-09-22T23:11:30.4890331Z test logistics::tests::clearing_frozen_capacities_preserve_live_usage_and_dispatches ... ok
2026-09-22T23:11:30.4891692Z test industry_planning::s08_read_parity_tests::s08_capacity_plan_matches_full_old_allocator_and_delivery_reads ... ok
2026-09-22T23:11:30.5018059Z test logistics::tests::clearing_tree_exhaustion_preserves_unreachable_and_blocked_results ... ok
2026-09-22T23:11:30.5353428Z test logistics::tests::company_terminal_capacity_and_fees_follow_actual_dispatch ... ok
2026-09-22T23:11:30.5410375Z test logistics::tests::completed_freight_terminal_increases_only_its_real_gateway_capacity ... ok
2026-09-22T23:11:30.5418120Z test logistics::tests::clearing_tree_pauses_resumes_and_keeps_first_settled_goal ... ok
2026-09-22T23:11:30.5767193Z test logistics::tests::contract_forecast_context_preserves_quantities_atomic_order_and_alternates ... ok
2026-09-22T23:11:30.5824613Z test logistics::tests::daily_capacity_is_prorated_shared_and_resets_on_the_next_day ... ok
2026-09-22T23:11:30.6095646Z test logistics::tests::daily_cargo_arrives_on_its_exact_day_and_only_once ... ok
2026-09-22T23:11:30.6150740Z test logistics::tests::daily_cargo_is_held_then_resumes_without_losing_its_paid_quantity ... ok
2026-09-22T23:11:30.6204028Z test logistics::tests::disabled_world_stays_empty ... ok
2026-09-22T23:11:30.6257207Z test logistics::tests::every_commodity_shares_the_same_capacity ... ok
2026-09-22T23:11:30.6387147Z test logistics::tests::contract_forecast_context_preserves_invalid_closed_and_legacy_paths ... ok
2026-09-22T23:11:30.6470166Z test logistics::tests::freight_access_read_matches_exact_paths_pairs_and_ignored_metadata ... ok
2026-09-22T23:11:30.6537661Z test logistics::tests::freight_access_read_storage_limit_falls_back_to_native_checks ... ok
2026-09-22T23:11:30.6800507Z test logistics::tests::held_cargo_survives_save_and_arrives_once_after_reopening ... ok
2026-09-22T23:11:30.6860991Z test logistics::tests::freight_access_read_new_snapshot_observes_closures_and_endpoint_control ... ok
2026-09-22T23:11:30.6914761Z test logistics::tests::land_only_is_a_real_policy ... ok
2026-09-22T23:11:30.6916051Z test logistics::tests::materials_segment_capacity_profile ... ignored, observer-only Materials freight-capacity microprofile
2026-09-22T23:11:30.7114903Z test logistics::tests::military_routing_all_search_paths_refuse_a_contested_endpoint ... ok
2026-09-22T23:11:30.7429054Z test logistics::tests::military_routing_alternates_replay_after_save_and_keep_actual_arrival_dates ... ok
2026-09-22T23:11:30.7835939Z test logistics::tests::military_routing_contract_forecasts_and_frozen_barter_legs_share_capacity ... ok
2026-09-22T23:11:30.7837565Z test logistics::tests::military_routing_daily_market_profile ... ignored, bounded observer of the actual daily world; no timing threshold
2026-09-22T23:11:30.8180637Z test logistics::tests::indexed_lazy_route_search_is_identical_to_original_graph_walk ... ok
2026-09-22T23:11:30.8238715Z test logistics::tests::military_routing_replans_a_cached_departure_after_endpoint_cession ... ok
2026-09-22T23:11:30.8267624Z test logistics::tests::military_routing_goods_use_alternates_and_an_exhausted_graph_moves_nothing ... ok
2026-09-22T23:11:30.8330711Z test logistics::tests::military_routing_uses_an_alternate_after_the_fastest_corridor_fills ... ok
2026-09-22T23:11:30.8392533Z test logistics::tests::military_routing_warns_of_a_hold_before_due_without_rebooking_paid_cargo ... ok
2026-09-22T23:11:30.8396552Z test logistics::tests::network_is_real_and_connected ... ok
2026-09-22T23:11:30.8454832Z test logistics::tests::ocean_freight_takes_time_and_is_idempotent ... ok
2026-09-22T23:11:30.8498876Z test logistics::tests::military_routing_search_budget_exhaustion_preserves_nominal_capacity ... ok
2026-09-22T23:11:30.8509493Z test logistics::tests::old_monthly_cargo_migrates_its_remaining_term_without_dispatching_again ... ok
2026-09-22T23:11:30.8513764Z test logistics::tests::s08_borrowed_capacity_labels_preserve_first_minimum_and_ieee_ties ... ok
2026-09-22T23:11:30.8559115Z test logistics::tests::overseas_land_only_is_unreachable ... ok
2026-09-22T23:11:31.1710603Z test logistics::tests::s08_clearing_assembly_reuses_static_segments_and_keeps_terminal_xp_live ... ok
2026-09-22T23:11:31.2101056Z test logistics::tests::s08_clearing_default_256_matches_old_128_admission_full_world_and_budget ... ok
2026-09-22T23:11:31.2247296Z test logistics::tests::s08_clearing_owner_permissions_match_every_original_owner_bit ... ok
2026-09-22T23:11:31.5845868Z test logistics::tests::s08_clearing_tree_lru_evicts_and_revisits_exact_native_routes ... ok
2026-09-22T23:11:31.9166961Z test logistics::tests::s08_dispatch_clone_reduction_preserves_cache_refusals_and_complete_world ... ok
2026-09-22T23:11:31.9315459Z test logistics::tests::s08_indexed_traversal_matches_every_original_directed_edge ... ok
2026-09-22T23:11:32.1467841Z test logistics::tests::s08_endpoint_guard_reuses_exact_bilateral_access_and_native_refusals ... ok
2026-09-22T23:11:32.3273763Z test logistics::tests::s08_retained_heap_diagnostics_preserve_routes_and_count_actual_work ... ok
2026-09-22T23:11:32.5506739Z test logistics::tests::s08_tree_node_permissions_match_native_transit_under_each_owner_mask ... ok
2026-09-22T23:11:32.5512485Z test logistics::tree_storage::tests::s08_compact_tree_storage_preserves_native_sentinels_indices_and_rank_bits ... ok
2026-09-22T23:11:32.5774063Z test manufacturing::tests::a_directed_line_is_identical_under_daily_and_monthly_calendars ... ok
2026-09-22T23:11:32.5838433Z test manufacturing::tests::a_line_requires_the_player_owned_plant_and_charges_eight_pc_atomically ... ok
2026-09-22T23:11:32.6051572Z test manufacturing::tests::company_defense_lines_spend_one_envelope_and_use_the_delivered_recipe ... ok
2026-09-22T23:11:32.6255436Z test manufacturing::tests::company_level_up_does_not_change_a_reserved_defense_recipe_mid_settlement ... ok
2026-09-22T23:11:32.6315666Z test manufacturing::tests::daily_manufacturing_places_a_daily_slice_without_shrinking_forecasts ... ok
2026-09-22T23:11:32.6375964Z test manufacturing::tests::daily_manufacturing_two_days_stock_is_not_a_monthly_shortage ... ok
2026-09-22T23:11:32.6435095Z test manufacturing::tests::daily_shortfalls_include_banked_cash_and_prior_successful_bundles ... ok
2026-09-22T23:11:32.6515929Z test manufacturing::tests::default_world_is_inert_and_serializes_no_manufacturing ... ok
2026-09-22T23:11:32.6575394Z test manufacturing::tests::directed_settlement_buys_once_and_writes_no_macro_or_force_quantity ... ok
2026-09-22T23:11:32.6634643Z test manufacturing::tests::disabling_resource_gates_makes_directed_lines_materially_ungated ... ok
2026-09-22T23:11:32.6835046Z test manufacturing::tests::enabling_the_system_with_no_lines_preserves_legacy_procurement_exactly ... ok
2026-09-22T23:11:32.6894834Z test manufacturing::tests::enrolled_lines_spend_only_the_exact_shared_department_residual_once ... ok
2026-09-22T23:11:32.6954689Z test manufacturing::tests::priorities_split_one_budget_and_high_priority_consumes_scarcity_first ... ok
2026-09-22T23:11:32.7013425Z test manufacturing::tests::province_loss_blocks_without_consuming_or_ordering ... ok
2026-09-22T23:11:32.7342716Z test manufacturing::tests::save_load_keeps_lines_and_existing_orders_outlive_a_stopped_line ... ok
2026-09-22T23:11:32.7406257Z test manufacturing::tests::tiny_daily_manufacturing_funding_accumulates_instead_of_disappearing ... ok
2026-09-22T23:11:32.7465576Z test manufacturing::tests::two_levels_are_two_slots_not_three ... ok
2026-09-22T23:11:32.9077394Z test materials::quote_read_tests::s08_materials_quote_shared_rates_preserve_every_field_and_refusal ... ok
2026-09-22T23:11:32.9619129Z test military_ai::tests::cash_upkeep_access_and_player_control_block_staff_without_inventory_grants ... ok
2026-09-22T23:11:33.0165933Z test military_ai::tests::domestic_staff_develops_pays_buys_delivers_and_counts_pending_aircraft ... ok
2026-09-22T23:11:33.0536062Z test logistics::tests::s08_nominal_pool_revalidates_exact_world_inputs_and_keeps_native_routes ... ok
2026-09-22T23:11:33.0675422Z test military_ai::tests::maintenance_reallocation_pays_political_cost_and_only_changes_future_funding ... ok
2026-09-22T23:11:33.0799636Z test military_ai::tests::managed_supplier_identity_is_required ... ok
2026-09-22T23:11:33.0804153Z test military_ai::tests::planned_aircraft_families_all_have_native_designs_and_company_support ... ok
2026-09-22T23:11:33.0852198Z test military_ai::tests::ground_staff_uses_finite_ammunition_and_counts_inbound_rounds ... ok
2026-09-22T23:11:33.1767215Z test military_ai::tests::small_country_imports_one_aircraft_without_research_or_factory_grants ... ok
2026-09-22T23:11:33.2863154Z test government::tests::a_stable_democracy_never_sees_the_roads_over_thirty_five_years ... ok
2026-09-22T23:11:33.3054356Z test military_ai::tests::sparse_legacy_setting_and_read_model_are_pure_and_versioned ... ok
2026-09-22T23:11:33.3109469Z test nations::tests::every_canonical_country_code_survives_the_user_input_parser ... ok
2026-09-22T23:11:33.3115917Z test nations::tests::every_name_the_old_parser_took_still_parses_to_the_same_nation ... ok
2026-09-22T23:11:33.3126889Z test nations::tests::identity_is_a_code_on_disk_and_an_index_in_memory ... ok
2026-09-22T23:11:33.3132697Z test nations::tests::the_roster_is_internally_consistent ... ok
2026-09-22T23:11:33.3183265Z test nations::tests::the_roster_knows_who_touches_whom ... ok
2026-09-22T23:11:33.3222674Z test opening_mandates::tests::opening_mandate_catalog_is_partial_dated_and_bound_to_the_actual_office ... ok
2026-09-22T23:11:33.3280588Z test military_ai::tests::supplier_ammunition_and_fighter_research_are_paid_and_not_switched_daily ... ok
2026-09-22T23:11:33.3339470Z test operations::aviation_loss_tests::land_battle_preserves_parked_custom_aircraft_and_legacy_writeoff_arithmetic ... ok
2026-09-22T23:11:33.3389217Z test operations::aviation_loss_tests::grounded_aircraft_in_a_fighting_coalition_take_no_force_or_inventory_loss ... ok
2026-09-22T23:11:33.3397801Z test operations::aviation_loss_tests::mixed_inventory_losses_follow_each_aircrafts_launch_coverage_once ... ok
2026-09-22T23:11:33.3454398Z test operations::campaign_ammo_tests::air_defense_rounds_follow_actual_enemy_missions_and_reserves ... ok
2026-09-22T23:11:33.3497496Z test operations::aviation_loss_tests::s16_legacy_raid_losses_preserve_parked_fighters_and_their_loss_carry ... ok
2026-09-22T23:11:33.3561738Z test operations::campaign_ammo_tests::campaign_orders_change_physical_rounds_and_full_reserve_does_not_fire ... ok
2026-09-22T23:11:33.3619490Z test operations::campaign_ammo_tests::custom_tactical_aircraft_pay_only_for_the_supported_ordered_strike ... ok
2026-09-22T23:11:33.3674261Z test operations::campaign_ammo_tests::garrison_service_never_launches_or_pays_for_parked_aircraft ... ok
2026-09-22T23:11:33.3976636Z test operations::campaign_ammo_tests::custom_ammunition_does_not_erase_the_same_operations_support_demand ... ok
2026-09-22T23:11:33.4120803Z test operations::campaign_ammo_tests::local_loss_quotes_match_national_settlement_with_shared_partial_aircraft_stores ... ok
2026-09-22T23:11:33.4309070Z test party_leadership::executive_eligibility_tests::all_reviewed_country_batches_require_explicit_future_executive_review ... ok
2026-09-22T23:11:33.4318545Z test party_leadership::executive_eligibility_tests::a_separate_reviewed_candidate_can_win_without_replacing_the_party_chair ... ok
2026-09-22T23:11:33.4378487Z test party_leadership::executive_eligibility_tests::executive_policy_rejects_implicit_presidencies_and_unsourced_or_mismatched_grants ... ok
2026-09-22T23:11:33.5040606Z test party_leadership::executive_eligibility_tests::france_and_germany_expand_only_exact_empty_legacy_slots_without_any_other_changes ... ok
2026-09-22T23:11:33.5983405Z test party_leadership::executive_eligibility_tests::european_component_upgrade_rejects_populated_future_and_mixed_or_changed_schemas_atomically ... ok
2026-09-22T23:11:33.6000590Z test party_leadership::executive_eligibility_tests::future_party_templates_need_a_distinct_presidential_grant_without_identity_changes ... ok
2026-09-22T23:11:33.6269417Z test party_leadership::executive_eligibility_tests::parliamentary_continuity_is_exact_and_new_terms_default_to_party_only ... ok
2026-09-22T23:11:33.6313081Z test party_leadership::future::tests::future_profiles_cover_all_game_parties_without_claiming_future_history ... ok
2026-09-22T23:11:33.6318349Z test party_leadership::future::tests::future_windows_are_exact_and_do_not_extend_historical_references ... ok
2026-09-22T23:11:33.6324230Z test party_leadership::future::tests::ldp_pilot_research_is_scoped_and_editorial_details_do_not_change_saved_identities ... ok
2026-09-22T23:11:33.6612284Z test party_leadership::future::tests::organization_continuation_disclosure_preserves_counterfactual_candidates_and_campaign ... ok
2026-09-22T23:11:33.6823079Z test party_leadership::leadership_seats_tests::a_historical_co_holder_is_retained_without_inferred_gender_or_rewritten_identity ... ok
2026-09-22T23:11:33.7655435Z test party_leadership::executive_eligibility_tests::staged_us_chairs_and_french_party_officers_render_without_becoming_presidents ... ok
2026-09-22T23:11:33.7918109Z test party_leadership::leadership_seats_tests::date_advancement_preserves_historical_trio_single_chair_and_all_existing_metadata ... ok
2026-09-22T23:11:33.8075427Z test party_leadership::leadership_seats_tests::actual_death_replaces_only_the_vacant_co_seat_and_retains_individual_dates ... ok
2026-09-22T23:11:33.8082299Z test party_leadership::leadership_seats_tests::paired_policy_has_exact_qualified_fiction_without_new_components_or_identity_fields ... ok
2026-09-22T23:11:33.8651218Z test party_leadership::leadership_seats_tests::qualification_exhaustion_and_date_bounds_leave_vacancies_without_reusing_people ... ok
2026-09-22T23:11:33.8794065Z test party_leadership::leadership_seats_tests::single_leader_future_parties_and_executive_exclusions_keep_their_existing_semantics ... ok
2026-09-22T23:11:33.8886496Z test party_leadership::tests::actual_death_excludes_person_and_binds_eligible_replacement_without_rng ... ok
2026-09-22T23:11:33.9009742Z test party_leadership::leadership_seats_tests::empty_future_pair_fills_only_on_an_event_and_survives_save_reload ... ok
2026-09-22T23:11:33.9196484Z test party_leadership::tests::canadian_ndp_reference_retains_mclaughlin_through_the_researched_handover ... ok
2026-09-22T23:11:33.9373406Z test party_leadership::tests::collective_and_components_never_invent_one_executive ... ok
2026-09-22T23:11:33.9734981Z test party_leadership::tests::default_off_is_sparse_and_reference_reads_do_not_change_world ... ok
2026-09-22T23:11:33.9818052Z test party_leadership::tests::eligibility_honors_person_party_component_and_membership_dates ... ok
2026-09-22T23:11:33.9980681Z test party_leadership::tests::erased_original_identity_and_rewritten_executive_dates_are_rejected ... ok
2026-09-22T23:11:34.0058251Z test party_leadership::tests::exact_gregorian_dates_and_conservative_partial_bounds ... ok
2026-09-22T23:11:34.1233768Z test party_leadership::tests::campaign_envelope_roundtrip_and_downgrade_are_fail_closed ... ok
2026-09-22T23:11:34.1351820Z test party_leadership::tests::fictional_successor_save_replay_death_and_term_limits_keep_stable_identities ... ok
2026-09-22T23:11:34.1438246Z test party_leadership::tests::forged_fictional_dates_affiliations_and_initial_assignments_are_rejected ... ok
2026-09-22T23:11:34.1469667Z test party_leadership::tests::future_coalition_components_remain_collective ... ok
2026-09-22T23:11:34.1719614Z test party_leadership::tests::future_previews_are_read_only_and_dissolved_reference_parties_stay_distinct ... ok
2026-09-22T23:11:34.1801503Z test party_leadership::tests::future_cutoff_never_replaces_incumbents_without_a_succession_event ... ok
2026-09-22T23:11:34.2031240Z test party_leadership::tests::incumbent_survives_reference_expiry_without_votes_cash_or_rng_changes ... ok
2026-09-22T23:11:34.3199825Z test party_leadership::tests::japanese_future_vacancies_use_one_surviving_organization_without_replacing_incumbents ... ok
2026-09-22T23:11:34.3291551Z test party_leadership::tests::leader_card_keeps_original_role_and_unmapped_identity_distinctions ... ok
2026-09-22T23:11:34.4232212Z test party_leadership::tests::japanese_component_upgrade_rejects_populated_and_mixed_maps_atomically ... ok
2026-09-22T23:11:34.4343390Z test party_leadership::tests::monthly_succession_and_reference_uncertainty_are_explicit ... ok
2026-09-22T23:11:34.4422759Z test party_leadership::tests::legacy_japanese_empty_slots_upgrade_without_changing_campaign_state ... ok
2026-09-22T23:11:34.4442794Z test party_leadership::tests::one_person_leading_multiple_components_is_one_executive_identity ... ok
2026-09-22T23:11:34.4452599Z test party_leadership::tests::published_catalogue_has_every_authored_party_and_explicit_gaps ... ok
2026-09-22T23:11:34.4542942Z test party_leadership::tests::roster_rejects_duplicates_unlinked_people_and_unsourced_claims ... ok
2026-09-22T23:11:34.6277177Z test party_leadership::tests::real_government_hook_and_named_successor_mortality_replay ... ok
2026-09-22T23:11:34.6495707Z test party_leadership::tests::s10f_fictional_campaign_death_has_a_saved_date_but_does_not_rewrite_references ... ok
2026-09-22T23:11:34.6524782Z test party_leadership::tests::s10f_candidate_boundaries_preserve_saved_holders_and_use_native_availability ... ok
2026-09-22T23:11:34.6658374Z test party_leadership::tests::s10f_restrictions_are_country_scoped_and_disabled_rules_never_authorize_appointments ... ok
2026-09-22T23:11:34.7117824Z test party_leadership::tests::s10f_same_date_history_ignores_campaign_deaths_and_never_returns_campaign_bindings ... ok
2026-09-22T23:11:34.7251588Z test party_leadership::tests::s10f_term_limit_status_keeps_party_office_and_reports_exact_saved_exclusion ... ok
2026-09-22T23:11:34.7346557Z test party_leadership::tests::term_limit_excludes_office_holder_but_preserves_party_leadership ... ok
2026-09-22T23:11:34.7369108Z test party_leadership::tests::saved_identity_requires_original_source_affiliation_and_chronology ... ok
2026-09-22T23:11:34.8018890Z test politics::tests::an_explicit_annual_plan_keeps_one_fiscal_owner_after_player_handoff ... ok
2026-09-22T23:11:34.8820149Z test politics::tests::daily_fiscal_boundaries_preserve_calendar_scaled_rates ... ok
2026-09-22T23:11:34.9360836Z test politics::tests::fiscal_consolidation_never_increases_spending_or_reduces_tax ... ok
2026-09-22T23:11:34.9893063Z test politics::tests::fiscal_recovery_moves_toward_bounds_without_reversing_direction ... ok
2026-09-22T23:11:35.0074161Z test politics::tests::legacy_fiscal_policy_respects_player_program_and_recovery_owners ... ok
2026-09-22T23:11:35.0199175Z test politics::tests::legacy_fiscal_policy_respects_stock_and_plan_ownership_independently ... ok
2026-09-22T23:11:35.0258311Z test politics::tests::opening_low_budget_nations_are_not_given_unvoted_spending ... ok
2026-09-22T23:11:35.0263040Z test politics::tests::the_hazard_doubles_every_seven_years_from_1_5_percent_at_65 ... ok
2026-09-22T23:11:35.0361751Z test population::tests::tiny_resident_accounts_keep_each_sector_within_its_job_demand ... ok
2026-09-22T23:11:35.0465059Z test production::tests::a_larger_queue_shares_unchanged_national_throughput ... ok
2026-09-22T23:11:35.0518433Z test production::tests::a_partial_input_scales_progress_and_every_resource_draw ... ok
2026-09-22T23:11:35.0572489Z test production::tests::an_empty_input_pauses_without_consuming_then_resumes ... ok
2026-09-22T23:11:35.0627098Z test production::tests::completion_leaves_a_province_level_that_speeds_future_work ... ok
2026-09-22T23:11:35.0681459Z test production::tests::daily_cancellation_preserves_paid_cash_without_refunding_or_granting_assets ... ok
2026-09-22T23:11:35.1142376Z test production::tests::daily_completion_charges_exact_frozen_cash_once_and_survives_midday_reload ... ok
2026-09-22T23:11:35.4034344Z test production::tests::daily_financial_batch_matches_single_steps_with_saved_continuation ... ok
2026-09-22T23:11:35.4210431Z test production::tests::daily_ownership_duplicates_and_foreign_project_actions_refuse_atomically ... ok
2026-09-22T23:11:35.4283200Z test production::tests::daily_parallel_sites_do_not_share_a_workforce_or_planning_ceiling ... ok
2026-09-22T23:11:35.4397260Z test production::tests::daily_priority_reserves_one_cash_budget_across_different_project_kinds ... ok
2026-09-22T23:11:35.4511822Z test production::tests::daily_work_uses_money_without_materials_market_or_political_capital ... ok
2026-09-22T23:11:35.4626745Z test production::tests::daily_zero_and_partial_budget_preserve_work_and_resume_without_double_building ... ok
2026-09-22T23:11:35.4683803Z test production::tests::equal_priority_projects_report_shared_capacity_neutrally ... ok
2026-09-22T23:11:35.4740517Z test production::tests::every_unit_recorded_as_used_leaves_the_same_physical_stockpile ... ok
2026-09-22T23:11:35.4803192Z test production::tests::fresh_market_consumes_the_same_opening_cover_that_it_reports ... ok
2026-09-22T23:11:35.4859093Z test production::tests::high_priority_work_gets_a_scarce_daily_bundle_first ... ok
2026-09-22T23:11:35.5129154Z test production::tests::legacy_monthly_batch_matches_repeated_calendar_days ... ok
2026-09-22T23:11:35.5189338Z test production::tests::ownership_queue_limit_and_foreign_project_clicks_are_refused_atomically ... ok
2026-09-22T23:11:35.5245764Z test production::tests::production_is_not_advertised_without_a_physical_resource_market ... ok
2026-09-22T23:11:35.5496023Z test production::tests::production_off_is_byte_inert_and_absent_from_default_saves ... ok
2026-09-22T23:11:35.5769589Z test production::tests::projects_and_capabilities_survive_save_and_load ... ok
2026-09-22T23:11:35.5980203Z test programs::tests::all_calendar_months_accrue_one_twelfth_with_constant_gdp ... ok
2026-09-22T23:11:35.6148375Z test programs::tests::child_totals_equal_parent_and_preview_never_accrues_real_authority ... ok
2026-09-22T23:11:35.6216225Z test programs::tests::civilian_operating_spend_is_cash_cost_but_not_new_macro_capital ... ok
2026-09-22T23:11:35.6511859Z test programs::tests::construction_budget_activation_is_free_and_preserves_appropriations ... ok
2026-09-22T23:11:35.6675602Z test programs::tests::construction_cash_ceiling_is_shared_atomic_and_charged_once ... ok
2026-09-22T23:11:35.6896994Z test programs::tests::construction_quote_is_pure_and_day_rollover_restores_only_the_daily_ceiling ... ok
2026-09-22T23:11:36.3426879Z test programs::tests::dated_budget_reallocation_replays_without_duplicate_accrual ... ok
2026-09-22T23:11:36.3462645Z test military_ai::tests::review_cadence_and_save_resume_are_deterministic ... ok
2026-09-22T23:11:36.3500219Z test programs::tests::defense_department_transfers_change_real_force_and_preview_together ... ok
2026-09-22T23:11:36.3552889Z test programs::tests::fiscal_card_annualizes_only_posted_actual_expenses_not_authority ... ok
2026-09-22T23:11:36.3582427Z test programs::tests::draft_preview_is_unpriced_statewise_and_refill_moves_to_defense_only ... ok
2026-09-22T23:11:36.3635926Z test programs::tests::inherited_procurement_bank_is_spent_without_being_charged_again ... ok
2026-09-22T23:11:36.3756134Z test programs::tests::next_day_and_draft_previews_never_report_unposted_spending ... ok
2026-09-22T23:11:36.3944190Z test programs::tests::re_enactment_and_invalid_commands_cannot_mint_or_lose_balances ... ok
2026-09-22T23:11:36.3998855Z test programs::tests::rollover_expires_authority_but_never_refunds_cash_or_prepaid_orders ... ok
2026-09-22T23:11:36.4301102Z test programs::tests::save_load_preserves_open_day_authority_spend_and_settlement_guards ... ok
2026-09-22T23:11:36.4465192Z test programs::tests::shared_pool_and_fiscal_settlement_spend_each_dollar_once ... ok
2026-09-22T23:11:36.4676861Z test programs::tests::unenrolled_default_and_daily_worlds_remain_byte_identical ... ok
2026-09-22T23:11:36.4731039Z test programs::tests::unused_capital_is_not_spent_or_given_a_growth_reward ... ok
2026-09-22T23:11:36.4917736Z test programs::tests::zero_construction_budget_preserves_banked_funding_and_invalid_changes_are_atomic ... ok
2026-09-22T23:11:36.5173039Z test province_economy::tests::annexation_keeps_war_damage_and_empty_countries_have_explicit_remainders ... ok
2026-09-22T23:11:36.6387365Z test programs::tests::full_daily_world_batches_and_saved_continuation_are_identical ... ok
2026-09-22T23:11:36.6645078Z test province_economy::tests::consent_reattributes_project_output_without_transferring_gdp_twice ... ok
2026-09-22T23:11:36.6902525Z test province_economy::tests::disabled_ledger_is_absent_and_preserves_the_known_default_start ... ok
2026-09-22T23:11:36.8998591Z test province_economy::tests::finance_province_output_refreshes_debt_ratio_without_touching_cash ... ok
2026-09-22T23:11:36.9182295Z test province_economy::tests::first_observed_existing_asset_is_absorbed_but_subsequent_upgrades_are_not ... ok
2026-09-22T23:11:36.9338369Z test province_economy::tests::frozen_public_investment_prevents_a_second_project_growth_channel ... ok
2026-09-22T23:11:36.9664401Z test province_economy::tests::new_project_metadata_is_visible_but_unposted_work_has_zero_gdp ... ok
2026-09-22T23:11:36.9919407Z test province_economy::tests::nonfinite_receipt_cannot_poison_gdp_and_microstate_debt_uses_actual_output ... ok
2026-09-22T23:11:37.0250677Z test province_economy::tests::opening_covers_every_live_nation_and_reconciles_without_repricing ... ok
2026-09-22T23:11:37.1104777Z test province_economy::tests::output_heavy_cession_to_small_economy_cannot_mint_gdp_on_transfer_or_restart ... ok
2026-09-22T23:11:37.1614341Z test province_economy::tests::oversized_inherited_asset_first_observation_is_not_an_upgrade_windfall ... ok
2026-09-22T23:11:37.4020567Z test province_economy::tests::pending_transition_and_save_resume_preserve_accounting_dates ... ok
2026-09-22T23:11:37.4134724Z test province_economy::tests::annual_output_replaces_itself_and_only_inherited_output_compounds ... ok
2026-09-22T23:11:37.4589733Z test resources::raw_replenishment_tests::ordinary_settlement_after_reviewed_purchase_never_replays_its_payment_or_freight ... ok
2026-09-22T23:11:37.4655714Z test resources::raw_replenishment_tests::reviewed_dispatch_opens_freight_without_losing_or_double_crediting_arrivals ... ok
2026-09-22T23:11:37.4950141Z test resources::raw_replenishment_tests::reviewed_raw_purchase_conserves_stock_cash_and_existing_freight_under_one_cap ... ok
2026-09-22T23:11:37.5149472Z test resources::raw_replenishment_tests::reviewed_raw_purchase_never_borrows_or_takes_a_sellers_operating_reserve ... ok
2026-09-22T23:11:37.5420485Z test resources::tests::a_closed_contract_preserves_goods_suspends_finance_and_ages ... ok
2026-09-22T23:11:37.6594047Z test resources::tests::a_closed_market_delays_the_line_and_says_so ... ok
2026-09-22T23:11:37.6654793Z test resources::tests::a_contract_delivers_and_expires ... ok
2026-09-22T23:11:37.9811703Z test resources::tests::a_contract_is_leverage ... ok
2026-09-22T23:11:38.4916046Z test province_economy::tests::zero_activity_enable_preserves_every_other_daily_state_field ... ok
2026-09-22T23:11:38.5009240Z test resources::tests::a_counter_re_offered_is_accepted ... ok
2026-09-22T23:11:38.5192398Z test resources::tests::a_deal_is_a_pure_function_of_state ... ok
2026-09-22T23:11:38.5255772Z test resources::tests::a_debt_free_exporter_keeps_the_value_as_trade_cash ... ok
2026-09-22T23:11:38.5324380Z test resources::tests::a_deficit_alone_never_raises_appetite ... ok
2026-09-22T23:11:38.5505880Z test resources::tests::a_district_sold_by_consent_moves_its_share ... ok
2026-09-22T23:11:38.5620592Z test resources::tests::a_lapsed_offer_is_a_refusal_the_ai_remembers ... ok
2026-09-22T23:11:38.5871909Z test resources::tests::a_legacy_partial_stockpile_migrates_without_a_refill ... ok
2026-09-22T23:11:38.5916392Z test resources::tests::a_contract_touches_no_growth ... ok
2026-09-22T23:11:38.5938654Z test resources::tests::a_lower_procurement_target_releases_stock_without_erasing_it ... ok
2026-09-22T23:11:38.5989736Z test resources::tests::a_mine_builds_for_a_year_and_follows_the_district ... ok
2026-09-22T23:11:38.5999251Z test resources::tests::a_pure_financial_contract_has_no_route_to_close ... ok
2026-09-22T23:11:38.6241971Z test resources::tests::ammunition_daily_report_adds_funded_inputs_once_without_authorizing_imports ... ok
2026-09-22T23:11:38.6301621Z test resources::tests::an_untracked_leg_is_refused_uncharged ... ok
2026-09-22T23:11:38.6428128Z test resources::tests::a_starved_ai_asks_before_it_wants_and_the_universal_refusal_is_headlined_once ... ok
2026-09-22T23:11:38.6898737Z test resources::tests::audit_trade_prepaid_procurement_orders_its_missing_backlog_inputs_once ... ok
2026-09-22T23:11:38.7135904Z test resources::tests::audit_trade_accept_revalidates_before_mutation_or_political_cost ... ok
2026-09-22T23:11:38.9016438Z test resources::tests::cancelling_is_charged_never_refused ... ok
2026-09-22T23:11:38.9492488Z test resources::tests::company_mine_bonus_requires_funding_and_posts_output_once ... ok
2026-09-22T23:11:38.9554937Z test resources::tests::cooling_is_on_the_lattice ... ok
2026-09-22T23:11:38.9712786Z test resources::tests::cover_counts_down_and_folds_back ... ok
2026-09-22T23:11:39.0265641Z test resources::tests::daily_and_monthly_settlement_emit_the_same_route_ledger ... ok
2026-09-22T23:11:39.0335534Z test resources::tests::daily_bundle_splits_every_goods_and_cash_leg_at_the_same_capacity_fraction ... ok
2026-09-22T23:11:39.0948616Z test resources::tests::daily_contract_dispatch_and_cash_share_one_fraction_and_survive_save_load ... ok
2026-09-22T23:11:39.1023623Z test resources::tests::daily_contract_expires_on_the_actual_leap_month_day ... ok
2026-09-22T23:11:39.1427953Z test resources::tests::daily_extraction_is_visible_immediately_and_totals_one_year ... ok
2026-09-22T23:11:39.1490547Z test resources::tests::daily_mine_progress_migrates_old_saves_and_pauses_without_losing_days ... ok
2026-09-22T23:11:39.1749040Z test resources::tests::daily_mine_start_waits_for_budget_without_upfront_charge_or_material_gates ... ok
2026-09-22T23:11:39.1858628Z test resources::tests::daily_play_cools_a_refusal_once_a_month_not_once_a_day ... ok
2026-09-22T23:11:39.1918695Z test resources::tests::daily_procurement_keeps_monthly_reserves_and_tests_only_todays_recipe ... ok
2026-09-22T23:11:39.2021727Z test resources::tests::daily_spot_does_not_rebuy_stock_already_on_its_way ... ok
2026-09-22T23:11:39.3486516Z test resources::tests::economic_review_projects_nothing_during_cooldown_then_once_when_due ... ok
2026-09-22T23:11:39.4235408Z test resources::tests::every_refusal_has_its_sentence ... ok
2026-09-22T23:11:39.4883392Z test resources::tests::expiring_authority_sizes_a_civilian_contract_from_civilian_work_only ... ok
2026-09-22T23:11:39.5012369Z test resources::tests::final_month_contract_cash_still_reduces_the_whole_market_cap ... ok
2026-09-22T23:11:39.5102238Z test resources::tests::force_majeure_is_pro_rata_and_uncharged ... ok
2026-09-22T23:11:39.5508701Z test resources::tests::freight_bundle_shares_capacity_and_charges_only_the_uniform_fraction ... ok
2026-09-22T23:11:39.5668141Z test resources::tests::freight_contract_cargo_arrives_once_even_after_its_contract_expires ... ok
2026-09-22T23:11:39.6077477Z test resources::tests::freight_modern_bundles_pay_only_the_common_service_fraction_after_diversion ... ok
2026-09-22T23:11:39.6166057Z test resources::tests::freight_pending_orders_do_not_buy_the_same_reserve_twice ... ok
2026-09-22T23:11:39.6232530Z test resources::tests::freight_sanctions_hold_paid_cargo_without_loss_or_a_second_charge ... ok
2026-09-22T23:11:39.7190513Z test resources::tests::freight_saves_and_daily_monthly_execution_agree ... ok
2026-09-22T23:11:39.7261061Z test resources::tests::freight_unreachable_contract_keeps_goods_and_money_with_their_owners ... ok
2026-09-22T23:11:39.7322678Z test resources::tests::have_is_the_transcribed_figure ... ok
2026-09-22T23:11:39.7383391Z test resources::tests::kit_need_magnitudes ... ok
2026-09-22T23:11:39.7560802Z test resources::tests::logistics_is_inert_without_the_market_and_empty_rows_do_not_change_saves ... ok
2026-09-22T23:11:39.7678760Z test resources::tests::market_off_never_materialises_the_new_ledger ... ok
2026-09-22T23:11:40.0906765Z test resources::tests::audit_trade_prepaid_staff_and_freight_eventually_feed_the_retained_order ... ok
2026-09-22T23:11:40.1174258Z test resources::tests::negotiated_trade_uses_the_same_retained_cash_ledger_as_spot ... ok
2026-09-22T23:11:40.1460136Z test resources::tests::new_inbound_commodity_short_circuit_preserves_original_route_answers ... ok
2026-09-22T23:11:40.1598618Z test resources::tests::open_contracts_are_pro_rata_and_spot_fills_are_audited_deterministically ... ok
2026-09-22T23:11:40.1791126Z test resources::tests::ownership_moves_have ... ok
2026-09-22T23:11:40.1857418Z test resources::tests::physical_contracts_clear_before_spot_and_force_majeure_is_pro_rata ... ok
2026-09-22T23:11:40.1917071Z test resources::tests::priced_out_is_not_a_refusal ... ok
2026-09-22T23:11:41.5235186Z test resources::tests::modern_spot_search_budget_and_read_caches_preserve_every_saved_ledger ... ok
2026-09-22T23:11:42.0826460Z test resources::tests::s08_civilian_buy_skips_only_zero_operating_forecasts_without_changing_memo ... ok
2026-09-22T23:11:42.1128050Z test resources::tests::s08_identical_capacity_requests_reuse_only_exact_ordered_quantity_bits ... ok
2026-09-22T23:11:42.2806738Z test resources::tests::s08_lazy_military_routes_match_eager_signings_offers_cooldowns_and_closures ... ok
2026-09-22T23:11:42.6939814Z test resources::tests::s08_nominal_pool_clearing_matches_native_across_worlds_dates_and_closures ... ok
2026-09-22T23:11:44.3620886Z test resources::tests::s08_forecast_route_reuse_preserves_every_dated_stock_and_receipt ... ok
2026-09-22T23:11:44.4696065Z test logistics::tests::clearing_trees_match_original_pair_routes_across_policy_and_ownership ... ok
2026-09-22T23:11:44.5032491Z test resources::tests::sanctions_remove_a_route_without_creating_or_destroying_supply ... ok
2026-09-22T23:11:44.5829994Z test resources::tests::spot_opening_pending_matches_live_scans_through_multicommodity_dispatch ... ok
2026-09-22T23:11:44.5974347Z test resources::tests::spot_opening_pending_preserves_ordered_bits_and_all_paid_delivery_horizons ... ok
2026-09-22T23:11:44.6748163Z test resources::tests::s08_spot_trade_access_reuse_preserves_finite_lots_and_every_closure ... ok
2026-09-22T23:11:44.6750419Z test resources::tests::spot_route_profile_for_real_day_32 ... ignored
2026-09-22T23:11:45.2012139Z test resources::tests::spot_read_cache_matches_uncached_full_ledger_on_all_country_civilian_demand ... ok
2026-09-22T23:11:45.2096034Z test resources::tests::supply_is_pure_and_reads_the_closed_doors ... ok
2026-09-22T23:11:45.2105944Z test resources::tests::the_1990_resource_table_loads_and_holds_its_invariants ... ok
2026-09-22T23:11:45.2170437Z test resources::tests::the_aim_cedes_first ... ok
2026-09-22T23:11:45.2174060Z test resources::tests::the_buy_pass_ask_census ... ignored, instrument; run with --ignored --nocapture
2026-09-22T23:11:45.2235551Z test resources::tests::the_civilian_buy_wave_builds_one_global_raw_projection ... ok
2026-09-22T23:11:45.2388436Z test resources::tests::the_dead_take_their_contracts_with_them ... ok
2026-09-22T23:11:45.2450779Z test resources::tests::the_inherited_military_pass_never_asks_a_route_less_seller ... ok
2026-09-22T23:11:45.2598205Z test resources::tests::the_last_resort_predicate ... ok
2026-09-22T23:11:45.2933872Z test resources::tests::the_loader_refuses_a_bad_table ... ok
2026-09-22T23:11:45.3011404Z test resources::tests::the_market_gate_consumes_one_atomic_recipe_and_a_stall_consumes_none ... ok
2026-09-22T23:11:45.3148779Z test resources::tests::the_physical_market_is_conserved_paid_bounded_and_deterministic ... ok
2026-09-22T23:11:45.3279264Z test resources::tests::the_resource_war_headline_is_a_war ... ok
2026-09-22T23:11:45.8019999Z test resources::tests::s08_run_contract_prefix_and_live_rows_match_full_forecast_bits ... ok
2026-09-22T23:11:45.8046688Z test resources::tests::the_trade_arms_write_only_what_the_register_allows ... ok
2026-09-22T23:11:46.1680923Z test resources::tests::two_worlds_with_the_same_deals_are_byte_identical ... ok
2026-09-22T23:11:46.1962555Z test sector_contractors::tests::ai_uses_ordinary_contracts_only_when_competition_is_enabled_and_never_for_player ... ok
2026-09-22T23:11:46.2179862Z test sector_contractors::tests::assignments_validate_ownership_sector_capacity_and_replacement ... ok
2026-09-22T23:11:46.2395346Z test sector_contractors::tests::completed_construction_is_not_an_assignable_service_or_capacity_claim ... ok
2026-09-22T23:11:46.2604292Z test sector_contractors::tests::country_size_unique_identities_and_real_tradeoffs ... ok
2026-09-22T23:11:46.3098466Z test sector_contractors::tests::default_is_inert_and_enable_is_idempotent_and_deterministic ... ok
2026-09-22T23:11:46.3103891Z test sector_contractors::tests::growth_requires_sustained_real_activity_not_spikes_or_idle_gdp ... ok
2026-09-22T23:11:46.4769956Z test sector_contractors::tests::reviewed_terms_are_pure_and_reject_date_identity_capacity_and_target_changes ... ok
2026-09-22T23:11:46.5139347Z test sector_contractors::tests::sustained_growth_spawns_unique_company_once_with_cooldown_and_save_continuity ... ok
2026-09-22T23:11:46.5382557Z test sector_contractors::tests::unlimited_roster_growth_cannot_clone_a_domestic_sector_profile_or_logo ... ok
2026-09-22T23:11:46.5942308Z test sector_contractors::tests::validation_checks_inert_history_and_preserves_expired_target_receipts ... ok
2026-09-22T23:11:46.6168377Z test sector_contractors::tests::work_receipts_idle_days_capacity_progression_and_capture_cleanup ... ok
2026-09-22T23:11:46.6898951Z test stratagems::tests::a_fiscal_consolidation_with_no_financial_effect_is_refused ... ok
2026-09-22T23:11:46.7086215Z test stratagems::tests::a_paid_consolidation_keeps_stock_only_aggregate_authority ... ok
2026-09-22T23:11:46.7327350Z test stratagems::tests::an_affordable_round_table_reaches_the_real_ai_dispatcher ... ok
2026-09-22T23:11:46.7440631Z test stratagems::tests::an_unowned_program_consolidation_is_refused_before_any_effect ... ok
2026-09-22T23:11:46.7900745Z test stratagems::tests::each_single_financial_lever_keeps_consolidation_available ... ok
2026-09-22T23:11:46.8443032Z test stratagems::tests::the_paid_consolidation_card_cuts_without_inventing_minimum_spending ... ok
2026-09-22T23:11:46.8650421Z test stratagems::tests::the_paid_consolidation_card_updates_owned_plans_and_charges_once ... ok
2026-09-22T23:11:47.0439670Z test supplier_catalogue::tests::s08_deferred_supplier_development_quote_matches_eager_full_world_branches ... ok
2026-09-22T23:11:47.0872445Z test supplier_catalogue::tests::supplier_ammunition_support_adopts_only_a_real_next_day_upkeep_plan ... ok
2026-09-22T23:11:47.0881817Z test supplier_operations::tests::unguided_stores_and_ordinary_rounds_have_no_guidance_component_recipe ... ok
2026-09-22T23:11:47.0883695Z test tech::diag::roster_decomposition ... ignored
2026-09-22T23:11:47.6332658Z test resources::tests::spot_tree_cache_preserves_materials_and_full_ledgers_across_seed_and_policy ... ok
2026-09-22T23:11:48.3009578Z test resources::tests::the_stall_mask_equals_twelve_calls ... ok
2026-09-22T23:11:48.3167969Z test tech::tests::a_granted_oil_producer_does_not_find_new_barrels_on_the_first_tick ... ok
2026-09-22T23:11:48.6440948Z test tech::tests::a_held_technology_needs_no_prerequisite ... ok
2026-09-22T23:11:48.6757569Z test tech::tests::a_developed_economy_out_researches_a_poor_one ... ok
2026-09-22T23:11:48.6759360Z test tech::tests::authoring_gap_overpayment ... ignored
2026-09-22T23:11:48.6817775Z test tech::tests::credited_revelation_cannot_move_the_world_productivity_benchmark ... ok
2026-09-22T23:11:48.6889393Z test tech::tests::daily_research_accrues_a_days_points_before_the_month_ends ... ok
2026-09-22T23:11:48.6893490Z test tech::tests::diffusion_makes_the_follower_cheaper_than_the_leader ... ok
2026-09-22T23:11:48.6968260Z test tech::tests::granting_the_1990_stock_does_not_move_the_transcribed_trend ... ok
2026-09-22T23:11:48.7539758Z test tech::tests::the_1990_endowment_does_not_move_year_one_growth ... ok
2026-09-22T23:11:48.7543723Z test tech::tests::the_registry_is_the_size_this_source_says_it_is ... ok
2026-09-22T23:11:48.7548719Z test tech::tests::tree_is_well_formed ... ok
2026-09-22T23:11:48.7682834Z test tech::tests::a_successor_is_not_paid_twice_for_what_it_inherited ... ok
2026-09-22T23:11:50.1651605Z test tech::tests::a_generous_tree_cannot_break_the_world ... ok
2026-09-22T23:11:50.1826446Z test tests::a_concession_prefers_the_ground_actually_held ... ok
2026-09-22T23:11:51.4292236Z test politics::tests::a_transcribed_leader_dies_in_most_seeds_over_forty_years_and_never_on_a_fixed_date ... ok
2026-09-22T23:11:52.4221890Z test tests::a_dissolution_makes_no_choice_between_its_successors ... ok
2026-09-22T23:11:52.4492943Z test tests::a_fiscal_year_budget_carries_ten_ministries_into_the_sim ... ok
2026-09-22T23:11:52.4549457Z test tests::a_government_cannot_spend_standing_it_has_not_got ... ok
2026-09-22T23:12:07.3735077Z test tests::a_century_holds_together ... ok
2026-09-22T23:12:07.3831042Z test tests::a_month_stepped_world_lands_on_the_first ... ok
2026-09-22T23:12:07.5812438Z test tests::a_parliament_can_refuse_a_superpower ... ok
2026-09-22T23:12:07.8338401Z test tests::a_pegged_rate_is_a_governed_rate ... ok
2026-09-22T23:12:07.8398791Z test tests::a_player_can_get_into_somebody_elses_war ... ok
2026-09-22T23:12:09.6234962Z test tests::a_player_who_sets_a_rate_keeps_it ... ok
2026-09-22T23:12:09.6535989Z test tests::a_pocket_collapses_without_an_assault ... ok
2026-09-22T23:12:14.7000365Z test tests::a_poor_nation_still_picks_up_what_everyone_has ... ok
2026-09-22T23:12:14.7066012Z test tests::a_quarrel_is_not_an_invasion_and_the_world_knows_the_difference ... ok
2026-09-22T23:12:14.7125027Z test tests::a_refusal_the_world_made_is_not_reported_as_poverty ... ok
2026-09-22T23:12:16.1506737Z test tests::a_research_programme_moves_a_technology_forward_faster ... ok
2026-09-22T23:12:16.1570539Z test tests::a_river_crossing_slows_the_taking ... ok
2026-09-22T23:12:16.8293540Z test tests::a_save_taken_mid_war_resumes_the_same_war ... ok
2026-09-22T23:12:17.0560822Z test tests::a_settled_peace_moves_the_biggest_district ... ok
2026-09-22T23:12:17.0620079Z test tests::a_state_defends_itself_more_cheaply_than_it_invades ... ok
2026-09-22T23:12:22.9083655Z test tests::a_burned_aggressor_does_not_come_back_for_the_same_prize ... ok
2026-09-22T23:12:23.0954195Z test tests::a_war_costs_a_government_at_home ... ok
2026-09-22T23:12:23.1014617Z test tests::abandoning_an_ally_is_felt_by_every_other_ally ... ok
2026-09-22T23:12:23.6585273Z test tests::afghanistan_does_not_end ... ok
2026-09-22T23:12:25.1171403Z test tests::aid_props_up_a_client_regime_and_the_patron_pays_for_it ... ok
2026-09-22T23:12:25.1445365Z test tests::an_arcade_budget_is_one_atomic_affordable_choice ... ok
2026-09-22T23:12:27.0350993Z test tests::an_embargo_erodes_before_it_ends ... ok
2026-09-22T23:12:27.2133616Z test tests::an_endowment_cannot_pay_the_diffusion_floor ... ok
2026-09-22T23:12:37.9687179Z test tests::an_idle_player_cannot_break_the_world ... ok
2026-09-22T23:12:37.9795666Z test tests::an_island_never_pockets ... ok
2026-09-22T23:12:38.5520873Z test tests::an_old_save_reloads_a_front ... ok
2026-09-22T23:12:38.5859021Z test tests::an_old_save_reseeds_its_districts ... ok
2026-09-22T23:12:38.5967678Z test tests::annexation_moves_every_district ... ok
2026-09-22T23:12:38.5968364Z test tests::anomaly_sweep ... ignored
2026-09-22T23:12:50.2034264Z test tests::a_dead_nation_holds_no_districts has been running for over 60 seconds
2026-09-22T23:12:52.4770594Z test tests::a_large_nation_is_subjugated_rather_than_swallowed has been running for over 60 seconds
2026-09-22T23:13:00.9562384Z test tests::arms_transfers_build_a_client_army ... ok
2026-09-22T23:13:05.2121534Z test tests::brazil_grinds_down_its_hyperinflation ... ok
2026-09-22T23:13:05.2122913Z test tests::burned_flag_provenance ... ignored
2026-09-22T23:13:05.2124313Z test tests::century_run_profile ... ignored, timing instrument; run with --ignored --nocapture
2026-09-22T23:13:17.0704846Z test tests::a_trade_agreement_lifts_the_smaller_partner_and_then_binds_it has been running for over 60 seconds
2026-09-22T23:13:21.9868919Z test tests::a_trade_agreement_lifts_the_smaller_partner_and_then_binds_it ... ok
2026-09-22T23:13:21.9870626Z test tests::china_trouble_readout ... ignored
2026-09-22T23:13:22.0044955Z test tests::concession_cedes_the_value_ranked_subset ... ok
2026-09-22T23:13:22.0045668Z test tests::conquest_funnel ... ignored
2026-09-22T23:13:22.0046759Z test tests::conquest_seed_scan ... ignored
2026-09-22T23:13:22.0047682Z test tests::conquest_size_rule_scan ... ignored
2026-09-22T23:13:22.0071737Z test tests::convergence_channel_readout ... ignored
2026-09-22T23:13:28.0764992Z test tests::convergence_outruns_the_frontier ... ok
2026-09-22T23:13:28.2718353Z test tests::covert_action_is_deniable_until_it_is_not ... ok
2026-09-22T23:13:28.2819473Z test tests::daily_clock_observes_gregorian_leap_days ... ok
2026-09-22T23:13:28.3028859Z test tests::daily_clock_preserves_the_calibrated_monthly_world ... ok
2026-09-22T23:13:28.7180452Z test tests::desert_storm_is_quick_when_they_stand_and_fight ... ok
2026-09-22T23:13:30.6187711Z test tests::determinism_same_seed_same_world ... ok
2026-09-22T23:13:32.4932410Z test tests::different_seeds_diverge ... ok
2026-09-22T23:13:35.3478736Z test tests::economic_invariants_50_years ... ok
2026-09-22T23:13:35.6236749Z test tests::embargo_starves_the_aggressor_and_outlasts_the_war ... ok
2026-09-22T23:13:35.8823137Z test tests::enacting_the_inherited_budget_unchanged_is_a_no_op ... ok
2026-09-22T23:13:35.8939403Z test tests::encirclement_emerges_from_the_map ... ok
2026-09-22T23:13:44.7497579Z test tests::every_nation_has_a_home ... ok
2026-09-22T23:13:44.7571547Z test tests::every_nation_with_a_polygon_has_districts ... ok
2026-09-22T23:13:52.9944658Z test tests::expanded_roster_holds_the_economic_invariants ... ok
2026-09-22T23:14:05.2354727Z test tests::china_growth_miracle has been running for over 60 seconds
2026-09-22T23:14:17.7975150Z test tests::gates_write_nothing_the_growth_model_reads ... ok
2026-09-22T23:14:18.7599080Z test tests::golden_hash_of_a_known_run ... ok
2026-09-22T23:14:36.1630207Z test tests::great_power_pacts_answer_real_defensive_obligations ... ok
2026-09-22T23:14:36.3914098Z test tests::guarantees_are_usually_but_not_always_honoured ... ok
2026-09-22T23:15:26.0226155Z test tests::gulf_war_emerges ... ok
2026-09-22T23:15:26.0422592Z test tests::gulf_war_incidence_scan ... ignored
2026-09-22T23:15:26.0601806Z test tests::instrument_spread ... ignored
2026-09-22T23:15:26.5544196Z test tests::japans_bubble_becomes_a_lost_decade ... ok
2026-09-22T23:15:26.5604384Z test tests::magazines_are_not_a_bottomless_tap ... ok
2026-09-22T23:15:26.8772750Z test tests::magazines_run_dry ... ok
2026-09-22T23:15:31.4457907Z test tests::mature_economies_do_not_run_hot ... ok
2026-09-22T23:15:31.5010840Z test tests::monthly_saves_load_on_the_first_day ... ok
2026-09-22T23:15:31.5083765Z test tests::mountain_ground_is_taken_more_slowly ... ok
2026-09-22T23:15:31.5733863Z test tests::china_growth_miracle ... ok
2026-09-22T23:15:31.6172296Z test tests::no_power_goes_above_rung_five_without_a_host ... ok
2026-09-22T23:15:31.6277659Z test tests::nigeria_has_a_good_gulf_war ... ok
2026-09-22T23:15:31.6347995Z test tests::nuclear_taboo_holds ... ok
2026-09-22T23:15:31.6788935Z test tests::oil_shock_propagates_to_importer_inflation ... ok
2026-09-22T23:15:31.7754252Z test tests::player_commands_clamp_to_valid_ranges ... ok
2026-09-22T23:15:31.7869714Z test tests::private_investment_and_jobs_are_economic_outcomes ... ok
2026-09-22T23:15:31.8842225Z test tests::redirecting_a_laboratory_forfeits_half_of_what_it_had_banked ... ok
2026-09-22T23:15:31.8844995Z test tests::resource_war_census ... ignored, census; 200 seeds x 480 months x 7 arms, about twenty minutes in release
2026-09-22T23:15:31.8847145Z test tests::resource_war_census_one ... ignored, census, count one; 200 seeds x 480 months x 7 arms, one thread per arm
2026-09-22T23:15:31.8906188Z test tests::revoking_a_base_brings_a_superpower_down_the_ladder ... ok
2026-09-22T23:15:33.1973607Z test tests::nothing_in_the_model_ever_gives_a_deterrent_up ... ok
2026-09-22T23:15:33.1975280Z test tests::roster_scale_readout ... ignored
2026-09-22T23:15:33.1976478Z test tests::sanction_weight_readout ... ignored
2026-09-22T23:15:33.3651851Z test tests::rich_democracies_settle_near_target ... ok
2026-09-22T23:15:34.6004221Z test tests::save_load_roundtrip_continuity ... ok
2026-09-22T23:15:35.1332613Z test tests::saves_name_nations_rather_than_numbering_them ... ok
2026-09-22T23:15:36.1914933Z test tests::saves_name_technologies_rather_than_numbering_them ... ok
2026-09-22T23:15:40.5338538Z test tests::slovenia_escapes_the_wars_that_consume_bosnia ... ok
2026-09-22T23:15:57.9127526Z test tests::some_wars_end_at_the_table ... ok
2026-09-22T23:15:59.3231711Z test tests::sanctions_cost_the_target_real_growth ... ok
2026-09-22T23:16:00.2342187Z test tests::state_hash_agrees_with_the_serialized_world ... ok
2026-09-22T23:16:07.9183456Z test tests::stable_democracies_never_hyperinflate ... ok
2026-09-22T23:16:07.9285808Z test tests::the_1990_start_is_pinned ... ok
2026-09-22T23:16:07.9970175Z test tests::the_aggregate_tracks_the_scalar_it_replaced ... ok
2026-09-22T23:16:08.0108870Z test tests::the_cold_and_the_open_read_from_the_map ... ok
2026-09-22T23:16:08.5905124Z test tests::the_daily_clock_preserves_the_market_on_world ... ok
2026-09-22T23:16:09.2402146Z test tests::the_daily_clock_preserves_the_political_arm_on_world ... ok
2026-09-22T23:16:10.2274301Z test tests::the_fiscal_ai_arrests_a_debt_spiral ... ok
2026-09-22T23:16:10.9080872Z test tests::the_front_is_deterministic ... ok
2026-09-22T23:16:11.2868398Z test tests::superpowers_compete_for_the_same_clients ... ok
2026-09-22T23:16:11.2930491Z test tests::the_ladder_binds_the_instruments_rather_than_duplicating_them ... ok
2026-09-22T23:16:11.3026140Z test tests::the_last_defender_to_quit_is_the_loser ... ok
2026-09-22T23:16:18.5971497Z test tests::the_market_switch_is_off_for_the_suite_and_deterministic_when_on ... ok
2026-09-22T23:16:18.6034062Z test tests::the_nuclear_flag_tracks_a_deterrent_other_capitals_could_see ... ok
2026-09-22T23:16:18.6208272Z test tests::the_resource_layer_is_inert_at_1990 ... ok
2026-09-22T23:16:28.7167787Z test tests::the_frontier_does_not_run_away ... ok
2026-09-22T23:16:45.2196705Z test tests::the_resource_layer_is_inert_over_time ... ok
2026-09-22T23:16:53.3030966Z test tests::the_war_layer_holds_its_own_invariants ... ok
2026-09-22T23:17:00.1308501Z test tests::ukraine_leaves_the_union_without_the_bomb ... ok
2026-09-22T23:17:05.0596872Z test tests::ussr_collapses_in_the_nineties ... ok
2026-09-22T23:17:06.3338711Z test tests::ussr_dissolution_hands_ukraine_its_districts ... ok
2026-09-22T23:17:06.3340270Z test tests::war_census ... ignored
2026-09-22T23:17:10.7324896Z test tests::yugoslavia_comes_apart_in_the_nineties ... ok
2026-09-22T23:17:10.7409453Z test war::ammunition_firing_tests::air_defense_never_gets_free_offensive_damage_and_only_loaded_interception_works ... ok
2026-09-22T23:17:10.8061963Z test war::ammunition_firing_tests::ground_ammunition_scales_fires_linearly_and_retains_nonfiring_roles ... ok
2026-09-22T23:17:10.8330718Z test war::ammunition_firing_tests::tactical_aircraft_cannot_add_coalition_seizure_but_mixed_legacy_force_remains ... ok
2026-09-22T23:17:10.8459728Z test war::domination_conquest_tests::a_dead_loser_cannot_pay_two_queued_conquests ... ok
2026-09-22T23:17:10.8526580Z test war::domination_conquest_tests::a_large_capitulation_writes_the_formal_subject_relation ... ok
2026-09-22T23:17:10.8653459Z test war::domination_conquest_tests::an_annexed_winner_cannot_collect_another_queued_conquest ... ok
2026-09-22T23:17:10.8717612Z test war::domination_conquest_tests::annexation_retires_daily_clocks_of_cancelled_conflicts ... ok
2026-09-22T23:17:10.8777380Z test war::domination_conquest_tests::annexing_an_overlord_transfers_its_subject_tree ... ok
2026-09-22T23:17:10.8845259Z test war::domination_conquest_tests::queued_conquest_cannot_collect_again_after_first_ending_merges_the_sphere ... ok
2026-09-22T23:17:10.8990448Z test war::domination_conquest_tests::same_sphere_queued_terms_helpers_are_financially_inert ... ok
2026-09-22T23:17:10.9295085Z test war::domination_conquest_tests::settlement_helpers_ignore_dead_or_identical_parties ... ok
2026-09-22T23:17:10.9367083Z test war::domination_conquest_tests::sphere_absorption_preserves_external_coalitions_and_reconciles_descendants ... ok
2026-09-22T23:17:10.9533172Z test war::domination_conquest_tests::sphere_reconciliation_is_inert_without_both_daily_and_competition ... ok
2026-09-22T23:17:10.9613500Z test war::domination_conquest_tests::sphere_subjugation_withdraws_only_new_subtree_and_never_awards_terms ... ok
2026-09-22T23:17:10.9727579Z test war::domination_conquest_tests::sphere_transfer_does_not_withdraw_old_parent_or_sibling_and_is_idempotent ... ok
2026-09-22T23:17:10.9832758Z test war::domination_conquest_tests::war_terms_reprice_surviving_open_books_without_a_second_cash_bill ... ok
2026-09-22T23:17:11.0122666Z test war::ground_role_tests::ground_specialist_ratings_are_consumed_by_distinct_battle_equations ... ok
2026-09-22T23:17:11.0185100Z test world::perf_refactor_guards::every_relation_is_reached_by_its_own_pair ... ok
2026-09-22T23:17:11.0257846Z test world::perf_refactor_guards::pair_flag_is_the_formatted_flag ... ok
2026-09-22T23:17:11.0275561Z test world::perf_refactor_guards::pairs_mut_walks_the_triangle_in_order ... ok
2026-09-22T23:17:12.0229055Z test world::perf_refactor_guards::the_position_index_answers_what_the_scan_answered ... ok
2026-09-22T23:17:26.1935515Z test tests::the_resources_row_is_free ... ok
2026-09-22T23:17:35.2356065Z test tests::a_large_nation_is_subjugated_rather_than_swallowed ... ok
2026-09-22T23:18:54.7811874Z test tests::a_dead_nation_holds_no_districts ... ok
2026-09-22T23:18:54.7812242Z 
2026-09-22T23:18:54.7812888Z test result: ok. 1005 passed; 0 failed; 25 ignored; 0 measured; 1 filtered out; finished in 461.98s
2026-09-22T23:18:54.7813317Z 
2026-09-22T23:18:54.7911979Z [1m[92m     Running[0m tests\agency.rs (target\release\deps\agency-dcb3544c99283115.exe)
2026-09-22T23:18:54.8030950Z 
2026-09-22T23:18:54.8031769Z running 11 tests
2026-09-22T23:18:54.8469437Z test human_treaties_and_defense_decisions_wait_for_consent ... ok
2026-09-22T23:18:54.8608793Z test automatic_bank_and_ai_peg_use_the_same_explicit_regime ... ok
2026-09-22T23:18:54.8673495Z test legacy_requests_use_one_settlement_date_and_remain_answerable_after_landing ... ok
2026-09-22T23:18:54.8786654Z test peg_requires_an_explicit_exit_before_changing_rate ... ok
2026-09-22T23:18:54.8848927Z test defense_acceptance_and_expiry_have_exactly_one_explicit_consequence ... ok
2026-09-22T23:18:54.8873552Z test a_later_sphere_agreement_retires_the_call_without_abandonment_costs ... ok
2026-09-22T23:18:54.8880570Z test reused_conflict_id_cannot_consume_an_old_defense_answer ... ok
2026-09-22T23:18:54.8924893Z test standing_policy_is_explicit_and_does_not_retroactively_answer_requests ... ok
2026-09-22T23:18:54.8926238Z test player_sanction_survives_neutral_relations_and_duplicate_is_free ... ok
2026-09-22T23:18:54.9019370Z test untouched_legacy_world_and_read_only_decision_view_create_no_state ... ok
2026-09-22T23:18:54.9257453Z test treaty_answers_revalidate_and_survive_save_resume_without_random_acceptance ... ok
2026-09-22T23:18:54.9257883Z 
2026-09-22T23:18:54.9258295Z test result: ok. 11 passed; 0 failed; 0 ignored; 0 measured; 0 filtered out; finished in 0.12s
2026-09-22T23:18:54.9258688Z 
2026-09-22T23:18:54.9300733Z [1m[92m     Running[0m tests\ammunition_reserves.rs (target\release\deps\ammunition_reserves-b1687501234b3818.exe)
2026-09-22T23:18:54.9422203Z 
2026-09-22T23:18:54.9422824Z running 5 tests
2026-09-22T23:18:55.0184590Z test repeated_support_settlement_cannot_create_a_second_batch_or_spend_on_its_start_date ... ok
2026-09-22T23:18:55.0399106Z test paused_manual_commitments_prevent_auto_stacking_and_cancellation_frees_only_the_remainder ... ok
2026-09-22T23:18:55.0580128Z test manual_targets_spend_nothing_and_automatic_authority_starts_on_a_later_date ... ok
2026-09-22T23:18:55.0792392Z test policy_edits_disable_and_clear_preserve_existing_manual_and_automatic_batch_contracts ... ok
2026-09-22T23:18:55.2120966Z test save_resume_preserves_automatic_review_dates_batches_and_funding_exactly ... ok
2026-09-22T23:18:55.2121422Z 
2026-09-22T23:18:55.2121781Z test result: ok. 5 passed; 0 failed; 0 ignored; 0 measured; 0 filtered out; finished in 0.27s
2026-09-22T23:18:55.2122200Z 
2026-09-22T23:18:55.2166363Z [1m[92m     Running[0m tests\aviation_ammunition.rs (target\release\deps\aviation_ammunition-a9d608411d3cbbb6.exe)
2026-09-22T23:18:55.2287026Z 
2026-09-22T23:18:55.2287732Z running 5 tests
2026-09-22T23:18:55.3073154Z test inaccessible_grounded_in_transit_and_refitting_aircraft_cannot_fly ... ok
2026-09-22T23:18:55.3116235Z test aviation_does_not_activate_ground_stores_or_supply_ground_firing ... ok
2026-09-22T23:18:55.3190657Z test aircraft_require_exact_paid_stores_and_partial_coverage_gates_strike_once ... ok
2026-09-22T23:18:55.3584316Z test only_actually_launched_custom_raids_create_defender_air_defense_demand ... ok
2026-09-22T23:18:55.4088353Z test air_only_consumption_is_conserved_across_conflicts_and_saved_continuations ... ok
2026-09-22T23:18:55.4089047Z 
2026-09-22T23:18:55.4089686Z test result: ok. 5 passed; 0 failed; 0 ignored; 0 measured; 0 filtered out; finished in 0.18s
2026-09-22T23:18:55.4090353Z 
2026-09-22T23:18:55.4133961Z [1m[92m     Running[0m tests\bloc_census.rs (target\release\deps\bloc_census-369a0aef0a6b290c.exe)
2026-09-22T23:18:55.4272457Z 
2026-09-22T23:18:55.4273267Z running 12 tests
2026-09-22T23:18:55.4274656Z test a1_coups_against_elected_governments_are_spread_not_three_micro_polities ... ignored
2026-09-22T23:18:55.4276094Z test a2_an_islamist_takeover_without_a_ballot_in_most_seeds_by_2000 ... ignored
2026-09-22T23:18:55.4277115Z test a3_a_communist_takeover_without_a_ballot_is_rare ... ignored
2026-09-22T23:18:55.4278125Z test a4_the_democratisation_wave_opens_fifteen_regimes_by_1996 ... ignored
2026-09-22T23:18:55.4279391Z test a5_ex_communists_return_by_ballot_in_most_seeds ... ignored
2026-09-22T23:18:55.4280704Z test a7_ballots_flip_the_ruling_bloc_three_times_as_often_as_takeovers ... ignored
2026-09-22T23:19:21.7349708Z test a10_discontent_leads_the_roster_by_a_quarter_before_a_takeover ... ok
2026-09-22T23:19:21.7422053Z test a9_four_coups_in_five_strike_nations_under_8000_a_head ... ok
2026-09-22T23:19:21.7423211Z test a_ballot_and_an_uncoloured_collapse_do_not_fabricate_a_movement_takeover ... ok
2026-09-22T23:19:21.7424110Z test bloc_census ... ignored
2026-09-22T23:19:33.6958736Z test a6_no_road_reaches_a_1990_democracy_in_thirty_five_years ... ok
2026-09-22T23:19:55.4308047Z test a8_six_of_the_eight_big_regimes_keep_their_bloc_in_most_seeds has been running for over 60 seconds
2026-09-22T23:19:58.5335748Z test a8_six_of_the_eight_big_regimes_keep_their_bloc_in_most_seeds ... ok
2026-09-22T23:19:58.5336154Z 
2026-09-22T23:19:58.5336577Z test result: ok. 5 passed; 0 failed; 7 ignored; 0 measured; 0 filtered out; finished in 63.10s
2026-09-22T23:19:58.5336949Z 
2026-09-22T23:19:58.5380058Z [1m[92m     Running[0m tests\campaign_aims.rs (target\release\deps\campaign_aims-1fc1e7e991f6f6bd.exe)
2026-09-22T23:19:58.5494957Z 
2026-09-22T23:19:58.5495300Z running 7 tests
2026-09-22T23:19:58.5877194Z test diplomacy_counts_distinct_trusted_relationships_and_loses_sanctioned_partners ... ok
2026-09-22T23:19:58.5886694Z test prosperity_requires_fixed_real_per_person_gain_and_sustained_conditions ... ok
2026-09-22T23:19:58.6002487Z test optional_aim_views_and_absent_ticks_are_pure_and_legacy_safe ... ok
2026-09-22T23:19:58.6019112Z test science_counts_new_acquisitions_and_goal_changes_require_explicit_sandbox ... ok
2026-09-22T23:19:58.6137095Z test supply_does_not_reward_switches_off_or_zero_demand ... ok
2026-09-22T23:19:58.6223246Z test stability_counts_each_real_date_once_and_roundtrips_mid_streak ... ok
2026-09-22T23:19:58.6261611Z test actual_daily_tick_observes_after_settlement_and_save_resume_matches ... ok
2026-09-22T23:19:58.6262274Z 
2026-09-22T23:19:58.6262886Z test result: ok. 7 passed; 0 failed; 0 ignored; 0 measured; 0 filtered out; finished in 0.08s
2026-09-22T23:19:58.6263570Z 
2026-09-22T23:19:58.6301071Z [1m[92m     Running[0m tests\campaign_identity.rs (target\release\deps\campaign_identity-f56086dd88708e4b.exe)
2026-09-22T23:19:58.6414969Z 
2026-09-22T23:19:58.6415371Z running 6 tests
2026-09-22T23:19:58.6839718Z test legacy_identity_and_default_serialization_remain_unchanged ... ok
2026-09-22T23:19:58.7043453Z test previews_and_exhausted_creation_commands_are_atomic ... ok
2026-09-22T23:19:58.7073950Z test migration_adopts_old_counter_and_garrison_ids_before_cleanup ... ok
2026-09-22T23:19:58.7312339Z test an_agency_only_old_save_cannot_reapply_a_previous_wars_call_to_arms ... ok
2026-09-22T23:19:58.7470025Z test upgrading_a_save_seeds_identity_from_closed_history_and_persists_reservations ... ok
2026-09-22T23:19:58.8549185Z test immediate_redeclaration_cannot_inherit_previous_coalition_orders_or_deployed_force ... ok
2026-09-22T23:19:58.8549708Z 
2026-09-22T23:19:58.8550095Z test result: ok. 6 passed; 0 failed; 0 ignored; 0 measured; 0 filtered out; finished in 0.21s
2026-09-22T23:19:58.8550457Z 
2026-09-22T23:19:58.8604527Z [1m[92m     Running[0m tests\campaign_movement_audit.rs (target\release\deps\campaign_movement_audit-473a447eda2f6e18.exe)
2026-09-22T23:19:58.8722163Z 
2026-09-22T23:19:58.8722756Z running 1 test
2026-09-22T23:19:58.9612147Z test a_due_withdrawal_reaches_friendly_fallback_after_leaving_contested_origin ... ok
2026-09-22T23:19:58.9612939Z 
2026-09-22T23:19:58.9613307Z test result: ok. 1 passed; 0 failed; 0 ignored; 0 measured; 0 filtered out; finished in 0.09s
2026-09-22T23:19:58.9613712Z 
2026-09-22T23:19:58.9659070Z [1m[92m     Running[0m tests\campaign_operations.rs (target\release\deps\campaign_operations-02bb562ce8c7df5a.exe)
2026-09-22T23:19:58.9778769Z 
2026-09-22T23:19:58.9779401Z running 8 tests
2026-09-22T23:19:59.1801618Z test enrollment_only_migrates_existing_wars_even_after_day_zero_save ... ok
2026-09-22T23:19:59.2018399Z test empty_campaign_activation_does_not_teleport_the_first_new_deployment ... ok
2026-09-22T23:19:59.2246137Z test invalid_orders_are_atomic_and_default_legacy_saves_stay_unenrolled ... ok
2026-09-22T23:19:59.2305369Z test forecasts_are_pure_and_read_saved_observations_not_exact_enemy_inventories ... ok
2026-09-22T23:19:59.8252119Z test unsupported_missions_buy_no_capability_and_standoff_cannot_occupy_ground ... ok
2026-09-22T23:20:00.0189078Z test continuous_breakthrough_exhausts_more_cohesion_than_holding_and_orders_do_not_refresh_it ... ok
2026-09-22T23:20:00.0949159Z test changed_focus_moves_existing_cohorts_on_saved_dates_without_resetting_fatigue ... ok
2026-09-22T23:20:00.3530487Z test migration_and_two_wars_conserve_national_force_through_losses_and_transfers ... ok
2026-09-22T23:20:00.3531227Z 
2026-09-22T23:20:00.3531896Z test result: ok. 8 passed; 0 failed; 0 ignored; 0 measured; 0 filtered out; finished in 1.38s
2026-09-22T23:20:00.3532648Z 
2026-09-22T23:20:00.3598186Z [1m[92m     Running[0m tests\campaign_peace.rs (target\release\deps\campaign_peace-6b7c3aeb005ae933.exe)
2026-09-22T23:20:00.3714832Z 
2026-09-22T23:20:00.3715319Z running 8 tests
2026-09-22T23:20:00.4104736Z test cash_reparations_transfer_once_without_a_gdp_reward ... ok
2026-09-22T23:20:00.4183500Z test human_and_every_ally_must_consent_and_replaying_response_is_inert ... ok
2026-09-22T23:20:00.4184672Z test occupation_is_idempotent_and_does_not_award_inventory_or_ownership ... ok
2026-09-22T23:20:00.4189984Z test a_losing_ai_accepts_return_of_its_land_without_accepting_regime_change ... ok
2026-09-22T23:20:00.4286695Z test peace_tick_never_accepts_for_the_human ... ok
2026-09-22T23:20:00.4335613Z test unheld_or_duplicate_cession_and_invalid_garrison_cost_nothing ... ok
2026-09-22T23:20:00.4601795Z test old_rules_omit_operational_state_and_unknown_versions_are_refused ... ok
2026-09-22T23:20:00.4619693Z test proposal_cannot_outlive_changed_coalition_or_save_roundtrip ... ok
2026-09-22T23:20:00.4620267Z 
2026-09-22T23:20:00.4620676Z test result: ok. 8 passed; 0 failed; 0 ignored; 0 measured; 0 filtered out; finished in 0.09s
2026-09-22T23:20:00.4621043Z 
2026-09-22T23:20:00.4661113Z [1m[92m     Running[0m tests\campaign_peace_audit.rs (target\release\deps\campaign_peace_audit-142e62d729da9214.exe)
2026-09-22T23:20:00.4785193Z 
2026-09-22T23:20:00.4785803Z running 4 tests
2026-09-22T23:20:00.5192328Z test debt_free_closed_books_recipient_keeps_every_reparation_dollar ... ok
2026-09-22T23:20:00.5218301Z test occupation_belongs_to_its_actual_front_not_first_matching_war ... ok
2026-09-22T23:20:00.5250581Z test changing_the_principal_requires_fresh_terms_even_with_unchanged_coalitions ... ok
2026-09-22T23:20:00.5255213Z test changing_coalition_sides_requires_fresh_consent_even_with_same_nations ... ok
2026-09-22T23:20:00.5255884Z 
2026-09-22T23:20:00.5256503Z test result: ok. 4 passed; 0 failed; 0 ignored; 0 measured; 0 filtered out; finished in 0.05s
2026-09-22T23:20:00.5257169Z 
2026-09-22T23:20:00.5294913Z [1m[92m     Running[0m tests\campaign_population.rs (target\release\deps\campaign_population-ec498442b670a488.exe)
2026-09-22T23:20:00.5416576Z 
2026-09-22T23:20:00.5417316Z running 3 tests
2026-09-22T23:20:00.6352781Z test empty_military_staffing_blocks_replacements_without_posting_combat_deaths ... ok
2026-09-22T23:20:01.0007525Z test two_front_coalition_casualties_post_one_national_population_debit ... ok
2026-09-22T23:20:01.9564315Z test people_and_operational_war_replay_preserve_the_same_force_and_population_accounts ... ok
2026-09-22T23:20:01.9565088Z 
2026-09-22T23:20:01.9565684Z test result: ok. 3 passed; 0 failed; 0 ignored; 0 measured; 0 filtered out; finished in 1.41s
2026-09-22T23:20:01.9566366Z 
2026-09-22T23:20:01.9657747Z [1m[92m     Running[0m tests\capital_damage_audit.rs (target\release\deps\capital_damage_audit-2c8cc858dc29cf4a.exe)
2026-09-22T23:20:01.9782349Z 
2026-09-22T23:20:01.9783191Z running 5 tests
2026-09-22T23:20:01.9784074Z test capital_damage_audit ... ignored
2026-09-22T23:20:01.9784763Z test capital_shape_probe ... ignored
2026-09-22T23:20:01.9785819Z test china_floor_exposure ... ignored
2026-09-22T23:20:01.9786471Z test invest_share_trajectory ... ignored
2026-09-22T23:20:01.9787112Z test roster_safety_readout ... ignored
2026-09-22T23:20:01.9787496Z 
2026-09-22T23:20:01.9788093Z test result: ok. 0 passed; 0 failed; 5 ignored; 0 measured; 0 filtered out; finished in 0.00s
2026-09-22T23:20:01.9788694Z 
2026-09-22T23:20:01.9808970Z [1m[92m     Running[0m tests\companies_integration.rs (target\release\deps\companies_integration-dcb341da22068181.exe)
2026-09-22T23:20:01.9937145Z 
2026-09-22T23:20:01.9938703Z running 27 tests
2026-09-22T23:20:02.0712748Z test capitalization_waits_for_one_fiscal_posting_and_prepaid_money_is_not_charged_twice ... ok
2026-09-22T23:20:02.1046926Z test cash_limited_company_waits_then_real_capitalization_funds_resumable_work_in_progress ... ok
2026-09-22T23:20:02.1080395Z test changing_market_prices_after_input_purchase_cannot_reprice_work_or_vehicle_performance ... ok
2026-09-22T23:20:02.1128483Z test a_saved_fiscal_close_settles_its_company_receipt_before_new_year_authority_rolls_over ... ok
2026-09-22T23:20:02.1391371Z test company_enrollment_preserves_opening_raw_stock_and_accrues_procurement_for_reviewed_purchases ... ok
2026-09-22T23:20:02.1402180Z test company_work_cannot_create_missing_inputs_or_use_unsettled_sales_cash ... ok
2026-09-22T23:20:02.1693444Z test company_rights_share_the_existing_factory_and_preserve_paid_public_work ... ok
2026-09-22T23:20:02.1694743Z test development_tooling_and_finite_stock_are_distinct_paid_stages_without_public_equipment ... ok
2026-09-22T23:20:02.2349624Z test development_pause_partial_funding_cancellation_and_reload_retain_paid_work_exactly ... ok
2026-09-22T23:20:02.2558978Z test earlier_paid_public_aircraft_and_company_ground_work_use_separate_real_slots ... ok
2026-09-22T23:20:02.2561364Z test export_company_platform_qa_stages ... ignored, Writes synthetic ground and aircraft QA saves only when SPHERES_COMPANY_QA_DIR is explicitly set
2026-09-22T23:20:02.2564193Z test export_company_qa_stages ... ignored, Writes synthetic browser QA stage saves only when SPHERES_COMPANY_QA_DIR is explicitly set
2026-09-22T23:20:02.2671716Z test establishment_preserves_existing_owned_vehicles_paid_deliveries_and_public_contracts ... ok
2026-09-22T23:20:02.2880447Z test company_save_envelope_cannot_be_downgraded_or_silently_drop_corporate_property ... ok
2026-09-22T23:20:02.3564004Z test finite_stock_sale_is_atomic_stale_safe_and_fields_only_after_settled_delivery ... ok
2026-09-22T23:20:02.3889109Z test insufficient_purchase_authority_refuses_without_mutating_stock_receipts_or_the_funding_day ... ok
2026-09-22T23:20:02.3959601Z test inactive_company_readers_and_ticks_preserve_legacy_world_bytes ... ok
2026-09-22T23:20:02.4498444Z test extending_an_existing_tank_company_preserves_its_old_save_and_promotes_only_new_platforms ... ok
2026-09-22T23:20:02.4747755Z test mixed_ground_and_aircraft_work_share_one_company_slot_and_do_not_reserve_unsold_units_for_fleet_targets ... ok
2026-09-22T23:20:02.5029154Z test malformed_save_cannot_mint_uncertified_stock_or_duplicate_a_paid_delivery ... ok
2026-09-22T23:20:02.5159117Z test occupation_stops_work_and_holds_paid_transit_without_transferring_cash_or_designs ... ok
2026-09-22T23:20:02.6068698Z test pending_invoices_require_one_real_fiscal_payment_and_one_unsettled_purchase ... ok
2026-09-22T23:20:03.0486365Z test every_implemented_platform_uses_paid_company_stock_and_exact_owned_deliveries_without_ammunition ... ok
2026-09-22T23:20:03.1832322Z test saved_purchase_dates_cannot_skip_transit_or_claim_future_payment ... ok
2026-09-22T23:20:03.2487774Z test s03_company_adoption_preserves_unsettled_prior_year_capital ... ok
2026-09-22T23:20:03.3114663Z test s02_connected_economy_preserves_supplier_stock_receivables_and_party_identities ... ok
2026-09-22T23:20:05.9790997Z test s03_both_supplier_generations_keep_certification_stock_invoices_and_party_identity ... ok
2026-09-22T23:20:05.9792098Z 
2026-09-22T23:20:05.9792745Z test result: ok. 25 passed; 0 failed; 2 ignored; 0 measured; 0 filtered out; finished in 3.99s
2026-09-22T23:20:05.9793396Z 
2026-09-22T23:20:05.9861824Z [1m[92m     Running[0m tests\company_ammunition.rs (target\release\deps\company_ammunition-718693400d6e3184.exe)
2026-09-22T23:20:05.9976416Z 
2026-09-22T23:20:05.9977254Z running 14 tests
2026-09-22T23:20:06.0940914Z test company_liquidity_and_complete_inputs_bound_whole_rounds_without_public_fabrication_bills ... ok
2026-09-22T23:20:06.1674079Z test ammunition_purchases_protect_fleet_upkeep_and_settle_fresh_or_prepaid_authority_once ... ok
2026-09-22T23:20:06.1714937Z test export_company_ammunition_qa_stages ... ignored, Writes isolated synthetic browser stages only when SPHERES_COMPANY_AMMO_QA_DIR is explicitly set
2026-09-22T23:20:06.2048334Z test converted_reserves_keep_targets_and_prior_paid_batches_but_net_company_transit_and_stop_duplicate_public_orders ... ok
2026-09-22T23:20:06.2404903Z test in_transit_ammunition_pauses_outside_government_control_and_arrives_once_without_changing_activation ... ok
2026-09-22T23:20:06.2630368Z test market_changes_affect_only_later_purchased_inputs_and_the_weighted_available_shelf_price ... ok
2026-09-22T23:20:06.3061207Z test delivered_company_air_stores_feed_existing_sorties_and_remain_conserved_after_consumption_and_reload ... ok
2026-09-22T23:20:06.3596341Z test purchase_quantities_and_replayed_reviews_cannot_overdraw_stock_or_charge_twice ... ok
2026-09-22T23:20:06.3747730Z test one_contractor_shares_one_daily_work_packet_across_vehicle_development_and_ammunition_families ... ok
2026-09-22T23:20:06.8773381Z test old_company_save_versions_remain_exact_until_explicit_ammunition_supply ... ok
2026-09-22T23:20:07.2854758Z test saves_reject_fabricated_rounds_unmatched_supplier_receipts_and_duplicate_purchase_invoices ... ok
2026-09-22T23:20:07.7063245Z test all_twenty_three_families_require_company_inputs_and_cash_then_one_paid_delivery ... ok
2026-09-22T23:20:09.9262258Z test s05_paid_company_air_stores_survive_pending_save_then_feed_operational_strike ... ok
2026-09-22T23:20:10.1229232Z test s03_ammunition_property_keeps_pending_and_consumed_supplier_provenance ... ok
2026-09-22T23:20:10.1229983Z 
2026-09-22T23:20:10.1230635Z test result: ok. 13 passed; 0 failed; 1 ignored; 0 measured; 0 filtered out; finished in 4.13s
2026-09-22T23:20:10.1231295Z 
2026-09-22T23:20:10.1332531Z [1m[92m     Running[0m tests\company_refits.rs (target\release\deps\company_refits-bfcb94990507cb63.exe)
2026-09-22T23:20:10.1464421Z 
2026-09-22T23:20:10.1465035Z running 16 tests
2026-09-22T23:20:10.1467996Z test export_company_refit_qa_stages ... ignored, exports explicitly synthetic browser fixtures only when SPHERES_COMPANY_REFIT_QA_DIR is set
2026-09-22T23:20:10.3131749Z test company_refit_reservations_net_source_and_target_goals_exactly_once ... ok
2026-09-22T23:20:10.3483831Z test invalid_and_replayed_bookings_cannot_overreserve_or_charge_a_second_time ... ok
2026-09-22T23:20:10.4046510Z test occupation_pauses_real_work_and_cancellation_releases_only_untouched_government_property ... ok
2026-09-22T23:20:10.5012702Z test paid_public_refits_and_supplier_claims_share_source_units_without_releasing_each_others_reservations ... ok
2026-09-22T23:20:10.5157821Z test prior_year_service_refund_returns_cash_without_recreating_expired_or_current_authority ... ok
2026-09-22T23:20:10.6335806Z test reviewed_booking_reserves_real_units_without_new_stock_or_immediate_public_payment ... ok
2026-09-22T23:20:10.6920277Z test public_escrow_cannot_start_work_until_private_capital_exists_and_partial_cancel_keeps_labor_reserved ... ok
2026-09-22T23:20:12.1887453Z test old_supplier_books_remain_byte_exact_until_service_booking_and_native_claims_cannot_be_forged ... ok
2026-09-22T23:20:12.4804402Z test s06_actual_refit_escrow_and_refund_explain_cash_once_without_restoring_authority ... ok
2026-09-22T23:20:12.6117935Z test scarce_inputs_pause_atomically_and_market_changes_cannot_reprice_the_active_unit_or_fixed_fee ... ok
2026-09-22T23:20:12.9514732Z test service_advance_is_locked_until_return_and_fresh_or_prepaid_refund_posts_once ... ok
2026-09-22T23:20:13.0588681Z test the_same_factory_cannot_refit_make_ammunition_and_restock_vehicles_in_one_work_packet ... ok
2026-09-22T23:20:17.5726968Z test s03_combined_save_preserves_partial_cancel_refit_escrow_and_exact_reserved_sources ... ok
2026-09-22T23:20:20.5256280Z test s05_partial_refit_and_paid_building_continue_once_across_all_capability_adoption ... ok
2026-09-22T23:20:21.4300075Z test every_supported_platform_returns_the_exact_revision_preserving_current_age_and_no_ammunition ... ok
2026-09-22T23:20:21.4300593Z 
2026-09-22T23:20:21.4301013Z test result: ok. 15 passed; 0 failed; 1 ignored; 0 measured; 0 filtered out; finished in 11.28s
2026-09-22T23:20:21.4301416Z 
2026-09-22T23:20:21.4373721Z [1m[92m     Running[0m tests\daily.rs (target\release\deps\daily-046dff02faf75d64.exe)
2026-09-22T23:20:21.4494378Z 
2026-09-22T23:20:21.4494843Z running 7 tests
2026-09-22T23:20:21.4872966Z test daily_combat_and_diplomacy_progress_without_a_monthly_burst ... ok
2026-09-22T23:20:22.3472717Z test daily_command_timing_changes_real_outcomes ... ok
2026-09-22T23:20:22.9962243Z test daily_batch_is_the_same_dated_schedule_including_save_resume ... ok
2026-09-22T23:20:23.9826096Z test the_ai_buy_pass_asks_once_a_month_in_daily_play ... ok
2026-09-22T23:20:30.4539919Z test daily_ministries_and_province_accounts_close_and_resume_together ... ok
2026-09-22T23:20:32.2100798Z test daily_mode_survives_a_year_across_several_seeds ... ok
2026-09-22T23:20:39.4269184Z test a_year_of_dated_commands_replays_the_same_stepped_resumed_or_batched ... ok
2026-09-22T23:20:39.4269621Z 
2026-09-22T23:20:39.4270067Z test result: ok. 7 passed; 0 failed; 0 ignored; 0 measured; 0 filtered out; finished in 17.98s
2026-09-22T23:20:39.4270479Z 
2026-09-22T23:20:39.4328164Z [1m[92m     Running[0m tests\daily_balance.rs (target\release\deps\daily_balance-f5c8bffafdc9b696.exe)
2026-09-22T23:20:39.4437757Z 
2026-09-22T23:20:39.4438045Z running 11 tests
2026-09-22T23:20:39.4441540Z test daily_integrator_channel_probe ... ignored, dated calibration diagnosis; not a balance target or census
2026-09-22T23:20:39.4838466Z test focus_switch_and_repeated_tick_do_not_refresh_calendar_quota ... ok
2026-09-22T23:20:39.4921940Z test monthly_private_investment_pressure_keeps_the_original_arithmetic ... ok
2026-09-22T23:20:39.4939710Z test daily_research_never_pays_for_more_than_six_acquisitions_per_domain_per_month ... ok
2026-09-22T23:20:39.5043350Z test additive_private_investment_pressure_conserves_28_29_30_31_day_months ... ok
2026-09-22T23:20:39.5148468Z test monthly_research_keeps_old_loop_and_never_writes_a_quota ... ok
2026-09-22T23:20:39.5158086Z test older_midmonth_save_holds_slots_but_never_invents_acquisitions ... ok
2026-09-22T23:20:39.5341852Z test unpaid_future_and_rejected_prerequisite_gates_do_not_spend_quota ... ok
2026-09-22T23:20:39.6016028Z test actual_economy_settlement_uses_the_additive_pressure_fraction ... ok
2026-09-22T23:20:39.6082013Z test research_quota_resets_on_actual_months_including_leap_and_year_boundaries ... ok
2026-09-22T23:20:39.6622928Z test research_quota_survives_reload_and_daily_batching ... ok
2026-09-22T23:20:39.6623442Z 
2026-09-22T23:20:39.6624050Z test result: ok. 10 passed; 0 failed; 1 ignored; 0 measured; 0 filtered out; finished in 0.22s
2026-09-22T23:20:39.6624660Z 
2026-09-22T23:20:39.6666217Z [1m[92m     Running[0m tests\economic_ai_supply.rs (target\release\deps\economic_ai_supply-258d8355afd638ac.exe)
2026-09-22T23:20:39.6791056Z 
2026-09-22T23:20:39.6792004Z running 18 tests
2026-09-22T23:20:39.7738724Z test accepted_import_is_replanned_before_a_stale_processor_can_start ... ok
2026-09-22T23:20:39.7968332Z test cached_export_reserve_cannot_hide_a_stale_or_disabled_sale_policy ... ok
2026-09-22T23:20:39.8053783Z test a_partial_quote_accumulates_paid_startup_stock_before_machinery_is_eligible ... ok
2026-09-22T23:20:39.8093435Z test a_successful_domestic_materials_order_cannot_also_start_a_mine ... ok
2026-09-22T23:20:39.8209649Z test a_contract_signed_after_clearing_blocks_a_same_review_mine ... ok
2026-09-22T23:20:39.8252230Z test domestic_order_never_multiplies_one_day_of_raw_stock_into_a_monthly_promise ... ok
2026-09-22T23:20:39.8541336Z test closed_raw_market_can_start_one_mapped_mine_without_an_active_project ... ok
2026-09-22T23:20:39.8578548Z test domestic_stock_cover_prevents_an_order_import_or_processor ... ok
2026-09-22T23:20:39.8690196Z test export_policy_protects_one_review_tranche_not_the_entire_forecast ... ok
2026-09-22T23:20:39.8726299Z test forecast_nets_stock_imports_and_domestic_contracts_exactly_once ... ok
2026-09-22T23:20:39.8750078Z test import_wait_uses_the_same_gdp_cap_as_the_actual_purchase ... ok
2026-09-22T23:20:39.9065740Z test inherited_materials_places_one_finite_tranche_before_buying_abroad ... ok
2026-09-22T23:20:39.9253908Z test reachable_raw_trade_prevents_a_mine_even_while_paid_work_is_active ... ok
2026-09-22T23:20:39.9306028Z test player_and_default_paths_remain_byte_inert ... ok
2026-09-22T23:20:39.9388934Z test route_less_foreign_supply_creates_no_dead_contract_or_war_evidence_and_allows_a_mine ... ok
2026-09-22T23:20:39.9419106Z test ninety_day_forecast_counts_operating_use_three_times_and_no_construction_goods ... ok
2026-09-22T23:20:39.9954568Z test warehouse_requires_real_turnover_and_unsold_output_does_not_justify_one ... ok
2026-09-22T23:20:41.6174284Z test supply_actions_replay_through_freight_and_review_boundaries ... ok
2026-09-22T23:20:41.6174770Z 
2026-09-22T23:20:41.6175279Z test result: ok. 18 passed; 0 failed; 0 ignored; 0 measured; 0 filtered out; finished in 1.94s
2026-09-22T23:20:41.6175842Z 
2026-09-22T23:20:41.6236070Z [1m[92m     Running[0m tests\economic_competition.rs (target\release\deps\economic_competition-082e71faad32fc83.exe)
2026-09-22T23:20:41.6352898Z 
2026-09-22T23:20:41.6353479Z running 18 tests
2026-09-22T23:20:41.6911249Z test a_queued_warehouse_never_spawns_a_material_prerequisite ... ok
2026-09-22T23:20:41.7194761Z test actual_export_offer_allows_specialization_without_inventing_a_processor ... ok
2026-09-22T23:20:41.7233314Z test ai_sells_only_surplus_and_buys_real_goods_with_cash_not_free_inputs ... ok
2026-09-22T23:20:41.7285491Z test an_unaffordable_new_priority_cannot_prevent_free_annual_renewal ... ok
2026-09-22T23:20:41.7444535Z test a_loaded_warehouse_keeps_paid_work_and_resumes_without_material_prerequisites ... ok
2026-09-22T23:20:41.7446947Z test daily_construction_uses_budget_without_pc_or_materials_and_keeps_ownership_rules ... ok
2026-09-22T23:20:41.7584699Z test enrolled_fiscal_plans_are_not_silently_overwritten_by_legacy_ai ... ok
2026-09-22T23:20:41.7674685Z test export_policy_protects_commissioned_consumers_before_their_completion ... ok
2026-09-22T23:20:41.7765031Z test full_intermediate_storage_cannot_preempt_the_first_capital_goods_producer ... ok
2026-09-22T23:20:41.7839052Z test funding_horizon_exposes_micro_economy_delays_without_discounting_the_site ... ok
2026-09-22T23:20:41.7938772Z test january_stranded_cleanup_preserves_zero_cost_annual_renewal ... ok
2026-09-22T23:20:41.7970937Z test disabled_monthly_player_and_dead_paths_remain_byte_inert ... ok
2026-09-22T23:20:41.8034532Z test lost_province_project_is_cancelled_without_refund_then_replanned ... ok
2026-09-22T23:20:41.8212308Z test routine_goods_replenishment_defers_a_processor_until_the_trade_route_closes ... ok
2026-09-22T23:20:41.8301730Z test year_renewal_precedes_fiscal_adjustment_and_preserves_work ... ok
2026-09-22T23:20:42.1298784Z test viable_paid_work_is_nonzero_in_every_size_tier_and_every_mapped_country ... ok
2026-09-22T23:20:42.7045337Z test all_137_starting_countries_are_independently_eligible_not_a_rich_whitelist ... ok
2026-09-22T23:20:43.5054063Z test daily_competition_replays_across_save_resume_and_review_boundaries ... ok
2026-09-22T23:20:43.5054969Z 
2026-09-22T23:20:43.5055610Z test result: ok. 18 passed; 0 failed; 0 ignored; 0 measured; 0 filtered out; finished in 1.87s
2026-09-22T23:20:43.5056290Z 
2026-09-22T23:20:43.5111681Z [1m[92m     Running[0m tests\economic_sovereignty.rs (target\release\deps\economic_sovereignty-aa2bdbcc3cb801c7.exe)
2026-09-22T23:20:43.5221251Z 
2026-09-22T23:20:43.5221644Z running 9 tests
2026-09-22T23:20:43.5675450Z test a_voluntary_merger_cannot_hide_descendants_war_or_sanctions ... ok
2026-09-22T23:20:43.5678827Z test a_subject_cannot_join_the_opposing_coalition_against_its_sphere ... ok
2026-09-22T23:20:43.5768594Z test delivered_industrial_value_reaches_the_shared_dependency_and_compact_gate ... ok
2026-09-22T23:20:43.5780006Z test departure_is_available_when_poor_and_preserves_descendants ... ok
2026-09-22T23:20:43.5864594Z test consenting_compact_counts_control_without_transferring_output_or_provinces ... ok
2026-09-22T23:20:43.6041982Z test human_consent_and_affordability_cannot_be_bypassed ... ok
2026-09-22T23:20:43.6222827Z test compact_save_resume_and_default_off_are_exact ... ok
2026-09-22T23:20:43.6399699Z test economic_compact_requires_trust_protection_and_asymmetric_dependence ... ok
2026-09-22T23:20:44.0912392Z test neglected_compact_unravels_on_three_reviews_not_three_days ... ok
2026-09-22T23:20:44.0912828Z 
2026-09-22T23:20:44.0913201Z test result: ok. 9 passed; 0 failed; 0 ignored; 0 measured; 0 filtered out; finished in 0.57s
2026-09-22T23:20:44.0913589Z 
2026-09-22T23:20:44.0951499Z [1m[92m     Running[0m tests\economic_sphere_intervention.rs (target\release\deps\economic_sphere_intervention-a51554c9b093195c.exe)
2026-09-22T23:20:44.1067866Z 
2026-09-22T23:20:44.1068536Z running 3 tests
2026-09-22T23:20:44.1417177Z test joining_alongside_a_sphere_member_is_still_allowed ... ok
2026-09-22T23:20:44.1419887Z test spontaneous_intervention_cannot_oppose_a_later_joining_sphere_member ... ok
2026-09-22T23:20:44.1491660Z test a_guarantee_cannot_oppose_any_member_of_its_sphere_or_roll_loyalty ... ok
2026-09-22T23:20:44.1492373Z 
2026-09-22T23:20:44.1492973Z test result: ok. 3 passed; 0 failed; 0 ignored; 0 measured; 0 filtered out; finished in 0.04s
2026-09-22T23:20:44.1493621Z 
2026-09-22T23:20:44.1531660Z [1m[92m     Running[0m tests\endowment_channel_probe.rs (target\release\deps\endowment_channel_probe-5787ad00f06f1e38.exe)
2026-09-22T23:20:44.1651508Z 
2026-09-22T23:20:44.1652538Z running 1 test
2026-09-22T23:20:44.1653157Z test endowment_channel_probe ... ignored
2026-09-22T23:20:44.1653408Z 
2026-09-22T23:20:44.1653794Z test result: ok. 0 passed; 0 failed; 1 ignored; 0 measured; 0 filtered out; finished in 0.00s
2026-09-22T23:20:44.1654184Z 
2026-09-22T23:20:44.1673184Z [1m[92m     Running[0m tests\endowment_margin_probe.rs (target\release\deps\endowment_margin_probe-08e5890bd20a1e5d.exe)
2026-09-22T23:20:44.1791175Z 
2026-09-22T23:20:44.1791938Z running 1 test
2026-09-22T23:20:44.1792548Z test endowment_margin_probe ... ignored
2026-09-22T23:20:44.1793303Z 
2026-09-22T23:20:44.1793992Z test result: ok. 0 passed; 0 failed; 1 ignored; 0 measured; 0 filtered out; finished in 0.00s
2026-09-22T23:20:44.1794634Z 
2026-09-22T23:20:44.1814313Z [1m[92m     Running[0m tests\equipment_integration.rs (target\release\deps\equipment_integration-ac546695cc2bbf18.exe)
2026-09-22T23:20:44.1931982Z 
2026-09-22T23:20:44.1932551Z running 12 tests
2026-09-22T23:20:44.2326501Z test custom_delivery_waits_and_never_merges_into_the_legacy_base_kit ... ok
2026-09-22T23:20:44.2331116Z test custom_and_legacy_procurement_share_residual_prepaid_authority_once ... ok
2026-09-22T23:20:44.2332392Z test custom_production_and_legacy_manufacturing_share_one_site_capacity ... ok
2026-09-22T23:20:44.2333952Z test custom_price_changes_book_value_but_not_combat_and_components_only_change_land ... ok
2026-09-22T23:20:44.2339257Z test legacy_inventory_serialization_and_fractional_loss_remain_exact ... ok
2026-09-22T23:20:44.2422827Z test development_switches_only_on_next_funding_day_and_pays_only_delivered_work ... ok
2026-09-22T23:20:44.2444183Z test fractional_custom_attrition_carries_until_one_whole_vehicle_is_lost ... ok
2026-09-22T23:20:44.2445520Z test extreme_activation_split_cannot_multiply_force_beyond_the_legacy_maximum ... ok
2026-09-22T23:20:44.2454882Z test mapped_hardware_discovery_does_not_upgrade_unmodified_custom_stock ... ok
2026-09-22T23:20:44.2502907Z test refits_reserve_once_preserve_current_age_and_exclude_battlefield_losses ... ok
2026-09-22T23:20:44.2540318Z test upkeep_allocates_existing_service_spending_and_reduces_legacy_refill ... ok
2026-09-22T23:20:44.2541626Z test zero_maintenance_funding_removes_custom_readiness_without_an_extra_charge ... ok
2026-09-22T23:20:44.2542183Z 
2026-09-22T23:20:44.2542757Z test result: ok. 12 passed; 0 failed; 0 ignored; 0 measured; 0 filtered out; finished in 0.06s
2026-09-22T23:20:44.2543397Z 
2026-09-22T23:20:44.2581837Z [1m[92m     Running[0m tests\equipment_supply_automation.rs (target\release\deps\equipment_supply_automation-141e6c002e5f0225.exe)
2026-09-22T23:20:44.2700421Z 
2026-09-22T23:20:44.2701074Z running 6 tests
2026-09-22T23:20:44.4791781Z test an_unbuilt_fleet_target_is_not_a_material_purchase_contract ... ok
2026-09-22T23:20:44.5270906Z test paid_late_cargo_reduces_need_and_policy_edit_or_clear_keeps_its_history ... ok
2026-09-22T23:20:44.6251602Z test absent_and_disabled_policies_keep_the_daily_economy_identical ... ok
2026-09-22T23:20:44.6754317Z test cash_blocked_reviews_wait_the_interval_and_overdue_reviews_do_not_catch_up ... ok
2026-09-22T23:20:44.7060959Z test prospective_purchase_uses_only_cash_above_the_floor_after_fiscal_settlement ... ok
2026-09-22T23:20:44.9089189Z test weekly_reviews_and_save_resume_preserve_one_cap_per_due_date ... ok
2026-09-22T23:20:44.9089686Z 
2026-09-22T23:20:44.9090088Z test result: ok. 6 passed; 0 failed; 0 ignored; 0 measured; 0 filtered out; finished in 0.64s
2026-09-22T23:20:44.9090494Z 
2026-09-22T23:20:44.9164252Z [1m[92m     Running[0m tests\ground_equipment_integration.rs (target\release\deps\ground_equipment_integration-ef8c65bd07556a8a.exe)
2026-09-22T23:20:44.9279403Z 
2026-09-22T23:20:44.9279947Z running 5 tests
2026-09-22T23:20:44.9880777Z test every_family_has_a_complete_compatible_starter_and_rejects_foreign_mission_hardware ... ok
2026-09-22T23:20:45.0040252Z test component_research_follows_branches_and_never_retrofits_frozen_stock ... ok
2026-09-22T23:20:45.0169716Z test specialist_stock_and_shared_deployments_continue_identically_after_reload ... ok
2026-09-22T23:20:45.0240231Z test specialists_need_fielded_supported_inventory_and_cannot_create_strategic_lift ... ok
2026-09-22T23:20:45.0269690Z test old_tank_versions_keep_their_serialized_profiles_when_the_library_is_upgraded ... ok
2026-09-22T23:20:45.0270321Z 
2026-09-22T23:20:45.0270992Z test result: ok. 5 passed; 0 failed; 0 ignored; 0 measured; 0 filtered out; finished in 0.10s
2026-09-22T23:20:45.0271627Z 
2026-09-22T23:20:45.0310255Z [1m[92m     Running[0m tests\growth_decomposition.rs (target\release\deps\growth_decomposition-629e676c76d1f933.exe)
2026-09-22T23:20:45.0425989Z 
2026-09-22T23:20:45.0426760Z running 20 tests
2026-09-22T23:20:45.0427361Z test china_seeds ... ignored
2026-09-22T23:20:45.0427846Z test decade_shape ... ignored
2026-09-22T23:20:45.0428395Z test demand_gap_readout ... ignored
2026-09-22T23:20:45.0428967Z test developing_decomposition ... ignored
2026-09-22T23:20:45.0429540Z test developing_panel ... ignored
2026-09-22T23:20:45.0430157Z test frontier_readout ... ignored
2026-09-22T23:20:45.0430670Z test growth_decomposition ... ignored
2026-09-22T23:20:45.0431224Z test gulf_war_wide_scan ... ignored
2026-09-22T23:20:45.0431797Z test mature_panel ... ignored
2026-09-22T23:20:45.0432211Z test mature_panel_wide ... ignored
2026-09-22T23:20:45.0432593Z test mature_sanction_exposure ... ignored
2026-09-22T23:20:45.0433272Z test money_works_reach ... ignored
2026-09-22T23:20:45.0433693Z test off_equation_output ... ignored
2026-09-22T23:20:45.0434639Z test oil_effect_readout ... ignored
2026-09-22T23:20:45.0435034Z test old_save_is_not_paid_twice ... ignored
2026-09-22T23:20:45.0435467Z test peak_sustained_growth ... ignored
2026-09-22T23:20:45.0435838Z test run_hot_readout ... ignored
2026-09-22T23:20:45.0436188Z test trade_pact_churn ... ignored
2026-09-22T23:20:45.0436571Z test transition_decomposition ... ignored
2026-09-22T23:20:45.0436944Z test transition_trajectory ... ignored
2026-09-22T23:20:45.0437167Z 
2026-09-22T23:20:45.0437514Z test result: ok. 0 passed; 0 failed; 20 ignored; 0 measured; 0 filtered out; finished in 0.00s
2026-09-22T23:20:45.0437902Z 
2026-09-22T23:20:45.0452183Z [1m[92m     Running[0m tests\industry_planning.rs (target\release\deps\industry_planning-e4c873d1b77333c7.exe)
2026-09-22T23:20:45.0563696Z 
2026-09-22T23:20:45.0564089Z running 13 tests
2026-09-22T23:20:45.0972974Z test a_factory_on_another_owned_province_is_not_invisible ... ok
2026-09-22T23:20:45.0975854Z test a_full_unsold_stockpile_does_not_commission_a_warehouse ... ok
2026-09-22T23:20:45.0977005Z test existing_empty_estates_do_not_all_receive_grids_before_a_useful_factory ... ok
2026-09-22T23:20:45.1095970Z test fresh_input_blockers_call_for_supply_not_duplicate_factories_and_expire ... ok
2026-09-22T23:20:45.1101756Z test all_starting_country_gdp_estimates_remain_uninvented_factory_assets ... ok
2026-09-22T23:20:45.1142109Z test existing_fractional_grid_and_processor_are_not_bought_again ... ok
2026-09-22T23:20:45.1179102Z test ownership_changes_reassociate_assets_but_not_foreign_sponsored_work ... ok
2026-09-22T23:20:45.1206841Z test pending_lines_and_automation_count_once_not_as_missing_capacity ... ok
2026-09-22T23:20:45.1223920Z test player_can_override_capacity_advice_without_free_or_instant_factories ... ok
2026-09-22T23:20:45.1258670Z test queued_fractional_workshop_reserves_every_component_without_free_output ... ok
2026-09-22T23:20:45.1292947Z test real_demand_can_expand_but_stock_or_inbound_supply_defers_it ... ok
2026-09-22T23:20:45.1391743Z test exports_use_delivery_dates_and_goods_not_promises_or_high_prices ... ok
2026-09-22T23:20:45.1432169Z test repeated_reviews_do_not_stack_producers_behind_unsold_goods ... ok
2026-09-22T23:20:45.1432787Z 
2026-09-22T23:20:45.1433421Z test result: ok. 13 passed; 0 failed; 0 ignored; 0 measured; 0 filtered out; finished in 0.09s
2026-09-22T23:20:45.1434046Z 
2026-09-22T23:20:45.1474154Z [1m[92m     Running[0m tests\materials.rs (target\release\deps\materials-7542369213753161.exe)
2026-09-22T23:20:45.1609863Z 
2026-09-22T23:20:45.1610772Z running 17 tests
2026-09-22T23:20:45.2456144Z test department_cap_and_id_exhaustion_are_finite_and_zero_authority_is_atomic ... ok
2026-09-22T23:20:45.2479831Z test contracts_request_real_grid_and_generation_in_the_shared_investment_plan ... ok
2026-09-22T23:20:45.2670977Z test expired_cancelled_lost_provinces_and_full_storage_never_spend_or_transfer_orders ... ok
2026-09-22T23:20:45.2884636Z test funded_factories_and_contracts_share_exact_same_generation_grid_and_cash ... ok
2026-09-22T23:20:45.3089963Z test manual_ingredients_are_reserved_against_surplus_sales_not_bought ... ok
2026-09-22T23:20:45.3533960Z test materials_forecast_does_not_issue_automatic_raw_purchases_in_actual_spot_clearing ... ok
2026-09-22T23:20:45.3744684Z test missing_component_spends_nothing_and_does_not_grant_free_goods ... ok
2026-09-22T23:20:45.4124915Z test bad_quantities_durations_identity_and_capacity_refuse_without_mutation ... ok
2026-09-22T23:20:45.4166124Z test orders_without_any_power_assets_still_expire_and_history_pruning_keeps_receipts ... ok
2026-09-22T23:20:45.4370249Z test pending_quantity_tracks_current_physical_capacity_after_efficiency_changes ... ok
2026-09-22T23:20:45.4563346Z test resource_forecast_does_not_increase_initial_stockpile_cover ... ok
2026-09-22T23:20:45.4615440Z test paid_delivery_conserves_inputs_operating_authority_and_exact_finite_quantity ... ok
2026-09-22T23:20:45.4718137Z test all_137_countries_have_honest_capacity_quotes_without_reseeding_or_free_inventory ... ok
2026-09-22T23:20:45.4833324Z test tiny_country_fractional_delivery_is_finite_and_below_its_provincial_capacity ... ok
2026-09-22T23:20:45.5268266Z test unactivated_default_and_new_campaign_are_inert_and_quotes_are_pure ... ok
2026-09-22T23:20:45.6239709Z test full_daily_player_materials_order_never_signs_or_funds_automatic_raw_imports ... ok
2026-09-22T23:20:45.7615288Z test save_resume_and_readonly_snapshots_preserve_daily_deliveries_and_reservations ... ok
2026-09-22T23:20:45.7616594Z 
2026-09-22T23:20:45.7617146Z test result: ok. 17 passed; 0 failed; 0 ignored; 0 measured; 0 filtered out; finished in 0.60s
2026-09-22T23:20:45.7617829Z 
2026-09-22T23:20:45.7686007Z [1m[92m     Running[0m tests\materials_accounting.rs (target\release\deps\materials_accounting-fb614cfb896eb60a.exe)
2026-09-22T23:20:45.7819339Z 
2026-09-22T23:20:45.7820258Z running 8 tests
2026-09-22T23:20:45.8503054Z test explicit_materials_do_not_remove_background_from_macro_growth ... ok
2026-09-22T23:20:45.8628618Z test legacy_absence_stays_byte_inert_and_new_coverage_validates ... ok
2026-09-22T23:20:45.8768591Z test low_book_value_transfer_reconciles_individual_observation_and_background_view ... ok
2026-09-22T23:20:45.8904855Z test paid_conversion_and_generation_conserve_intermediate_value_once ... ok
2026-09-22T23:20:45.9480202Z test unused_or_underutilized_reservation_does_not_mint_gdp_or_erase_background ... ok
2026-09-22T23:20:45.9658127Z test territorial_transfer_moves_observation_without_a_new_award_or_stale_national_claim ... ok
2026-09-22T23:20:46.0383340Z test real_order_paused_resumed_and_cancelled_uses_same_accounting_without_legacy_drag ... ok
2026-09-22T23:20:46.2530216Z test full_throughput_replaces_only_spare_capacity_rate_and_never_accumulates ... ok
2026-09-22T23:20:46.2531105Z 
2026-09-22T23:20:46.2531942Z test result: ok. 8 passed; 0 failed; 0 ignored; 0 measured; 0 filtered out; finished in 0.47s
2026-09-22T23:20:46.2533013Z 
2026-09-22T23:20:46.2594909Z [1m[92m     Running[0m tests\materials_ai_bootstrap.rs (target\release\deps\materials_ai_bootstrap-c7a5d64e3484e40c.exe)
2026-09-22T23:20:46.2746994Z 
2026-09-22T23:20:46.2747846Z running 12 tests
2026-09-22T23:20:46.3390144Z test a_preexisting_export_offer_protects_the_new_machine_startup_lot_immediately ... ok
2026-09-22T23:20:46.3392807Z test a_queued_machine_needs_only_the_net_seven_pack_operating_startup_topup ... ok
2026-09-22T23:20:46.3659014Z test a_first_machine_can_source_a_bounded_lot_without_inventing_commerce_demand ... ok
2026-09-22T23:20:46.3663670Z test an_existing_valid_startup_order_covers_one_first_machine_without_becoming_stock ... ok
2026-09-22T23:20:46.3918225Z test bootstrap_keeps_enough_political_capital_for_both_commands_and_the_ai_reserve ... ok
2026-09-22T23:20:46.3929114Z test absent_power_grid_or_inputs_never_turns_inherited_estimates_into_a_supply_promise ... ok
2026-09-22T23:20:46.3999416Z test bootstrap_requires_the_whole_raw_lot_not_just_one_feasible_day ... ok
2026-09-22T23:20:46.4263249Z test empty_daily_authority_keeps_the_machine_target_but_places_neither_half_of_the_pair ... ok
2026-09-22T23:20:46.4903102Z test player_and_fractional_specialist_do_not_get_an_ai_first_machine_imposed ... ok
2026-09-22T23:20:46.5296407Z test the_review_pairs_the_order_with_one_machine_not_a_duplicate_processor_or_import ... ok
2026-09-22T23:20:46.7385532Z test cancelled_or_expired_partial_orders_are_topped_up_only_for_the_missing_startup_packs ... ok
2026-09-22T23:20:46.8537969Z test ai_order_delivers_exactly_fifteen_paid_packs_with_save_continuity ... ok
2026-09-22T23:20:46.8538405Z 
2026-09-22T23:20:46.8538793Z test result: ok. 12 passed; 0 failed; 0 ignored; 0 measured; 0 filtered out; finished in 0.58s
2026-09-22T23:20:46.8539181Z 
2026-09-22T23:20:46.8611544Z [1m[92m     Running[0m tests\materials_ai_timing.rs (target\release\deps\materials_ai_timing-6a9e6e113e85f554.exe)
2026-09-22T23:20:46.8727946Z 
2026-09-22T23:20:46.8728609Z running 5 tests
2026-09-22T23:20:46.9355217Z test a_future_order_cannot_run_when_a_caller_reenters_industry_on_the_signing_date ... ok
2026-09-22T23:20:46.9504540Z test default_world_and_unactivated_inherited_estimates_remain_exactly_inert ... ok
2026-09-22T23:20:47.0637001Z test the_materials_settlement_marker_also_defers_a_later_order_and_old_saves_keep_dates ... ok
2026-09-22T23:20:47.6879978Z test a_player_order_before_settlement_keeps_today_as_its_first_service_date ... ok
2026-09-22T23:20:48.2217936Z test ai_signing_after_industry_gets_thirty_future_paid_service_dates ... ok
2026-09-22T23:20:48.2218355Z 
2026-09-22T23:20:48.2218744Z test result: ok. 5 passed; 0 failed; 0 ignored; 0 measured; 0 filtered out; finished in 1.35s
2026-09-22T23:20:48.2219136Z 
2026-09-22T23:20:48.2261919Z [1m[92m     Running[0m tests\materials_ai_warehouse.rs (target\release\deps\materials_ai_warehouse-c9108e5cd24b7e79.exe)
2026-09-22T23:20:48.2379336Z 
2026-09-22T23:20:48.2379965Z running 2 tests
2026-09-22T23:20:48.2882456Z test a_queued_warehouse_preserves_existing_material_orders_without_buying_prerequisites ... ok
2026-09-22T23:20:48.3158836Z test a_reachable_capital_supplier_does_not_trigger_imports_for_warehouse_construction ... ok
2026-09-22T23:20:48.3159317Z 
2026-09-22T23:20:48.3159681Z test result: ok. 2 passed; 0 failed; 0 ignored; 0 measured; 0 filtered out; finished in 0.08s
2026-09-22T23:20:48.3160077Z 
2026-09-22T23:20:48.3218764Z [1m[92m     Running[0m tests\materials_planning.rs (target\release\deps\materials_planning-9575b7a193c94cc8.exe)
2026-09-22T23:20:48.3332338Z 
2026-09-22T23:20:48.3332805Z running 4 tests
2026-09-22T23:20:48.3903205Z test ai_does_not_order_unsupplied_or_unpowered_inherited_capacity ... ok
2026-09-22T23:20:48.3915223Z test cancelled_and_lost_province_contracts_do_not_mask_future_shortages ... ok
2026-09-22T23:20:48.4120116Z test ai_orders_a_feasible_finite_quantity_then_accounts_for_its_existing_order ... ok
2026-09-22T23:20:48.4130872Z test finite_domestic_orders_cover_demand_without_becoming_factories_stock_or_imports ... ok
2026-09-22T23:20:48.4131511Z 
2026-09-22T23:20:48.4132150Z test result: ok. 4 passed; 0 failed; 0 ignored; 0 measured; 0 filtered out; finished in 0.08s
2026-09-22T23:20:48.4132784Z 
2026-09-22T23:20:48.4169088Z [1m[92m     Running[0m tests\military_operations.rs (target\release\deps\military_operations-3be011ef17d1ac6b.exe)
2026-09-22T23:20:48.4286711Z 
2026-09-22T23:20:48.4287511Z running 9 tests
2026-09-22T23:20:48.4818855Z test battlefield_material_losses_consume_inventory_but_not_pending_orders ... ok
2026-09-22T23:20:48.4823769Z test all_theatres_use_one_opening_force_and_equipment_snapshot ... ok
2026-09-22T23:20:48.4912529Z test controller_handles_contested_recaptured_and_conflicting_fronts ... ok
2026-09-22T23:20:48.4944741Z test a_zero_deployment_ally_loses_no_force_or_equipment_in_either_cadence ... ok
2026-09-22T23:20:48.5031377Z test equal_equipment_value_cannot_substitute_ships_for_land_capability ... ok
2026-09-22T23:20:48.5041793Z test occupation_stops_an_arms_line_and_recapture_resumes_without_transfer ... ok
2026-09-22T23:20:48.5118079Z test simultaneous_home_conflicts_cannot_duplicate_the_national_army ... ok
2026-09-22T23:20:48.5171210Z test an_overseas_ceiling_is_shared_and_player_allocation_releases_reserves ... ok
2026-09-22T23:20:48.7037871Z test daily_batched_and_saved_schedules_replay_identically ... ok
2026-09-22T23:20:48.7038259Z 
2026-09-22T23:20:48.7038618Z test result: ok. 9 passed; 0 failed; 0 ignored; 0 measured; 0 filtered out; finished in 0.28s
2026-09-22T23:20:48.7039019Z 
2026-09-22T23:20:48.7080414Z [1m[92m     Running[0m tests\ministries.rs (target\release\deps\ministries-86a7bdfab248a83f.exe)
2026-09-22T23:20:48.7195468Z 
2026-09-22T23:20:48.7196514Z running 19 tests
2026-09-22T23:20:48.7861134Z test diplomacy_keeps_the_shield_and_nothing_else_in_the_economy ... ok
2026-09-22T23:20:48.7945567Z test a_stability_arm_is_the_integrators_own_fixed_point ... ok
2026-09-22T23:20:48.8192345Z test education_owns_the_research_multiplier ... ok
2026-09-22T23:20:48.8193250Z test defense_has_no_gap_arm_at_all ... ok
2026-09-22T23:20:48.8409497Z test health_buys_births_in_peace_and_nothing_else ... ok
2026-09-22T23:20:48.8426118Z test health_returns_the_wounded_only_in_war ... ok
2026-09-22T23:20:48.8613388Z test housing_buys_births_and_contentment_and_not_demand ... ok
2026-09-22T23:20:48.8660125Z test industry_refills_the_magazines ... ok
2026-09-22T23:20:48.8709205Z test infrastructure_raises_the_ground_but_never_oil ... ok
2026-09-22T23:20:48.8887159Z test pensions_own_the_labour_force_and_the_standing_ceiling ... ok
2026-09-22T23:20:48.8909772Z test science_buys_reach_and_not_a_bigger_bank ... ok
2026-09-22T23:20:48.8964268Z test the_counterintel_arm_carries_the_exposure_ceiling ... ok
2026-09-22T23:20:48.9226707Z test security_alone_suppresses_separatism_and_only_upward ... ok
2026-09-22T23:20:49.0471765Z test the_ministry_map_is_exactly_this ... ok
2026-09-22T23:20:49.0598256Z test the_pensions_standing_arm_dies_with_the_ceiling ... ok
2026-09-22T23:20:49.0721789Z test the_infrastructure_stock_is_built_and_lost_over_years ... ok
2026-09-22T23:20:49.1157934Z test the_science_arm_is_the_capacity_the_sim_reaches ... ok
2026-09-22T23:20:49.1160819Z test the_enacted_ministry_map_is_exactly_this ... ok
2026-09-22T23:20:49.5686855Z test a_funded_foreign_service_catches_more_spies ... ok
2026-09-22T23:20:49.5687190Z 
2026-09-22T23:20:49.5687600Z test result: ok. 19 passed; 0 failed; 0 ignored; 0 measured; 0 filtered out; finished in 0.85s
2026-09-22T23:20:49.5688010Z 
2026-09-22T23:20:49.5727567Z [1m[92m     Running[0m tests\research.rs (target\release\deps\research-3dcb0c639dc4f552.exe)
2026-09-22T23:20:49.5849528Z 
2026-09-22T23:20:49.5850174Z running 10 tests
2026-09-22T23:20:49.6232276Z test an_allocation_is_priced_like_the_preset ... ok
2026-09-22T23:20:49.6239586Z test an_allocation_of_none_reads_the_computed_weights ... ok
2026-09-22T23:20:49.6240398Z test a_dormant_arm_is_exactly_one ... ok
2026-09-22T23:20:49.6337301Z test an_unnormalisable_allocation_is_refused ... ok
2026-09-22T23:20:49.6338395Z test overflowing_unsanitized_research_shares_cannot_zero_the_budget ... ok
2026-09-22T23:20:49.6444393Z test the_default_board_serializes_no_allocation ... ok
2026-09-22T23:20:49.6545810Z test the_served_weights_are_the_spent_weights ... ok
2026-09-22T23:20:49.6640803Z test overflowing_saved_research_shares_fall_back_to_real_spending ... ok
2026-09-22T23:20:49.9464374Z test a_max_concentration_allocation_does_not_flood_past_the_cap ... ok
2026-09-22T23:20:50.4108274Z test the_decomposition_is_the_old_scalar_bit_for_bit ... ok
2026-09-22T23:20:50.4108637Z 
2026-09-22T23:20:50.4109084Z test result: ok. 10 passed; 0 failed; 0 ignored; 0 measured; 0 filtered out; finished in 0.83s
2026-09-22T23:20:50.4109451Z 
2026-09-22T23:20:50.4148298Z [1m[92m     Running[0m tests\research_centers.rs (target\release\deps\research_centers-cb778a5d25648404.exe)
2026-09-22T23:20:50.4264436Z 
2026-09-22T23:20:50.4265189Z running 15 tests
2026-09-22T23:20:50.4660336Z test contested_laboratory_cannot_spend_even_with_legal_ownership ... ok
2026-09-22T23:20:50.4689675Z test acquired_robotics_opens_the_existing_industrial_upgrade_gate ... ok
2026-09-22T23:20:50.4719406Z test completed_center_has_a_paid_price_side_effect_not_a_research_multiplier ... ok
2026-09-22T23:20:50.4743705Z test captured_building_uses_new_owners_budget_but_never_steals_credits ... ok
2026-09-22T23:20:50.4773529Z test defeated_owner_has_no_operating_center_or_inheritable_science_credit ... ok
2026-09-22T23:20:50.4873340Z test many_centers_share_effort_and_stop_at_the_useful_remaining_bill ... ok
2026-09-22T23:20:50.4925666Z test gdp_discloses_actual_service_but_never_values_credit_as_output ... ok
2026-09-22T23:20:50.5034653Z test quote_and_real_research_charge_use_the_same_credit ... ok
2026-09-22T23:20:50.5058173Z test finite_partial_work_for_small_and_large_nations_and_no_shortage_hiding ... ok
2026-09-22T23:20:50.5138983Z test target_switch_keeps_credit_on_its_original_technology ... ok
2026-09-22T23:20:50.5196832Z test default_and_monthly_paths_are_byte_inert_even_with_completed_labs ... ok
2026-09-22T23:20:50.5306425Z test prototype_credits_save_stable_technology_ids_and_never_reassign_retired_ids ... ok
2026-09-22T23:20:50.5441420Z test unavailable_research_inputs_pause_without_partial_charges ... ok
2026-09-22T23:20:50.5584971Z test unfinished_centers_and_absent_or_ineligible_focus_never_buy_work ... ok
2026-09-22T23:20:50.5835167Z test save_resume_and_repeated_reads_or_ticks_do_not_duplicate_work ... ok
2026-09-22T23:20:50.5835551Z 
2026-09-22T23:20:50.5835895Z test result: ok. 15 passed; 0 failed; 0 ignored; 0 measured; 0 filtered out; finished in 0.16s
2026-09-22T23:20:50.5836259Z 
2026-09-22T23:20:50.5876767Z [1m[92m     Running[0m tests\s02_entitlements.rs (target\release\deps\s02_entitlements-d1454834974e4cad.exe)
2026-09-22T23:20:50.5992983Z 
2026-09-22T23:20:50.5993464Z running 1 test
2026-09-22T23:20:52.8530466Z test adoption_and_reload_keep_paid_deliveries_and_three_existing_factory_entitlements ... ok
2026-09-22T23:20:52.8530906Z 
2026-09-22T23:20:52.8531255Z test result: ok. 1 passed; 0 failed; 0 ignored; 0 measured; 0 filtered out; finished in 2.25s
2026-09-22T23:20:52.8531599Z 
2026-09-22T23:20:52.8578986Z [1m[92m     Running[0m tests\s02_fiscal.rs (target\release\deps\s02_fiscal-c488d0b085e58979.exe)
2026-09-22T23:20:52.8698871Z 
2026-09-22T23:20:52.8699382Z running 13 tests
2026-09-22T23:20:52.9162847Z test s02_default_fiscal_methods_are_serialization_inert ... ok
2026-09-22T23:20:52.9176183Z test s02_dissolved_government_retains_valid_history_without_reopening_its_books ... ok
2026-09-22T23:20:52.9220890Z test s02_construction_and_company_capital_share_one_public_bill ... ok
2026-09-22T23:20:52.9272295Z test s02_cash_deficits_remain_payable_during_grace_and_unused_authority_is_not_a_saving ... ok
2026-09-22T23:20:52.9337562Z test s02_enrollment_preserves_existing_stocks_and_creates_no_reserve ... ok
2026-09-22T23:20:52.9411037Z test s02_partial_months_and_calendar_jumps_do_not_invent_paid_years ... ok
2026-09-22T23:20:52.9518795Z test s02_fiscal_save_validation_is_pure_and_refuses_corrupt_or_future_receipts ... ok
2026-09-22T23:20:52.9994733Z test s02_pending_ordinary_receipt_and_partial_year_continue_deterministically ... ok
2026-09-22T23:20:53.0053822Z test s02_negative_real_interest_is_observed_and_reloaded_without_repricing ... ok
2026-09-22T23:20:53.0142151Z test s02_receipt_and_final_cash_are_observed_once ... ok
2026-09-22T23:20:53.0187407Z test s02_recurring_cash_obligations_are_not_the_same_as_one_completed_purchase ... ok
2026-09-22T23:20:53.1005783Z test s02_pending_company_payment_and_fiscal_close_survive_reload_exactly ... ok
2026-09-22T23:20:53.1212636Z test s02_late_first_program_enrollment_preserves_the_paid_ordinary_bill_and_resumes ... ok
2026-09-22T23:20:53.1213080Z 
2026-09-22T23:20:53.1213439Z test result: ok. 13 passed; 0 failed; 0 ignored; 0 measured; 0 filtered out; finished in 0.25s
2026-09-22T23:20:53.1213815Z 
2026-09-22T23:20:53.1257555Z [1m[92m     Running[0m tests\s02_industry.rs (target\release\deps\s02_industry-3689c05876f8a915.exe)
2026-09-22T23:20:53.1374285Z 
2026-09-22T23:20:53.1374760Z running 11 tests
2026-09-22T23:20:53.1911763Z test appended_catalogue_preserves_all_legacy_keys_and_default_inertia ... ok
2026-09-22T23:20:53.2288891Z test all_sixteen_construction_contracts_are_financial_only_even_for_tonga ... ok
2026-09-22T23:20:53.2322806Z test dock_without_operating_inputs_cannot_spend_or_order_even_with_equipment_raw_inputs ... ok
2026-09-22T23:20:53.2453647Z test missing_rare_earths_never_consumes_an_incomplete_operating_bundle ... ok
2026-09-22T23:20:53.2612736Z test commissioned_operations_consume_real_complete_bundles_once_and_survive_save ... ok
2026-09-22T23:20:53.2712911Z test old_naval_line_and_company_lease_keep_their_arms_plant_entitlements ... ok
2026-09-22T23:20:53.2825474Z test new_sparse_save_records_cannot_disappear_or_hide_behind_disabled_rules ... ok
2026-09-22T23:20:53.2905705Z test zero_budget_preserves_frozen_contract_and_historical_input_receipts ... ok
2026-09-22T23:20:53.3114241Z test new_construction_previews_explain_conditional_operations_without_mutating_state ... ok
2026-09-22T23:20:53.3552170Z test funded_construction_ignores_empty_raw_goods_power_and_workforce ... ok
2026-09-22T23:20:53.4548930Z test qualified_worker_shortage_caps_operations_without_inventing_employment ... ok
2026-09-22T23:20:53.4549320Z 
2026-09-22T23:20:53.4549689Z test result: ok. 11 passed; 0 failed; 0 ignored; 0 measured; 0 filtered out; finished in 0.32s
2026-09-22T23:20:53.4550047Z 
2026-09-22T23:20:53.4622952Z [1m[92m     Running[0m tests\s02_integration.rs (target\release\deps\s02_integration-5f7cf40258fa25e4.exe)
2026-09-22T23:20:53.4730494Z 
2026-09-22T23:20:53.4730764Z running 4 tests
2026-09-22T23:20:53.5542391Z test refused_enrollment_is_atomic_and_player_scoped ... ok
2026-09-22T23:20:54.0823192Z test explicit_adoption_preserves_paid_work_and_current_accounts ... ok
2026-09-22T23:21:00.3595137Z test integrated_daily_batch_and_resume_have_one_identical_timeline ... ok
2026-09-22T23:21:03.6597398Z test versioned_economy_refuses_downgrade_and_separate_master_property ... ok
2026-09-22T23:21:03.6598016Z 
2026-09-22T23:21:03.6598618Z test result: ok. 4 passed; 0 failed; 0 ignored; 0 measured; 0 filtered out; finished in 10.19s
2026-09-22T23:21:03.6599248Z 
2026-09-22T23:21:03.6657608Z [1m[92m     Running[0m tests\s02_population.rs (target\release\deps\s02_population-6dd7f74da05486f6.exe)
2026-09-22T23:21:03.6774120Z 
2026-09-22T23:21:03.6774610Z running 14 tests
2026-09-22T23:21:03.6778038Z test archived_legacy_checkpoint_adoption_preserves_accounts_and_replays ... ignored, requires unchanged SPHERES_POPULATION_LEGACY_CHECKPOINT input; no campaign warmup
2026-09-22T23:21:03.7813772Z test disabled_legacy_is_inert_and_orphaned_outcomes_are_rejected ... ok
2026-09-22T23:21:03.9470237Z test authored_succession_moves_existing_cohorts_without_reseeding_successor_totals ... ok
2026-09-22T23:21:03.9546911Z test casualties_remove_only_exposed_adults_and_ignore_nonfinite_loss ... ok
2026-09-22T23:21:03.9571275Z test funding_only_construction_does_not_fabricate_domestic_workforce_demand ... ok
2026-09-22T23:21:04.0124492Z test initial_population_reconciliation_refuses_nonfinite_or_negative_resident_estimates_atomically ... ok
2026-09-22T23:21:04.0680865Z test japan_and_india_training_cross_year_save_and_policy_dates_without_early_award ... ok
2026-09-22T23:21:04.4649966Z test inconsistent_enrollment_is_atomic_and_loaded_books_fail_closed ... ok
2026-09-22T23:21:04.5432298Z test mapped_transfer_preserves_residents_qualifications_and_course_progress ... ok
2026-09-22T23:21:04.6068320Z test training_requires_paid_calendar_days_and_keeps_qualifications_on_save_resume ... ok
2026-09-22T23:21:05.1210971Z test unallocated_successor_transfer_preserves_distinct_training_progress_and_people ... ok
2026-09-22T23:21:05.6600388Z test actual_daily_pipeline_keeps_districts_nations_and_outcomes_coherent ... ok
2026-09-22T23:21:05.8705772Z test legacy_peace_resident_estimates_reconcile_only_on_initial_enrollment ... ok
2026-09-22T23:21:05.9434730Z test france_japan_india_enroll_current_midcampaign_residents_without_reseeding_money ... ok
2026-09-22T23:21:05.9435373Z 
2026-09-22T23:21:05.9435913Z test result: ok. 13 passed; 0 failed; 1 ignored; 0 measured; 0 filtered out; finished in 2.27s
2026-09-22T23:21:05.9436444Z 
2026-09-22T23:21:05.9488412Z [1m[92m     Running[0m tests\s02_succession.rs (target\release\deps\s02_succession-86b85e472a09bbe3.exe)
2026-09-22T23:21:05.9596910Z 
2026-09-22T23:21:05.9597113Z running 1 test
2026-09-22T23:21:08.1796544Z test s02_authored_ussr_succession_conserves_cohorts_and_paid_property_across_save_replay ... ok
2026-09-22T23:21:08.1797208Z 
2026-09-22T23:21:08.1798165Z test result: ok. 1 passed; 0 failed; 0 ignored; 0 measured; 0 filtered out; finished in 2.22s
2026-09-22T23:21:08.1798946Z 
2026-09-22T23:21:08.1851671Z [1m[92m     Running[0m tests\s03_integration.rs (target\release\deps\s03_integration-c4bb5a87c108d195.exe)
2026-09-22T23:21:08.1992623Z 
2026-09-22T23:21:08.1993567Z running 5 tests
2026-09-22T23:21:09.8104411Z test construction_pays_separate_service_fees_within_one_financial_budget ... ok
2026-09-22T23:21:10.0459096Z test adoption_is_explicit_atomic_and_never_issues_supplier_property ... ok
2026-09-22T23:21:10.0881250Z test reviewed_service_assignment_refuses_stale_state_without_moving_money ... ok
2026-09-22T23:21:11.1627584Z test original_master_roster_migrates_without_enable_settlement_or_identity_change ... ok
2026-09-22T23:21:11.4152505Z test combined_capability_cannot_be_downgraded_or_mislabeled ... ok
2026-09-22T23:21:11.4153026Z 
2026-09-22T23:21:11.4153630Z test result: ok. 5 passed; 0 failed; 0 ignored; 0 measured; 0 filtered out; finished in 3.22s
2026-09-22T23:21:11.4154196Z 
2026-09-22T23:21:11.4241401Z [1m[92m     Running[0m tests\s03_supplier_operations.rs (target\release\deps\s03_supplier_operations-af2f31d49952688f.exe)
2026-09-22T23:21:11.4361005Z 
2026-09-22T23:21:11.4361586Z running 10 tests
2026-09-22T23:21:11.6344038Z test existing_wip_finishes_under_original_terms_then_next_unit_requires_components ... ok
2026-09-22T23:21:11.6451803Z test basic_ammunition_uses_only_whole_staffed_paid_packets_and_no_component_recipe ... ok
2026-09-22T23:21:11.7266369Z test component_coal_staff_and_company_cash_shortages_cannot_partially_buy_a_unit ... ok
2026-09-22T23:21:11.8586879Z test quarter_staffing_changes_real_work_and_cash_without_adding_workers ... ok
2026-09-22T23:21:12.0015492Z test same_day_new_development_is_not_mistaken_for_a_grandfathered_program ... ok
2026-09-22T23:21:12.1035056Z test separate_shipyard_lease_cannot_steal_an_existing_arms_plant_slot ... ok
2026-09-22T23:21:12.1938158Z test absent_operations_are_byte_inert_and_adoption_preserves_existing_property ... ok
2026-09-22T23:21:12.3400583Z test new_refit_freezes_fee_and_component_recipe_preserving_escrow_and_source_ownership ... ok
2026-09-22T23:21:12.3722920Z test supplier_and_prior_industry_consumer_share_remaining_power_once ... ok
2026-09-22T23:21:12.4510381Z test new_unit_purchases_components_once_and_shared_inputs_have_one_cash_owner ... ok
2026-09-22T23:21:12.4511003Z 
2026-09-22T23:21:12.4511574Z test result: ok. 10 passed; 0 failed; 0 ignored; 0 measured; 0 filtered out; finished in 1.01s
2026-09-22T23:21:12.4512158Z 
2026-09-22T23:21:12.4584395Z [1m[92m     Running[0m tests\s04_integration.rs (target\release\deps\s04_integration-7c42ec4d41b16fea.exe)
2026-09-22T23:21:12.4698285Z 
2026-09-22T23:21:12.4698695Z running 3 tests
2026-09-22T23:21:12.5837312Z test operational_adoption_is_explicit_atomic_and_preserves_existing_fronts ... ok
2026-09-22T23:21:12.8475772Z test integrated_capabilities_refuse_downgrades_and_nested_unknown_property ... ok
2026-09-22T23:21:12.9302423Z test original_master_warfare_dialect_preserves_books_without_loading_events ... ok
2026-09-22T23:21:12.9303204Z 
2026-09-22T23:21:12.9303926Z test result: ok. 3 passed; 0 failed; 0 ignored; 0 measured; 0 filtered out; finished in 0.46s
2026-09-22T23:21:12.9304522Z 
2026-09-22T23:21:12.9375902Z [1m[92m     Running[0m tests\s04_peace_boundaries.rs (target\release\deps\s04_peace_boundaries-61e370c4e8c2f578.exe)
2026-09-22T23:21:12.9497856Z 
2026-09-22T23:21:12.9498481Z running 3 tests
2026-09-22T23:21:13.1379963Z test nuclear_and_last_district_limits_refuse_proposals_and_changed_pending_terms_atomically ... ok
2026-09-22T23:21:13.3463452Z test consented_political_transition_uses_reviewed_executive_identity_and_preserves_party_incumbents ... ok
2026-09-22T23:21:15.1048971Z test consented_cession_transfers_one_district_and_residents_without_acquiring_its_company ... ok
2026-09-22T23:21:15.1049721Z 
2026-09-22T23:21:15.1051619Z test result: ok. 3 passed; 0 failed; 0 ignored; 0 measured; 0 filtered out; finished in 2.16s
2026-09-22T23:21:15.1052274Z 
2026-09-22T23:21:15.1110203Z [1m[92m     Running[0m tests\s05_master_fiscal.rs (target\release\deps\s05_master_fiscal-b0606f8464ec89e6.exe)
2026-09-22T23:21:15.1227335Z 
2026-09-22T23:21:15.1227756Z running 2 tests
2026-09-22T23:21:15.2924655Z test original_master_receipt_survives_load_without_backfilling_or_repaying ... ok
2026-09-22T23:21:15.3592407Z test retained_master_receipt_does_not_relax_current_or_corrupt_receipts ... ok
2026-09-22T23:21:15.3593245Z 
2026-09-22T23:21:15.3594054Z test result: ok. 2 passed; 0 failed; 0 ignored; 0 measured; 0 filtered out; finished in 0.24s
2026-09-22T23:21:15.3594839Z 
2026-09-22T23:21:15.3650343Z [1m[92m     Running[0m tests\s06_money_journal.rs (target\release\deps\s06_money_journal-c1b3e5ee8347b5ba.exe)
2026-09-22T23:21:15.3802973Z 
2026-09-22T23:21:15.3804018Z running 10 tests
2026-09-22T23:21:15.4973006Z test s06_old_saves_views_and_enrollment_do_not_backfill_money_history ... ok
2026-09-22T23:21:15.5219909Z test s06_goods_escrow_refund_and_dispatch_receipts_have_their_actual_cash_dates ... ok
2026-09-22T23:21:15.5284000Z test s06_company_receipts_are_budget_inclusions_and_prepaid_money_is_not_paid_twice ... ok
2026-09-22T23:21:15.5457353Z test s06_reporting_preserves_each_existing_cash_and_debt_operation_bit_for_bit ... ok
2026-09-22T23:21:15.5575358Z test s06_real_ordinary_settlement_reports_signed_interest_and_no_second_charge ... ok
2026-09-22T23:21:15.5715616Z test s06_refused_policy_is_atomic_and_bounded_history_rejects_forged_money ... ok
2026-09-22T23:21:15.5925435Z test s06_tiny_real_payments_keep_stock_precision_without_accepting_forged_money ... ok
2026-09-22T23:21:15.5985981Z test s06_unattributed_stock_changes_are_visible_and_never_repaired_by_reading ... ok
2026-09-22T23:21:15.9081964Z test s06_unknown_owned_journal_fields_are_refused_at_each_nested_level ... ok
2026-09-22T23:21:17.3528617Z test s06_policy_and_real_later_receipts_survive_reload_without_driving_the_simulation ... ok
2026-09-22T23:21:17.3529040Z 
2026-09-22T23:21:17.3529402Z test result: ok. 10 passed; 0 failed; 0 ignored; 0 measured; 0 filtered out; finished in 1.97s
2026-09-22T23:21:17.3529747Z 
2026-09-22T23:21:17.3585342Z [1m[92m     Running[0m tests\s07_construction_operations.rs (target\release\deps\s07_construction_operations-82fe35321addece3.exe)
2026-09-22T23:21:17.3694310Z 
2026-09-22T23:21:17.3694575Z running 5 tests
2026-09-22T23:21:17.4421235Z test s07_generation_preview_uses_the_same_pooled_fuel_and_cash_terms_as_actual_dispatch ... ok
2026-09-22T23:21:17.4857651Z test s07_research_building_quotes_base_terms_without_inventing_one_future_target_contract ... ok
2026-09-22T23:21:17.4940878Z test s07_contractor_preview_matches_actual_expanded_plant_recipe_and_cash ... ok
2026-09-22T23:21:18.5563631Z test s07_assigned_workers_remain_employed_when_inputs_block_and_receipts_keep_original_capacity ... ok
2026-09-22T23:21:24.0530346Z test s07_financial_queue_pause_cancel_complete_then_staff_and_operate_france_and_tonga ... ok
2026-09-22T23:21:24.0530780Z 
2026-09-22T23:21:24.0531120Z test result: ok. 5 passed; 0 failed; 0 ignored; 0 measured; 0 filtered out; finished in 6.68s
2026-09-22T23:21:24.0531469Z 
2026-09-22T23:21:24.0600853Z [1m[92m     Running[0m tests\s08_supplier_catalogue.rs (target\release\deps\s08_supplier_catalogue-d1599741e02792d1.exe)
2026-09-22T23:21:24.0716363Z 
2026-09-22T23:21:24.0716646Z running 4 tests
2026-09-22T23:21:24.1271545Z test old_worlds_and_current_player_are_never_directed ... ok
2026-09-22T23:21:24.1453526Z test catalogue_adoption_is_metadata_only_and_passive_views_are_pure ... ok
2026-09-22T23:21:24.1478780Z test scheduled_review_orders_paid_work_once_without_completed_property ... ok
2026-09-22T23:21:24.1861515Z test malformed_planner_metadata_is_rejected_on_load ... ok
2026-09-22T23:21:24.1861986Z 
2026-09-22T23:21:24.1862566Z test result: ok. 4 passed; 0 failed; 0 ignored; 0 measured; 0 filtered out; finished in 0.11s
2026-09-22T23:21:24.1863467Z 
2026-09-22T23:21:24.1898657Z [1m[92m     Running[0m tests\s08_supplier_lifecycle.rs (target\release\deps\s08_supplier_lifecycle-db171dec2270288f.exe)
2026-09-22T23:21:24.2037492Z 
2026-09-22T23:21:24.2037875Z running 10 tests
2026-09-22T23:21:24.3125022Z test s08_import_enrollment_reviews_all_supplier_rules_and_refuses_atomically ... ok
2026-09-22T23:21:24.5287589Z test s08_catalogue_only_adoption_is_versioned_without_assets_and_downgrades_are_refused ... ok
2026-09-22T23:21:24.6552146Z test s08_import_sanctions_access_loss_and_stale_reviews_preserve_owned_stock_and_resume_once ... ok
2026-09-22T23:21:25.5207774Z test s08_import_cancellation_before_and_after_settlement_returns_exact_property_and_refund_once ... ok
2026-09-22T23:21:25.5341194Z test s08_imported_rounds_and_guided_air_stores_keep_one_paid_receipt_without_research_grants ... ok
2026-09-22T23:21:25.6561868Z test s08_missing_or_reidentified_supplier_retains_paid_import_before_any_buyer_mutation ... ok
2026-09-22T23:21:26.3544392Z test s08_serialized_import_origin_route_and_escrow_corruption_is_rejected ... ok
2026-09-22T23:21:27.3235818Z test s08_market_affordability_matches_review_at_sub_ulp_funding_boundaries ... ok
2026-09-22T23:21:27.5454571Z test s08_all_paid_supplier_platforms_import_exact_models_without_factory_research_or_duplicate_payment ... ok
2026-09-22T23:21:33.5195000Z test s08_new_physical_supplier_preserves_preproduction_expenses_through_each_saved_phase ... ok
2026-09-22T23:21:33.5195736Z 
2026-09-22T23:21:33.5196574Z test result: ok. 10 passed; 0 failed; 0 ignored; 0 measured; 0 filtered out; finished in 9.32s
2026-09-22T23:21:33.5197182Z 
2026-09-22T23:21:33.5286771Z [1m[92m     Running[0m tests\sample_size_audit.rs (target\release\deps\sample_size_audit-9f054b79a290ab2f.exe)
2026-09-22T23:21:33.5398588Z 
2026-09-22T23:21:33.5399019Z running 3 tests
2026-09-22T23:21:33.5400002Z test desert_storm_variance ... ignored
2026-09-22T23:21:33.5400877Z test panel_variance ... ignored
2026-09-22T23:21:33.5401393Z test statecraft_variance ... ignored
2026-09-22T23:21:33.5401712Z 
2026-09-22T23:21:33.5402266Z test result: ok. 0 passed; 0 failed; 3 ignored; 0 measured; 0 filtered out; finished in 0.00s
2026-09-22T23:21:33.5402869Z 
2026-09-22T23:21:33.5422213Z [1m[92m     Running[0m tests\sector_profiles.rs (target\release\deps\sector_profiles-55843924aadeeb68.exe)
2026-09-22T23:21:33.5533362Z 
2026-09-22T23:21:33.5533584Z running 2 tests
2026-09-22T23:21:33.6656928Z test old_frozen_accounts_are_not_backfilled_on_read_or_load ... ok
2026-09-22T23:21:33.6940314Z test profiles_reconcile_and_enrichment_changes_only_frozen_accounts ... ok
2026-09-22T23:21:33.6940692Z 
2026-09-22T23:21:33.6941050Z test result: ok. 2 passed; 0 failed; 0 ignored; 0 measured; 0 filtered out; finished in 0.14s
2026-09-22T23:21:33.6941400Z 
2026-09-22T23:21:33.6999279Z [1m[92m     Running[0m tests\small_country_modules.rs (target\release\deps\small_country_modules-0afefa93e7935e74.exe)
2026-09-22T23:21:33.7116890Z 
2026-09-22T23:21:33.7117426Z running 9 tests
2026-09-22T23:21:33.7565799Z test a_zero_construction_budget_does_not_queue_an_unfinishable_minimum_module ... ok
2026-09-22T23:21:33.7567006Z test a_productive_small_module_does_not_force_full_size_machinery_or_idle_expansion ... ok
2026-09-22T23:21:33.7614840Z test an_acquired_tiny_module_does_not_replace_an_established_full_size_chain ... ok
2026-09-22T23:21:33.7733686Z test module_expansion_requires_delivered_demand_not_just_an_offer_or_idle_inventory ... ok
2026-09-22T23:21:33.7756685Z test module_planning_does_not_erase_paid_full_size_work ... ok
2026-09-22T23:21:33.7851685Z test money_budget_controls_progress_without_political_capital_or_raw_inputs ... ok
2026-09-22T23:21:33.8252768Z test small_planner_orders_actual_enacted_size_while_rich_full_site_path_remains ... ok
2026-09-22T23:21:33.8745570Z test frozen_size_and_daily_accounts_replay_across_save_and_batch_boundaries ... ok
2026-09-22T23:21:34.0959758Z test all_131_mapped_countries_can_complete_a_paid_productive_module_at_normal_gdp_and_budget ... ok
2026-09-22T23:21:34.0960696Z 
2026-09-22T23:21:34.0961277Z test result: ok. 9 passed; 0 failed; 0 ignored; 0 measured; 0 filtered out; finished in 0.38s
2026-09-22T23:21:34.0961873Z 
2026-09-22T23:21:34.1016334Z [1m[92m     Running[0m tests\starting_industry.rs (target\release\deps\starting_industry-0ac522bd230a78c6.exe)
2026-09-22T23:21:34.1150232Z 
2026-09-22T23:21:34.1150698Z running 11 tests
2026-09-22T23:21:34.1244859Z test dataset_covers_exactly_the_137_canonical_starters_with_valid_distinct_profiles ... ok
2026-09-22T23:21:34.1268261Z test dataset_rejects_missing_roster_invalid_shares_overlapping_mix_and_absent_provenance ... ok
2026-09-22T23:21:34.1650836Z test an_unmapped_country_keeps_its_unlocated_industry_when_it_acquires_a_province ... ok
2026-09-22T23:21:34.1672693Z test economic_and_population_growth_never_respawn_or_resize_inherited_factories ... ok
2026-09-22T23:21:34.1683424Z test inherited_records_follow_transferred_land_and_do_not_duplicate_in_the_old_owner ... ok
2026-09-22T23:21:34.1862653Z test microstates_retain_fractional_capacity_and_the_six_map_gaps_stay_unallocated ... ok
2026-09-22T23:21:34.2081794Z test all_country_estimates_reconcile_to_existing_manufacturing_gdp_without_double_counting ... ok
2026-09-22T23:21:34.2087064Z test structured_source_evidence_and_note_arrays_survive_the_saved_profile ... ok
2026-09-22T23:21:34.2274101Z test old_campaigns_and_default_headless_worlds_do_not_receive_a_backfilled_endowment ... ok
2026-09-22T23:21:34.2275290Z test seeding_adds_only_frozen_estimate_records_not_gdp_cash_goods_or_work ... ok
2026-09-22T23:21:34.3937563Z test registration_leaves_the_macro_timeline_unchanged_and_saves_resume_exactly ... ok
2026-09-22T23:21:34.3937974Z 
2026-09-22T23:21:34.3938329Z test result: ok. 11 passed; 0 failed; 0 ignored; 0 measured; 0 filtered out; finished in 0.28s
2026-09-22T23:21:34.3938692Z 
2026-09-22T23:21:34.3982196Z [1m[92m     Running[0m tests\starting_industry_planning.rs (target\release\deps\starting_industry_planning-d346c45d94a39ad5.exe)
2026-09-22T23:21:34.4091616Z 
2026-09-22T23:21:34.4091905Z running 4 tests
2026-09-22T23:21:34.4629453Z test inherited_pressure_ranks_candidates_without_inventing_physical_demand ... ok
2026-09-22T23:21:34.4637572Z test actual_and_queued_factories_count_once_beside_inherited_capacity ... ok
2026-09-22T23:21:34.4661048Z test manufacturing_pressure_excludes_installation_and_uses_reconciled_transfer_receipts ... ok
2026-09-22T23:21:34.4951276Z test inherited_sectors_cover_the_opening_economy_but_are_not_usable_packs ... ok
2026-09-22T23:21:34.4951660Z 
2026-09-22T23:21:34.4952019Z test result: ok. 4 passed; 0 failed; 0 ignored; 0 measured; 0 filtered out; finished in 0.09s
2026-09-22T23:21:34.4952381Z 
2026-09-22T23:21:34.4988852Z [1m[92m     Running[0m tests\starting_industry_priority.rs (target\release\deps\starting_industry_priority-7fc2aadde34df73a.exe)
2026-09-22T23:21:34.5103749Z 
2026-09-22T23:21:34.5104199Z running 1 test
2026-09-22T23:21:34.5921381Z test real_ai_candidate_uses_inherited_priority_only_between_evidenced_pack_expansions ... ok
2026-09-22T23:21:34.5921845Z 
2026-09-22T23:21:34.5922195Z test result: ok. 1 passed; 0 failed; 0 ignored; 0 measured; 0 filtered out; finished in 0.08s
2026-09-22T23:21:34.5922549Z 
2026-09-22T23:21:34.5959550Z [1m[92m     Running[0m tests\strategic_raw_supply.rs (target\release\deps\strategic_raw_supply-602a20d29dd733bb.exe)
2026-09-22T23:21:34.6077250Z 
2026-09-22T23:21:34.6077877Z running 13 tests
2026-09-22T23:21:34.6531135Z test expiring_fiscal_authority_stops_at_the_year_boundary ... ok
2026-09-22T23:21:34.6585930Z test cold_raw_forecast_matches_warmed_have_and_is_byte_pure ... ok
2026-09-22T23:21:34.6673946Z test intermediary_exports_are_claimed_once_from_the_combined_inbound_pool ... ok
2026-09-22T23:21:34.6777092Z test one_day_contract_uses_one_day_of_flow_not_a_full_horizon ... ok
2026-09-22T23:21:34.6862280Z test exact_success_after_a_real_arsenal_block_clears_red_even_at_zero_stock ... ok
2026-09-22T23:21:34.6979777Z test pending_window_is_phase_stable_and_has_an_exclusive_end ... ok
2026-09-22T23:21:34.6982566Z test partially_completed_projects_and_mines_create_no_physical_input_claims ... ok
2026-09-22T23:21:34.6991290Z test capacity_limited_contract_is_phase_stable_across_month_boundary ... ok
2026-09-22T23:21:34.7079024Z test projected_contract_arrival_respects_transit_boundary_and_capacity ... ok
2026-09-22T23:21:34.7090089Z test reciprocal_physical_terms_settle_as_one_atomic_bundle ... ok
2026-09-22T23:21:34.7100602Z test physical_intermediary_waits_for_arrival_then_reexports_once ... ok
2026-09-22T23:21:34.7214956Z test recurring_contracts_share_one_opening_stockpile_once ... ok
2026-09-22T23:21:34.7401816Z test finite_materials_orders_cap_each_item_before_summing_horizons ... ok
2026-09-22T23:21:34.7402388Z 
2026-09-22T23:21:34.7402990Z test result: ok. 13 passed; 0 failed; 0 ignored; 0 measured; 0 filtered out; finished in 0.13s
2026-09-22T23:21:34.7403594Z 
2026-09-22T23:21:34.7471874Z [1m[92m     Running[0m tests\treasury.rs (target\release\deps\treasury-4421c0cb53985f76.exe)
2026-09-22T23:21:34.7589278Z 
2026-09-22T23:21:34.7589715Z running 10 tests
2026-09-22T23:21:34.7983535Z test a_money_leg_between_unequal_economies_conserves ... ok
2026-09-22T23:21:34.8093923Z test a_stratagem_that_writes_down_debt_writes_down_the_stock ... ok
2026-09-22T23:21:34.8179436Z test privatisation_proceeds_retire_debt_in_dollars ... ok
2026-09-22T23:21:34.8183386Z test the_effective_rate_rises_with_debt_and_is_bounded ... ok
2026-09-22T23:21:34.8188309Z test the_median_1990_borrower_pays_the_policy_rate_and_a_debtor_pays_more ... ok
2026-09-22T23:21:34.8192829Z test the_stratagem_deck_moves_money_only_through_the_one_channel ... ok
2026-09-22T23:21:34.8354538Z test a_net_creditor_reads_as_un_desperate ... ok
2026-09-22T23:21:34.8522572Z test the_closed_books_arm_is_the_arithmetic_that_shipped ... ok
2026-09-22T23:21:35.4493165Z test debt_is_charged_once_and_not_twice ... ok
2026-09-22T23:21:35.4806518Z test the_treasury_is_inert_while_the_books_are_closed ... ok
2026-09-22T23:21:35.4806876Z 
2026-09-22T23:21:35.4807219Z test result: ok. 10 passed; 0 failed; 0 ignored; 0 measured; 0 filtered out; finished in 0.72s
2026-09-22T23:21:35.4807578Z 
2026-09-22T23:21:35.4846688Z [1m[92m     Running[0m unittests src\main.rs (target\release\deps\spheres_web-1661866691da0ae5.exe)
2026-09-22T23:21:35.5023133Z 
2026-09-22T23:21:35.5023703Z running 437 tests
2026-09-22T23:21:35.5031690Z test arsenal_model_tests::component_illustrations_are_embedded_and_allowlisted ... ok
2026-09-22T23:21:35.5047557Z test arsenal_model_tests::the_card_renderer_ships_a_surface_treatment ... ok
2026-09-22T23:21:35.5052236Z test arsenal_model_tests::catalogue_renderer_is_shared_and_fallback_keeps_existing_controls ... ok
2026-09-22T23:21:35.5055938Z test arsenal_model_tests::a_selected_city_shows_a_birds_eye_and_denies_the_street_plan ... ok
2026-09-22T23:21:35.5074048Z test arsenal_model_tests::claude_models_cover_the_live_equipment_deck_in_both_directions ... ok
2026-09-22T23:21:35.5603670Z test campaign_api_tests::diplomatic_parser_binds_the_actor_and_refuses_forged_nested_fields ... ok
2026-09-22T23:21:35.5791822Z test campaign_api_tests::operation_parser_binds_the_actor_and_preserves_intent ... ok
2026-09-22T23:21:35.6004600Z test campaign_api_tests::operation_parser_refuses_invalid_numbers_missing_fields_and_unknown_enums ... ok
2026-09-22T23:21:35.6259317Z test campaign_api_tests::invalid_or_foreign_operations_leave_the_saved_world_unchanged ... ok
2026-09-22T23:21:35.6452225Z test campaign_api_tests::a_war_declared_before_the_first_browser_tick_still_requires_deployment ... ok
2026-09-22T23:21:35.6748177Z test campaign_api_tests::operational_enemy_views_hide_exact_posture_and_label_the_public_force_estimate ... ok
2026-09-22T23:21:35.7911139Z test campaign_api_tests::protected_aim_retry_charges_political_capital_once ... ok
2026-09-22T23:21:35.8361060Z test campaign_api_tests::warfare_adoption_is_explicit_and_load_retains_the_selected_rule ... ok
2026-09-22T23:21:35.9440130Z test campaign_api_tests::campaign_views_are_pure_and_orders_survive_the_browser_load_path ... ok
2026-09-22T23:21:35.9915730Z test campaign_api_tests::recorded_warfare_review_uses_native_adoption_and_executed_daily_reports ... ok
2026-09-22T23:21:36.0270597Z test campaign_journey::tests::s21_archive_filters_old_events_and_survives_save_without_fabricated_history ... ok
2026-09-22T23:21:36.0273114Z test campaign_journey::tests::s21_export_review_fixtures ... ignored, Exports authored S21 boundary fixtures to a NEW SPHERES_S21_FIXTURE_DIR
2026-09-22T23:21:36.0522697Z test campaign_journey::tests::s21_defeat_without_successor_can_be_followed_but_cannot_issue_orders ... ok
2026-09-22T23:21:36.1688747Z test campaign_journey::tests::s21_completed_peaceful_and_military_aims_change_only_the_record ... ok
2026-09-22T23:21:36.1746310Z test companies_view::tests::contractor_parser_bounds_identity_and_requires_reviewed_tokens ... ok
2026-09-22T23:21:36.2048825Z test companies_view::tests::directory_and_adoption_preview_are_pure_and_player_scoped ... ok
2026-09-22T23:21:36.2324828Z test campaign_journey::tests::s21_every_day_of_2035_settles_then_waits_for_explicit_sandbox ... ok
2026-09-22T23:21:36.4130233Z test construction_outcomes::tests::s07_expansion_keeps_dated_capacity_workers_and_charges_separate_from_current_jobs ... ok
2026-09-22T23:21:36.4194428Z test construction_outcomes::tests::s07_legacy_and_captured_receipts_do_not_gain_new_national_or_worker_attribution ... ok
2026-09-22T23:21:36.5914902Z test companies_view::tests::directory_fixture_records_paid_company_and_construction_service ... ok
2026-09-22T23:21:36.5970101Z test construction_outcomes::tests::s07_new_capacity_waits_for_matching_and_never_invents_completed_output ... ok
2026-09-22T23:21:36.6079931Z test construction_outcomes::tests::s07_new_industry_receipts_match_gdp_date_and_do_not_double_count_inherited_output ... ok
2026-09-22T23:21:36.6124468Z test construction_outcomes::tests::s07_power_summary_never_combines_different_receipt_dates ... ok
2026-09-22T23:21:36.6201168Z test construction_outcomes::tests::s07_rated_operating_recipe_is_native_scaled_and_separate_from_recorded_consumption ... ok
2026-09-22T23:21:36.6242165Z test construction_outcomes::tests::s07_shipyard_separates_dock_operation_energy_and_equipment_funding_actions ... ok
2026-09-22T23:21:36.6344539Z test construction_outcomes::tests::s07_starter_package_has_one_producer_and_completed_construction_links_to_it ... ok
2026-09-22T23:21:36.6347174Z test decision_review::tests::mature_review_latency ... ignored, Requires an explicitly named, read-only mature campaign archive
2026-09-22T23:21:36.6364967Z test decision_review::tests::campaign_aim_review_shows_the_exact_frozen_target_and_duration ... ok
2026-09-22T23:21:36.6474520Z test decision_review::tests::proven_review_refusal_and_uncertain_older_session_are_distinct ... ok
2026-09-22T23:21:36.7191148Z test decision_review::tests::s10d_changed_guarantee_review_closes_without_claiming_abandonment_losses ... ok
2026-09-22T23:21:36.7373462Z test decision_review::tests::reviewed_bank_receipt_has_one_persistent_dated_dispatch ... ok
2026-09-22T23:21:36.7730732Z test decision_review::tests::s10d_reply_review_names_the_request_and_refuses_on_its_exclusive_deadline ... ok
2026-09-22T23:21:36.7843545Z test decision_review::tests::sanction_review_reads_the_actual_mitigated_growth_term ... ok
2026-09-22T23:21:36.7971638Z test diplomatic_commitments::tests::s10e_blocked_and_foreign_call_reviews_never_project_an_acceptance ... ok
2026-09-22T23:21:36.8593931Z test decision_review::tests::s10d_guarantee_decline_review_shows_capped_native_losses_and_commits_once ... ok
2026-09-22T23:21:36.8698968Z test diplomatic_commitments::tests::s10e_changed_call_decline_does_not_invent_participation_or_upkeep_changes ... ok
2026-09-22T23:21:36.9460591Z test diplomatic_commitments::tests::s10e_expired_or_reused_conflict_identity_is_context_only_and_never_authority ... ok
2026-09-22T23:21:36.9596008Z test diplomatic_commitments::tests::s10e_nuclear_refusal_remains_native_even_when_basing_is_available ... ok
2026-09-22T23:21:36.9960321Z test diplomatic_commitments::tests::s10e_saved_overview_is_pure_and_preserves_real_dates_and_disruptions ... ok
2026-09-22T23:21:37.0868400Z test diplomatic_commitments::tests::s10e_upkeep_estimate_matches_the_real_charge_in_both_cadences_and_book_modes ... ok
2026-09-22T23:21:37.0943225Z test diplomatic_sanctions::tests::s10g_disabled_freight_is_not_reported_as_an_open_route ... ok
2026-09-22T23:21:37.1006903Z test diplomatic_commitments::tests::s10e_call_acceptance_quotes_and_saves_actual_posture_without_inventing_instruments ... ok
2026-09-22T23:21:37.1274637Z test diplomatic_sanctions::tests::s10g_improvement_quotes_actual_caps_and_full_price_even_without_a_relation_change ... ok
2026-09-22T23:21:37.1459469Z test diplomatic_sanctions::tests::s10g_lifting_the_last_bilateral_sanction_does_not_end_opposing_conflict ... ok
2026-09-22T23:21:37.1462120Z test diplomatic_sanctions::tests::s10g_mature_open_route_preview_latency ... ignored, Requires an explicitly named, read-only mature campaign archive
2026-09-22T23:21:37.1608464Z test diplomatic_sanctions::tests::s10g_native_refusal_retains_bilateral_identity_and_has_no_after_or_authority ... ok
2026-09-22T23:21:37.1623980Z test diplomatic_sanctions::tests::s10g_lift_keeps_reverse_and_other_sanctions_and_uses_exact_native_freight_and_growth ... ok
2026-09-22T23:21:37.1793983Z test diplomatic_sanctions::tests::s10g_reverse_policy_change_invalidates_lift_review_before_any_mutation ... ok
2026-09-22T23:21:37.1900220Z test diplomatic_sanctions::tests::s10g_repeated_sanction_or_empty_lift_discloses_no_change_and_no_charge ... ok
2026-09-22T23:21:37.1950876Z test diplomatic_sanctions::tests::s10g_sanction_quotes_saved_treaty_loss_as_later_settlement_not_immediate_deletion ... ok
2026-09-22T23:21:37.2267913Z test diplomatic_sanctions::tests::s10g_sanctions_board_is_pure_directional_and_has_no_foreign_lift_authority ... ok
2026-09-22T23:21:37.2383860Z test equipment_view::ammunition_reserve_view_tests::automatic_reserve_authorization_and_clearing_explain_retained_orders ... ok
2026-09-22T23:21:37.2718618Z test equipment_view::ammunition_reserve_view_tests::reserve_parser_rejects_ambiguous_automation_and_invalid_targets_without_mutation ... ok
2026-09-22T23:21:37.2892893Z test equipment_view::ammunition_reserve_view_tests::reserve_reviews_are_pure_and_targets_create_no_work_or_rounds ... ok
2026-09-22T23:21:37.3120126Z test equipment_view::ammunition_view_tests::ammunition_activation_is_reviewed_prospective_and_has_no_starting_stock ... ok
2026-09-22T23:21:37.3566305Z test equipment_view::ammunition_view_tests::malformed_ammunition_commands_cannot_mutate_or_bypass_compatibility ... ok
2026-09-22T23:21:37.3974978Z test equipment_view::ammunition_view_tests::ammunition_reading_and_order_review_are_pure_and_do_not_grant_rounds ... ok
2026-09-22T23:21:37.4372809Z test equipment_view::aviation_view_tests::aviation_catalogue_and_previews_show_real_role_costs_and_are_pure ... ok
2026-09-22T23:21:37.4642035Z test equipment_view::aviation_view_tests::aviation_mismatched_guidance_is_blocked_and_refit_comparison_uses_strike ... ok
2026-09-22T23:21:37.5000175Z test equipment_view::company_ammunition_view_tests::ammunition_parser_rejects_ambiguous_quantities_and_uses_player_authority ... ok
2026-09-22T23:21:37.5334260Z test equipment_view::company_ammunition_view_tests::converted_reserve_review_keeps_preference_and_removes_public_batch_recommendation ... ok
2026-09-22T23:21:37.6572960Z test equipment_view::aviation_view_tests::aviation_store_reviews_keep_ground_activation_separate_and_archive_exactly ... ok
2026-09-22T23:21:37.6960322Z test equipment_view::company_ammunition_view_tests::supplier_offer_and_review_preserve_state_and_explain_separate_ownership ... ok
2026-09-22T23:21:37.7711198Z test equipment_view::company_refit_view_tests::cancellation_review_and_card_explain_refund_pending_original_settlement ... ok
2026-09-22T23:21:37.8504142Z test equipment_view::company_refit_view_tests::manufacturer_refit_review_is_pure_and_compares_exact_upgrade_without_new_model_costs ... ok
2026-09-22T23:21:37.8887578Z test equipment_view::company_ammunition_view_tests::purchase_review_nets_only_paid_incoming_and_transport_retries_once ... ok
2026-09-22T23:21:37.9196269Z test equipment_view::company_refit_view_tests::refit_parser_is_strict_and_keeps_player_authority ... ok
2026-09-22T23:21:38.0046801Z test equipment_view::company_view_tests::company_board_and_review_are_pure_and_do_not_grant_opening_assets ... ok
2026-09-22T23:21:38.0497494Z test equipment_view::company_refit_view_tests::refit_booking_replay_preserves_one_deposit_reservation_and_target_projection ... ok
2026-09-22T23:21:38.0663964Z test equipment_view::company_view_tests::company_confirmation_owns_one_slot_and_only_one_capital_receivable ... ok
2026-09-22T23:21:38.0665837Z test equipment_view::company_view_tests::company_parser_uses_player_authority_and_preserves_review_token ... ok
2026-09-22T23:21:38.1041840Z test equipment_view::company_view_tests::company_quote_token_expires_when_funding_or_capital_changes ... ok
2026-09-22T23:21:38.2580038Z test equipment_view::company_view_tests::lost_company_response_replays_receipt_without_creating_another_company ... ok
2026-09-22T23:21:38.3443744Z test equipment_view::company_view_tests::s08_changed_stock_or_access_cannot_reuse_a_reviewed_import ... ok
2026-09-22T23:21:38.5093560Z test equipment_view::company_view_tests::every_current_platform_commissions_its_exact_model_through_a_company ... ok
2026-09-22T23:21:38.5105045Z test equipment_view::company_view_tests::s08_fresh_tonga_paid_supplier_market_export ... ignored, Requires an empty SPHERES_S08_SUPPLIER_EXPORT directory; advances up to 3000 real fresh-campaign days
2026-09-22T23:21:38.5236125Z test equipment_view::company_view_tests::s08_import_parser_keeps_foreign_seller_separate_from_authenticated_buyer ... ok
2026-09-22T23:21:38.5509747Z test campaign_journey::tests::s21_stale_unrelated_unborn_and_batched_continuations_are_atomic_refusals ... ok
2026-09-22T23:21:38.6083059Z test equipment_view::company_view_tests::s08_live_paid_product_work_is_distinct_from_last_capital_review ... ok
2026-09-22T23:21:38.6291163Z test equipment_view::company_view_tests::s08_import_purchase_and_cancellation_reviews_retain_exact_native_quotes_and_no_research_grant ... ok
2026-09-22T23:21:38.6622717Z test equipment_view::company_view_tests::s08_market_preserves_native_stock_affordability_and_foreign_identity_in_pure_reads ... ok
2026-09-22T23:21:38.6709045Z test equipment_view::company_view_tests::s08_declared_small_country_purchase_policy_uses_the_actual_priced_budget_review ... ok
2026-09-22T23:21:38.7062454Z test equipment_view::company_view_tests::tank_designer_commissions_supplier_and_retains_original_independent_specs ... ok
2026-09-22T23:21:38.7359966Z test equipment_view::flight_defense_view_tests::s16_defense_review_is_pure_and_maps_a_patrol_area_with_no_ground_attack_claim ... ok
2026-09-22T23:21:38.7856253Z test equipment_view::flight_defense_view_tests::s16_fighter_design_library_guidance_and_comparison_use_interception ... ok
2026-09-22T23:21:38.8148733Z test equipment_view::flight_defense_view_tests::s16_fighters_offer_only_defense_and_distinguish_friendly_contested_and_enemy_areas ... ok
2026-09-22T23:21:38.8438545Z test equipment_view::flight_defense_view_tests::s16_reports_separate_own_expected_interception_and_ground_defense_losses_from_actual_total ... ok
2026-09-22T23:21:38.8500371Z test equipment_view::company_view_tests::s08_request_local_supplier_reads_preserve_both_board_sections ... ok
2026-09-22T23:21:38.8935987Z test equipment_view::flight_view_tests::s12_flight_board_and_typed_squadron_reviews_are_pure_and_show_exact_claims ... ok
2026-09-22T23:21:38.9008162Z test equipment_view::flight_view_tests::s13_airbase_review_discloses_funded_completion_and_map_reads_native_range ... ok
2026-09-22T23:21:38.9296141Z test equipment_view::flight_view_tests::s14_support_review_preserves_one_cap_and_records_permission_without_spending ... ok
2026-09-22T23:21:38.9484842Z test equipment_view::flight_view_tests::s15_invalid_mission_reviews_are_pure_and_reports_retain_native_settlements ... ok
2026-09-22T23:21:38.9705415Z test equipment_view::flight_view_tests::s17_staff_review_is_pure_player_bound_and_grants_no_assets ... ok
2026-09-22T23:21:39.0140998Z test equipment_view::guidance_tests::s09_guidance_costs_match_native_development_terms_not_purchase_affordability ... ok
2026-09-22T23:21:39.0586325Z test equipment_view::guidance_tests::s09_guidance_enumerates_coupled_packages_without_bypassing_research_or_load ... ok
2026-09-22T23:21:39.0993778Z test equipment_view::guidance_tests::s09_preview_and_comparison_leave_old_revision_holdings_and_research_unchanged ... ok
2026-09-22T23:21:39.1199581Z test equipment_view::company_view_tests::s08_no_factory_country_can_review_import_access_without_any_opening_stock_grant ... ok
2026-09-22T23:21:39.1351535Z test equipment_view::guidance_tests::s09_research_unlock_details_use_real_parts_and_prospective_compiled_examples ... ok
2026-09-22T23:21:39.1513925Z test equipment_view::guidance_tests::s09_all_platform_recommendations_are_known_legal_deterministic_and_pure ... ok
2026-09-22T23:21:39.1858852Z test equipment_view::maintenance_view_tests::malformed_maintenance_values_are_refused_and_unconfigured_campaign_remains_legacy ... ok
2026-09-22T23:21:39.1878817Z test equipment_view::guidance_tests::s09_single_component_example_shortcut_matches_exhaustive_package_selection ... ok
2026-09-22T23:21:39.2020361Z test equipment_view::planning_tests::comparisons_use_frozen_revision_prices_and_explain_role_changes ... ok
2026-09-22T23:21:39.2034937Z test equipment_view::maintenance_view_tests::maintenance_review_is_pure_and_confirmed_limit_starts_a_dated_invoice ... ok
2026-09-22T23:21:39.2229389Z test equipment_view::planning_tests::comparison_reports_real_deltas_and_is_pure ... ok
2026-09-22T23:21:39.2243249Z test equipment_view::planning_tests::ground_research_lists_its_unlocks_and_established_starter_components ... ok
2026-09-22T23:21:39.2322432Z test equipment_view::planning_tests::modernization_proposes_valid_known_upgrades_without_touching_the_fleet ... ok
2026-09-22T23:21:39.2556532Z test equipment_view::replenishment_view_tests::malformed_supply_choices_cannot_bypass_the_review_contract ... ok
2026-09-22T23:21:39.2596480Z test equipment_view::planning_tests::research_tree_reflects_dependencies_and_never_changes_knowledge ... ok
2026-09-22T23:21:39.2708658Z test equipment_view::service_view_tests::empty_fleet_explains_next_step_without_inventing_service_coverage ... ok
2026-09-22T23:21:39.3042023Z test equipment_view::replenishment_view_tests::supply_review_exposes_actual_payment_and_partial_shipments_without_mutation ... ok
2026-09-22T23:21:39.3050272Z test equipment_view::service_view_tests::retirement_quote_is_pure_matches_sim_and_only_confirmed_command_removes_available_stock ... ok
2026-09-22T23:21:39.3405510Z test equipment_view::service_view_tests::retirement_rejects_reserved_or_stale_quantities_and_malformed_commands ... ok
2026-09-22T23:21:39.3586493Z test equipment_view::supply_automation_view_tests::empty_material_outlook_does_not_block_a_valid_future_policy ... ok
2026-09-22T23:21:39.3990925Z test equipment_view::supply_automation_view_tests::purchasing_policy_parser_and_semantic_limits_fail_closed ... ok
2026-09-22T23:21:39.4276758Z test equipment_view::service_view_tests::service_reading_separates_available_reserved_and_incoming_without_changing_world ... ok
2026-09-22T23:21:39.4637738Z test equipment_view::supply_automation_view_tests::purchasing_policy_review_is_pure_and_manual_is_the_default ... ok
2026-09-22T23:21:39.4818696Z test equipment_view::supply_view_tests::invalid_plant_retains_material_bill_but_cannot_confirm ... ok
2026-09-22T23:21:39.5391024Z test equipment_view::supply_view_tests::fabrication_gap_survives_save_and_is_visible_in_the_project_review ... ok
2026-09-22T23:21:39.5402295Z test equipment_view::supply_view_tests::national_supply_counts_stock_once_and_retains_paused_outstanding_bills ... ok
2026-09-22T23:21:39.5639774Z test equipment_view::supply_automation_view_tests::dated_purchase_receipts_keep_their_original_limits_after_edit_and_clear ... ok
2026-09-22T23:21:39.5858922Z test equipment_view::supply_view_tests::production_quote_discloses_whole_recipe_before_order_without_mutation ... ok
2026-09-22T23:21:39.5861408Z test equipment_view::supply_view_tests::unstarted_funding_has_no_calendar_date_and_preview_remains_read_only ... ok
2026-09-22T23:21:39.6210017Z test equipment_view::target_view_tests::target_suggestions_are_reviewed_and_honor_source_goal ... ok
2026-09-22T23:21:39.6295040Z test equipment_view::target_view_tests::target_library_action_and_preview_are_pure_and_only_confirmation_saves ... ok
2026-09-22T23:21:39.6538955Z test equipment_view::tests::equipment_drafts_can_keep_unknown_components_but_cannot_develop_them ... ok
2026-09-22T23:21:39.6675416Z test equipment_view::tests::equipment_order_parser_keeps_nation_authority_and_rejects_fractional_units ... ok
2026-09-22T23:21:39.7003958Z test equipment_view::tests::detailed_catalogue_prices_every_vehicle_type_with_its_independent_slots ... ok
2026-09-22T23:21:39.7150826Z test equipment_view::tests::equipment_research_appears_in_current_research_without_adding_technology_nodes ... ok
2026-09-22T23:21:39.7155712Z test equipment_view::tests::equipment_routes_require_current_campaign_on_get_and_post ... ok
2026-09-22T23:21:39.7315614Z test equipment_view::tests::equipment_reads_and_order_quotes_are_pure_and_use_simulation_prices ... ok
2026-09-22T23:21:39.7500354Z test fiscal_recovery_view::tests::view_is_current_player_only_and_never_enrolls_or_changes_money ... ok
2026-09-22T23:21:39.8057189Z test government_view::tests::government_briefing_is_pure_and_preserves_existing_action_contracts ... ok
2026-09-22T23:21:39.8266771Z test government_view::tests::government_election_review_includes_the_actual_successor_office ... ok
2026-09-22T23:21:39.8499871Z test government_view::tests::government_election_review_is_an_exact_immediate_result ... ok
2026-09-22T23:21:39.8738028Z test government_view::tests::government_expulsion_review_quotes_actual_clamped_pc_and_majority_loss ... ok
2026-09-22T23:21:39.9232359Z test government_view::tests::government_institution_review_shows_real_cash_debt_and_pc_without_spending ... ok
2026-09-22T23:21:39.9417422Z test government_view::tests::government_preview_requires_own_exact_current_action ... ok
2026-09-22T23:21:39.9618287Z test government_view::tests::government_reviews_retain_live_refusals_and_off_world_state ... ok
2026-09-22T23:21:39.9874137Z test equipment_view::tests::equipment_archives_roundtrip_and_old_world_shape_refuses_them ... ok
2026-09-22T23:21:39.9878915Z test guidance_outcomes::tests::guidance_log_dates_parse_only_the_exact_served_format ... ok
2026-09-22T23:21:39.9905907Z test guidance_outcomes::tests::guidance_completion_headlines_match_only_this_nations_construction ... ok
2026-09-22T23:21:40.0588219Z test equipment_view::tests::s08_checked_read_matches_actual_command_refusals_and_price_order ... ok
2026-09-22T23:21:40.0884995Z test history::tests::s08_history_available_ids_match_full_row_formatting_on_deltas_and_archive_changes ... ok
2026-09-22T23:21:40.1040931Z test history::tests::selected_series_and_delta_equal_full_history ... ok
2026-09-22T23:21:40.1112810Z test military_operations_api_tests::allocation_parser_binds_the_player_and_rejects_malformed_numbers ... ok
2026-09-22T23:21:40.1257820Z test history::tests::event_pages_preserve_the_entire_archive_across_new_dispatches ... ok
2026-09-22T23:21:40.1576676Z test history::tests::multidecade_archive_preserves_dates_lifespans_and_daily_detail ... ok
2026-09-22T23:21:40.1711656Z test money_commitments::tests::accepted_supplier_invoice_is_not_added_to_fresh_fiscal_cash_or_paid_delivery ... ok
2026-09-22T23:21:40.1734400Z test money_commitments::tests::building_totals_use_frozen_paid_terms_and_include_hidden_paused_projects ... ok
2026-09-22T23:21:40.1802165Z test money_commitments::tests::missing_saved_model_terms_are_unknown_and_cancelled_or_certified_work_is_excluded ... ok
2026-09-22T23:21:40.1865022Z test money_commitments::tests::paid_property_is_separate_from_fresh_bills_and_cargo_does_not_invent_a_price ... ok
2026-09-22T23:21:40.1902812Z test money_commitments::tests::imported_commitments_follow_original_payment_escrow_and_release_without_an_extra_bill ... ok
2026-09-22T23:21:40.1991319Z test money_commitments::tests::unfinished_model_and_public_work_use_saved_base_prices_without_repricing_or_counting_fees_twice ... ok
2026-09-22T23:21:40.1996915Z test money_view::tests::fiscal_details_keep_signed_interest_and_inclusions_out_of_cash_legs ... ok
2026-09-22T23:21:40.2176106Z test money_view::tests::old_accounts_and_other_countries_are_not_created_by_reads ... ok
2026-09-22T23:21:40.2358065Z test money_view::tests::approved_correction_records_settings_and_only_later_observed_outcomes ... ok
2026-09-22T23:21:40.2489333Z test operations_view::tests::empty_fleet_and_unfunded_stock_do_not_invent_support_or_loss_reports ... ok
2026-09-22T23:21:40.2614576Z test operations_view::tests::ground_panel_preserves_native_operations_and_excludes_aircraft_and_refit_reservations ... ok
2026-09-22T23:21:40.2622862Z test page_art_assets::tests::every_page_painting_is_embedded_and_requests_are_allowlisted ... ok
2026-09-22T23:21:40.2636439Z test money_view::tests::payments_reconcile_actual_cash_and_debt_and_survive_reload_without_preview_writes ... ok
2026-09-22T23:21:40.2637999Z test performance::campaign_lifetime_profile ... ignored, 30-year actual daily worlds; run alone for meaningful timing
2026-09-22T23:21:40.2640611Z test performance::s08_daily_subsystem_diagnosis ... ignored, explicit saved-campaign subsystem diagnosis; not a performance acceptance run
2026-09-22T23:21:40.2642867Z test performance::s08_read_model_diagnosis ... ignored, read-only component diagnosis on an explicit saved campaign; not an acceptance run
2026-09-22T23:21:40.2648760Z test performance::s08_supplier_import_profile ... ignored, requires the genuine earned-stock S08 campaign and an uncontended run
2026-09-22T23:21:40.2650866Z test person_portraits::tests::archived_models_remain_available_but_never_become_active_avatars ... ok
2026-09-22T23:21:40.2656272Z test person_portraits::tests::avatars_are_exact_people_with_half_open_eras_and_no_national_fallback ... ok
2026-09-22T23:21:40.2662081Z test person_portraits::tests::fictional_designs_require_exact_catalogue_identity_and_future_eras ... ok
2026-09-22T23:21:40.2775282Z test person_portraits::tests::historical_browsing_is_read_only_and_retains_every_party ... ok
2026-09-22T23:21:40.2905476Z test person_portraits::tests::original_executive_art_is_read_only_in_old_campaigns_and_never_survives_succession ... ok
2026-09-22T23:21:40.2926940Z test person_portraits::tests::registered_cartoons_exist_and_have_source_and_visual_review ... ok
2026-09-22T23:21:40.2935657Z test person_portraits::tests::registered_fictional_art_only_decorates_explicit_future_previews_before_cutoff ... ok
2026-09-22T23:21:40.2941358Z test person_portraits::tests::tupou_cartoon_exposes_its_artwork_license_with_exact_person_and_era ... ok
2026-09-22T23:21:40.3058082Z test military_operations_api_tests::browser_rules_allocation_command_and_snapshot_agree_across_load ... ok
2026-09-22T23:21:40.9378453Z test s02_connected_economy_api_tests::s02_connected_reading_is_pure_and_exposes_the_same_snapshot_in_cash_flow_and_state ... ok
2026-09-22T23:21:40.9659660Z test s02_connected_economy_api_tests::s02_parser_binds_enrollment_and_training_to_the_player ... ok
2026-09-22T23:21:41.0127689Z test s02_connected_economy_api_tests::s02_shipyard_only_province_exposes_naval_start_and_separate_reserved_slots ... ok
2026-09-22T23:21:41.0132405Z test s05_active_fixture_tests::original_active_company_stages_preserve_property_across_load_and_explicit_adoption ... ignored, requires original pinned active exporter files and provenance in SPHERES_S05_ACTIVE_FIXTURES
2026-09-22T23:21:41.0484316Z test s02_connected_economy_api_tests::s02_new_campaign_and_loaded_legacy_have_distinct_economy_enrollment ... ok
2026-09-22T23:21:41.3870452Z test performance::aged_checkpoint_stress_uses_priced_commands_and_preserves_the_archive ... ok
2026-09-22T23:21:42.0496193Z test s05_fresh_startup_tests::fresh_browser_seats_sourced_politics_but_january_archives_keep_recorded_state ... ok
2026-09-22T23:21:42.0734509Z test s05_fresh_startup_tests::fresh_capabilities_refuse_a_default_world_before_any_adoption ... ok
2026-09-22T23:21:42.6549909Z test s05_fresh_startup_tests::fresh_start_adopts_all_capabilities_without_free_work_or_supplier_stock ... ok
2026-09-22T23:21:42.6730299Z test campaign_journey::tests::s21_successors_keep_existing_state_and_old_aims_stay_with_old_country ... ok
2026-09-22T23:21:42.7464061Z test s05_fresh_startup_tests::legacy_load_keeps_company_and_operational_upgrades_opt_in ... ok
2026-09-22T23:21:42.7944566Z test s05_campaign_api_tests::integrated_paid_orders_reconcile_exactly_once_and_changed_receipts_refuse ... ok
2026-09-22T23:21:42.8254304Z test s05_fresh_startup_tests::opening_market_refuses_a_disabled_market_without_changes ... ok
2026-09-22T23:21:43.1802334Z test s05_fresh_startup_tests::setup_without_a_selected_nation_and_tiny_new_campaign_use_unified_rules ... ok
2026-09-22T23:21:43.1884717Z test s05_master_migration_tests::actual_pinned_master_archive_preserves_property_history_and_next_day ... ignored, Requires SPHERES_S05_MASTER_ARCHIVE pointing to the unchanged archive generated by the recorded pinned-master executable
2026-09-22T23:21:43.4813463Z test s05_save_matrix_tests::achieved_goals_survive_more_than_twenty_four_abandoned_goals_and_reload ... ok
2026-09-22T23:21:43.4830805Z test s05_fresh_startup_tests::opening_market_preserves_legacy_cover_and_posts_nothing ... ok
2026-09-22T23:21:43.5442017Z test s05_fresh_startup_tests::fresh_startup_repeat_and_save_resume_preserve_exact_owned_state ... ok
2026-09-22T23:21:44.1938119Z test s05_save_matrix_tests::browser_archive_retains_pending_midmonth_close_and_resumes_daily_once ... ok
2026-09-22T23:21:44.1942226Z test s05_save_matrix_tests::standalone_party_v1_preserves_real_supplier_books_for_equipment_versions_2_through_5 ... ignored, Requires the unchanged original 28-file export manifest in SPHERES_S05_ACTIVE_FIXTURES
2026-09-22T23:21:45.0180022Z test s05_save_matrix_tests::pending_peace_and_real_movement_survive_archive_then_consent_settles_once ... ok
2026-09-22T23:21:45.6377378Z test s05_save_matrix_tests::standalone_party_v1_with_no_equipment_and_native_equipment_v1_uses_both_loaders ... ok
2026-09-22T23:21:45.9510948Z test s08_route_pool_tests::s08_game_route_pool_is_private_to_campaign_and_resets_on_save_load ... ok
2026-09-22T23:21:46.1426961Z test s10_decision_tests::s10_accepted_defense_call_joins_native_side_and_rung_exactly_once ... ok
2026-09-22T23:21:46.4074280Z test s05_save_matrix_tests::malformed_archives_and_mismatched_direct_party_books_refuse_clearly ... ok
2026-09-22T23:21:46.5084250Z test s10_decision_tests::s10_accepted_trade_and_pact_reviews_preserve_native_effects_and_one_receipt ... ok
2026-09-22T23:21:46.5271004Z test s10_decision_tests::s10_foreign_malformed_self_and_unaffordable_decisions_refuse_purely ... ok
2026-09-22T23:21:46.5272393Z test s10_decision_tests::s10_answered_offer_records_actual_date_once_and_late_confirmation_is_pure ... ok
2026-09-22T23:21:46.6393284Z test s10_decision_tests::s10_government_review_has_the_same_server_staleness_guard ... ok
2026-09-22T23:21:46.7027066Z test s10_decision_tests::s10_peg_exit_review_shows_capped_costs_and_does_not_reset_rate_or_recharge ... ok
2026-09-22T23:21:46.7358432Z test s10_decision_tests::s10_reads_and_derived_caches_do_not_invalidate_a_review ... ok
2026-09-22T23:21:46.8092142Z test s05_campaign_api_tests::integrated_paid_day_retry_archive_reload_and_next_day_keep_one_timeline ... ok
2026-09-22T23:21:46.8645462Z test s10_decision_tests::s10_review_cannot_move_to_another_command_batch_channel_or_receipt ... ok
2026-09-22T23:21:46.9400206Z test s10_decision_tests::s10_review_refuses_other_tab_changes_ticks_and_replacements_before_mutation ... ok
2026-09-22T23:21:47.0038217Z test s10_decision_tests::s10_standing_policy_preserves_pending_offers_and_deadlines_survive_reload ... ok
2026-09-22T23:21:47.0520092Z test s10_government_tests::s10_foreign_and_newly_unaffordable_reviews_refuse_without_touching_either_country ... ok
2026-09-22T23:21:47.1748415Z test s10_government_tests::s10_four_government_roles_serve_actual_offices_and_all_authored_parties_purely ... ok
2026-09-22T23:21:47.3066883Z test s10_decision_tests::s10_review_is_pure_and_commits_exact_native_consequences_once ... ok
2026-09-22T23:21:47.4315507Z test s10_government_tests::s10_actual_future_succession_respects_executive_review_and_recorded_monarchy_heir ... ok
2026-09-22T23:21:47.4400376Z test s10d_inbox_fixture_tests::s10d_export_disposable_diplomatic_inbox_fixture ... ignored, Exports authored native inbox archives only to a NEW SPHERES_S10D_INBOX_FIXTURE_DIR
2026-09-22T23:21:47.4415528Z test s10e_commitment_fixture_tests::s10e_export_disposable_diplomatic_commitment_fixture ... ignored, Exports authored native commitment archives only to a NEW SPHERES_S10E_COMMITMENT_FIXTURE_DIR
2026-09-22T23:21:47.4646320Z test s10f_succession_fixture_tests::s10f_export_disposable_succession_fixtures ... ignored, Exports authored succession archives only to a NEW SPHERES_S10F_SUCCESSION_FIXTURE_DIR
2026-09-22T23:21:47.4729399Z test s10g_sanctions_fixture_tests::s10g_export_disposable_sanctions_fixture ... ignored, Exports only to a NEW SPHERES_S10G_SANCTIONS_FIXTURE_DIR
2026-09-22T23:21:47.4731767Z test s11_fixture_tests::s11_export_disposable_ground_operations_fixture ... ignored, Exports only to a NEW absolute SPHERES_S11_FIXTURE_DIR
2026-09-22T23:21:47.4750888Z test s15_fixture_tests::s15_export_disposable_flight_operations_fixture ... ignored, Exports only to a NEW absolute SPHERES_S15_FIXTURE_DIR
2026-09-22T23:21:47.4914644Z test s16_fixture_tests::s16_export_disposable_air_defense_fixture ... ignored, Exports only to a NEW absolute SPHERES_S16_FIXTURE_DIR
2026-09-22T23:21:47.5052582Z test s17_fixture_tests::s17_export_disposable_staff_fixture ... ignored, Requires existing SPHERES_S17_INPUT and new absolute SPHERES_S17_FIXTURE_DIR
2026-09-22T23:21:47.7041754Z test s10_government_tests::s10_reviewed_elections_and_institution_payments_match_native_results_and_reload ... ok
2026-09-22T23:21:47.9559948Z test s08_route_pool_tests::s08_game_route_pool_preserves_cold_full_ticks_and_command_order_across_calendars ... ok
2026-09-22T23:21:48.0776848Z test s10_government_tests::s10_historical_browsing_and_future_eligibility_never_replace_saved_incumbents ... ok
2026-09-22T23:21:48.5149708Z test storage::tests::failed_write_keeps_previous_valid_campaign_and_archive ... ok
2026-09-22T23:21:48.5289798Z test storage::tests::envelope_load_preserves_sim_timeline_and_archive_legacy_still_loads ... ok
2026-09-22T23:21:48.8602757Z test storage::tests::slots_cannot_escape_root_and_three_autosaves_rotate ... ok
2026-09-22T23:21:48.8732717Z test tests::a_body_that_is_not_json_is_a_failed_request_not_an_empty_one ... ok
2026-09-22T23:21:48.9056543Z test tests::a_deal_the_page_sends_is_the_sims_own ... ok
2026-09-22T23:21:52.6804433Z test storage::tests::combined_company_save_import_retains_capability_and_archive_without_load_adoption ... ok
2026-09-22T23:21:52.7009906Z test tests::a_dossier_figure_stays_inside_its_own_column ... ok
2026-09-22T23:21:52.7131793Z test tests::a_focused_slider_does_not_kill_every_shortcut ... ok
2026-09-22T23:21:53.9001732Z test storage::tests::integrated_paid_work_survives_interrupted_write_and_valid_backup_recovery ... ok
2026-09-22T23:21:53.9419181Z test tests::a_globe_that_cannot_draw_says_so ... ok
2026-09-22T23:21:53.9434529Z test tests::a_globe_that_comes_back_clears_every_mark_of_the_failure ... ok
2026-09-22T23:21:53.9814934Z test tests::a_headline_is_only_about_the_nations_it_names ... ok
2026-09-22T23:21:54.0158383Z test tests::a_join_the_server_cannot_read_is_refused_not_rewritten ... ok
2026-09-22T23:21:54.0820096Z test tests::a_major_event_stops_the_clock_and_the_server_is_what_decides ... ok
2026-09-22T23:21:54.8205825Z test tests::a_microstates_history_is_not_flattened_into_steps ... ok
2026-09-22T23:21:54.8254972Z test tests::a_name_at_the_edge_of_the_world_is_not_cut_by_it ... ok
2026-09-22T23:21:54.8348222Z test tests::a_nation_can_show_where_its_figures_came_from ... ok
2026-09-22T23:21:54.8362666Z test tests::a_nation_the_roster_does_not_know_is_refused_not_ignored ... ok
2026-09-22T23:21:55.0015443Z test storage::tests::integrated_warfare_archive_and_standalone_import_keep_every_capability ... ok
2026-09-22T23:21:55.0340913Z test tests::a_nation_with_a_space_in_its_name_survives_the_query_string ... ok
2026-09-22T23:21:55.3083720Z test tests::a_nation_the_world_is_not_holding_is_refused_not_fatal ... ok
2026-09-22T23:21:55.3412150Z test tests::a_one_day_advance_still_reports_the_event_the_clock_must_stop_on ... ok
2026-09-22T23:21:55.3562644Z test tests::a_price_the_player_cannot_pay_is_marked_and_refused ... ok
2026-09-22T23:21:55.6028743Z test tests::a_refused_start_says_so_instead_of_freezing_the_setup_screen ... ok
2026-09-22T23:21:55.6351400Z test tests::a_seed_the_server_cannot_use_is_refused_not_replaced ... ok
2026-09-22T23:21:55.6364037Z test tests::a_series_that_ends_early_is_labelled_where_it_ends ... ok
2026-09-22T23:21:55.6502984Z test tests::a_span_the_server_cannot_use_does_not_move_the_clock_some_other_distance ... ok
2026-09-22T23:21:55.6848590Z test tests::a_stability_arm_is_quoted_as_where_order_settles ... ok
2026-09-22T23:21:55.8638270Z test tests::a_successor_is_not_told_it_is_a_bug ... ok
2026-09-22T23:21:55.8744289Z test tests::a_theatre_the_server_cannot_use_is_refused_not_replaced ... ok
2026-09-22T23:21:56.0117891Z test tests::agency_browser_contract_revalidates_and_preserves_pending_decisions ... ok
2026-09-22T23:21:56.0413684Z test tests::an_aim_is_carried_onto_the_quarrel_it_opened ... ok
2026-09-22T23:21:56.0697938Z test tests::an_aim_the_server_cannot_read_is_refused_not_replaced ... ok
2026-09-22T23:21:56.3975297Z test tests::browser_advance_lost_response_retry_is_exactly_once_and_session_bound ... ok
2026-09-22T23:21:56.4635487Z test tests::browser_advance_rejects_every_malformed_batch_before_mutation ... ok
2026-09-22T23:21:56.5169824Z test tests::browser_clock_advances_daily_and_histories_settle_monthly ... ok
2026-09-22T23:21:56.5172417Z test tests::browser_growth_model_gap ... ignored
2026-09-22T23:21:56.9541425Z test tests::browser_new_snapshot_and_first_history_are_daily ... ok
2026-09-22T23:21:56.9551449Z test tests::browser_surface_posts_days_not_months ... ok
2026-09-22T23:21:56.9740206Z test tests::cabinet_city_art_is_accessible_embedded_and_served_without_external_assets ... ok
2026-09-22T23:21:57.1331366Z test tests::campaign_aim_browser_commands_freeze_and_close_model_targets ... ok
2026-09-22T23:21:57.1612928Z test tests::cash_flow_annual_estimates_and_construction_quote_reuse_authoritative_sources ... ok
2026-09-22T23:21:57.2266952Z test tests::cash_flow_open_day_never_masquerades_as_a_closed_posting ... ok
2026-09-22T23:21:57.2478814Z test tests::cash_flow_posted_components_reconcile_without_recharging_prepaid_equipment ... ok
2026-09-22T23:21:57.2810798Z test tests::cash_flow_priorities_decompose_the_same_dated_interest_deficit_without_mutation ... ok
2026-09-22T23:21:57.2818704Z test tests::cash_flow_priorities_explain_a_negative_interest_credit ... ok
2026-09-22T23:21:57.3043199Z test tests::cash_flow_priorities_keep_annual_estimates_separate_from_a_settled_surplus ... ok
2026-09-22T23:21:57.3223303Z test tests::cash_flow_priorities_put_funding_and_renewal_first_and_keep_the_three_item_limit ... ok
2026-09-22T23:21:57.3451766Z test tests::cash_flow_priorities_use_actual_ministry_sources_and_stable_ties ... ok
2026-09-22T23:21:57.3810112Z test tests::cash_flow_read_preserves_unknown_opening_balances_and_does_not_enroll ... ok
2026-09-22T23:21:57.3816152Z test tests::cash_flow_route_is_bound_to_the_current_campaign ... ok
2026-09-22T23:21:57.4175078Z test tests::choosing_a_domination_agenda_reaches_the_sim_by_stable_id ... ok
2026-09-22T23:21:57.4177056Z test tests::classify_corpus ... ignored
2026-09-22T23:21:57.4565468Z test tests::competition_browser_reads_are_pure_and_cover_every_starting_economy ... ok
2026-09-22T23:21:57.4846639Z test tests::competition_capacity_plan_is_exact_read_only_and_keeps_fractional_assets ... ok
2026-09-22T23:21:57.5231905Z test tests::competition_commands_bind_actor_and_reject_overflow ... ok
2026-09-22T23:21:57.5932494Z test tests::competition_enable_is_explicit_and_never_grants_money_or_factories ... ok
2026-09-22T23:21:57.6790708Z test tests::construction_impact_preview_is_read_only_scoped_and_validates_the_reviewed_project ... ok
2026-09-22T23:21:57.7136338Z test tests::a_nation_with_no_debt_is_not_shown_paying_it_down ... ok
2026-09-22T23:21:57.7476129Z test tests::construction_requirements_explain_exact_site_refusals_without_mutation ... ok
2026-09-22T23:21:57.7954439Z test tests::daily_browser_history_records_real_first_day_progress ... ok
2026-09-22T23:21:57.8060527Z test tests::construction_suggestions_are_read_only_owned_and_match_reviewed_contracts ... ok
2026-09-22T23:21:57.8063281Z test tests::daily_manufacturing_two_days_stock_shows_no_false_monthly_shortage ... ok
2026-09-22T23:21:57.8182584Z test tests::daily_research_and_manufacturing_cards_quote_the_sims_actual_draw ... ok
2026-09-22T23:21:57.8192192Z test tests::daily_quotes_preserve_stock_units_and_the_actual_january_ledger_in_february ... ok
2026-09-22T23:21:57.8510810Z test tests::department_contract_is_strict_read_only_and_has_fifty_rows_and_ten_investments ... ok
2026-09-22T23:21:57.8773638Z test tests::department_assets_and_snapshot_are_wired_without_enrolling_on_read ... ok
2026-09-22T23:21:57.9754955Z test tests::economic_ledgers_cover_every_living_country_and_reconcile_without_mutation ... ok
2026-09-22T23:21:57.9957736Z test tests::domination_is_a_complete_server_authored_campaign_contract ... ok
2026-09-22T23:21:58.0342841Z test tests::economic_readings_refresh_daily_and_distinguish_settlement_date ... ok
2026-09-22T23:21:58.1104791Z test tests::every_district_figure_says_apportioned ... ok
2026-09-22T23:21:58.1426933Z test tests::every_kit_in_the_deck_has_a_model ... ok
2026-09-22T23:21:58.1548757Z test tests::every_ministry_arm_on_the_card_is_the_arm_the_sim_charges ... ok
2026-09-22T23:21:58.1833209Z test tests::every_nation_has_a_historical_figure_and_flag ... ok
2026-09-22T23:21:58.2110980Z test tests::every_nation_on_the_board_has_somewhere_to_be_drawn ... ok
2026-09-22T23:21:58.2123142Z test tests::exchange_reads_require_the_exact_active_campaign_session ... ok
2026-09-22T23:21:58.2409658Z test tests::first_budget_quote_includes_opening_debt_and_ordered_policy_without_mutating_world ... ok
2026-09-22T23:21:58.3198488Z test tests::funded_construction_api_is_actor_bound_pure_and_quotes_the_shared_cash_limit ... ok
2026-09-22T23:21:58.3332774Z test tests::economic_order_receipts_are_once_only_current_and_campaign_bound ... ok
2026-09-22T23:21:58.4221762Z test tests::guidance_outcomes_are_null_without_a_player ... ok
2026-09-22T23:21:59.0162369Z test tests::guidance_outcomes_date_a_dispatched_budget_enactment ... ok
2026-09-22T23:21:59.4268366Z test tests::a_funded_project_is_not_reported_as_stalled ... ok
2026-09-22T23:21:59.5915493Z test tests::guidance_outcomes_exclude_another_nations_records ... ok
2026-09-22T23:21:59.9360700Z test tests::guidance_outcomes_date_first_hour_orders_sent_through_the_turn_path ... ok
2026-09-22T23:22:00.1145970Z test tests::guidance_outcomes_keep_the_first_flown_mission_behind_ten_newer_orders ... ok
2026-09-22T23:22:00.1516373Z test tests::guidance_outcomes_mark_saved_drafts_with_the_designers_own_validity ... ok
2026-09-22T23:22:00.2133023Z test tests::guidance_outcomes_serve_unknown_sections_for_systems_a_campaign_lacks ... ok
2026-09-22T23:22:00.2139216Z test tests::guidance_route_requires_the_exact_active_campaign_session ... ok
2026-09-22T23:22:00.5582270Z test tests::guidance_serves_one_players_state_and_production_at_the_same_date_without_orders ... ok
2026-09-22T23:22:00.7029738Z test tests::guidance_without_a_player_is_a_read_only_setup_snapshot ... ok
2026-09-22T23:22:00.7254461Z test tests::headlines_land_in_the_right_bucket ... ok
2026-09-22T23:22:00.7513900Z test tests::headlines_name_the_nations_they_are_about ... ok
2026-09-22T23:22:00.7903210Z test tests::industry_board_is_pure_without_competition_and_never_invents_opening_output ... ok
2026-09-22T23:22:00.8033141Z test tests::industry_board_keeps_research_credit_separate_from_factory_output ... ok
2026-09-22T23:22:00.8242002Z test tests::industry_board_route_requires_the_current_campaign ... ok
2026-09-22T23:22:00.8576842Z test tests::industry_board_serves_exact_dated_receipts_and_current_owned_assets ... ok
2026-09-22T23:22:00.9764564Z test tests::guidance_outcomes_share_the_state_identity_and_leave_the_campaign_unchanged ... ok
2026-09-22T23:22:01.0615035Z test tests::logistics_api_is_a_stable_view_of_the_latest_audit ... ok
2026-09-22T23:22:01.0925604Z test tests::logistics_cargo_labels_distinguish_in_transit_held_and_actually_arrived ... ok
2026-09-22T23:22:01.1164982Z test tests::logistics_policy_button_reaches_one_strict_atomic_command ... ok
2026-09-22T23:22:01.1947736Z test tests::manufacturing_api_uses_real_plants_budget_arsenal_and_session_identity ... ok
2026-09-22T23:22:01.2486185Z test tests::loading_a_legacy_midmonth_save_finishes_its_open_books_before_daily_play ... ok
2026-09-22T23:22:01.6380219Z test tests::materials_quote_and_commands_are_pure_bounded_and_actor_bound ... ok
2026-09-22T23:22:01.6573230Z test tests::module_only_province_is_visible_without_rounding_integer_capabilities ... ok
2026-09-22T23:22:01.6820598Z test tests::module_quotes_are_pure_scaled_actor_bound_and_reject_invalid_capacity ... ok
2026-09-22T23:22:01.6846756Z test tests::guidance_outcomes_serve_the_players_paid_mine_work_and_its_opening ... ok
2026-09-22T23:22:01.6848765Z test tests::month_index_counts_from_january_1990 ... ok
2026-09-22T23:22:01.7290800Z test tests::no_nation_on_the_board_is_shown_as_nothing ... ok
2026-09-22T23:22:01.7500610Z test tests::no_two_domain_tabs_wear_the_same_label ... ok
2026-09-22T23:22:01.7509842Z test tests::o_says_why_it_does_nothing_in_resources_shading ... ok
2026-09-22T23:22:01.8413802Z test tests::one_nation_can_be_asked_for_alone ... ok
2026-09-22T23:22:01.8599543Z test tests::pausing_retires_the_day_that_is_already_in_flight ... ok
2026-09-22T23:22:01.9727758Z test tests::production_api_is_player_scoped_stable_and_live ... ok
2026-09-22T23:22:01.9983288Z test tests::production_api_names_the_full_planning_portfolio ... ok
2026-09-22T23:22:02.0123795Z test tests::production_board_is_wired_end_to_end ... ok
2026-09-22T23:22:02.0496573Z test tests::province_dossier_reads_live_population_and_exact_geometry ... ok
2026-09-22T23:22:02.0835165Z test tests::province_economy_api_is_live_for_foreign_owners_and_keeps_population ... ok
2026-09-22T23:22:02.1021412Z test tests::province_economy_assets_ship_locally_and_keep_accounting_in_rust ... ok
2026-09-22T23:22:02.1538063Z test tests::research_card_discloses_old_midmonth_hold_without_inventing_acquisitions ... ok
2026-09-22T23:22:02.1893378Z test tests::room_paintings_are_embedded_webp_and_paths_are_allowlisted ... ok
2026-09-22T23:22:02.2208829Z test tests::s08_moved_nation_arrays_preserve_original_serialized_rows ... ok
2026-09-22T23:22:02.2753417Z test tests::stability_read_model_uses_the_integrators_terms_and_calendar_scale ... ok
2026-09-22T23:22:02.2974624Z test tests::strategic_supply_command_serves_the_live_twelve_line_forecast ... ok
2026-09-22T23:22:02.3089236Z test tests::strategic_supply_mission_has_one_ranked_objective_and_honest_idle_state ... ok
2026-09-22T23:22:02.3204068Z test tests::strategic_supply_red_requires_an_authoritative_recorded_block ... ok
2026-09-22T23:22:02.3380956Z test tests::ten_ministry_budget_reaches_the_atomic_fiscal_command ... ok
2026-09-22T23:22:02.3647375Z test tests::the_arcade_market_strip_and_foreign_ledger_are_served ... ok
2026-09-22T23:22:02.3969381Z test tests::the_back_a_movement_card_quotes_the_odds_the_sim_rolls ... ok
2026-09-22T23:22:02.4274698Z test tests::the_bar_hatches_foreign_backing_and_names_the_sponsor_only_after_exposure ... ok
2026-09-22T23:22:02.4825757Z test tests::new_campaign_industrial_estimates_are_visible_without_reseeding_loaded_saves ... ok
2026-09-22T23:22:02.4951054Z test tests::the_board_keys_are_on_the_card ... ok
2026-09-22T23:22:02.6154717Z test tests::the_board_reads_the_sim ... ok
2026-09-22T23:22:02.6196226Z test tests::the_browser_carries_a_pause_play_toggle_and_a_truthful_readout ... ok
2026-09-22T23:22:02.6216037Z test tests::the_browser_computes_one_balance ... ok
2026-09-22T23:22:02.6217804Z test tests::materials_signing_and_cancellation_receipts_are_once_only_without_free_packs ... ok
2026-09-22T23:22:02.6374770Z test tests::the_budget_card_reads_the_sim ... ok
2026-09-22T23:22:02.6376582Z test tests::the_button_reaches_the_sim_through_the_command_route ... ok
2026-09-22T23:22:02.6404492Z test tests::the_clock_does_not_run_without_a_game ... ok
2026-09-22T23:22:02.6405990Z test tests::the_clock_keys_are_hoi4s ... ok
2026-09-22T23:22:02.6429481Z test tests::the_clock_never_has_two_days_in_flight ... ok
2026-09-22T23:22:02.6499392Z test tests::the_commodity_key_does_not_spend_the_first_press_on_the_fetch ... ok
2026-09-22T23:22:02.6744749Z test tests::the_conflict_sheet_is_rebuilt_every_tick ... ok
2026-09-22T23:22:02.7619867Z test tests::the_conflict_sheet_quotes_the_price_the_queue_charges ... ok
2026-09-22T23:22:02.7806624Z test tests::the_eight_research_shares_add_to_a_hundred ... ok
2026-09-22T23:22:02.8059443Z test tests::the_equipment_models_are_self_contained_and_degrade_to_the_glyph ... ok
2026-09-22T23:22:02.8138943Z test tests::the_event_log_cannot_be_squeezed_out_of_existence ... ok
2026-09-22T23:22:02.8380243Z test tests::the_find_hint_is_painted_on_something ... ok
2026-09-22T23:22:03.3340268Z test tests::the_clock_still_moves_after_your_nation_is_gone ... ok
2026-09-22T23:22:03.3519042Z test tests::the_front_edges_are_two_independent_rings ... ok
2026-09-22T23:22:03.3619319Z test tests::the_globe_and_the_shader_project_the_same_world ... ok
2026-09-22T23:22:03.3655758Z test tests::the_globe_ships_its_camera_and_its_cities ... ok
2026-09-22T23:22:03.3943857Z test tests::the_globe_survives_a_tick ... ok
2026-09-22T23:22:03.4015721Z test tests::the_government_commands_parse_from_the_page ... ok
2026-09-22T23:22:03.4315248Z test tests::the_government_screen_has_its_own_key_and_escape_closes_it ... ok
2026-09-22T23:22:03.4553032Z test tests::the_government_screen_is_served_not_computed ... ok
2026-09-22T23:22:03.4648207Z test tests::the_header_carries_the_discontent_chip_and_the_ruling_swatch ... ok
2026-09-22T23:22:03.4761651Z test tests::the_force_line_is_the_force_the_sim_sustains ... ok
2026-09-22T23:22:03.4879954Z test tests::the_ideology_map_mode_colours_by_ruling_bloc_and_hatches_the_watch ... ok
2026-09-22T23:22:03.5202059Z test tests::the_levers_and_the_covert_kinds_parse_from_the_page ... ok
2026-09-22T23:22:03.5674489Z test tests::the_levers_are_served_with_the_sim_s_price_refusal_and_effects ... ok
2026-09-22T23:22:04.5028773Z test tests::the_basing_panel_does_not_sell_what_the_theatre_already_gives ... ok
2026-09-22T23:22:04.5155883Z test tests::the_logistics_dispatch_board_is_wired_end_to_end ... ok
2026-09-22T23:22:04.5169433Z test tests::the_map_hover_ignores_events_the_capture_retargeted ... ok
2026-09-22T23:22:04.5422060Z test tests::the_map_resolves_a_click_from_the_press_not_the_click ... ok
2026-09-22T23:22:04.5740279Z test tests::the_map_shading_chips_are_not_sliced_by_a_narrow_column ... ok
2026-09-22T23:22:04.6492751Z test tests::the_map_ships_terrain_and_rivers ... ok
2026-09-22T23:22:05.1346542Z test tests::the_market_is_on_for_the_browser_and_off_for_the_suite ... ok
2026-09-22T23:22:05.1528102Z test tests::the_mine_card_develops_a_mapped_province ... ok
2026-09-22T23:22:05.1846685Z test tests::the_money_card_is_one_set_of_books ... ok
2026-09-22T23:22:05.1882994Z test tests::the_now_marker_does_not_paint_over_an_era_name ... ok
2026-09-22T23:22:05.5074435Z test tests::the_page_can_see_who_is_running_the_central_bank ... ok
2026-09-22T23:22:05.5162023Z test tests::the_panel_exists_and_is_wired_to_the_route ... ok
2026-09-22T23:22:07.3005752Z test tests::a_dissolved_state_is_not_served_as_a_live_belligerent ... ok
2026-09-22T23:22:07.3137207Z test tests::the_pause_key_reaches_the_clock_from_every_screen ... ok
2026-09-22T23:22:07.3332760Z test tests::the_picker_is_a_keyboard_playable_full_screen_showcase ... ok
2026-09-22T23:22:07.3702187Z test tests::the_picker_shows_the_board_it_will_deal ... ok
2026-09-22T23:22:10.0625938Z test tests::the_panel_prices_sanctions_the_way_the_sim_charges_them ... ok
2026-09-22T23:22:10.1238278Z test tests::the_political_arm_is_on_in_play_and_null_headless ... ok
2026-09-22T23:22:10.1473845Z test tests::the_political_arm_s_headlines_are_filed_and_promoted ... ok
2026-09-22T23:22:10.1576081Z test tests::the_port_and_the_browser_flag_come_from_the_command_line_then_the_environment ... ok
2026-09-22T23:22:10.4679604Z test tests::the_log_filters_reach_the_world_the_sim_writes ... ok
2026-09-22T23:22:10.5033685Z test tests::the_research_card_and_the_sim_agree_on_the_month ... ok
2026-09-22T23:22:10.5040034Z test tests::the_resource_headlines_land_in_the_right_bucket ... ok
2026-09-22T23:22:10.5990284Z test tests::the_research_board_never_quotes_a_schedule_in_millennia ... ok
2026-09-22T23:22:10.6022144Z test tests::the_shortcut_card_opens_before_a_game_exists ... ok
2026-09-22T23:22:10.6234811Z test tests::the_shortcut_card_swallows_the_keys_behind_it ... ok
2026-09-22T23:22:10.6317964Z test tests::the_six_presence_rows_print_no_number ... ok
2026-09-22T23:22:10.6585354Z test tests::the_speed_ladder_is_five_levels_of_real_milliseconds ... ok
2026-09-22T23:22:10.7447266Z test tests::the_state_payload_carries_district_deltas ... ok
2026-09-22T23:22:10.8553509Z test tests::the_state_payload_carries_the_offers ... ok
2026-09-22T23:22:10.8880039Z test tests::the_stock_tip_is_painted_on_something ... ok
2026-09-22T23:22:10.9215289Z test tests::the_take_card_is_greyed_until_the_trade_route_has_closed ... ok
2026-09-22T23:22:10.9547202Z test tests::the_talks_answer_is_the_sims_and_says_why ... ok
2026-09-22T23:22:10.9821204Z test tests::the_tech_graph_resolves_a_click_from_the_press_not_the_click ... ok
2026-09-22T23:22:10.9930135Z test tests::the_tech_legend_is_painted_on_something ... ok
2026-09-22T23:22:11.0170071Z test tests::the_tech_screens_keys_are_all_on_the_card ... ok
2026-09-22T23:22:11.0360478Z test tests::the_tree_payload_carries_the_list_price ... ok
2026-09-22T23:22:11.0552304Z test tests::the_war_card_says_which_side_holds_what ... ok
2026-09-22T23:22:11.1065224Z test tests::the_war_card_takes_its_class_from_the_sim ... ok
2026-09-22T23:22:11.1309713Z test tests::the_war_decoration_takes_no_pointer_events ... ok
2026-09-22T23:22:11.1724818Z test tests::the_watch_reads_calibration_pending_and_the_dock_names_the_road ... ok
2026-09-22T23:22:11.1963433Z test tests::the_world_offers_the_player_something_and_says_why ... ok
2026-09-22T23:22:11.2119920Z test tests::the_world_tint_and_the_dossier_are_served ... ok
2026-09-22T23:22:11.2940952Z test tests::welfare_reuses_pensions_budget_and_save_slot ... ok
2026-09-22T23:22:11.4767917Z test transport::tests::diplomatic_receipt_retry_posts_one_cost_and_one_dispatch ... ok
2026-09-22T23:22:11.4905892Z test transport::tests::malformed_immediate_batch_never_half_commits ... ok
2026-09-22T23:22:12.2829698Z test tests::the_series_ends_when_a_nation_does ... ok
2026-09-22T23:22:19.5355853Z test tests::the_policy_panel_reads_the_sim ... ok
2026-09-22T23:22:47.5276984Z test tests::the_ladder_offers_only_what_the_world_will_sell ... ok
2026-09-22T23:22:47.5277724Z 
2026-09-22T23:22:47.5278302Z test result: ok. 416 passed; 0 failed; 21 ignored; 0 measured; 0 filtered out; finished in 72.02s
2026-09-22T23:22:47.5278908Z 
2026-09-22T23:22:47.5511979Z [1m[92m     Running[0m tests\http_connections.rs (target\release\deps\http_connections-d676367e2fc3ccef.exe)
2026-09-22T23:22:47.5628076Z 
2026-09-22T23:22:47.5628616Z running 1 test
2026-09-22T23:22:47.5641945Z test connection_pool::s09_regression::s09_a_burst_must_not_strand_connections_behind_idle_keepalive_workers ... ok
2026-09-22T23:22:47.5642440Z 
2026-09-22T23:22:47.5642793Z test result: ok. 1 passed; 0 failed; 0 ignored; 0 measured; 0 filtered out; finished in 0.00s
2026-09-22T23:22:47.5643342Z 
2026-09-22T23:22:47.5663403Z [1m[92m   Doc-tests[0m spheres_sim
2026-09-22T23:22:52.5611427Z 
2026-09-22T23:22:52.5611952Z running 0 tests
2026-09-22T23:22:52.5612154Z 
2026-09-22T23:22:52.5617498Z test result: ok. 0 passed; 0 failed; 0 ignored; 0 measured; 0 filtered out; finished in 0.00s
2026-09-22T23:22:52.5617948Z 
2026-09-22T23:22:52.8774098Z ##[group]Run cargo test --locked --release -p spheres-sim --lib tests::the_resource_pass_stays_under_budget -- --exact --nocapture --test-threads=1
2026-09-22T23:22:52.8775967Z [36;1mcargo test --locked --release -p spheres-sim --lib tests::the_resource_pass_stays_under_budget -- --exact --nocapture --test-threads=1[0m
2026-09-22T23:22:52.8863089Z shell: C:\Program Files\PowerShell\7\pwsh.EXE -command ". '{0}'"
2026-09-22T23:22:52.8863454Z env:
2026-09-22T23:22:52.8863649Z   CARGO_HOME: C:\Users\runneradmin\.cargo
2026-09-22T23:22:52.8863917Z   CARGO_INCREMENTAL: 0
2026-09-22T23:22:52.8864118Z   CARGO_TERM_COLOR: always
2026-09-22T23:22:52.8864479Z ##[endgroup]
2026-09-22T23:22:53.3221583Z [1m[92m    Finished[0m `release` profile [optimized] target(s) in 0.10s
2026-09-22T23:22:53.3244532Z [1m[92m     Running[0m unittests src\lib.rs (target\release\deps\spheres_sim-74f4db215ec4c50f.exe)
2026-09-22T23:22:53.3309554Z 
2026-09-22T23:22:53.3309862Z running 1 test
2026-09-22T23:23:08.5606772Z test tests::the_resource_pass_stays_under_budget ...     resources       0.0546 ms/month  (market on, best of 3, 1200 months, 137 living at start)
2026-09-22T23:23:08.5607898Z     buy pass        0.0150 ms/month  (market on, best of 3, 1200 months, 137 living at start)
2026-09-22T23:23:08.5608511Z     appetite term   0.0420 ms/month  (market on, best of 3, 1200 months, 137 living at start)
2026-09-22T23:23:08.5609071Z     total           0.1115 ms/month  (market on, best of 3, 1200 months, 137 living at start)
2026-09-22T23:23:08.5609597Z     budget 0.05 ms/month NOT met on this reading (a loaded machine?); bar 0.15
2026-09-22T23:23:08.5609958Z ok
2026-09-22T23:23:08.5610046Z 
2026-09-22T23:23:08.5610394Z test result: ok. 1 passed; 0 failed; 0 ignored; 0 measured; 1030 filtered out; finished in 15.23s
2026-09-22T23:23:08.5610742Z 
2026-09-22T23:23:08.6892774Z ##[group]Run cargo build --locked --release -p spheres-web
2026-09-22T23:23:08.6893295Z [36;1mcargo build --locked --release -p spheres-web[0m
2026-09-22T23:23:08.6963683Z shell: C:\Program Files\PowerShell\7\pwsh.EXE -command ". '{0}'"
2026-09-22T23:23:08.6964024Z env:
2026-09-22T23:23:08.6964220Z   CARGO_HOME: C:\Users\runneradmin\.cargo
2026-09-22T23:23:08.6964474Z   CARGO_INCREMENTAL: 0
2026-09-22T23:23:08.6964676Z   CARGO_TERM_COLOR: always
2026-09-22T23:23:08.6964879Z ##[endgroup]
2026-09-22T23:23:12.2204233Z [1m[92m   Compiling[0m spheres-web v0.6.0 (D:\a\Spheres\Spheres\spheres-web)
2026-09-22T23:23:12.2207074Z [1m[93mwarning[0m[1m[97m: unused import: `path::PathBuf`[0m
2026-09-22T23:23:12.2208091Z  [1m[96m--> [0mspheres-web\vendor\tiny_http\src\connection.rs:7:5
2026-09-22T23:23:12.2209056Z   [1m[96m|[0m
2026-09-22T23:23:12.2210546Z [1m[96m7[0m [1m[96m|[0m     path::PathBuf,
2026-09-22T23:23:12.2211326Z   [1m[96m|[0m     [1m[93m^^^^^^^^^^^^^[0m
2026-09-22T23:23:12.2211839Z   [1m[96m|[0m
2026-09-22T23:23:12.2212666Z   [1m[96m= [0m[1m[97mnote[0m: `#[warn(unused_imports)]` (part of `#[warn(unused)]`) on by default
2026-09-22T23:23:12.2213657Z 
2026-09-22T23:23:12.2214228Z [1m[93mwarning[0m[1m[97m: unused import: `SequentialWriter`[0m
2026-09-22T23:23:12.2215142Z  [1m[96m--> [0mspheres-web\vendor\tiny_http\src\util\mod.rs:7:28
2026-09-22T23:23:12.2215774Z   [1m[96m|[0m
2026-09-22T23:23:12.2216803Z [1m[96m7[0m [1m[96m|[0m pub use self::sequential::{SequentialWriter, SequentialWriterBuilder};
2026-09-22T23:23:12.2217859Z   [1m[96m|[0m                            [1m[93m^^^^^^^^^^^^^^^^[0m
2026-09-22T23:23:12.2218282Z 
2026-09-22T23:23:12.2218844Z [1m[93mwarning[0m[1m[97m: trait `MustBeShareDummy` is never used[0m
2026-09-22T23:23:12.2219762Z    [1m[96m--> [0mspheres-web\vendor\tiny_http\src\lib.rs:164:7
2026-09-22T23:23:12.2220432Z     [1m[96m|[0m
2026-09-22T23:23:12.2221653Z [1m[96m164[0m [1m[96m|[0m trait MustBeShareDummy: Sync + Send {}
2026-09-22T23:23:12.2222574Z     [1m[96m|[0m       [1m[93m^^^^^^^^^^^^^^^^[0m
2026-09-22T23:23:12.2223142Z     [1m[96m|[0m
2026-09-22T23:23:12.2223989Z     [1m[96m= [0m[1m[97mnote[0m: `#[warn(dead_code)]` (part of `#[warn(unused)]`) on by default
2026-09-22T23:23:12.2224562Z 
2026-09-22T23:23:12.2225508Z [1m[93mwarning[0m: `tiny_http` (lib) generated 3 warnings (run `cargo fix --lib -p tiny_http` to apply 2 suggestions)
2026-09-22T23:24:35.3607980Z [1m[92m    Finished[0m `release` profile [optimized] target(s) in 1m 26s
2026-09-22T23:24:35.5176011Z ##[group]Run npm ci --prefix tools/ui
2026-09-22T23:24:35.5176401Z [36;1mnpm ci --prefix tools/ui[0m
2026-09-22T23:24:35.5251817Z shell: C:\Program Files\PowerShell\7\pwsh.EXE -command ". '{0}'"
2026-09-22T23:24:35.5252180Z env:
2026-09-22T23:24:35.5252378Z   CARGO_HOME: C:\Users\runneradmin\.cargo
2026-09-22T23:24:35.5252644Z   CARGO_INCREMENTAL: 0
2026-09-22T23:24:35.5252859Z   CARGO_TERM_COLOR: always
2026-09-22T23:24:35.5253069Z ##[endgroup]
2026-09-22T23:24:40.6817516Z 
2026-09-22T23:24:40.6818145Z added 2 packages, and audited 3 packages in 4s
2026-09-22T23:24:40.6827153Z 
2026-09-22T23:24:40.6827406Z found 0 vulnerabilities
2026-09-22T23:24:43.2666545Z ##[group]Run npx --prefix tools/ui playwright install --with-deps chromium
2026-09-22T23:24:43.2667186Z [36;1mnpx --prefix tools/ui playwright install --with-deps chromium[0m
2026-09-22T23:24:43.2745105Z shell: C:\Program Files\PowerShell\7\pwsh.EXE -command ". '{0}'"
2026-09-22T23:24:43.2745486Z env:
2026-09-22T23:24:43.2745705Z   CARGO_HOME: C:\Users\runneradmin\.cargo
2026-09-22T23:24:43.2745992Z   CARGO_INCREMENTAL: 0
2026-09-22T23:24:43.2746207Z   CARGO_TERM_COLOR: always
2026-09-22T23:24:43.2746437Z ##[endgroup]
2026-09-22T23:28:01.8240238Z 
2026-09-22T23:28:01.8260437Z Success Restart Needed Exit Code      Feature Result                               
2026-09-22T23:28:01.8266693Z ------- -------------- ---------      --------------                               
2026-09-22T23:28:01.8271473Z True    No             Success        {Media Foundation}                           
2026-09-22T23:28:01.8276264Z 
2026-09-22T23:28:01.8276358Z 
2026-09-22T23:28:01.9827499Z Downloading Chrome for Testing 145.0.7632.6 (playwright chromium v1208)[2m from https://cdn.playwright.dev/builds/cft/145.0.7632.6/win64/chrome-win64.zip[22m
2026-09-22T23:28:02.2647432Z |                                                                                |   0% of 172.8 MiB
2026-09-22T23:28:02.5268049Z |■■■■■■■■                                                                        |  10% of 172.8 MiB
2026-09-22T23:28:02.7320452Z |■■■■■■■■■■■■■■■■                                                                |  20% of 172.8 MiB
2026-09-22T23:28:02.9137777Z |■■■■■■■■■■■■■■■■■■■■■■■■                                                        |  30% of 172.8 MiB
2026-09-22T23:28:03.0852119Z |■■■■■■■■■■■■■■■■■■■■■■■■■■■■■■■■                                                |  40% of 172.8 MiB
2026-09-22T23:28:03.2468380Z |■■■■■■■■■■■■■■■■■■■■■■■■■■■■■■■■■■■■■■■■                                        |  50% of 172.8 MiB
2026-09-22T23:28:03.4012675Z |■■■■■■■■■■■■■■■■■■■■■■■■■■■■■■■■■■■■■■■■■■■■■■■■                                |  60% of 172.8 MiB
2026-09-22T23:28:03.5572526Z |■■■■■■■■■■■■■■■■■■■■■■■■■■■■■■■■■■■■■■■■■■■■■■■■■■■■■■■■                        |  70% of 172.8 MiB
2026-09-22T23:28:03.7065850Z |■■■■■■■■■■■■■■■■■■■■■■■■■■■■■■■■■■■■■■■■■■■■■■■■■■■■■■■■■■■■■■■■                |  80% of 172.8 MiB
2026-09-22T23:28:03.8563987Z |■■■■■■■■■■■■■■■■■■■■■■■■■■■■■■■■■■■■■■■■■■■■■■■■■■■■■■■■■■■■■■■■■■■■■■■■        |  90% of 172.8 MiB
2026-09-22T23:28:04.0051035Z |■■■■■■■■■■■■■■■■■■■■■■■■■■■■■■■■■■■■■■■■■■■■■■■■■■■■■■■■■■■■■■■■■■■■■■■■■■■■■■■■| 100% of 172.8 MiB
2026-09-22T23:28:09.3504288Z Chrome for Testing 145.0.7632.6 (playwright chromium v1208) downloaded to C:\Users\runneradmin\AppData\Local\ms-playwright\chromium-1208
2026-09-22T23:28:09.3514182Z Downloading FFmpeg (playwright ffmpeg v1011)[2m from https://cdn.playwright.dev/dbazure/download/playwright/builds/ffmpeg/1011/ffmpeg-win64.zip[22m
2026-09-22T23:28:09.5665007Z |                                                                                |   1% of 1.3 MiB
2026-09-22T23:28:09.5716482Z |■■■■■■■■                                                                        |  10% of 1.3 MiB
2026-09-22T23:28:09.5743769Z |■■■■■■■■■■■■■■■■                                                                |  20% of 1.3 MiB
2026-09-22T23:28:09.5764688Z |■■■■■■■■■■■■■■■■■■■■■■■■                                                        |  30% of 1.3 MiB
2026-09-22T23:28:09.5787112Z |■■■■■■■■■■■■■■■■■■■■■■■■■■■■■■■■                                                |  40% of 1.3 MiB
2026-09-22T23:28:09.5807669Z |■■■■■■■■■■■■■■■■■■■■■■■■■■■■■■■■■■■■■■■■                                        |  51% of 1.3 MiB
2026-09-22T23:28:09.5825841Z |■■■■■■■■■■■■■■■■■■■■■■■■■■■■■■■■■■■■■■■■■■■■■■■■                                |  60% of 1.3 MiB
2026-09-22T23:28:09.5846720Z |■■■■■■■■■■■■■■■■■■■■■■■■■■■■■■■■■■■■■■■■■■■■■■■■■■■■■■■■                        |  70% of 1.3 MiB
2026-09-22T23:28:09.5867937Z |■■■■■■■■■■■■■■■■■■■■■■■■■■■■■■■■■■■■■■■■■■■■■■■■■■■■■■■■■■■■■■■■                |  80% of 1.3 MiB
2026-09-22T23:28:09.5889240Z |■■■■■■■■■■■■■■■■■■■■■■■■■■■■■■■■■■■■■■■■■■■■■■■■■■■■■■■■■■■■■■■■■■■■■■■■        |  90% of 1.3 MiB
2026-09-22T23:28:09.5911590Z |■■■■■■■■■■■■■■■■■■■■■■■■■■■■■■■■■■■■■■■■■■■■■■■■■■■■■■■■■■■■■■■■■■■■■■■■■■■■■■■■| 100% of 1.3 MiB
2026-09-22T23:28:09.6721947Z FFmpeg (playwright ffmpeg v1011) downloaded to C:\Users\runneradmin\AppData\Local\ms-playwright\ffmpeg-1011
2026-09-22T23:28:09.6730816Z Downloading Chrome Headless Shell 145.0.7632.6 (playwright chromium-headless-shell v1208)[2m from https://cdn.playwright.dev/builds/cft/145.0.7632.6/win64/chrome-headless-shell-win64.zip[22m
2026-09-22T23:28:09.9514955Z |                                                                                |   0% of 108.8 MiB
2026-09-22T23:28:10.1484823Z |■■■■■■■■                                                                        |  10% of 108.8 MiB
2026-09-22T23:28:10.2849459Z |■■■■■■■■■■■■■■■■                                                                |  20% of 108.8 MiB
2026-09-22T23:28:10.4062872Z |■■■■■■■■■■■■■■■■■■■■■■■■                                                        |  30% of 108.8 MiB
2026-09-22T23:28:10.5209076Z |■■■■■■■■■■■■■■■■■■■■■■■■■■■■■■■■                                                |  40% of 108.8 MiB
2026-09-22T23:28:10.6297575Z |■■■■■■■■■■■■■■■■■■■■■■■■■■■■■■■■■■■■■■■■                                        |  50% of 108.8 MiB
2026-09-22T23:28:10.7361637Z |■■■■■■■■■■■■■■■■■■■■■■■■■■■■■■■■■■■■■■■■■■■■■■■■                                |  60% of 108.8 MiB
2026-09-22T23:28:10.8341201Z |■■■■■■■■■■■■■■■■■■■■■■■■■■■■■■■■■■■■■■■■■■■■■■■■■■■■■■■■                        |  70% of 108.8 MiB
2026-09-22T23:28:10.9336716Z |■■■■■■■■■■■■■■■■■■■■■■■■■■■■■■■■■■■■■■■■■■■■■■■■■■■■■■■■■■■■■■■■                |  80% of 108.8 MiB
2026-09-22T23:28:11.0282177Z |■■■■■■■■■■■■■■■■■■■■■■■■■■■■■■■■■■■■■■■■■■■■■■■■■■■■■■■■■■■■■■■■■■■■■■■■        |  90% of 108.8 MiB
2026-09-22T23:28:11.1275111Z |■■■■■■■■■■■■■■■■■■■■■■■■■■■■■■■■■■■■■■■■■■■■■■■■■■■■■■■■■■■■■■■■■■■■■■■■■■■■■■■■| 100% of 108.8 MiB
2026-09-22T23:28:15.2115912Z Chrome Headless Shell 145.0.7632.6 (playwright chromium-headless-shell v1208) downloaded to C:\Users\runneradmin\AppData\Local\ms-playwright\chromium_headless_shell-1208
2026-09-22T23:28:15.2126428Z Downloading Winldd (playwright winldd v1007)[2m from https://cdn.playwright.dev/dbazure/download/playwright/builds/winldd/1007/winldd-win64.zip[22m
2026-09-22T23:28:15.4164038Z |■■■■■■■■                                                                        |  12% of 0.1 MiB
2026-09-22T23:28:15.4167166Z |■■■■■■■■■■■■■■■■                                                                |  25% of 0.1 MiB
2026-09-22T23:28:15.4185707Z |■■■■■■■■■■■■■■■■■■■■■■■■                                                        |  38% of 0.1 MiB
2026-09-22T23:28:15.4192419Z |■■■■■■■■■■■■■■■■■■■■■■■■■■■■■■■■■■■■■■■■                                        |  51% of 0.1 MiB
2026-09-22T23:28:15.4200191Z |■■■■■■■■■■■■■■■■■■■■■■■■■■■■■■■■■■■■■■■■■■■■■■■■■■■■■■■■                        |  70% of 0.1 MiB
2026-09-22T23:28:15.4205674Z |■■■■■■■■■■■■■■■■■■■■■■■■■■■■■■■■■■■■■■■■■■■■■■■■■■■■■■■■■■■■■■■■                |  89% of 0.1 MiB
2026-09-22T23:28:15.4209907Z |■■■■■■■■■■■■■■■■■■■■■■■■■■■■■■■■■■■■■■■■■■■■■■■■■■■■■■■■■■■■■■■■■■■■■■■■■■■■■■■■| 100% of 0.1 MiB
2026-09-22T23:28:15.4532170Z Winldd (playwright winldd v1007) downloaded to C:\Users\runneradmin\AppData\Local\ms-playwright\winldd-1007
2026-09-22T23:28:15.6325436Z ##[group]Run node tools/ui/ci-browser.cjs
2026-09-22T23:28:15.6326110Z [36;1mnode tools/ui/ci-browser.cjs[0m
2026-09-22T23:28:15.6406930Z shell: C:\Program Files\PowerShell\7\pwsh.EXE -command ". '{0}'"
2026-09-22T23:28:15.6407362Z env:
2026-09-22T23:28:15.6407633Z   CARGO_HOME: C:\Users\runneradmin\.cargo
2026-09-22T23:28:15.6407964Z   CARGO_INCREMENTAL: 0
2026-09-22T23:28:15.6408537Z   CARGO_TERM_COLOR: always
2026-09-22T23:28:15.6408812Z ##[endgroup]
2026-09-22T23:29:51.5270460Z Node 20 is being deprecated. This workflow is running with Node 24 by default. If you need to temporarily use Node 20, you can set the ACTIONS_ALLOW_USE_UNSECURE_NODE_VERSION=true environment variable. For more information see: https://github.blog/changelog/2025-09-19-deprecation-of-node-20-on-github-actions-runners/
2026-09-22T23:29:51.5271951Z ##[group]Run actions/upload-artifact@v4
2026-09-22T23:29:51.5272308Z with:
2026-09-22T23:29:51.5272568Z   name: browser-evidence-windows-latest
2026-09-22T23:29:51.5272897Z   path: artifacts/browser-ci
2026-09-22T23:29:51.5273200Z   if-no-files-found: warn
2026-09-22T23:29:51.5273509Z   compression-level: 6
2026-09-22T23:29:51.5273777Z   overwrite: false
2026-09-22T23:29:51.5274045Z   include-hidden-files: false
2026-09-22T23:29:51.5274319Z env:
2026-09-22T23:29:51.5274565Z   CARGO_HOME: C:\Users\runneradmin\.cargo
2026-09-22T23:29:51.5274927Z   CARGO_INCREMENTAL: 0
2026-09-22T23:29:51.5275180Z   CARGO_TERM_COLOR: always
2026-09-22T23:29:51.5275500Z ##[endgroup]
2026-09-22T23:29:51.8309482Z (node:1920) [DEP0040] DeprecationWarning: The `punycode` module is deprecated. Please use a userland alternative instead.
2026-09-22T23:29:51.8310473Z (Use `node --trace-deprecation ...` to show where the warning was created)
2026-09-22T23:29:51.8455059Z With the provided path, there will be 16 files uploaded
2026-09-22T23:29:51.8463088Z Artifact name is valid!
2026-09-22T23:29:51.8464413Z Root directory input is valid!
2026-09-22T23:29:52.2007333Z Beginning upload of artifact content to blob storage
2026-09-22T23:29:53.1253413Z (node:1920) [DEP0169] DeprecationWarning: `url.parse()` behavior is not standardized and prone to errors that have security implications. Use the WHATWG URL API instead. CVEs are not issued for `url.parse()` vulnerabilities.
2026-09-22T23:29:54.1191227Z Uploaded bytes 8388608
2026-09-22T23:29:54.3127479Z Uploaded bytes 12133033
2026-09-22T23:29:54.3764462Z Finished uploading artifact content to blob storage!
2026-09-22T23:29:54.3765972Z SHA256 digest of uploaded artifact zip is b228ea901bfb449e85ec5f62d7250ccb58c32f5e735280132b1eca7d337d170f
2026-09-22T23:29:54.3768543Z Finalizing artifact upload
2026-09-22T23:29:54.6334507Z Artifact browser-evidence-windows-latest.zip successfully finalized. Artifact ID 10725035575
2026-09-22T23:29:54.6336556Z Artifact browser-evidence-windows-latest has been successfully uploaded! Final size is 12133033 bytes. Artifact ID is 10725035575
2026-09-22T23:29:54.6350474Z Artifact download URL: https://github.com/ridgemerkley2-web/Spheres/actions/runs/35794328514/artifacts/10725035575
2026-09-22T23:29:54.6787092Z Node 20 is being deprecated. This workflow is running with Node 24 by default. If you need to temporarily use Node 20, you can set the ACTIONS_ALLOW_USE_UNSECURE_NODE_VERSION=true environment variable. For more information see: https://github.blog/changelog/2025-09-19-deprecation-of-node-20-on-github-actions-runners/
2026-09-22T23:29:54.6788810Z Post job cleanup.
2026-09-22T23:29:54.9196779Z (node:4500) [DEP0040] DeprecationWarning: The `punycode` module is deprecated. Please use a userland alternative instead.
2026-09-22T23:29:54.9198163Z (Use `node --trace-deprecation ...` to show where the warning was created)
2026-09-22T23:29:54.9204718Z Cache hit occurred on the primary key node-cache-Windows-x64-npm-2993b154bbb51f3226165b34eeedb8890f7870aced1ad546a52b629df5ec6cbf, not saving cache.
2026-09-22T23:29:54.9596923Z Node 20 is being deprecated. This workflow is running with Node 24 by default. If you need to temporarily use Node 20, you can set the ACTIONS_ALLOW_USE_UNSECURE_NODE_VERSION=true environment variable. For more information see: https://github.blog/changelog/2025-09-19-deprecation-of-node-20-on-github-actions-runners/
2026-09-22T23:29:54.9599197Z Post job cleanup.
2026-09-22T23:29:55.2224287Z [command]"C:\Program Files\Git\bin\git.exe" version
2026-09-22T23:29:55.2507103Z git version 2.55.0.windows.5
2026-09-22T23:29:55.2584030Z Temporarily overriding HOME='D:\a\_temp\94816528-1315-4500-b66a-8cf912e11531' before making global git config changes
2026-09-22T23:29:55.2585589Z Adding repository directory to the temporary git global config as a safe directory
2026-09-22T23:29:55.2596361Z [command]"C:\Program Files\Git\bin\git.exe" config --global --add safe.directory D:\a\Spheres\Spheres
2026-09-22T23:29:55.2948455Z [command]"C:\Program Files\Git\bin\git.exe" config --local --name-only --get-regexp core\.sshCommand
2026-09-22T23:29:55.3271392Z [command]"C:\Program Files\Git\bin\git.exe" submodule foreach --recursive "sh -c \"git config --local --name-only --get-regexp 'core\.sshCommand' && git config --local --unset-all 'core.sshCommand' || :\""
2026-09-22T23:29:55.9029219Z [command]"C:\Program Files\Git\bin\git.exe" config --local --name-only --get-regexp http\.https\:\/\/github\.com\/\.extraheader
2026-09-22T23:29:55.9277770Z http.https://github.com/.extraheader
2026-09-22T23:29:55.9317415Z [command]"C:\Program Files\Git\bin\git.exe" config --local --unset-all http.https://github.com/.extraheader
2026-09-22T23:29:55.9605282Z [command]"C:\Program Files\Git\bin\git.exe" submodule foreach --recursive "sh -c \"git config --local --name-only --get-regexp 'http\.https\:\/\/github\.com\/\.extraheader' && git config --local --unset-all 'http.https://github.com/.extraheader' || :\""
2026-09-22T23:29:56.4894194Z [command]"C:\Program Files\Git\bin\git.exe" config --local --name-only --get-regexp ^includeIf\.gitdir:
2026-09-22T23:29:56.5182454Z [command]"C:\Program Files\Git\bin\git.exe" submodule foreach --recursive "git config --local --show-origin --name-only --get-regexp remote.origin.url"
2026-09-22T23:29:57.0618981Z Cleaning up orphan processes
2026-09-22T23:29:57.1064052Z Terminate orphan process: pid (2712) (vctip)
2026-09-22T23:29:57.1246921Z ##[warning]Node.js 20 is deprecated. The following actions target Node.js 20 but are being forced to run on Node.js 24: actions/checkout@v4, actions/setup-node@v4, actions/upload-artifact@v4. For more information see: https://github.blog/changelog/2025-09-19-deprecation-of-node-20-on-github-actions-runners/
