Code_CNCCFP;Nom_du_parti;Unite_monetaire;Exercice;Ecarts_d_acquisition_brut;Ecarts_d_acquisition_amortissements_et_depreciations;Ecarts_d_acquisition_net;Immobilisations_incorporelles_brut;Immobilisations_incorporelles_amortissements_et_depreciations;Immobilisations_incorporelles_net;Terrains_et_constructions_brut;Terrains_et_constructions_amortissements_et_depreciations;Terrains_et_constructions_net;Autres_immobilisations_corporelles_brut;Autres_immobilisations_corporelles_amortissements_et_depreciations;Autres_immobilisations_corporelles_net;Participations_et_creances_rattachees_brut;Participations_et_creances_rattachees_amortissements_et_depreciations;Participations_et_creances_rattachees_net;Autres_titres_immobilises_brut;Autres_titres_immobilises_amortissements_et_depreciations;Autres_titres_immobilises_net;Prets_a_des_partis_ou_groupements_politiques_brut;Prets_a_des_partis_ou_groupements_politiques_amortissements_et_depreciations;Prets_a_des_partis_ou_groupements_politiques_net;Prets_aux_candidats_brut;Prets_aux_candidats_amortissements_et_depreciations;Prets_aux_candidats_net;Prets_aux_organisations_territoriales_ou_specialisees_du_parti_brut;Prets_aux_organisations_territoriales_ou_specialisees_du_parti_amortissements_et_depreciations;Prets_aux_organisations_territoriales_ou_specialisees_du_parti_net;Prets_a_d_autres_organismes_brut;Prets_a_d_autres_organismes_amortissements_et_depreciations;Prets_a_d_autres_organismes_net;Autres_prets_brut;Autres_prets_amortissements_et_depreciations;Autres_prets_net;Autres_immobilisations_financieres_brut;Autres_immobilisations_financieres_amortissements_et_depreciations;Autres_immobilisations_financieres_net;Total_I_brut;Total_I_amortissements_et_depreciations;Total_I_net;Stocks_et_en_cours_brut;Stocks_et_en_cours_amortissements_et_depreciations;Stocks_et_en_cours_net;Avances_et_acomptes_verses_sur_commande_brut;Avances_et_acomptes_verses_sur_commande_amortissements_et_depreciations;Avances_et_acomptes_verses_sur_commande_net;Creances_clients_et_comptes_rattaches_brut;Creances_clients_et_comptes_rattaches_amortissements_et_depreciations;Creances_clients_et_comptes_rattaches_net;Creances_aupres_de_partis_ou_groupements_politiques_brut;Creances_aupres_de_partis_ou_groupements_politiques_amortissements_et_depreciations;Creances_aupres_de_partis_ou_groupements_politiques_net;Autres_creances_brut;Autres_creances_amortissements_et_depreciations;Autres_creances_net;Valeurs_mobilieres_de_placement_brut;Valeurs_mobilieres_de_placement_amortissements_et_depreciations;Valeurs_mobilieres_de_placement_net;Disponibilites_brut;Disponibilites_amortissements_et_depreciations;Disponibilites_net;Charges_constatees_d_avance_brut;Charges_constatees_d_avance_amortissements_et_depreciations;Charges_constatees_d_avance_net;Total_II_brut;Total_II_amortissements_et_depreciations;Total_II_net;Actifs_des_entites_non_significatives_III_brut;Actifs_des_entites_non_significatives_III_amortissements_et_depreciations;Actifs_des_entites_non_significatives_III_net_;TOTAL_GENERAL_I_+_II_+_III_brut;TOTAL_GENERAL_I_+_II_+_III_amortissements_et_depreciations;TOTAL_GENERAL_I_+_II_+_III_net;Reserves;Reserves_pour_frais_de_campagnes_electorales;Reserves_pour_frais_de_manifestation;Report_a_nouveau;Excedent_ou_deficit_de_l_exercice;Autres_fonds_propres;Interet_des_tiers;Total_I;Provisions_pour_risques;Provisions_pour_charges;Total_II;Emprunts_et_dettes_aupres_d_etablissement_de_credit;Emprunts_et_dettes_aupres_de_personnes_physiques_a_taux_preferentiel;Autres_emprunts_et_dettes_aupres_de_personnes_physiques;Emprunts_et_dettes_aupres_de_partis_ou_groupements_politiques;Dettes_fournisseurs_et_comptes_rattaches;Dettes_fiscales_et_sociales;Dettes_envers_les_candidats;Dettes_envers_les_organisations_territoriales_et_specialisees;Autres_dettes;Produits_constates_d_avance;Total_III;Passifs_des_entites_non_significatives_IV;TOTAL_GENERAL_I_+_II_+_III_+_IV;Cotisations_des_adherents;Cotisations_des_elus;Aide_publique_1ere_fraction;Aide_publique_2nde_fraction;Autres_aides_publiques;Dons_de_personne_physique;Devolutions_de_l_excedent_des_comptes_de_campagne;Devolutions_de_partis_ou_groupements_politiques;Contributions_financieres_de_partis_ou_groupements_politiques;Prestations_de_services_manifestations_et_colloques;Prestations_de_services_aux_candidats;Reprise_sur_amortissements_depreciations_provisions_et_transferts_de_charges;Ventes_de_marchandises_productions_vendue_biens_et_services_production_stockee_et_production_immobilisee;Produits_des_entites_non_significatives;Autres_produits;Total_I;Contributions_versees_aux_candidats;Prises_en_charge_de_depenses_electorales;Contributions_a_des_partis_ou_groupements_politiques;Contributions_a_des_organisations_territoriales_ou_specialisees_du_parti;Contributions_a_d_autres_organismes;Achats_de_marchandises_et_variation_de_stocks;Congres_manifestation_et_universite;Communication_presse_publications_televisions_publicite_sites_internet_reseaux_sociaux;Locations_redevances_de_credit_bail_et_charges_locatives;Deplacements_missions_et_receptions;Honoraires;Personnels_exterieurs;Autres_achats_et_autres_charges_externes;Impots_et_taxes;Salaires_et_traitements;Charges_sociales;Dotations_aux_amortissements_et_depreciations_sur_immobilisations;Dotations_aux_depreciations_sur_actif_circulant;Dotations_aux_provisions;Charges_des_entites_non_significatives;Autres_charges;Total_II;1_RESULTAT_DES_ACTIVITES_I_II;Produits_de_participation;Produits_des_autres_immobilisations_financieres;Autres_interets_et_produits_assimiles;Reprises_sur_provisions_depreciations_et_transferts_de_charge_fin;Produits_nets_sur_cessions_de_valeurs_mobilieres_de_placement;Total_III;Dotations_aux_amortissements_aux_depreciations_et_aux_provisions_fin;Interets_et_charges_assimilees;Charges_nettes_sur_cessions_de_valeurs_mobilieres_de_placement;Total_IV;2_RESULTAT_FINANCIER_III_IV;3_RESULTAT_COURANT_I_II_+_III_IV;PE_sur_operations_de_gestion;PE_sur_operations_en_capital;Reprise_sur_provisions_depreciations_et_transferts_de_charges_excep;Total_V;CE_sur_operations_de_gestion;CE_sur_operations_en_capital;Dotations_aux_amortissements_aux_depreciations_et_aux_provisions_excep;Total_VI;4_RESULTAT_EXCEPTIONNEL_V_VI;Impots_sur_les_benefices_VII;Dotations_aux_amortissements_des_ecarts_d_acquisition_VIII;Interets_des_tiers_IX;Total_des_produits_I_+_III_+_V;Total_des_charges_II_+_IV_+VI_+_VII_+_VIII_+_IX;EXCEDENT_OU_DEFICIT_D_ENSEMBLE
13;CENTRE NATIONAL DES INDÉPENDANTS ET PAYSANS;EUR;2024;0;0;0;0;0;0;198184;183184;15000;32072;32072;0;0;0;0;0;0;0;0;0;0;0;0;0;0;0;0;0;0;0;0;0;0;1300;0;1300;231556;215256;16300;0;0;0;0;0;0;0;0;0;0;0;0;45693;0;45693;1693;28387;-26694;54187;0;54187;0;0;0;101572;28387;73186;2674;0;2674;335802;243643;92159;0;0;0;-12024;11781;0;0;-243;0;0;0;1606;0;0;0;77089;5942;0;0;7765;0;92402;0;92159;5920;0;0;0;0;74541;0;0;45693;0;0;0;51841;0;13;178008;23000;0;600;0;3000;0;1809;0;25939;61757;18151;0;17091;5271;9549;102;0;0;0;0;5;166275;11733;0;0;33;0;0;33;0;0;0;0;33;11766;15;0;0;15;0;0;0;0;15;0;0;0;178056;166275;11781
40;RASSEMBLEMENT NATIONAL;EUR;2024;0;0;0;358495;190704;167791;0;0;0;1000127;623675;376452;14000;0;14000;18000;0;18000;0;0;0;1993852;1262239;731613;0;0;0;5000;0;5000;103140;49700;53440;275518;157471;118047;3768132;2283789;1484343;0;0;0;262463;0;262463;130592;640;129952;14062;6985;7077;1527644;25393;1502251;200000;0;200000;4046003;0;4046003;278150;0;278150;6458914;33018;6425896;0;0;0;10227046;2316807;7910239;-59621;0;0;-20429836;-516005;269846;0;-20735615;9689789;42961;9732749;0;0;16029243;203500;1337708;473718;0;0;868935;0;18913105;0;7910239;3071583;1007630;6797831;3377855;0;1030789;334;0;0;36536;1480784;50818;51989;0;416631;17322778;5188;99220;18000;0;67000;0;1459643;1645072;743637;441127;2132235;372686;1308654;238206;2095126;884189;182060;2940;0;0;10788;11705771;5617007;0;0;239841;533946;0;773787;21790;925508;120293;1067591;-293804;5323203;503652;11581;92448;607681;683545;388;5762765;6446698;-5839017;191;0;0;18704246;19220251;-516005
42;GÉNÉRATION ÉCOLOGIE;EUR;2024;0;0;0;12258;5139;7119;0;0;0;2099;35;2064;153;0;153;0;0;0;0;0;0;26387;0;26387;0;0;0;0;0;0;0;0;0;0;0;0;40896;5174;35722;0;0;0;4889;0;4889;0;0;0;0;0;0;0;0;0;0;0;0;375107;0;375107;0;0;0;379996;0;379996;0;0;0;420892;5174;415718;0;0;0;242925;157091;0;0;400016;0;0;0;0;0;0;0;14208;1494;0;0;0;0;15702;0;415718;27154;36686;0;0;0;119033;0;0;172462;48054;0;4539;43864;0;1047;452838;0;0;0;0;0;22289;0;0;18237;25245;14282;16380;135950;407;43974;13952;759;0;0;0;3988;295462;157376;0;0;1;0;0;1;0;0;0;0;1;157377;0;0;0;0;286;0;0;286;-286;0;0;0;452839;295748;157091
46;GROUPEMENT FRANCE-RÉUNION;EUR;2024;0;0;0;0;0;0;0;0;0;0;0;0;0;0;0;15;0;15;0;0;0;0;0;0;0;0;0;0;0;0;0;0;0;0;0;0;15;0;15;0;0;0;0;0;0;0;0;0;0;0;0;0;0;0;0;0;0;136134;0;136134;687;0;687;136822;0;136822;0;0;0;136837;0;136837;115598;0;0;-11030;25323;0;0;129892;0;0;0;0;0;0;0;3103;0;0;0;3842;0;6945;0;136837;0;29198;0;0;0;0;0;0;0;0;0;0;0;0;0;29198;0;0;0;0;0;0;0;0;0;0;3700;0;176;0;0;0;0;0;0;0;0;3876;25323;0;0;0;0;0;0;0;0;0;0;0;25323;0;0;0;0;0;0;0;0;0;0;0;0;29199;3876;25323
49;LE TRÈFLE-LES NOUVEAUX ÉCOLOGISTES-HOMME NATURE ANIMAUX;EUR;2024;0;0;0;1176;1176;0;0;0;0;30254;30254;0;0;0;0;0;0;0;2500;0;2500;0;0;0;0;0;0;0;0;0;0;0;0;1935;1935;0;35864;33364;2500;0;0;0;0;0;0;0;0;0;0;0;0;0;0;0;0;0;0;36442;0;36442;0;0;0;36442;0;36442;0;0;0;72306;33364;38942;0;0;0;-7709;30902;0;0;23192;0;0;0;0;0;0;0;15750;0;0;0;0;0;15750;0;38942;0;0;0;0;0;0;0;0;54212;0;0;15150;0;0;0;69362;0;0;0;0;13875;0;0;0;0;1713;3000;0;3578;0;0;0;1935;0;0;0;0;24101;45261;0;0;794;0;0;794;0;0;0;0;794;46055;0;0;0;0;15153;0;0;15153;-15153;0;0;0;70156;39254;30902
52;PARTI RADICAL DE GAUCHE;EUR;2024;0;0;0;0;0;0;76224,51;76224,51;0;68571,82;36858,33;31713,49;0;0;0;152,5;0;152,5;0;0;0;3000;0;3000;0;0;0;0;0;0;0;0;0;513,6;0;513,6;148462,43;113082,84;35379,59;0;0;0;0;0;0;27550;0;27550;0;0;0;1212,61;0;1212,61;0;0;0;294496,75;0;294496,75;3836,01;0;3836,01;327095,37;0;327095,37;0;0;0;475557,8;113082,84;362474,96;0;0;0;425903,24;-333872,65;0;0;92030,59;0;0;0;0;0;0;0;16784,72;19041,09;0;0;234618,56;0;270444,37;0;362474,96;14620;34309;385039,5;519669,95;0;43441;513,17;0;0;0;0;0;0;0;49026;1046618,62;555000;60366,5;307591,5;0;0;0;41042,63;3610,45;61468,64;129857,86;13825,8;0;52738,33;911;89665,35;71434,65;4221,71;0;0;0;28,78;1391763,2;-345144,58;0;0;2063,35;0;0;2063,35;0;787,53;0;787,53;1275,82;-343868,76;10564,32;0;15135;25699,32;15703,21;0;0;15703,21;9996,11;0;0;0;1074381,29;1408253,94;-333872,65
53;ARIAS 94;EUR;2024;1449;483;966;0;0;0;0;0;0;0;0;0;0;0;0;0;0;0;0;0;0;0;0;0;0;0;0;0;0;0;0;0;0;0;0;0;1449;483;966;0;0;0;0;0;0;0;0;0;0;0;0;1299;0;1299;0;0;0;69577;0;69577;0;0;0;70875;0;70875;0;0;0;72324;483;71841;78846;0;0;0;-8445;0;0;70401;0;0;0;0;0;0;0;1440;0;0;0;0;0;1440;0;71841;0;0;0;0;0;0;0;0;0;0;0;0;0;0;0;0;0;0;0;0;0;0;2873;0;0;3767;1680;0;2;0;0;0;483;0;0;0;0;8805;-8805;0;0;0;0;0;0;0;0;0;0;0;-8805;360;0;0;360;0;0;0;0;360;0;0;0;360;8805;-8445
60;PARTI COMMUNISTE FRANÇAIS;EUR;2024;650598,99;0;650598,99;165827,72;147020,88;18806,84;39259178,46;28216433,63;11042744,83;7267446,68;5816117,38;1451329,3;227535,49;28965,31;198570,18;204636,83;0;204636,83;10000;0;10000;745420,49;0;745420,49;2223798,05;111772,23;2112025,82;0;0;0;323100;0;323100;45067;0;45067;51122609,71;34320309,43;16802300,28;20507,87;0;20507,87;3184,6;0;3184,6;602678,12;204342,61;398335,51;19846,83;0;19846,83;182526,42;24651,68;157874,74;11266549,02;0;11266549,02;11046594,89;0;11046594,89;85237,75;0;85237,75;23227125,5;228994,29;22998131,21;0;0;0;74349735,21;34549303,72;39800431,49;4983324,83;0;0;28172443,1;-734285,3;748413,29;1119611,81;34289507,73;118480,26;95155,08;213635,34;1033526,64;0;189903,12;0;1392655,23;1945403,97;0;1068,25;685790,58;48940,63;5297288,42;0;39800431,49;5861853,54;5932180,04;855392,49;1262055,59;58970,43;5648087,3;9274,96;0;57603,54;5119661,38;134801,93;838990,06;4137628,5;14768,7;383364,14;30314632,6;687226,15;538840,21;176816,59;0;266695,07;632687,69;4638940,97;2907787,76;2595710,8;1731070,68;509247,83;24837,89;5866494,37;2263922,33;5269118,82;2008190,26;1222070,5;57370,81;114738;27341,25;346530,36;31885638,34;-1571005,74;0;0;253939,22;0;0;253939,22;81189,12;96883,44;0;178072,56;75866,66;-1495139,08;139185,41;890294,66;10971,81;1040451,88;109997,26;46651,08;20878,4;177526,74;862925,14;102071,36;0;0;31609023,7;32343309;-734285,3
64;PARTI COMMUNISTE MARTINIQUAIS;EUR;2024;0;0;0;0;0;0;0;0;0;1331;1331;0;0;0;0;0;0;0;0;0;0;0;0;0;0;0;0;0;0;0;0;0;0;0;0;0;1331;1331;0;0;0;0;0;0;0;0;0;0;0;0;0;0;0;0;0;0;0;465;0;465;0;0;0;465;0;465;0;0;0;1796;1331;465;0;0;0;160;-1344;0;0;-1184;0;0;0;0;0;0;0;1649;0;0;0;0;0;1649;0;465;2660;0;0;0;0;0;0;0;0;0;0;0;0;0;0;2660;0;0;0;0;0;0;0;0;0;0;1594;0;210;0;0;0;0;0;0;0;0;1804;856;0;0;0;0;0;0;0;0;0;0;0;856;0;0;0;0;2200;0;0;2200;-2200;0;0;0;2660;4004;-1344
65;PARTI COMMUNISTE RÉUNIONNAIS;EUR;2024;0;0;0;0;0;0;179620;179620;0;175489;167459;8030;0;0;0;0;0;0;0;0;0;0;0;0;0;0;0;0;0;0;0;0;0;8918;8918;0;364026;355997;8030;0;0;0;0;0;0;0;0;0;0;0;0;11083;7868;3215;0;0;0;39897;0;39897;5707;0;5707;56687;7868;48820;0;0;0;420714;363864;56849;0;0;0;27149;4383;0;0;31532;0;0;0;0;0;0;0;20656;2142;0;0;2520;0;25318;0;56849;3970;42496;787;0;0;17225;0;0;0;0;0;0;0;0;12;64490;0;0;0;0;0;0;0;37373;5000;1265;9440;0;6493;0;0;0;3301;0;0;0;0;62870;1619;0;0;0;375;0;375;0;0;0;0;375;1994;0;0;2389;2389;0;0;0;0;2389;0;0;0;67253;62870;4383
68;PARTI PROGRESSISTE DÉMOCRATIQUE GUADELOUPÉEN;EUR;2024;0;0;0;0;0;0;54000;0;54000;769;588;181;0;0;0;0;0;0;0;0;0;0;0;0;0;0;0;0;0;0;0;0;0;570;0;570;55339;588;54751;0;0;0;0;0;0;0;0;0;0;0;0;124091;0;124091;0;0;0;14828;0;14828;0;0;0;138919;0;138919;0;0;0;194258;588;193670;0;0;0;74217;33869;0;0;108086;0;0;0;0;0;0;0;1694;14848;0;0;69042;0;85584;0;193670;2920;1790;12733;111358;0;0;0;0;0;0;0;0;0;0;0;128801;0;0;69042;0;0;0;3368;506;7282;295;1802;0;2381;0;0;0;256;0;0;0;0;84932;43869;0;0;0;0;0;0;0;0;0;0;0;43869;0;0;0;0;10000;0;0;10000;-10000;0;0;0;128801;94932;33869
69;PARTI PROGRESSISTE MARTINIQUAIS;EUR;2024;0;0;0;18370;18370;0;2593;2593;0;134002;129954;4047;375;0;375;0;0;0;0;0;0;39443;5000;34443;0;0;0;0;0;0;0;0;0;1054;0;1054;195836;155917;39919;10758;10758;0;1208;0;1208;0;0;0;0;0;0;0;0;0;0;0;0;104950;0;104950;0;0;0;116916;10758;106158;0;0;0;312751;166675;146076;0;0;0;0;4276;116660;0;120937;0;0;0;0;0;0;0;17665;7474;0;0;0;0;25140;0;146076;6215;23370;7210;37119;0;1121;0;0;0;0;6329;0;0;0;2511;83875;0;0;0;0;0;0;0;0;6049;17536;15852;0;22167;0;0;0;6324;0;0;0;11670;79598;4276;0;0;0;0;0;0;0;0;0;0;0;4276;0;0;0;0;0;0;0;0;0;0;0;0;83875;79598;4276
70;PARTI RADICAL;EUR;2024;0;0;0;55260;48510;6750;625562;369111;256451;518766;280983;237783;488;0;488;0;0;0;0;0;0;18550;18550;0;0;0;0;0;0;0;0;0;0;1465;;1465;1220090;717154;502937;59;0;59;0;0;0;76245;71345;4900;39000;0;39000;37732;15000;22732;47541;0;47541;164842;0;164842;0;0;0;365420;86345;279075;0;0;0;1585510;803499;782011;-245531;0;0;0;-16112;0;205647;-55996;0;0;0;266136;0;0;108323;338707;116083;0;0;6903;1855;838007;0;782011;25510;4899;0;0;0;1670;0;0;772909;0;2408;8761;0;0;8781;824939;0;0;115070;0;0;0;7036;16116;34154;34281;102579;0;31989;14223;292962;67038;53446;71345;0;0;35681;875921;-50982;0;0;99;0;0;99;0;5347;0;5347;-5248;-56230;1173;72600;0;73773;8863;18300;0;27163;46610;0;0;6491;898810;914922;-16112
76;PARTI SOCIALISTE;EUR;2024;12554;0;12554;1086760;1022711;64049;23551089;10552666;12998423;12008425;8693672;3314754;369556;0;369556;381276;916;380360;71705;0;71705;4679739;25829;4653910;0;0;0;0;0;0;571788;545449;26339;179591;8683;170908;42912484;20849926;22062558;60919;30000;30919;6221;0;6221;323122;135103;188018;8409;0;8409;882665;118466;764199;2026971;5304;2021668;16042449;0;16042449;222966;0;222966;19573722;288873;19284849;0;0;0;62486206;21138799;41347407;500945;0;0;-7168023;-1249488;40624747;0;32708180;82217;645011;727228;3474408;0;0;0;1841770;1307131;7599;20504;1260341;245;7911998;0;41347407;2153212;4951333;1370704;3303616;5000;333010;0;518;22090;594359;90153;2114394;349443;983;48506;15337321;113226;158466;8511;19922;45731;68122;104214;120871;1732415;1487569;1682133;27565;3619183;659054;3942411;1613120;871767;30000;376589;140;134689;16815700;-1478380;30488;1001;193651;2875;561;228576;400;115933;0;116333;112243;-1366136;71000;16032;89749;176781;20817;8242;15500;44558;132222;15574;0;0;15742678;16992166;-1249488
78;PARTI SOCIALISTE GUADELOUPÉEN;EUR;2024;0;0;0;0;0;0;0;0;0;0;0;0;0;0;0;15;0;15;0;0;0;0;0;0;0;0;0;0;0;0;0;0;0;0;0;0;15;0;15;0;0;0;0;0;0;0;0;0;0;0;0;218,19;0;218,19;0;0;0;64,58;0;64,58;0;0;0;282,77;0;282,77;0;0;0;297,77;0;297,77;0;0;0;-1254,62;-415,8;0;0;-1670,42;0;0;0;0;0;0;0;1750;0;0;0;218,19;0;1968,19;0;297,77;0;0;0;0;0;100;0;0;0;0;0;0;0;0;0;100;0;0;0;0;0;0;0;0;0;0;250;0;265,8;0;0;0;0;0;0;0;0;515,8;-415,8;0;0;0;0;0;0;0;0;0;0;0;-415,8;0;0;0;0;0;0;0;0;0;0;0;0;100;515,8;-415,8
81;PARTIT OCCITAN;EUR;2024;0;0;0;0;0;0;0;0;0;3335,54;3335,54;0;0;0;0;663;0;663;0;0;0;0;0;0;0;0;0;0;0;0;0;0;0;0;0;0;3998,54;3335,54;663;0;0;0;0;0;0;0;0;0;0;0;0;0;0;0;0;0;0;45649,42;0;45649,42;506,31;0;506,31;46155,73;0;46155,73;0;0;0;50154,27;3335,54;46818,73;-47588,2;0;0;0;-3110,91;58339,9;0;7640,79;0;0;0;0;0;0;33800,94;5112;0;0;0;0;265;39177,94;0;46818,73;3829;0;0;0;0;7400;0;0;18780,91;0;0;33800,94;3575,47;0;0;67386,32;0;33800,94;0;0;0;0;0;13113,21;21,04;2655,52;5112;0;41647,98;0;0;0;0;0;0;0;0;96350,69;-28964,37;0;0;1063,57;0;0;1063,57;0;0;0;0;1063,57;-27900,8;24789,89;0;0;24789,89;0;0;0;0;24789,89;0;0;0;93239,78;96350,69;-3110,91
90;UNION DÉMOCRATIQUE BRETONNE;EUR;2024;0;0;0;0;0;0;188703,06;2081,28;186621,78;10781,1;9693,2;1087,9;315;0;315;0;0;0;0;0;0;0;0;0;0;0;0;0;0;0;0;0;0;0;0;0;199799,16;11774,48;188024,68;18683,11;3934,73;14748,38;0;0;0;5509,76;89,79;5419,97;0;0;0;3479,26;0;3479,26;0;0;0;316812,25;0;316812,25;2605,47;0;2605,47;347089,85;4024,52;343065,33;0;0;0;546889,01;15799;531090,01;0;0;0;-23910,78;63521,32;399150,66;0;438761,2;0;2996;2996;36843,27;0;0;0;19701,53;17586,01;0;0;0;15202;89332,81;0;531090,01;56832,48;67917,2;5856;0;0;8748;0;0;93888,2;15650,5;6625;1727;57676,37;0;310,5;315231,25;0;0;0;0;0;330,54;0;6672,88;1922,62;21015,99;21089,41;0;90669,11;3215,69;86702,16;21905,33;804,68;89,79;1547;0;517,54;256482,74;58748,51;0;0;4953,36;0;0;4953,36;0;689,26;0;689,26;4264,1;63012,61;469,34;0;51,21;520,55;11,84;0;0;11,84;508,71;0;0;0;320705,16;257183,84;63521,32
95;UNION POUR LA DÉMOCRATIE FRANÇAISE;EUR;2024;0;0;0;140253;51224;89029;6294566;2279766;4014800;2266201;1645018;621183;15245;0;15245;0;0;0;0;0;0;0;0;0;0;0;0;0;0;0;55029;0;55029;1287;0;1287;8772580;3976008;4796573;0;0;0;0;0;0;0;0;0;24707;0;24707;314340;0;314340;900000;0;900000;207187;0;207187;0;0;0;1446233;0;1446233;0;0;0;10218814;3976008;6242806;6075426;0;0;-48751;-131580;0;20000;5915096;289259;0;289259;0;0;0;0;36110;2341;0;0;0;0;38451;0;6242806;1020;0;0;0;0;1800;0;0;0;0;0;0;12803;0;2910;18533;0;0;0;0;0;0;0;11856;0;646;62916;0;0;323;1878;0;90880;0;0;0;378;168878;-150345;0;0;23141;0;0;23141;0;2062;0;2062;21079;-129266;0;0;0;0;0;0;0;0;0;2314;0;0;41674;173254;-131580
96;LUTTE OUVRIÈRE;EUR;2024;0;0;0;1200;1200;0;840000;80521;759479;2024957;1420203;604754;0;0;0;729;0;729;0;0;0;1796;0;1796;0;0;0;0;0;0;0;0;0;32158;0;32158;2900840;1501924;1398916;121471;106400;15071;15686;0;15686;42813;0;42813;0;0;0;18084;0;18084;0;0;0;2906967;0;2906967;30372;0;30372;3135393;106400;3028993;0;0;0;6036233;1608324;4427909;270749;0;0;4954120;-1126486;0;97151;4195534;0;0;0;0;0;0;0;196991;11369;0;0;5064;18951;232375;0;4427909;1533904;988;370631;0;57403;1140276;0;0;0;375120;46068;152194;1162900;0;161;4839645;135659;65294;0;0;0;0;698128;3955830;202497;60781;130399;0;376532;73400;70056;22230;153146;5099;0;0;189;5949240;-1109595;0;0;0;0;0;0;0;0;0;0;0;-1109595;0;0;0;0;787;0;0;787;-787;0;0;16104;4839645;5966131;-1126486
100;UNION RÉPUBLICAINE LORRAINE;EUR;2024;0;0;0;0;0;0;0;0;0;0;0;0;0;0;0;0;0;0;0;0;0;0;0;0;0;0;0;0;0;0;0;0;0;0;0;0;0;0;0;0;0;0;0;0;0;0;0;0;0;0;0;0;0;0;19013;0;19013;6280;0;6280;0;0;0;25293;0;25293;0;0;0;25293;0;25293;0;0;0;25460;-1210;0;0;24250;0;0;0;0;0;0;0;960;83;0;0;0;0;1043;0;25293;0;0;0;0;0;0;0;0;0;0;0;0;0;0;0;0;0;0;0;0;0;0;0;0;0;251;960;0;561;0;0;0;0;0;0;0;0;1772;-1772;0;0;645;0;0;645;0;0;0;0;645;-1127;0;0;0;0;0;0;0;0;0;83;0;0;645;1855;-1210
104;LES ÉCOLOGISTES;EUR;2024;0;0;0;518664;276680;241984;6191175;1085372;5105803;1412557;383561;1028996;257522;0;257522;57933;63700;-5767;0;0;0;5364682;0;5364682;0;0;0;0;0;0;0;0;0;59324;0;59324;13861856;1809313;12052544;1535;0;1535;1004;0;1004;34693;0;34693;64342;0;64342;1243392;0;1243392;491534;0;491534;4511363;0;4511363;75421;0;75421;6423284;0;6423284;-516;0;-516;20284624;1809313;18475312;2385206;0;0;6445313;912259;733944;0;10476722;68440;17303;85743;5549484;0;0;0;547424;506992;8655;0;1300292;0;7912847;0;18475312;1237361;2773145;1749335;1447652;0;316557;5380;93;0;226272;164456;519504;155705;9906;38586;8643952;44045;27636;602819;0;76453;7640;54552;61690;675942;544897;445467;1070;1549978;136296;2170337;754972;209675;0;9400;3;11208;7384080;1259872;8716;45;38484;0;0;47245;63700;272423;0;336123;-288878;970994;54337;44620;0;98958;146071;11622;0;157693;-58735;0;0;0;8790155;7877896;912259
116;SOLIDARITÉ ÉCOLOGIE GAUCHE ALTERNATIVE;EUR;2024;1900;0;1900;0;0;0;30000;22908,33;7091,67;11694,7;11694,7;0;0;0;0;457,5;0;457,5;0;0;0;0;0;0;0;0;0;0;0;0;0;0;0;0;0;0;44052,2;34603,03;9449,17;0;0;0;0;0;0;0;0;0;0;0;0;0;0;0;68747;0;68747;9170,71;0;9170,71;0;0;0;77917,71;0;77917,71;0;0;0;121969,91;34603,03;87366,88;494;0;0;118109,43;-31236,55;0;0;87366,88;0;0;0;0;0;0;0;0;0;0;0;0;0;0;0;87366,88;585;0;0;0;0;13365;0;0;4329,11;0;0;0;0;0;380;18659,11;0;0;0;0;37600,17;0;0;0;54,01;4188,97;4782,89;0;3408,3;473;0;0;1500;0;0;0;0;52007,34;-33348,23;0;0;2111,68;0;0;2111,68;0;0;0;0;2111,68;-31236,55;0;0;0;0;0;0;0;0;0;0;0;0;20770,79;52007,34;-31236,55
119;TAVINI HUIRAATIRA NO TE AO MA'OHI (FRONT DE LIBÉRATION DE POLYNÉSIE);EUR;2024;0;0;0;0;0;0;141357;1060;140297;30699;17160;13540;0;0;0;0;0;0;0;0;0;0;0;0;0;0;0;0;0;0;0;0;0;3127;1786;1341;175183;20006;155177;4925;0;4925;0;0;0;0;0;0;0;0;0;2936;0;2936;0;0;0;96148;0;96148;410;0;410;104419;0;104419;0;0;0;279602;20006;259596;0;0;0;132727;112702;0;0;245429;0;0;0;0;0;0;0;12772;1396;0;0;0;0;14168;0;259596;6704;167013;0;0;0;1944;0;0;105790;0;0;0;3402;0;33;284887;62850;0;0;0;0;1822;0;0;13422;9582;34635;0;19142;2626;17950;5013;5057;0;0;0;0;172101;112786;0;0;0;0;0;0;0;0;0;0;0;112786;0;0;0;0;84;0;0;84;-84;0;0;0;284887;172185;112702
121;AMUITAHIRA'A O TE NUNA'A MAOHI;EUR;2024;0;0;0;0;0;0;0;0;0;85746;52627;33120;0;0;0;0;0;0;0;0;0;0;0;0;0;0;0;0;0;0;0;0;0;503;0;503;86249;52627;33622;0;0;0;0;0;0;0;0;0;0;0;0;12039;12039;0;0;0;0;3181;0;3181;0;0;0;15220;12039;3181;0;0;0;101469;64665;36803;31296;0;0;-138605;-21290;0;0;-128599;0;0;0;13573;0;0;0;41265;3952;0;0;106612;0;165403;0;36803;9117;0;13611;0;0;3578;0;0;0;0;0;0;0;0;3029;29336;0;0;0;0;0;0;0;0;10056;0;9862;0;16120;604;0;0;9217;0;0;0;0;45859;-16523;0;0;0;0;0;0;0;3006;0;3006;-3006;-19529;0;0;0;0;1762;0;0;1762;-1762;0;0;0;29336;50627;-21290
127;MOUVEMENT RÉPUBLICAIN ET CITOYEN;EUR;2024;0;0;0;46102,08;46102,08;0;0;0;0;140401,84;140401,84;0;0;0;0;0;0;0;0;0;0;0;0;0;0;0;0;0;0;0;0;0;0;4304,25;0;4304,25;190808,17;186503,92;4304,25;0;0;0;0;0;0;0;0;0;0;0;0;0;0;0;0;0;0;36752,45;0;36752,45;582;0;582;37334,45;0;37334,45;0;0;0;228142,62;186503,92;41638,7;7785,92;13749,73;0;0;-9908,34;0;0;11627,31;0;0;0;0;0;0;0;29911,39;100;0;0;0;0;30011,39;0;41638,7;13200,38;12797,23;0;0;0;13532,88;0;0;19113;0;0;0;25595,16;0;1064,59;85303,24;0;0;1000;0;0;0;0;0;43383,84;1739,05;9634;0;24450,59;151,68;11962,93;2888,82;0;0;0;0;0,67;95211,58;-9908,34;0;0;0;0;0;0;0;0;0;0;0;-9908,34;0;0;0;0;0;0;0;0;0;0;0;0;85303,24;95211,58;-9908,34
148;ARCHIPEL DEMAIN;EUR;2024;0;0;0;2030;2030;0;0;0;0;41687;37910;3778;0;0;0;0;0;0;0;0;0;8171;0;8171;0;0;0;0;0;0;0;0;0;900;0;900;52787;39939;12848;0;0;0;0;0;0;0;0;0;0;0;0;0;0;0;0;0;0;179518;0;179518;0;0;0;179518;0;179518;0;0;0;232306;39939;192367;161937;0;0;0;18171;2881;0;182989;0;0;0;0;0;0;0;9377;0;0;0;0;0;9377;0;192367;150;10500;0;0;0;610;0;0;29695;0;0;0;0;0;849;41804;0;0;0;0;0;0;0;0;12156;2293;5106;0;2986;844;0;0;250;0;0;0;0;23634;18170;0;0;1;0;0;1;0;0;0;0;1;18171;0;0;0;0;0;0;0;0;0;0;0;0;41805;23634;18171
180;AIMER ANGERS;EUR;2024;0;0;0;0;0;0;986,99;986,99;0;3857,5;3857,5;0;0;0;0;0;0;0;0;0;0;0;0;0;0;0;0;0;0;0;0;0;0;0;0;0;4844,49;4844,49;0;0;0;0;0;0;0;0;0;0;0;0;0;0;0;0;68082;0;68082;70148,37;0;70148,37;434,19;0;434,19;138664,56;0;138664,56;0;0;0;143509,05;4844,49;138664,56;319358,9;0;0;-182963,04;876,7;0;0;137272,56;0;0;0;0;0;0;0;1392;0;0;0;0;0;1392;0;138664,56;880;0;0;0;0;790;0;0;0;0;0;0;0;0;0;1670;0;0;0;0;0;0;0;1323,61;0;793,08;1392;0;769,34;225;0;0;0;0;0;0;0;4503,03;-2833,03;0;0;3709,73;0;0;3709,73;0;0;0;0;3709,73;876,7;0;0;0;0;0;0;0;0;0;0;0;0;5379,73;4503,03;876,7
182;LES ÉCOLOGISTES - MOUVEMENT ÉCOLOGISTE INDÉPENDANT;EUR;2024;0;0;0;0;0;0;0;0;0;953;953;0;0;0;0;0;0;0;0;0;0;0;0;0;0;0;0;0;0;0;0;0;0;0;0;0;953;953;0;0;0;0;0;0;0;0;0;0;0;0;0;0;0;0;0;0;0;13723,31;0;13723,31;0;0;0;13723,31;0;13723,31;0;0;0;14676,31;953;13723,31;0;25,13;0;-9891,66;-12935,06;0;0;-22801,59;0;0;0;0;30000;2000;0;4320;204,9;0;0;0;0;36524,9;0;13723,31;2810;4503;249981,67;0;0;18794;0;0;0;0;0;0;0;0;0;276088,67;0;0;214163,14;0;0;0;525,92;0;6391,4;9318,97;4320;0;54319,86;0;0;0;0;0;0;0;0;289039,29;-12950,62;0;0;15,56;0;0;15,56;0;0;0;0;15,56;-12935,06;0;0;0;0;0;0;0;0;0;0;0;0;276104,23;289039,29;-12935,06
186;LE RASSEMBLEMENT - LES RÉPUBLICAINS;EUR;2024;0;0;0;0;0;0;209986;102576;107410;87736;87274;462;0;0;0;0;0;0;0;0;0;0;0;0;0;0;0;0;0;0;0;0;0;1103;0;1103;298825;189850;108975;309;0;309;136;0;136;0;0;0;0;0;0;2809;0;2809;0;0;0;55535;0;55535;942;0;942;59731;0;59731;0;0;0;358556;189850;168706;145682;0;0;-8766;6293;0;0;143209;0;0;0;0;0;0;0;9936;1201;0;0;14360;0;25497;0;168706;23518;21794;20737;0;0;9239;0;0;0;0;0;34336;362;0;67;110053;0;0;0;0;0;-309;0;0;9249;8057;15045;0;25955;1064;34267;2766;2003;0;0;0;412;98509;11544;0;0;62;0;0;62;0;5313;0;5313;-5251;6293;0;0;0;0;0;0;0;0;0;0;0;0;110115;103822;6293
192;ASSOCIATION DÉMOCRATIE ET LIBERTÉ;EUR;2024;0;0;0;0;0;0;0;0;0;800;800;0;0;0;0;0;0;0;0;0;0;0;0;0;0;0;0;0;0;0;0;0;0;247;0;247;1047;800;247;0;0;0;0;0;0;0;0;0;0;0;0;0;0;0;0;0;0;13948;0;13948;0;0;0;13948;0;13948;0;0;0;14995;800;14195;0;0;0;10423;1368;0;0;11791;0;0;0;0;0;0;0;2404;0;0;0;0;0;2404;0;14195;550;3017;0;0;0;320;0;0;0;0;0;0;0;0;0;3887;0;0;0;0;0;0;0;0;0;574;1668;0;284;0;0;0;0;0;0;0;0;2527;1360;8;0;0;0;0;8;0;0;0;0;1368;0;0;0;0;0;0;0;0;0;0;0;0;0;3895;2527;1368
195;UNSER LAND;EUR;2024;0;0;0;2487;2487;0;0;0;0;5876;5876;0;0;0;0;0;0;0;0;0;0;0;0;0;0;0;0;0;0;0;0;0;0;0;0;0;8363;8363;0;9113;0;9113;0;0;0;0;0;0;0;0;0;349;0;349;0;0;0;159303;0;159303;0;0;0;168765;0;168765;0;0;0;177128;8363;168765;0;0;0;27801;-78566;209331;0;158565;0;0;0;0;0;0;0;8736;1333;0;0;131;0;10200;0;168765;7575;0;0;0;0;47320;0;0;41882;0;0;0;25467;0;1170;123414;31472;0;0;0;0;98918;0;0;0;16122;17689;0;1478;0;24978;8166;0;0;0;0;4457;203280;-79866;0;0;1300;;;1300;0;0;0;0;1300;-78566;0;0;0;0;0;0;0;0;0;0;0;0;124714;203280;-78566
208;COMITÉ DE SOUTIEN À PATRICK BOBET;EUR;2024;0;0;0;0;0;0;0;0;0;2986,07;2986,07;0;0;0;0;0;0;0;0;0;0;0;0;0;0;0;0;0;0;0;0;0;0;0;0;0;2986,07;2986,07;0;0;0;0;0;0;0;0;0;0;0;0;0;0;0;0;0;0;0;22231,39;0;22231,39;0;0;0;22231,39;0;22231,39;0;0;0;25217,46;2986,07;22231,39;0;0;0;18699,17;2692,22;0;0;21391,39;0;0;0;0;0;0;0;840;0;0;0;0;0;840;0;22231,39;0;6000;0;0;0;0;0;0;0;0;0;0;0;0;0;6000;0;0;0;0;0;0;0;0;0;2851;840;0;198,74;0;0;0;0;0;0;0;0;3889,74;2110,26;0;0;581,96;0;0;581,96;0;0;0;0;581,96;2692,22;0;0;0;0;0;0;0;0;0;0;0;0;6581,96;3889,74;2692,22
210;SOLIDARITÉ ET PROGRÈS;EUR;2024;0;0;0;0;0;0;0;0;0;47509;47316;193;0;0;0;0;0;0;0;0;0;0;0;0;0;0;0;0;0;0;0;0;0;11186;0;11186;58695;47316;11379;0;0;0;0;0;0;0;0;0;0;0;0;0;0;0;0;0;0;6325;0;6325;7017;0;7017;13342;0;13342;0;0;0;72037;47316;24721;0;0;0;-116905;8106;0;0;-108799;0;0;0;0;0;69319;0;54953;6135;0;0;1000;2113;133520;0;24721;12713;0;0;0;0;214439;0;0;0;360;0;0;13907;0;2;241421;0;0;0;0;0;0;272;24342;94901;10812;10460;0;54876;0;30873;918;183;0;0;0;11;227649;13772;0;0;0;0;0;0;0;5236;0;5236;-5236;8536;0;0;0;0;430;0;0;430;-430;0;0;0;241421;233315;8106
225;ASSOCIATION POUR LA DÉMOCRATIE L'ÉCOLOGIE ET LA SOLIDARITÉ;EUR;2024;0;0;0;0;0;0;0;0;0;3150;3067;83;0;0;0;0;0;0;0;0;0;0;0;0;0;0;0;0;0;0;0;0;0;400;0;400;3550;3067;483;0;0;0;0;0;0;0;0;0;0;0;0;0;0;0;0;0;0;87347;0;87347;0;0;0;87347;0;87347;0;0;0;90897;3067;87830;0;0;0;83237;4595;0;0;87830;0;0;0;0;0;0;0;0;0;0;0;0;0;0;0;87830;4479;6980;0;0;0;2020;0;0;0;0;4154;;0;0;0;17633;0;4154;0;0;0;1703;0;1438;5254;1485;640;0;0;0;0;0;166;;0;0;0;14840;2793;0;0;2327;0;0;2327;0;218;0;218;2109;4902;0;0;0;0;307;0;0;307;-307;0;0;0;19960;15365;4595
233;GUADELOUPE UNIE SOLIDAIRE ET RESPONSABLE;EUR;2024;0;0;0;0;0;0;0;0;0;7499,97;6076,22;1423,75;0;0;0;0;0;0;0;0;0;22000;0;22000;0;0;0;0;0;0;0;0;0;3016,16;2986,16;30;32516,13;9062,38;23453,75;0;0;0;0;0;0;0;0;0;0;0;0;1939;0;1939;0;0;0;186634,79;0;186634,79;0;0;0;188573,79;0;188573,79;730;0;730;221819,92;9062,38;212757,54;149270,78;0;0;0;41977,63;0;0;191248,41;0;0;0;0;0;0;0;17007,92;842,93;0;0;2253,2;0;20104,05;1405,08;212757,54;7040;0;0;0;0;0;0;0;118781;0;0;0;0;0;61,97;125882,97;0;0;0;0;0;0;0;0;10970,2;12245,94;13423,75;0;42492,38;70,19;3527,74;100,14;1075;0;0;0;0;83905,34;41977,63;0;0;0;0;0;0;0;0;0;0;0;41977,63;0;0;0;0;0;0;0;0;0;0;0;0;125882,97;83905,34;41977,63
240;LE RASSEMBLEMENT (LES AMIS DE CHRISTIAN ESTROSI);EUR;2024;0;0;0;0;0;0;0;0;0;3117,85;3117,85;0;0;0;0;0;0;0;0;0;0;0;0;0;0;0;0;0;0;0;0;0;0;0;0;0;3117,85;3117,85;0;0;0;0;0;0;0;0;0;0;0;0;0;0;0;0;0;0;0;19858,91;0;19858,91;2815,04;0;2815,04;22673,95;0;22673,95;0;0;0;25791,8;3117,85;22673,95;0;0;0;28433,9;-20861,52;0;0;7572,38;0;0;0;0;0;0;0;12332,76;0;0;0;2768,81;0;15101,57;0;22673,95;1920;32064;0;0;0;0;0;0;0;0;0;0;0;0;0;33984;0;0;0;0;0;0;0;0;4601,55;-833,65;6240;0;44837,62;0;0;0;0;0;0;0;0;54845,52;-20861,52;0;0;0;0;0;0;0;0;0;0;0;-20861,52;0;0;0;0;0;0;0;0;0;0;0;0;33984;54845,52;-20861,52
242;ARGENTEUIL QUE NOUS AIMONS;EUR;2024;0;0;0;0;0;0;0;0;0;0;0;0;0;0;0;0;0;0;0;0;0;0;0;0;0;0;0;0;0;0;0;0;0;0;0;0;0;0;0;0;0;0;0;0;0;0;0;0;0;0;0;0;0;0;0;0;0;34685;0;34685;0;0;0;34685;0;34685;0;0;0;34685;0;34685;35197;0;0;0;-1712;0;0;33485;0;0;0;0;0;0;0;1200;0;0;0;0;0;1200;0;34685;2080;310;0;0;0;484;0;0;0;0;0;0;0;0;2240;5114;0;776;0;0;0;0;0;0;921;2373;1200;0;1556;0;0;0;0;0;0;0;0;6826;-1712;0;0;0;0;0;0;0;0;0;0;0;-1712;0;0;0;0;0;0;0;0;0;0;0;0;5114;6826;-1712
249;RÉUSSIR ENSEMBLE EN PÉRIGORD;EUR;2024;0;0;0;0;0;0;0;0;0;38550,75;38550,75;0;0;0;0;0;0;0;0;0;0;0;0;0;0;0;0;0;0;0;0;0;0;0;0;0;38550,75;38550,75;0;0;0;0;0;0;0;0;0;0;0;0;0;0;0;0;0;0;0;7398,34;0;7398,34;0;0;0;7398,34;0;7398,34;0;0;0;45949,09;38550,75;7398,34;-1608,24;0;0;0;8623,37;0;0;7015,13;0;0;0;0;0;0;0;383,21;0;0;0;0;0;383,21;0;7398,34;0;6500;0;0;0;9000;0;0;0;0;0;0;0;0;2400;17900;0;0;0;0;0;0;0;0;2474,24;3220;828,38;-988,8;3743,26;0;0;0;0;0;0;0;0;9277,08;8622,92;0;0;0,45;0;0;0,45;0;0;0;0;0,45;8623,37;0;0;0;0;0;0;0;0;0;0;0;0;17900,45;9277,08;8623,37
256;PARTI D'UNION POUR L'AVENIR DE MANTES-LA-JOLIE;EUR;2024;0;0;0;0;0;0;144827;144827;0;12237;4928;7309;0;0;0;0;0;0;0;0;0;0;0;0;0;0;0;0;0;0;0;0;0;484;0;484;157548;149755;7793;0;0;0;0;0;0;0;0;0;0;0;0;574;0;574;0;0;0;18980;0;18980;277;0;277;19831;0;19831;0;0;0;177379;149755;27624;0;0;0;10320;15033;0;0;25353;0;0;0;0;0;0;0;2271;0;0;0;0;0;2271;0;27624;0;15900;0;0;0;18500;0;0;0;0;0;0;0;0;0;34400;3500;0;0;0;0;0;0;0;5135;0;4462;0;2212;2806;0;0;1279;0;0;0;0;19394;15006;0;0;0;0;0;0;0;0;0;0;0;15006;27;0;0;27;0;0;0;0;27;0;0;0;34427;19394;15033
267;LES UNIVERSALISTES;EUR;2024;0;0;0;0;0;0;0;0;0;1905;1905;0;0;0;0;0;0;0;0;0;0;0;0;0;0;0;0;0;0;0;0;0;0;245;0;245;2150;1905;245;0;0;0;0;0;0;0;0;0;0;0;0;188;0;188;0;0;0;119058;0;119058;0;0;0;119246;0;119246;0;0;0;121396;1905;119491;0;0;0;87780;23728;0;0;111508;0;0;0;0;0;0;0;7834;0;0;0;148;0;7982;0;119491;520;0;0;0;0;10205;0;0;54497;0;0;0;0;0;0;65222;9215;0;0;0;0;0;0;19507;0;4076;7882;0;3190;0;0;0;0;0;0;0;0;43870;21352;0;0;2375;0;0;2375;0;0;0;0;2375;23727;0;0;0;0;0;0;0;0;0;0;0;0;67597;43870;23728
274;SAVOIE D'AUJOURD'HUI;EUR;2024;0;0;0;0;0;0;0;0;0;0;0;0;0;0;0;0;0;0;0;0;0;0;0;0;0;0;0;0;0;0;0;0;0;0;0;0;0;0;0;0;0;0;0;0;0;0;0;0;0;0;0;0;0;0;0;0;0;1795,67;0;1795,67;0;0;0;1795,67;0;1795,67;0;0;0;1795,67;0;1795,67;6883,01;0;0;0;-5087,34;0;0;1795,67;0;0;0;0;0;0;0;0;0;0;0;0;0;0;0;1795,67;1575;0;0;0;0;1790;0;0;0;0;0;0;0;0;0;3365;0;0;0;0;0;0;0;0;0;110,7;630;0;7711,64;0;0;0;0;0;0;0;0;8452,34;-5087,34;0;0;0;0;0;0;0;0;0;0;0;-5087,34;0;0;0;0;0;0;0;0;0;0;0;0;3365;8452,34;-5087,34
275;AGIR AU QUOTIDIEN AVEC NICOLAS DUPONT-AIGNAN;EUR;2024;0;0;0;0;0;0;0;0;0;0;0;0;0;0;0;0;0;0;0;0;0;0;0;0;0;0;0;0;0;0;0;0;0;0;0;0;0;0;0;0;0;0;0;0;0;0;0;0;0;0;0;0;0;0;0;0;0;1283,64;0;1283,64;440,24;0;440,24;1723,88;0;1723,88;0;0;0;1723,88;0;1723,88;0;0;0;6028,71;-6022,83;0;0;5,88;0;0;0;0;0;0;0;1718;0;0;0;0;0;1718;0;1723,88;0;0;0;0;0;9705;0;0;0;0;0;0;0;0;0;9705;0;0;0;0;0;0;0;0;0;2603,95;1864;0;11259,88;0;0;0;0;0;0;0;0;15727,83;-6022,83;0;0;0;0;0;0;0;0;0;0;0;-6022,83;0;0;0;0;0;0;0;0;0;0;0;0;9705;15727,83;-6022,83
283;UNION DES DÉMOCRATES ET DES ÉCOLOGISTES DE MARTINIQUE;EUR;2024;0;0;0;0;0;0;0;0;0;0;0;0;0;0;0;0;0;0;0;0;0;0;0;0;0;0;0;0;0;0;0;0;0;0;0;0;0;0;0;0;0;0;0;0;0;0;0;0;0;0;0;0;0;0;0;0;0;39;0;39;0;0;0;39;0;39;0;0;0;39;0;39;0;0;0;-2161;-5691;1341;0;-6511;0;0;0;0;0;0;0;1550;0;0;0;0;5000;6550;0;39;0;0;0;0;951;300;0;0;15000;0;0;0;0;0;0;16251;0;0;0;0;0;0;0;0;7462;9839;2210;0;2432;0;0;0;0;0;0;0;0;21942;-5691;0;0;0;0;0;0;0;0;0;0;0;-5691;0;0;0;0;0;0;0;0;0;0;0;0;16251;21942;-5691
292;ENSEMBLE POUR LA FRANCE;EUR;2024;0;0;0;0;0;0;0;0;0;10311;9945;366;0;0;0;15;0;15;0;0;0;0;0;0;0;0;0;0;0;0;0;0;0;0;0;0;10326;9945;381;0;0;0;0;0;0;0;0;0;0;0;0;0;0;0;0;0;0;72196;0;72196;0;0;0;72196;0;72196;0;0;0;82522;9945;72577;23087;0;0;50970;-2503;0;0;71554;0;0;0;0;0;0;0;1022;0;0;0;0;0;1022;0;72577;5100;0;0;0;0;0;0;0;0;0;0;0;0;0;0;5100;0;0;0;0;0;0;0;0;0;1322;333;0;225;0;0;0;1223;0;0;0;0;3103;1997;0;0;0;0;0;0;0;0;0;0;0;1997;0;0;0;0;0;4500;0;4500;-4500;0;0;0;5100;7603;-2503
299;UNION POUR SAINT-SÉBASTIEN-SUR-LOIRE;EUR;2024;0;0;0;0;0;0;0;0;0;1000;1000;0;0;0;0;8;0;8;0;0;0;0;0;0;0;0;0;0;0;0;0;0;0;0;0;0;1008;1000;8;0;0;0;0;0;0;0;0;0;0;0;0;0;0;0;0;0;0;0;0;18608;0;0;0;0;0;18608;0;0;0;1008;1000;18615;0;0;0;0;7204;6491;0;13695;0;0;0;0;0;0;0;1920;0;0;0;3000;0;4920;0;18615;0;11001;0;0;0;0;0;0;0;0;0;0;0;0;0;11001;0;0;0;0;0;0;0;0;0;0;2040;0;1569;0;0;0;0;0;0;0;0;3609;7393;0;0;0;0;0;0;0;189;0;189;-189;7204;0;0;0;0;0;0;0;0;0;0;0;0;11001;3797;7204
308;TARBES 2026;EUR;2024;0;0;0;0;0;0;0;0;0;0;0;0;0;0;0;0;0;0;0;0;0;0;0;0;0;0;0;0;0;0;0;0;0;0;0;0;0;0;0;0;0;0;60;0;60;0;0;0;0;0;0;0;0;0;0;0;0;37335;0;37335;341;0;341;37736;0;37736;0;0;0;37736;0;37736;0;0;0;30460;2577;0;0;33037;0;0;0;0;0;0;0;4473;227;0;0;0;0;4700;0;37736;1280;18950;0;0;0;700;0;0;0;0;0;0;0;0;12;20941;0;0;0;0;0;0;0;0;5081;5648;2525;0;2656;30;2402;23;0;0;0;0;0;18364;2577;0;0;0;0;0;0;0;0;0;0;0;2577;0;0;0;0;0;0;0;0;0;0;0;0;20941;18364;2577
309;MOUVEMENT POUR LE DÉVELOPPEMENT DE MAYOTTE;EUR;2024;0;0;0;0;0;0;0;0;0;0;0;0;0;0;0;0;0;0;0;0;0;0;0;0;0;0;0;0;0;0;0;0;0;0;0;0;0;0;0;0;0;0;0;0;0;0;0;0;0;0;0;0;0;0;0;0;0;925;0;925;0;0;0;925;0;925;0;0;0;925;0;925;0;0;0;818;-3693;0;0;-2875;0;0;0;0;0;0;0;3800;0;0;0;0;0;3800;0;925;1795;;0;0;0;0;0;0;0;0;0;0;0;0;0;1795;0;0;0;0;0;0;0;0;1440;0;3800;0;248;0;0;0;0;0;0;0;0;5488;-3693;0;0;0;0;0;0;0;0;0;0;0;-3693;0;0;0;0;0;0;0;0;0;0;0;0;1795;5488;-3693
320;FONSORBES CITOYENNETÉ;EUR;2024;0;0;0;0;0;0;0;0;0;0;0;0;0;0;0;0;0;0;0;0;0;0;0;0;0;0;0;0;0;0;0;0;0;0;0;0;0;0;0;0;0;0;0;0;0;0;0;0;0;0;0;0;0;0;0;0;0;3967;0;3967;0;0;0;3967;0;3967;0;0;0;3967;0;3967;0;0;0;3677;-74;0;0;3603;0;0;0;0;0;0;0;360;0;0;0;4;0;364;0;3967;270;810;0;0;0;45;0;0;0;0;0;372;0;0;0;1497;0;0;0;0;0;0;440;439;0;0;732;0;50;0;0;0;0;0;0;0;0;1661;-164;0;0;90;0;0;90;0;0;0;0;90;-74;0;0;0;0;0;0;0;0;0;0;0;0;1587;1661;-74
321;LA RESTAURATION NATIONALE;EUR;2024;0;0;0;0;0;0;0;0;0;9064;3222;5842;0;0;0;0;0;0;0;0;0;0;0;0;0;0;0;0;0;0;0;0;0;0;0;0;9064;3222;5842;0;0;0;0;0;0;0;0;0;0;0;0;14545;6000;8545;0;0;0;58425;0;58425;3906;0;3906;76875;6000;70875;0;0;0;85939;9222;76717;0;0;0;11963;42663;0;0;54627;0;0;0;0;0;0;0;19278;2812;0;0;0;0;22090;0;76717;44066;0;0;0;0;73429;0;0;0;4362;0;18318;0;0;8941;149116;0;0;0;0;0;12029;14392;34893;272;1393;12892;0;20065;23;4264;765;1246;0;0;0;5081;107314;41802;0;0;0;0;0;0;0;0;0;0;0;41802;861;0;0;861;0;0;0;0;861;0;0;0;149977;107314;42663
325;PARIS POUR LES PARISIEN(NE)S;EUR;2024;0;0;0;0;0;0;0;0;0;0;0;0;0;0;0;0;0;0;0;0;0;0;0;0;0;0;0;0;0;0;0;0;0;0;0;0;0;0;0;0;0;0;0;0;0;0;0;0;0;0;0;0;0;0;0;0;0;13493,65;0;13493,65;0;0;0;13493,65;0;13493,65;0;0;0;13493,65;0;13493,65;0;0;0;9234,21;2067,46;0;0;11301,67;0;0;0;0;0;0;0;2100;0;0;0;91,98;0;2191,98;0;13493,65;0;0;0;0;0;5500;0;0;0;0;0;669,12;0;0;0;6169,12;0;669,12;0;0;0;0;0;0;0;318,9;2100;0;1013,64;0;0;0;0;0;0;0;0;4101,66;2067,46;0;0;0;0;0;0;0;0;0;0;0;2067,46;0;0;0;0;0;0;0;0;0;0;0;0;6169,12;4101,66;2067,46
332;MIEUX VIVRE ENSEMBLE;EUR;2024;0;0;0;0;0;0;0;0;0;0;0;0;0;0;0;0;0;0;0;0;0;0;0;0;0;0;0;0;0;0;0;0;0;950;0;950;950;0;950;0;0;0;0;0;0;0;0;0;0;0;0;0;0;0;0;0;0;1600;0;1600;0;0;0;1600;0;1600;0;0;0;2550;0;2550;0;67;0;0;1476;1008;0;2550;0;0;0;0;0;0;0;0;0;0;0;0;0;0;0;2550;0;810;0;0;0;18900;0;0;0;0;0;0;0;1045;0;20755;0;0;0;0;0;0;0;822;7616;1895;5235;0;3711;0;0;0;0;0;0;0;0;19279;1476;0;0;0;0;0;0;0;0;0;0;0;1476;0;0;0;0;0;0;0;0;0;0;0;0;20755;19279;1476
340;LA DROITE POPULAIRE - LA FRANCE EN TÊTE;EUR;2024;0;0;0;0;0;0;0;0;0;4089;4089;0;0;0;0;0;0;0;0;0;0;3000;0;3000;0;0;0;0;0;0;0;0;0;0;0;0;7089;4089;3000;0;0;0;0;0;0;0;0;0;0;0;0;0;0;0;0;0;0;4591;0;4591;0;0;0;4591;0;4591;0;0;0;11679;4089;7591;0;0;0;926;-2461;77;0;-1458;0;0;0;0;0;0;0;2400;0;0;0;6649;0;9049;0;7591;0;0;0;0;0;0;0;0;0;0;0;0;0;0;0;0;0;0;0;0;0;0;0;0;0;0;2400;0;61;0;0;0;0;0;0;0;0;2461;-2461;0;0;0;0;0;0;0;0;0;0;0;-2461;0;0;0;0;0;0;0;0;0;0;0;0;0;2461;-2461
341;IDÉES-FORCE;EUR;2024;0;0;0;0;0;0;0;0;0;0;0;0;0;0;0;0;0;0;0;0;0;13484;12984;500;0;0;0;0;0;0;0;0;0;4500;4500;0;17984;17484;500;0;0;0;0;0;0;0;0;0;0;0;0;0;0;0;0;0;0;19207,12;0;19207,12;0;0;0;19207,12;0;19207,12;0;0;0;37191,12;17484;19707,12;34082,02;0;0;0;-14374,9;0;0;19707,12;0;0;0;0;0;0;0;0;0;0;0;0;0;0;0;19707,12;0;6600;0;0;0;1950;0;0;0;4984,6;0;0;0;0;0;13534,6;0;0;0;0;0;0;3573,03;2450,12;916,8;0;16500;3930;567,24;0;0;0;0;0;0;0;0;27937,19;-14402,59;0;0;27,69;0;0;27,69;0;0;0;0;27,69;-14374,9;0;0;0;0;0;0;0;0;0;0;0;0;13562,29;27937,19;-14374,9
346;VIVRE À SCHOELCHER;EUR;2024;0;0;0;0;0;0;0;0;0;9418;9360;59;0;0;0;0;0;0;0;0;0;0;0;0;0;0;0;0;0;0;0;0;0;89;0;89;9507;9360;148;0;0;0;89;0;89;0;0;0;0;0;0;300;0;300;0;0;0;3705;0;3705;0;0;0;4094;0;4094;0;0;0;13601;9360;4241;0;0;0;1078;-5511;218;0;-4215;0;0;0;0;0;0;0;7676;634;0;0;147;0;8456;0;4241;1346;8938;0;0;0;200;0;0;0;0;0;0;0;0;0;10484;0;0;0;0;0;0;0;0;7000;180;3936;0;2221;143;0;0;128;0;0;500;1600;15708;-5224;0;0;0;0;0;0;0;0;0;0;-5224;0;0;0;0;0;286;0;0;286;-286;0;0;0;10484;15995;-5511
347;PARTI DU MOUVEMENT POPULAIRE FRANCISCAIN;EUR;2024;0;0;0;0;0;0;0;0;0;19242;17611;1632;0;0;0;0;0;0;0;0;0;0;0;0;0;0;0;0;0;0;0;0;0;1114;0;1114;20356;17611;2746;0;0;0;0;0;0;0;0;0;0;0;0;0;0;0;0;0;0;25558;0;25558;0;0;0;25558;0;25558;463;0;463;46377;17611;28766;0;0;0;34237;-10897;0;0;23340;0;0;0;0;0;0;0;2578;2848;0;0;0;0;5426;0;28766;0;3330;1901;74239;0;5930;0;0;0;0;0;12427;0;0;0;97826;3000;0;72011;0;0;0;0;0;6504;971;2611;0;22437;0;0;0;1190;0;0;0;0;108723;-10897;0;0;0;0;0;0;0;0;0;0;0;-10897;0;0;0;0;0;0;0;0;0;0;0;0;97826;108723;-10897
348;VIA/LA VOIE DU PEUPLE;EUR;2024;0;0;0;14830;14830;0;0;0;0;43089;42674;414;0;0;0;0;0;0;0;0;0;0;0;0;0;0;0;0;0;0;0;0;0;0;0;0;57919;57505;414;0;0;0;0;0;0;0;0;0;0;0;0;33;0;33;0;0;0;124873;0;124873;0;0;0;124906;0;124906;0;0;0;182825;57505;125320;0;0;0;0;-66354;147734;0;81380;0;0;0;0;0;0;0;17853;26087;0;0;0;0;43940;0;125320;45410;0;0;0;0;304869;0;0;0;0;0;8641;6666;0;0;365585;100000;8641;0;0;0;0;8156;0;33414;17380;23489;0;75291;-89;111432;52550;2452;0;0;430;14;433160;-67574;0;0;1220;0;0;1220;0;0;0;0;1220;-66354;0;0;0;0;0;0;0;0;0;0;0;0;366805;433160;-66354
352;RASSEMBLEMENT POUR L'ESSONNE;EUR;2024;0;0;0;0;0;0;0;0;0;8000;353;7647;0;0;0;0;0;0;0;0;0;0;0;0;0;0;0;0;0;0;0;0;0;0;0;0;8000;353;7647;0;0;0;0;0;0;0;0;0;0;0;0;0;0;0;0;0;0;234;0;234;0;0;0;234;0;234;0;0;0;8234;353;7881;7334;0;0;0;-4972;0;0;2361;0;0;0;0;0;0;0;5520;0;0;0;0;0;5520;0;7881;0;0;0;0;0;0;0;0;0;0;0;0;20880;0;0;20880;0;0;0;0;0;0;0;0;1900;12623;5690;0;5073;214;0;0;353;0;0;0;0;25852;-4972;0;0;0;0;0;0;0;0;0;0;0;-4972;0;0;0;0;0;0;0;0;0;0;0;0;20880;25852;-4972
360;FORCE RÉPUBLICAINE;EUR;2024;0;0;0;2470;2470;0;0;0;0;20537,61;20537,61;0;0;0;0;0;0;0;0;0;0;0;0;0;0;0;0;0;0;0;0;0;0;0;0;0;23007,61;23007,61;0;0;0;0;500;0;500;0;0;0;0;0;0;12240;0;12240;0;0;0;151424,57;0;151424,57;0;0;0;164164,57;0;164164,57;0;0;0;187172,18;23007,61;164164,57;234691,8;0;0;-183570,38;80328,58;0;0;131450;12240;0;12240;0;0;0;0;20474,57;0;0;0;0;0;20474,57;0;164164,57;1320;0;0;0;0;97335;0;0;0;0;0;0;0;0;0;98655;0;0;0;0;0;0;0;0;8462,59;1898,41;11804;453,6;7467,74;0;0;0;0;0;0;0;300;30386,34;68268,66;0;0;0;0;0;0;0;0;0;0;0;68268,66;12956,82;0;0;12956,82;896,9;0;0;896,9;12059,92;0;0;0;111611,82;31283,24;80328,58
366;SAVOIE PLUS LOIN;EUR;2024;0;0;0;0;0;0;0;0;0;0;0;0;0;0;0;0;0;0;0;0;0;0;0;0;0;0;0;0;0;0;0;0;0;0;0;0;0;0;0;0;0;0;0;0;0;0;0;0;0;0;0;8665,85;0;8665,85;0;0;0;1563,37;0;1563,37;168;0;168;10397,22;0;10397,22;0;0;0;10397,22;0;10397,22;0;0;0;10702,9;-4473,68;0;0;6229,22;0;0;0;0;0;0;0;4168;0;0;0;0;0;4168;0;10397,22;0;0;0;0;0;19177;0;0;0;0;0;0;0;0;0;19177;8000;3637,8;0;0;0;0;446,4;0;1200;1636,06;3918;0;4812,42;0;0;0;0;0;0;0;0;23650,68;-4473,68;0;0;0;0;0;0;0;0;0;0;0;-4473,68;0;0;0;0;0;0;0;0;0;0;0;0;19177;23650,68;-4473,68
368;ASSOCIATION DE SOUTIEN À L'ACTION DE NICOLAS SARKOZY;EUR;2024;0;0;0;0;0;0;0;0;0;0;0;0;0;0;0;0;0;0;0;0;0;0;0;0;0;0;0;0;0;0;0;0;0;0;0;0;0;0;0;0;0;0;0;0;0;0;0;0;0;0;0;0;0;0;0;0;0;27834,95;0;27834,95;0;0;0;27834,95;0;27834,95;0;0;0;27834,95;0;27834,95;8398,12;0;0;0;7800,22;0;0;16198,34;0;0;0;0;0;0;0;11636,61;0;0;0;0;0;11636,61;0;27834,95;0;0;0;0;0;20000;0;0;0;0;0;0;0;0;2177;22177;0;0;0;0;0;0;0;0;0;6211;8193,6;0;1598;0;0;0;0;0;0;0;0;16002,6;6174,4;0;0;0;1659,16;0;1659,16;0;33,34;0;33,34;1625,82;7800,22;0;0;0;0;0;0;0;0;0;0;0;0;23836,16;16035,94;7800,22
370;PARTI POUR LA LIBÉRATION DE LA MARTINIQUE;EUR;2024;0;0;0;0;0;0;0;0;0;0;0;0;0;0;0;0;0;0;0;0;0;0;0;0;0;0;0;0;0;0;0;0;0;112;0;112;112;0;112;0;0;0;0;0;0;0;0;0;0;0;0;0;0;0;0;0;0;2021;0;2021;0;0;0;2021;0;2021;0;0;0;2133;0;2133;0;0;0;0;-1931;-5557;0;-7489;0;0;0;0;0;0;0;9622;0;0;0;0;0;9622;0;2133;8656;0;0;0;0;370;0;0;0;198;0;0;0;0;0;9224;0;0;0;0;0;0;0;0;8040;0;1790;;1292;0;0;0;0;0;0;0;34;11156;-1931;0;0;0;0;0;0;0;0;0;0;0;-1931;0;0;0;0;0;0;0;0;0;0;0;0;9224;11156;-1931
373;CHATENAY-MALABRY À PLEINE VIE;EUR;2024;0;0;0;0;0;0;0;0;0;5218;1932,09;3285,91;0;0;0;0;0;0;0;0;0;0;0;0;0;0;0;0;0;0;0;0;0;0;0;0;5218;1932,09;3285,91;0;0;0;0;0;0;0;0;0;0;0;0;0;0;0;0;0;0;32048,43;0;32048,43;0;0;0;32048,43;0;32048,43;0;0;0;37266,43;1932,09;35334,34;32532,32;0;0;0;90,02;0;0;32622,34;0;0;0;0;0;0;0;2712;0;0;0;0;0;2712;0;35334,34;0;16330;0;0;0;0;0;0;0;1232;0;0;0;0;0;17562;0;0;0;0;0;0;0;0;4772,48;4939,49;2712;0;4864,92;0;0;0;183,09;0;0;0;0;17471,98;90,02;0;0;0;0;0;0;0;0;0;0;0;90,02;0;0;0;0;0;0;0;0;0;0;0;0;17562;17471,98;90,02
374;VIENNE AVENIR;EUR;2024;0;0;0;0;0;0;0;0;0;31661;22314;9347;0;0;0;0;0;0;0;0;0;0;0;0;0;0;0;0;0;0;0;0;0;0;0;0;31661;22314;9347;0;0;0;0;0;0;0;0;0;0;0;0;0;0;0;0;0;0;295549;0;295579;0;0;0;295579;0;295579;0;0;0;327240;22314;304926;291915;0;0;0;10026;0;0;301941;0;0;0;0;0;0;0;2972;0;0;0;13;0;2985;0;304926;0;95300;0;0;0;0;0;0;0;0;0;0;0;0;0;95300;0;0;0;0;0;79227;0;0;0;0;0;0;3136;0;0;0;7525;0;0;0;0;89888;5412;0;0;4614;0;0;4614;0;0;0;0;4614;10026;0;0;0;0;0;0;0;0;0;0;0;0;99914;89888;10026
377;AMICALE RÉPUBLICAINE DES MAIRES;EUR;2024;0;0;0;0;0;0;0;0;0;2093;2093;0;0;0;0;0;0;0;5350;0;5350;0;0;0;0;0;0;0;0;0;0;0;0;0;0;0;7443;2093;5350;0;0;0;0;0;0;0;0;0;0;0;0;1799;0;1799;0;0;0;24129;0;24129;0;0;0;25928;0;25928;0;0;0;33371;2093;31278;0;0;0;6676;20928;299;0;27903;0;0;0;0;0;0;0;3375;0;0;0;0;0;3375;0;31278;0;0;0;0;0;32600;0;0;0;0;0;0;0;0;0;32600;0;0;0;0;0;0;0;0;423;4118;3052;0;2079;0;0;0;0;0;0;0;0;9672;22928;0;0;0;0;0;0;0;0;0;0;0;22928;0;0;0;0;2000;0;0;2000;-2000;0;0;0;32600;11672;20928
380;RÉGIONS ET PEUPLES SOLIDAIRES;EUR;2024;0;0;0;0;0;0;0;0;0;3168;2218;950;0;0;0;0;0;0;33801;0;33801;9595;0;9595;0;0;0;0;0;0;0;0;0;0;0;0;46564;2218;44346;0;0;0;0;0;0;180;0;180;0;0;0;0;0;0;0;0;0;165084;0;165084;2873;0;2873;168137;0;168137;0;0;0;214701;2218;212483;0;0;0;237243;-67436;24984;0;194792;0;0;0;0;0;0;0;5287;9273;0;0;3131;0;17691;0;212483;0;0;580920;482551;0;4275;0;0;0;8465;0;4638;0;0;3;1080851;100000;19437;794233;0;71832;0;11152;14832;420;31480;6180;0;20501;216;40253;14014;799;0;0;0;593;1125942;-45091;0;0;1479;0;0;1479;0;0;0;0;1479;-43612;0;931;0;931;24755;0;0;24755;-23824;0;0;0;1083261;1150697;-67436
387;PARTICIPATION CITOYENNE;EUR;2024;0;0;0;0;0;0;0;0;0;0;0;0;0;0;0;0;0;0;0;0;0;0;0;0;0;0;0;0;0;0;0;0;0;0;0;0;0;0;0;0;0;0;0;0;0;0;0;0;0;0;0;0;0;0;0;0;0;1349,68;0;1349,68;0;0;0;1349,68;0;1349,68;0;0;0;1349,68;0;1349,68;5637,94;0;0;-758,06;-4370,2;0;0;509,68;0;0;0;0;0;0;0;840;0;0;0;0;0;840;0;1349,68;0;0;0;0;0;9488,5;0;392,5;0;0;0;0;0;0;0;9881;5000;7500;0;0;0;0;0;0;0;829,6;801,6;0;120;0;0;0;0;0;0;0;0;14251,2;-4370,2;0;0;0;0;0;0;0;0;0;0;0;-4370,2;0;0;0;0;0;0;0;0;0;0;0;0;9881;14251,2;-4370,2
398;CAP SUR L’AVENIR SUD;EUR;2024;0;0;0;0;0;0;0;0;0;5255,52;2414;2841,52;0;0;0;0;0;0;0;0;0;0;0;0;0;0;0;0;0;0;0;0;0;0;0;0;5255,52;2414;2841,52;0;0;0;0;0;0;0;0;0;0;0;0;0;0;0;0;0;0;180086,3;0;180086,3;0;0;0;180086,3;0;180086,3;0;0;0;185341,82;2414;182927,82;0;0;0;178017,57;-25768,75;0;0;152248,82;0;0;0;0;0;0;0;19223;0;0;0;11456;0;30679;0;182927,82;7770;0;0;0;0;26890;0;0;14476,52;0;0;0;0;0;0;49136,52;0;0;0;0;0;0;0;0;3889,54;41566,31;11352;0;18693,36;0;0;0;1673;0;0;0;0;77174,21;-28037,69;0;0;0;0;0;0;0;0;0;0;0;-28037,69;2568,94;0;0;2568,94;300;0;0;300;2268,94;0;0;0;51705,46;77474,21;-25768,75
401;LES RÉPUBLICAINS;EUR;2024;0;0;0;441419;324848;116571;1732363;1380404;351960;2207161;1801499;405662;75;0;75;0;0;0;100000;0;100000;754467;106373;648095;0;0;0;0;0;0;0;0;0;1373086;11585;1361501;6608572;3624709;2983863;6881;0;6881;42642;0;42642;0;0;0;0;0;0;409086;1635;407451;201712;0;201712;4842135;0;4842135;164608;0;164608;5667064;1635;5665429;0;0;0;12275635;3626344;8649291;-4991608;0;0;0;150845;0;0;-4840763;491479;705904;1197383;8708725;0;0;0;1791731;986474;38280;0;767462;0;12292671;0;8649291;904225;1143318;2298781;7201141;0;1298478;0;0;10000;45253;1738889;668106;29284;0;6223;15343697;314310;153142;38280;0;0;-565;302751;733959;2909072;583674;1220472;129520;2944013;767656;2996759;1374898;267717;0;45861;0;26631;14808151;535546;0;0;72209;71614;14325;158148;7649;617728;0;625377;-467229;68317;98220;3600;84079;185899;0;84987;0;84987;100912;18384;0;0;15687744;15536899;150845
408;RÉUNION AVENIR UNE AMBITION POUR LA RÉUNION DANS LA FRANCE;EUR;2024;0;0;0;0;0;0;0;0;0;0;0;0;0;0;0;0;0;0;0;0;0;0;0;0;0;0;0;0;0;0;0;0;0;0;0;0;0;0;0;0;0;0;0;0;0;0;0;0;0;0;0;0;0;0;0;0;0;23563;0;23563;0;0;0;23563;0;23563;0;0;0;23563;0;23563;0;0;0;10743;-1145;0;0;9598;0;0;0;0;0;0;0;2170;0;0;0;11795;0;13965;0;23563;0;0;0;0;0;0;0;0;0;0;0;0;0;0;0;0;0;0;0;0;0;0;0;0;0;0;1085;0;60;0;0;0;0;0;0;0;0;1145;-1145;0;0;0;0;0;0;0;0;0;0;0;-1145;0;0;0;0;0;0;0;0;0;0;0;0;0;1145;-1145
410;DEBOUT LA FRANCE;EUR;2024;0;0;0;0;0;0;0;0;0;33108,65;30714,92;2393,73;0;0;0;0;0;0;0;0;0;0;0;0;0;0;0;0;0;0;0;0;0;7489,89;0;7489,89;40598,54;30714,92;9883,62;10118,29;0;10118,29;942,76;0;942,76;0;0;0;0;0;0;70;0;70;160;0;160;27909,68;0;27909,68;2832,74;0;2832,74;42033,47;0;42033,47;0;0;0;82632,01;30714,92;51917,09;0;0;0;-212639,63;-370106,03;0;0;-582745,66;0;0;0;127635,49;0;305250;0;195076,09;5613,49;0;0;1087,68;0;634662,75;0;51917,09;94912;0;217307,16;0;0;293024,98;0;0;0;0;0;0;10795,93;0;1,61;616041,68;0;0;3000;0;0;1306,81;0;1510;85837,34;70892,26;109412;0;328826,93;295,49;56397,55;14672,52;3940,17;0;0;0;7808,71;683899,78;-67858,1;0;0;131,16;0;0;131,16;0;21313,17;0;21313,17;-21182,01;-89040,11;0;17000;0;17000;298065,92;0;0;298065,92;-281065,92;0;0;0;633172,84;1003278,87;-370106,03
413;AGIR ENSEMBLE POUR LES LEVALLOISIENS;EUR;2024;0;0;0;0;0;0;0;0;0;0;0;0;0;0;0;0;0;0;0;0;0;0;0;0;0;0;0;0;0;0;0;0;0;0;0;0;0;0;0;0;0;0;0;0;0;0;0;0;0;0;0;0;0;0;0;0;0;24142;0;24142;0;0;0;24142;0;24142;0;0;0;24142;0;24142;23177;0;0;0;-1494;0;0;21682;0;0;0;0;0;0;0;960;1500;0;0;0;0;2460;0;24142;330;0;0;0;0;180;0;0;0;0;0;0;0;0;0;510;0;0;0;0;0;0;0;120;0;538;960;0;386;0;0;0;0;0;0;0;0;2004;-1494;0;0;0;0;0;0;0;0;0;0;0;-1494;0;0;0;0;0;0;0;0;0;0;0;0;510;2004;-1494
417;NOUS, LA SAVOIE ;EUR;2024;0;0;0;0;0;0;0;0;0;1528;1528;0;0;0;0;0;0;0;0;0;0;0;0;0;0;0;0;0;0;0;0;0;0;0;0;0;1528;1528;0;0;0;0;0;0;0;0;0;0;0;0;0;0;0;0;0;0;0;12825;0;12825;0;0;0;12825;0;12825;0;0;0;14353;1528;12825;14130;0;0;0;-1305;0;0;12825;0;0;0;0;0;0;0;0;0;0;0;0;0;0;0;12825;3205;0;0;0;0;600;0;0;0;0;0;0;0;0;3405;7210;0;0;0;0;0;0;0;0;1842;4144;1260;0;1269;0;0;0;0;0;0;0;0;8515;-1305;0;0;0;0;0;0;0;0;0;0;0;-1305;0;0;0;0;0;0;0;0;0;0;0;0;7210;8515;-1305
421;PARTITU DI A NAZIONE CORSA;EUR;2024;0;0;0;0;0;0;0;0;0;1388,97;1316,45;72,52;0;0;0;0;0;0;0;0;0;26927,31;0;26927,31;0;0;0;0;0;0;0;0;0;0;0;0;28316,28;1316,45;26999,83;0;0;0;0;0;0;0;0;0;0;0;0;0;0;0;0;0;0;55993,42;0;55993,42;0;0;0;55993,42;0;55993,42;0;0;0;84309,7;1316,45;82993,25;0;0;0;69158,31;-25896,15;22258;0;65520,16;0;0;0;0;0;0;0;16066,27;1406,82;0;0;0;0;17473,09;0;82993,25;0;9600;0;0;0;9006;-1308;0;43238,62;0;0;0;0;0;618,59;61155,21;18600;0;0;0;0;0;0;0;8099,6;7301,97;6897,6;0;20028,83;183,12;33293,62;617,51;209,99;0;0;0;0;95232,24;-34077,03;0;0;1401,88;8000;0;9401,88;0;0;0;0;9401,88;-24675,15;0;0;0;0;1221;0;0;1221;-1221;0;0;0;70557,09;96453,24;-25896,15
424;ALLIANCE ROYALE;EUR;2024;0;0;0;0;0;0;0;0;0;0;0;0;0;0;0;0;0;0;0;0;0;0;0;0;0;0;0;0;0;0;0;0;0;0;0;0;0;0;0;0;0;0;0;0;0;0;0;0;0;0;0;-72;0;-72;0;0;0;4681;0;4681;0;0;0;4609;0;4609;0;0;0;4609;0;4609;0;0;0;5301;-2492;0;0;2809;0;1800;1800;0;0;0;0;0;0;0;0;0;0;0;0;4609;3227;0;0;0;0;6920;0;0;0;0;0;0;0;0;40;10187;0;0;0;0;0;0;0;0;0;6114;1800;0;4598;0;0;0;0;0;0;0;215;12728;-2541;0;0;48;0;0;48;0;0;0;0;48;-2492;0;0;0;0;0;0;0;0;0;0;0;0;10235;12728;-2492
426;UNION DE LA GAUCHE SOCIALISTE REPUBLICAINE ET CITOYENNE D'OCCITANIE - UGSRC D'OCCITANIE;EUR;2024;0;0;0;0;0;0;0;0;0;5777,23;3826,71;1950,52;0;0;0;0;0;0;0;0;0;0;0;0;0;0;0;0;0;0;0;0;0;0;0;0;5777,23;3826,71;1950,52;0;0;0;0;0;0;0;0;0;0;0;0;0;0;0;112518,26;0;112518,26;29544,38;0;29544,38;156,76;0;156,76;142219,4;0;142219,4;0;0;0;147996,63;3826,71;144169,92;29907,63;0;0;19154,62;83814,72;0;0;132876,97;0;0;0;0;0;0;0;11292,95;0;0;0;0;0;11292,95;0;144169,92;0;117540;0;0;0;0;0;0;0;0;0;0;0;0;0;117540;1837,37;0;0;0;0;0;0;0;6408,6;23223,24;10060;0;19290,92;0;0;0;791,63;0;0;0;0;61611,76;55928,24;0;0;1372,3;0;0;1372,3;0;0;0;0;1372,3;57300,54;0;0;28000;28000;0;1485,82;0;1485,82;26514,18;0;0;0;146912,3;63097,58;83814,72
442;BÂTIR LE PAYS MARTINIQUE;EUR;2024;0;0;0;0;0;0;0;0;0;10370;8579;1791;0;0;0;0;0;0;0;0;0;0;0;0;0;0;0;0;0;0;0;0;0;0;0;0;10370;8579;1791;0;0;0;0;0;0;0;0;0;0;0;0;4944;0;4944;0;0;0;75592;0;75592;0;0;0;80536;0;80536;0;0;0;90906;8579;82327;176113;0;0;-117355;6687;0;0;65445;0;0;0;0;0;0;0;5543;0;0;0;11339;0;16881;0;82327;720;1505;0;0;0;716;0;0;12002;0;0;0;0;0;0;14943;0;0;0;0;0;0;0;852;1419;0;4468;0;3333;0;0;0;0;0;0;0;0;10073;4870;0;0;1846;0;0;1846;0;7;0;7;1838;6708;427;0;0;427;448;0;0;448;-21;0;0;0;17215;10528;6687
455;ÉCOLOGIE AU CENTRE;EUR;2024;0;0;0;0;0;0;0;0;0;9610;9610;0;0;0;0;0;0;0;0;0;0;0;0;0;0;0;0;0;0;0;0;0;0;0;0;0;9610;9610;0;1555;0;1555;0;0;0;0;0;0;0;0;0;0;0;0;111;0;111;43612;0;43612;0;0;0;45278;0;45278;0;0;0;54888;9610;45278;0;0;0;-4611217;149409;0;0;-4461808;0;0;0;0;0;4501821;0;0;2;0;0;5264;0;4507086;0;45278;1440;3876;199503;0;0;28429;0;0;0;0;0;0;0;0;0;233247;0;0;23534;0;2198;0;0;0;980;0;8810;0;10524;31;3891;157;0;0;0;0;0;50124;183123;0;0;3;0;0;3;0;33717;0;33717;-33717;149409;0;0;0;0;0;0;0;0;0;0;0;0;233251;83841;149409
469;MASSY POUR VOUS;EUR;2024;0;0;0;2687;2687;0;0;0;0;846;846;0;0;0;0;0;0;0;0;0;0;0;0;0;0;0;0;0;0;0;0;0;0;100;0;100;3633;3533;100;0;0;0;0;0;0;0;0;0;0;0;0;0;0;0;0;0;0;19253;0;19253;0;0;0;19253;0;19253;0;0;0;22886;3533;19353;15063;0;0;0;-1472;0;0;13592;0;0;0;0;0;0;0;5762;0;0;0;0;0;5762;0;19353;230;10065;0;0;0;0;0;0;0;0;0;0;0;0;0;10295;0;0;0;0;0;0;0;0;690;1205;2976;0;6480;0;0;0;0;0;0;0;415;11767;-1472;0;0;0;0;0;0;0;0;0;0;0;-1472;0;0;0;0;0;0;0;0;0;0;0;0;10295;11767;-1472
470;UNION POUR LE VAL-D'OISE;EUR;2024;0;0;0;0;0;0;0;0;0;0;0;0;0;0;0;0;0;0;0;0;0;0;0;0;0;0;0;0;0;0;0;0;0;0;0;0;0;0;0;0;0;0;0;0;0;0;0;0;0;0;0;0;0;0;0;0;0;36076,95;0;36076,95;0;0;0;36076,95;0;36076,95;0;0;0;36076,95;0;36076,95;0;0;0;25527,93;9825,42;0;0;35353,35;0;0;0;0;0;0;0;723,6;0;0;0;0;0;723,6;0;36076,95;0;11400;0;0;0;0;0;0;0;0;0;0;0;0;21410,47;32810,47;0;0;0;0;0;0;0;0;0;10933,7;844,2;0;11207,15;0;0;0;0;0;0;0;0;22985,05;9825,42;0;0;0;0;0;0;0;0;0;0;0;9825,42;0;0;0;0;0;0;0;0;0;0;0;0;32810,47;22985,05;9825,42
483;BOUGEONS-NOUS;EUR;2024;0;0;0;0;0;0;0;0;0;11860;9714;2146;0;0;0;0;0;0;0;0;0;0;0;0;0;0;0;0;0;0;0;0;0;0;0;0;11860;9714;2146;0;0;0;0;0;0;0;0;0;0;0;0;0;0;0;0;0;0;191947;0;191947;0;0;0;191947;0;191947;0;0;0;203807;9714;194092;0;0;0;139112;54180;0;0;193292;0;0;0;0;0;0;0;800;0;0;0;0;0;800;0;194092;0;0;0;0;0;0;0;0;58000;0;0;0;0;0;0;58000;0;0;0;0;0;0;0;0;0;0;1064;0;4156;0;0;0;0;0;965;0;0;6184;51816;0;0;2365;0;0;2365;0;0;0;0;2365;54180;0;0;0;0;0;0;0;0;0;0;0;0;60365;6184;54180
485;EUROPE DÉMOCRATIE ESPÉRANTO FRANCE;EUR;2024;0;0;0;0;0;0;0;0;0;0;0;0;0;0;0;0;0;0;0;0;0;0;0;0;0;0;0;0;0;0;0;0;0;0;0;0;0;0;0;0;0;0;0;0;0;0;0;0;0;0;0;0;0;0;0;0;0;6719;0;6719;0;0;0;6719;0;6719;0;0;0;6719;0;6719;123416;0;0;0;-117928;0;0;5488;0;0;0;0;0;0;0;1231;0;0;0;0;0;1231;0;6719;2385;0;0;0;0;50288;0;0;0;0;0;0;800;0;20;53493;0;0;0;0;0;0;0;161182;0;1747;7800;0;1922;0;0;0;0;0;0;0;0;172652;-119159;0;0;1231;0;0;1231;0;0;0;0;1231;-117928;0;0;0;0;0;0;0;0;0;0;0;0;54724;172652;-117928
501;FORUM DÉMOCRATIQUE;EUR;2024;0;0;0;0;0;0;0;0;0;0;0;0;0;0;0;0;0;0;0;0;0;0;0;0;0;0;0;0;0;0;0;0;0;0;0;0;0;0;0;0;0;0;0;0;0;0;0;0;0;0;0;138;0;138;0;0;0;93;0;93;0;0;0;231;0;231;0;0;0;231;0;231;0;0;0;-2606;-1328;0;0;-3934;0;0;0;0;0;0;0;0;0;0;0;4165;0;4165;0;231;0;0;0;0;0;17880;0;0;0;0;0;0;0;0;0;17880;0;0;0;11430;0;0;0;0;0;4114;3560;0;0;0;0;0;0;0;0;0;0;19104;-1224;0;0;0;0;0;0;0;104;0;104;-104;-1328;0;0;0;0;0;0;0;0;0;0;0;0;17880;19208;-1328
510;ALTERNATIVE DÉMOCRATIE SOCIALISME;EUR;2024;0;0;0;0;0;0;0;0;0;7560;6995;565;0;0;0;0;0;0;0;0;0;0;0;0;0;0;0;0;0;0;0;0;0;238;0;238;7798;6995;803;0;0;0;0;0;0;0;0;0;0;0;0;0;0;0;0;0;0;24736;0;24736;205;0;205;24941;0;24941;0;0;0;32740;6995;25744;0;0;0;-60736;-8128;91101;0;22237;0;0;0;0;0;0;0;1931;1326;0;0;0;250;3507;0;25744;11300;1140;0;0;0;2500;0;0;0;0;0;0;0;0;0;14940;0;0;0;0;0;2182;0;0;3220;1377;1800;0;2257;0;8764;3334;134;0;0;0;0;23068;-8128;0;0;0;0;0;0;0;0;0;0;0;-8128;0;0;0;0;0;0;0;0;0;0;0;0;14940;23068;-8128
511;PARTI RÉVOLUTIONNAIRE COMMUNISTES;EUR;2024;0;0;0;0;0;0;0;0;0;0;0;0;0;0;0;0;0;0;0;0;0;0;0;0;0;0;0;0;0;0;0;0;0;0;0;0;0;0;0;0;0;0;0;0;0;0;0;0;0;0;0;0;0;0;0;0;0;3612;0;3612;460;0;460;4072;0;4072;0;0;0;4072;0;4072;0;0;0;-307;-864;0;0;-1171;0;0;0;0;0;0;0;5244;0;0;0;0;0;5244;0;4072;6049;0;0;0;0;4760;0;0;0;0;0;0;0;0;0;10809;0;0;0;0;0;0;0;2704;1562;312;4255;0;2840;0;0;0;0;0;0;0;0;11673;-864;0;0;0;0;0;0;0;0;0;0;0;-864;0;0;0;0;0;0;0;0;0;0;0;0;10809;11673;-864
519;PARTI DE GAUCHE;EUR;2024;0;0;0;87346,26;87346,25;0,01;0;0;0;40964,02;29674,16;11289,86;15295,75;0;15295,75;0;0;0;0;0;0;48354,31;10825,31;37529;0;0;0;0;0;0;1500;0;1500;0;0;0;193460,34;127845,72;65614,62;0;0;0;0;0;0;1875;0;1875;0;0;0;51750;0;51750;300057,77;0;300057,77;171040,5;0;171040,5;403;0;403;525126,27;0;525126,27;0;0;0;718586,61;127845,72;590740,89;905434,89;0;0;54032,82;-389772,47;0;0;569695,24;0;9;9;0;0;0;0;13906,95;4800,84;0;0;2328,86;0;21036,65;0;590740,89;216664,5;20815;0;0;0;13029;0;0;241750;6223,39;0;508;1343;1000;4802,46;506135,35;0;0;0;0;1754;0;700;40757,78;156970,69;131050,4;38339,6;0;63786,76;251,39;44536,39;15755,65;1945,06;0;9;1292,85;439,68;497589,25;8546,1;6735,68;0;0;3676,75;0;10412,43;5471;0;0;5471;4941,43;13487,53;0;0;0;0;0;403260;0;403260;-403260;0;0;0;516547,78;906320,25;-389772,47
529;MOUVEMENT DÉMOCRATE;EUR;2024;0;0;0;2352;625;1727;0;0;0;497031;468838;28193;15;0;15;0;0;0;0;0;0;559715;0;559715;0;0;0;0;0;0;0;0;0;4898;0;4898;1064011;469463;594549;0;0;0;0;0;0;132151;0;132151;0;0;0;17676;0;17676;6132031;0;6132031;538602;0;538602;21987;0;21987;6842446;0;6842446;0;0;0;7906458;469463;7436995;5647100;0;0;16300;771079;0;0;6434478;445344;0;445344;12343;0;0;24707;276634;227694;0;0;794;15000;557173;0;7436995;132573;0;1771127;2040582;0;85537;330;0;0;79011;0;56181;206502;0;21779;4393621;25281;81965;457119;0;0;0;923728;104206;15646;106367;27281;0;609739;69625;903775;431774;18348;0;0;0;56645;3831499;562122;0;0;236073;0;0;236073;0;2441;0;2441;233633;795755;0;0;0;0;0;1164;0;1164;-1164;23512;0;0;4629694;3858616;771079
531;LES CENTRISTES;EUR;2024;0;0;0;22419;21988;431;0;0;0;29819;29489;330;0;0;0;0;0;0;0;0;0;17000;0;17000;0;0;0;0;0;0;0;0;0;8850;0;8850;78088;51476;26612;0;0;0;0;0;0;0;0;0;0;0;0;12013;0;12013;0;0;0;220948;0;220948;1760;0;1760;234721;0;234721;0;0;0;312809;51476;261332;0;0;0;-34143;25807;0;0;-8337;0;15103;15103;0;0;0;100000;115077;18937;91;0;20460;0;254566;0;261332;460;8130;0;0;0;23144;4414;0;357729;3047;0;2282;0;0;0;399205;1000;1820;0;0;0;0;27076;45058;54937;28761;56326;1262;33614;1227;81289;39243;656;0;0;0;173;372444;26762;0;0;0;0;0;0;0;0;0;0;0;26762;0;0;0;0;42;0;913;955;-955;0;0;0;399205;373399;25807
532;PARTI BRETON;EUR;2024;0;0;0;0;0;0;0;0;0;0;0;0;0;0;0;0;0;0;0;0;0;0;0;0;0;0;0;0;0;0;0;0;0;30;0;30;30;0;30;1818;0;1818;0;0;0;0;0;0;0;0;0;0;0;0;0;0;0;21140;0;21140;0;0;0;22958;0;22958;0;0;0;22988;0;22988;0;0;0;15205;3134;0;0;18340;0;0;0;0;0;0;0;4648;0;0;0;0;0;4648;0;22988;2640;0;0;0;0;5638;0;0;17661;0;0;0;0;0;2267;28205;0;0;0;0;0;162;0;120;202;3274;4896;0;954;0;0;0;0;0;0;0;0;9607;18598;0;0;242;0;0;242;0;0;0;0;242;18840;0;0;0;0;15706;0;0;15706;-15706;0;0;0;28448;25313;3134
533;VIVRE ENSEMBLE POUR LE TARN;EUR;2024;0;0;0;0;0;0;0;0;0;3154;3103;51;0;0;0;0;0;0;0;0;0;0;0;0;0;0;0;0;0;0;0;0;0;0;0;0;3154;3103;51;0;0;0;0;0;0;0;0;0;0;0;0;10;0;10;0;0;0;167;0;167;0;0;0;177;0;177;0;0;0;3331;3103;228;2390;0;0;0;-3602;0;0;-1212;0;0;0;0;0;0;0;1440;0;0;0;0;0;1440;0;228;1651;63;0;0;0;24450;0;0;0;0;0;0;0;0;0;26164;0;0;0;0;0;0;0;10;1800;21375;1440;0;5001;0;0;0;140;0;0;0;0;29766;-3602;0;0;0;0;0;0;0;0;0;0;0;-3602;0;0;0;0;0;0;0;0;0;0;0;0;26164;29766;-3602
542;LA DROITE SOCIALE;EUR;2024;0;0;0;0;0;0;159899;111377;48522;9366;4522;4844;30;0;30;0;0;0;0;0;0;34190;0;34190;0;0;0;0;0;0;0;0;0;0;0;0;203485;115899;87586;0;0;0;669;0;669;0;0;0;0;0;0;2964;0;2964;2504586;0;2504586;742983;0;742983;1374;0;1374;3252576;0;3252576;0;0;0;3456061;115899;3340162;2876403;0;0;0;419471;0;0;3295875;0;0;0;0;0;0;0;32992;11295;0;0;0;0;44287;0;3340162;1610;0;0;0;0;468332;0;0;0;;5030;1438;0;0;0;476411;25159;1438;0;0;0;1625;0;0;19022;28322;27422;0;30186;2043;0;0;10157;0;0;0;0;145375;331036;0;0;99024;0;0;99024;0;0;0;0;99024;430060;580;0;0;580;0;0;0;0;580;11169;0;0;576016;156544;419471
543;LA GAUCHE MODERNE;EUR;2024;0;0;0;94843;94843;0;0;0;0;3605;3605;0;0;0;0;0;0;0;0;0;0;15720,12;0;15720,12;0;0;0;0;0;0;0;0;0;800;0;800;114968,12;98448;16520,12;0;0;0;0;0;0;0;0;0;0;0;0;14151,7;0;14151,7;0;0;0;1564,13;0;1564,13;0;0;0;15715,83;0;15715,83;0;0;0;130683,95;98448;32235,95;43807;0;0;-17295,72;-35791,19;0;0;-9279,91;0;0;0;0;0;0;0;41515,86;0;0;0;0;0;41515,86;0;32235,95;0;0;0;0;0;15000;0;0;0;0;0;0;0;0;0;15000;0;0;0;0;0;0;0;0;7820;9416,25;9130;0;4445,66;0;0;0;9,28;0;0;0;0;30821,19;-15821,19;0;0;0;0;0;0;0;0;0;0;0;-15821,19;0;0;0;0;19970;0;0;19970;-19970;0;0;0;15000;50791,19;-35791,19
544;CAP SUR L'AVENIR;EUR;2024;0;0;0;0;0;0;0;0;0;5255,52;2414;2841,52;0;0;0;0;0;0;0;0;0;0;0;0;0;0;0;0;0;0;0;0;0;0;0;0;5255,52;2414;2841,52;0;0;0;0;0;0;0;0;0;0;0;0;0;0;0;0;0;0;180086,3;0;180086,3;0;0;0;180086,3;0;180086,3;0;0;0;185341,82;2414;182927,82;0;0;0;178017,57;-25768,75;0;0;152248,82;0;0;0;0;0;0;0;19223;0;0;0;11456;0;30679;0;182927,82;7770;0;0;0;0;26890;0;0;14476,52;0;0;0;0;0;0;49136,52;0;0;0;0;0;0;0;0;3889,54;41566,31;11352;0;18693,36;0;0;0;1673;0;0;0;0;77174,21;-28037,69;0;0;0;0;0;0;0;0;0;0;0;-28037,69;2568,94;0;0;2568,94;300;0;0;300;2268,94;0;0;0;51705,46;77474,21;-25768,75
556;MOUVEMENT DES CITOYENS (MDC);EUR;2024;0;0;0;0;0;0;0;0;0;1582,97;1582,97;0;0;0;0;0;0;0;0;0;0;0;0;0;0;0;0;0;0;0;0;0;0;221;0;221;1803,97;1582,97;221;0;0;0;0;0;0;0;0;0;0;0;0;0;0;0;0;0;0;216799,5;0;216799,5;3614,02;0;3614,02;220413,52;0;220413,52;0;0;0;222217,49;1582,97;220634,52;1515,56;0;0;0;-12761,84;216396,47;0;205150,19;0;0;0;0;0;0;0;14733,62;750,71;0;0;0;0;15484,33;0;220634,52;4286;29738,32;0;0;0;14335;0;0;0;0;0;0;720,62;0;4,02;49083,96;0;0;1500;0;0;0;0;0;19200,6;441,34;11479,6;0;12241,41;136,6;14465,72;1420,69;0;0;0;0;3,94;60889,9;-11805,94;0;0;0;0;0;0;0;0;0;0;0;-11805,94;1134,56;0;0;1134,56;2090,46;0;0;2090,46;-955,9;0;0;0;50218,52;62980,36;-12761,84
559;ROANNE PASSIONNÉMENT;EUR;2024;0;0;0;0;0;0;0;0;0;24323;2224;22099;0;0;0;0;0;0;;0;0;0;0;0;0;0;0;0;0;0;0;0;0;0;0;0;24323;2224;22099;0;0;0;0;0;0;0;0;0;0;0;0;25;0;25;0;0;0;78846;0;78846;1536;0;1536;80407;0;80407;0;0;0;107730;2224;102506;0;;0;89584;-3648;0;0;85936;0;0;0;0;0;0;0;16180;0;0;0;0;390;16570;0;102506;1385;17434;0;0;0;11355;0;0;0;0;0;0;0;0;517;30691;0;0;0;0;0;0;0;3968;0;9508;16199;0;6804;0;0;0;1860;0;0;0;0;38339;-7648;0;0;0;0;0;0;0;0;0;0;0;-7648;4000;0;0;4000;0;0;0;0;4000;0;0;0;34691;38339;-3648
563;LES AMIS DE JEAN-DIDIER BERGER;EUR;2024;0;0;0;0;0;0;0;0;0;79184;22947;56237;0;0;0;0;0;0;0;0;0;0;0;0;0;0;0;0;0;0;0;0;0;0;0;0;79184;22947;56237;0;0;0;0;0;0;0;0;0;0;0;0;0;0;0;0;0;0;19554;0;19554;396;0;396;19950;0;19950;1200;0;1200;100335;22947;77387;0;0;0;120423;-45615;0;0;74807;0;0;0;0;0;0;0;2580;0;0;0;0;0;2580;0;77387;0;0;0;0;0;93875;0;0;0;0;0;0;0;0;0;93875;0;0;0;0;0;0;0;0;2479;57754;5948;0;59906;14;0;0;12236;0;0;0;1154;139490;-45615;0;0;0;0;0;0;0;0;0;0;0;-45615;0;0;0;0;0;0;0;0;0;0;0;0;93875;139490;-45615
564;AGIR ENSEMBLE;EUR;2024;0;0;0;1395;1264,5;130,5;0;0;0;0;0;0;0;0;0;0;0;0;0;0;0;0;0;0;0;0;0;0;0;0;0;0;0;0;0;0;1395;1264,5;130,5;0;0;0;0;0;0;0;0;0;0;0;0;0;0;0;0;0;0;71945,47;0;71945,47;0;0;0;71945,47;0;71945,47;0;0;0;73340,47;1264,5;72075,97;69331,01;0;0;0;944,96;0;0;70275,97;0;0;0;0;0;0;0;1800;0;0;0;0;0;1800;0;72075,97;0;0;0;0;0;0;0;0;0;0;0;0;0;0;0;0;0;0;0;0;0;0;0;0;0;0;600;0;0;0;0;0;139,5;0;0;0;373,54;1113,04;-1113,04;0;0;2058;0;0;2058;0;0;0;0;2058;944,96;0;0;0;0;0;0;0;0;0;0;0;0;2058;1113,04;944,96
568;LIBRES !;EUR;2024;0;0;0;0;0;0;12025,2;3856,93;8168,27;15862,61;14520,82;1341,79;0;0;0;0;0;0;0;0;0;30000;0;30000;0;0;0;0;0;0;0;0;0;19330;8330;11000;77217,81;26707,75;50510,06;0;0;0;0;0;0;0;0;0;0;0;0;17298;0;17298;0;0;0;80840,75;0;80840,75;1370,05;0;1370,05;99508,8;0;99508,8;0;0;0;176726,61;26707,75;150018,86;0;0;0;142318,19;-25167,56;0;0;117150,63;0;0;0;0;0;0;0;25282,86;85,37;0;0;7500;0;32868,23;0;150018,86;0;0;0;0;0;32740;0;0;0;0;0;0;0;0;0;32740;3000;0;0;0;0;0;0;1817,59;32,17;1445,08;23059,36;0;7689,65;0;0;0;5739,56;0;0;0;6794,15;49577,56;-16837,56;0;0;0;3900;0;3900;8330;0;0;8330;-4430;-21267,56;0;0;0;0;0;3900;0;3900;-3900;0;0;0;36640;61807,56;-25167,56
569;LE PARTI DE LA FRANCE;EUR;2024;0;0;0;1500;0;1500;0;0;0;3252;2909;343;0;0;0;0;0;0;0;0;0;0;0;0;0;0;0;0;0;0;0;0;0;6;0;6;4758;2909;1849;0;0;0;0;0;0;0;0;0;0;0;0;3494;0;3494;0;0;0;30697;0;30697;0;0;0;34191;0;34191;0;0;0;38949;2909;36040;39246;0;0;0;-7430;0;0;31816;0;0;0;0;0;0;0;4224;0;0;0;0;0;4224;0;36040;8030;0;0;0;0;6972;0;0;0;0;0;0;0;0;0;15002;0;0;0;0;0;2127;0;1926;742;9752;3000;0;5154;0;0;0;515;0;0;0;0;23216;-8214;0;0;784;0;0;784;0;0;0;0;784;-7430;0;0;0;0;0;0;0;0;0;0;0;0;15786;23216;-7430
570;GROUPE POLITIQUE L'AVENIR ENSEMBLE;EUR;2024;0;0;0;0;0;0;0;0;0;0;0;0;0;0;0;0;0;0;0;0;0;0;0;0;0;0;0;0;0;0;0;0;0;0;0;0;0;0;0;0;0;0;0;0;0;0;0;0;0;0;0;0;0;0;0;0;0;9671;0;9671;0;0;0;9671;0;9671;0;0;0;9671;0;9671;11616;0;0;0;-1946;0;0;9671;0;0;0;0;0;0;0;0;0;0;0;0;0;0;0;9671;0;0;0;0;0;97;0;0;0;0;0;0;0;0;0;97;0;0;0;0;0;0;0;373;0;96;1392;0;119;0;0;0;0;0;0;0;80;2060;-1963;0;0;17;0;0;17;0;0;0;0;17;-1946;0;0;0;0;0;0;0;0;0;0;0;0;114;2060;-1946
578;NOUVEAU PARTI ANTICAPITALISTE;EUR;2024;0;0;0;0;0;0;0;0;0;0;0;0;0;0;0;167,5;0;167,5;0;0;0;0;0;0;0;0;0;0;0;0;0;0;0;0;0;0;167,5;0;167,5;0;0;0;0;0;0;269,49;0;269,49;21534,03;0;21534,03;38338;21534,03;16803,97;0;0;0;123898,58;0;123898,58;0;0;0;184040,1;21534,03;162506,07;0;0;0;184207,6;21534,03;162673,57;-370097,44;0;0;535302,55;-50949,02;0;0;114256,09;0;0;0;0;0;0;0;48417,48;0;0;0;0;0;48417,48;0;162673,57;220881,7;0;0;0;0;429842;0;0;413834,21;120029,2;0;76785,61;44481,29;0;797,97;1306651,98;292000;76084,61;0;0;5846;10130,02;136334,18;422003,45;84309,01;46526,46;160768,2;0;103617,05;6198,11;16648,15;5152,99;2873,84;0;0;0;161,63;1368653,7;-62001,72;0;0;92,58;5333,5;0;5426,08;0;0;0;0;5426,08;-56575,64;10;12098,5;0;12108,5;6481,88;0;0;6481,88;5626,62;0;0;0;1324186,56;1375135,58;-50949,02
591;POUR MULHOUSE;EUR;2024;0;0;0;0;0;0;0;0;0;0;0;0;0;0;0;15;0;15;0;0;0;0;0;0;0;0;0;0;0;0;0;0;0;0;0;0;15;0;15;0;0;0;0;0;0;0;0;0;0;0;0;448;0;448;4549;0;4549;84275;0;84275;0;0;0;89272;0;89272;0;0;0;89287;0;89287;114163;0;0;0;-31430;0;0;82733;0;0;0;193;0;0;0;6361;0;0;0;0;0;6554;0;89287;270;17163;0;0;0;0;0;0;0;1620;0;0;0;0;0;19053;0;0;0;0;0;0;0;4948;800;29115;3385;0;12768;0;0;0;0;0;0;0;0;51015;-31962;0;0;532;0;0;532;0;0;0;0;532;-31430;0;0;0;0;0;0;0;0;0;0;0;0;19584;51015;-31430
594;ALLIANCE CENTRISTE;EUR;2024;0;0;0;37045;37045;0;0;0;0;4708;3544;1164;0;0;0;0;0;0;0;0;0;0;0;0;0;0;0;0;0;0;0;0;0;0;0;0;41753;40589;1164;0;0;0;0;0;0;0;0;0;0;0;0;1200;0;1200;0;0;0;368;0;368;2903;0;2903;4471;0;4471;0;0;0;46224;40589;5634;0;0;0;29815;-116566;0;0;-86751;0;0;0;0;5000;0;0;56309;31076;0;0;0;0;92385;0;5634;642;0;151279;593909;0;6570;0;0;130119;0;0;0;0;1817;0;884335;0;79510;676700;0;0;0;0;2666;4816;29673;24554;0;7249;653;127742;46642;692;0;0;0;6;1000901;-116566;0;0;0;0;0;0;0;0;0;0;0;-116566;0;0;0;0;0;0;0;0;0;0;0;0;884335;1000901;-116566
595;MAIZIÈRES ENSEMBLE;EUR;2024;0;0;0;0;0;0;0;0;0;0;0;0;0;0;0;0;0;0;0;0;0;0;0;0;0;0;0;0;0;0;0;0;0;0;0;0;0;0;0;0;0;0;0;0;0;0;0;0;0;0;0;0;0;0;0;0;0;14333;0;14333;0;0;0;14333;0;14333;0;0;0;14333;0;14333;0;0;0;10690;2222;0;0;12912;0;0;0;0;0;0;0;1421;0;0;0;0;0;1421;0;14333;40;4580;0;0;0;0;0;0;0;0;0;0;0;0;0;4620;0;0;0;0;0;0;0;0;0;954;1346;0;98;0;0;0;0;0;0;0;0;2398;2222;0;0;0;0;0;0;0;0;0;0;0;2222;0;0;0;0;0;0;0;0;0;0;0;0;4620;2398;2222
596;MOUVEMENT DES PROGRESSISTES;EUR;2024;0;0;0;0;0;0;0;0;0;862;4;858;0;0;0;0;0;0;0;0;0;0;0;0;0;0;0;0;0;0;0;0;0;0;0;0;862;4;858;0;0;0;0;0;0;0;0;0;0;0;0;160;0;160;0;0;0;73907;0;73907;0;0;0;74067;0;74067;0;0;0;74929;4;74925;0;0;0;82905;-21600;0;0;61305;10000;0;10000;0;0;0;0;1293;2327;0;0;0;0;3620;0;74925;1060;5670;160;0;0;0;0;0;4863;0;0;0;0;0;4;11757;0;0;0;0;0;0;0;390;486;862;4297;0;726;0;18084;8508;0;0;0;4;0;33357;-21600;0;0;0;0;0;0;0;0;0;0;0;-21600;0;0;0;0;0;0;0;0;0;0;0;0;11757;33357;-21600
599;PARTI DE LA DÉMONDIALISATION;EUR;2024;0;0;0;0;0;0;0;0;0;994;994;0;0;0;0;0;0;0;0;0;0;0;0;0;0;0;0;0;0;0;0;0;0;76;0;76;1070;994;76;0;0;0;0;0;0;0;0;0;0;0;0;0;0;0;0;0;0;29134;0;29134;0;0;0;29134;0;29134;0;0;0;30204;994;29210;38862;0;0;0;-12976;0;0;25886;0;0;0;14;0;0;0;3310;0;0;0;0;0;3324;0;29210;10134;0;0;0;0;6022;0;0;0;0;0;0;0;0;1373;17529;0;0;0;0;0;0;6706;2854;10179;864;3579;0;6494;0;0;0;0;0;0;0;0;30677;-13148;0;0;172;0;0;172;0;0;0;0;172;-12976;0;0;0;0;0;0;0;0;0;0;0;0;17701;30677;-12976
602;PALAISEAU À VENIR;EUR;2024;0;0;0;0;0;0;0;0;0;0;0;0;0;0;0;0;0;0;0;0;0;0;0;0;0;0;0;0;0;0;0;0;0;0;0;0;0;0;0;0;0;0;0;0;0;0;0;0;0;0;0;0;0;0;0;0;0;28358,94;0;28358,94;176,61;0;176,61;28535,55;0;28535,55;0;0;0;28535,55;0;28535,55;0;0;0;27298,22;-370,39;0;0;26927,83;0;0;0;0;0;0;0;1607,72;0;0;0;0;0;1607,72;0;28535,55;2600;4910,84;0;0;0;2000;0;0;0;1547,5;0;0;0;0;0;11058,34;0;0;0;0;0;0;0;4596;0;5305,92;1600;0;643,2;0;0;0;0;0;0;0;0;12145,12;-1086,78;0;0;716,39;0;0;716,39;0;0;0;0;716,39;-370,39;0;0;0;0;0;0;0;0;0;0;0;0;11774,73;12145,12;-370,39
604;ALLIANCE POPULAIRE POUR LE CALAISIS;EUR;2024;0;0;0;0;0;0;0;0;0;1188;1188;0;0;0;0;0;0;0;0;0;0;0;0;0;0;0;0;0;0;0;0;0;0;250;0;250;1438;1188;250;0;0;0;0;0;0;0;0;0;0;0;0;0;0;0;0;0;0;41978;0;41978;0;0;0;41978;0;41978;0;0;0;43416;1188;42228;0;0;0;19274;19427;0;0;38701;0;0;0;0;0;0;0;3527;0;0;0;0;0;3527;0;42228;0;10430;0;0;0;11650;0;0;0;8009;0;0;0;0;0;30089;0;0;0;0;0;0;0;0;246;4870;3514;0;2032;0;0;0;0;0;0;0;0;10662;19427;0;0;0;0;0;0;0;0;0;0;0;19427;0;0;0;0;0;0;0;0;0;0;0;0;30089;10662;19427
607;ROUGE BANLIEUE, LES PRODUCTEURS DE VILLE EN SEINE-SAINT-DENIS;EUR;2024;0;0;0;0;0;0;0;0;0;7077,5;7077,49;0,01;0;0;0;0;0;0;0;0;0;0;0;0;0;0;0;0;0;0;0;0;0;0;0;0;7077,5;7077,49;0,01;0;0;0;0;0;0;0;0;0;0;0;0;0;0;0;0;0;0;10683,79;0;10683,79;0;0;0;10683,79;0;10683,79;0;0;0;17761,29;7077,49;10683,8;0;0;0;13115,24;-7461,68;0;0;5653,56;0;0;0;0;0;0;0;2302,8;2227,44;0;0;500;0;5030,24;0;10683,8;0;0;0;0;0;31985,56;0;0;0;0;0;0;0;0;0;31985,56;0;0;0;0;0;0;0;0;0;0;2348;0;22250,83;63,84;11616,84;2016,96;0;0;0;0;1,09;38297,56;-6312;0;0;0;0;0;0;0;0;0;0;0;-6312;30,32;0;0;30,32;1180;0;0;1180;-1149,68;0;0;0;32015,88;39477,56;-7461,68
610;VOLONTAIRES POUR STRASBOURG;EUR;2024;0;0;0;0;0;0;0;0;0;0;0;0;0;0;0;0;0;0;0;0;0;0;0;0;0;0;0;0;0;0;0;0;0;0;0;0;0;0;0;0;0;0;0;0;0;0;0;0;0;0;0;0;0;0;0;0;0;12503;0;12503;0;0;0;12503;0;12503;0;0;0;12503;0;12503;11515;0;0;0;-668;0;0;10847;0;0;0;0;0;0;0;1656;0;0;0;0;0;1656;0;12503;2025;0;0;0;0;800;0;0;0;0;0;0;0;0;0;2825;0;0;0;0;0;0;0;0;1800;0;756;0;926;0;0;0;0;0;0;0;0;3482;-657;0;0;186;0;0;186;0;197;0;197;-11;-668;0;0;0;0;0;0;0;0;0;0;0;0;3011;3679;-668
623;LIGUE DU SUD;EUR;2024;0;0;0;3585;3585;0;0;0;0;6715;3787;2928;0;0;0;0;0;0;0;0;0;0;0;0;0;0;0;0;0;0;0;0;0;0;0;0;10300;7372;2928;0;0;0;0;0;0;0;0;0;0;0;0;0;0;0;0;0;0;98068;0;98068;0;0;0;98068;0;98068;0;0;0;108368;7372;100996;108936;0;0;0;-9440;0;0;99496;0;0;0;0;0;0;0;1500;0;0;0;0;0;1500;0;100996;0;0;0;0;0;0;0;0;0;0;0;0;0;0;18;18;2164;0;0;0;0;0;0;0;0;2220;3466;0;1015;0;0;0;1701;0;0;0;0;10566;-10548;0;0;1108;0;0;1108;0;0;0;0;1108;-9440;0;0;0;0;0;0;0;0;0;0;0;0;1126;10566;-9440
633;100% ASNIERES;EUR;2024;0;0;0;0;0;0;0;0;0;2990;2990;0;0;0;0;0;0;0;0;0;0;30667;0;30667;0;0;0;0;0;0;0;0;0;0;0;0;33657;2990;30667;0;0;0;0;0;0;0;0;0;0;0;0;0;0;0;0;0;0;37042,56;0;37042,56;0;0;0;37042,56;0;37042,56;0;0;0;70699,56;2990;67709,56;0;0;0;66565,45;-1355,89;0;0;65209,56;0;0;0;0;0;0;0;1500;0;0;0;1000;0;2500;0;67709,56;0;21877,9;0;0;0;12810;0;0;0;0;0;21619;0;0;0;56306,9;21619;0;0;0;0;35,26;0;0;1683,32;3911,6;4860;0;24762,35;534;0;0;598;0;0;0;0;58003,53;-1696,63;0;0;340,74;0;0;340,74;0;0;0;0;340,74;-1355,89;0;0;0;0;0;0;0;0;0;0;0;0;56647,64;58003,53;-1355,89
640;ASSOCIATION DES COMMUNISTES UNITAIRES;EUR;2024;0;0;0;0;0;0;0;0;0;0;0;0;0;0;0;0;0;0;0;0;0;0;0;0;0;0;0;0;0;0;0;0;0;0;0;0;0;0;0;0;0;0;0;0;0;0;0;0;0;0;0;0;0;0;0;0;0;124934;0;124934;0;0;0;124934;0;124934;0;0;0;124934;0;124934;16039;0;0;121240;-12345;0;0;124934;0;0;0;0;0;0;0;0;0;0;0;0;0;0;0;124934;6700;0;0;0;0;770;0;0;0;0;0;0;0;0;3284;10754;0;0;0;0;18000;0;0;673;0;868;1930;0;0;0;0;0;0;0;0;0;1628;23099;-12345;0;0;0;0;0;0;0;0;0;0;0;-12345;0;0;0;0;0;0;0;0;0;0;0;0;10754;23099;-12345
643;FRANCE ÉCOLOGIE;EUR;2024;0;0;0;0;0;0;0;0;0;0;0;0;0;0;0;0;0;0;0;0;0;0;0;0;0;0;0;0;0;0;0;0;0;0;0;0;0;0;0;0;0;0;0;0;0;0;0;0;0;0;0;0;0;0;0;0;0;10906,55;0;10906,55;0;0;0;10906,55;0;10906,55;0;0;0;10906,55;0;10906,55;0;0;0;-4064,22;-15281,36;0;0;-19345,58;0;0;0;0;0;27228;0;2076;0;0;0;948,13;0;30252,13;0;10906,55;14220;0;0;0;0;7500;1569,9;0;12922,01;0;0;6836,4;0;0;0;43048,31;20000;6836,4;0;0;0;0;0;453,88;0;16663,32;2145;0;10128,28;0;0;0;0;0;0;0;0;56226,88;-13178,57;0;0;125,21;0;0;125,21;0;2228;0;2228;-2102,79;-15281,36;0;0;0;0;0;0;0;0;0;0;0;0;43173,52;58454,88;-15281,36
647;PARTI PIRATE;EUR;2024;0;0;0;0;0;0;0;0;0;0;0;0;91;0;91;0;0;0;0;0;0;0;0;0;0;0;0;0;0;0;0;0;0;0;0;0;91;0;91;1793;0;1793;0;0;0;0;0;0;0;0;0;0;0;0;0;0;0;73725;0;73725;366;0;366;75884;0;75884;0;0;0;75975;0;75975;88151;0;0;0;-12445;0;0;75705;0;0;0;0;0;0;0;270;0;0;0;0;0;270;0;75975;12630;0;0;0;0;35492;0;0;23981;0;0;0;65150;0;3;137257;62871;3626;1506;0;2050;2664;1621;65037;3266;0;4817;0;2243;0;0;0;0;0;0;0;0;149702;-12445;0;0;0;0;0;0;0;0;0;0;0;-12445;0;0;0;0;0;0;0;0;0;0;0;0;137257;149702;-12445
655;MARSEILLE 21;EUR;2024;0;0;0;0;0;0;0;0;0;0;0;0;0;0;0;0;0;0;0;0;0;0;0;0;0;0;0;0;0;0;0;0;0;0;0;0;0;0;0;0;0;0;0;0;0;0;0;0;0;0;0;0;0;0;0;0;0;25050;0;25050;0;0;0;25050;0;25050;0;0;0;25050;0;25050;25487;0;0;0;-437;0;0;25050;0;0;0;0;0;0;0;0;0;0;0;0;0;0;0;25050;0;0;0;0;0;0;0;0;0;0;0;0;0;0;0;0;500;0;0;0;0;0;0;0;0;0;600;0;0;0;0;0;0;0;0;0;86;1186;-1186;0;0;749;0;0;749;0;0;0;0;749;-437;0;0;0;0;0;0;0;0;0;0;0;0;749;1186;-437
656;TERRITOIRES EN MOUVEMENT;EUR;2024;0;0;0;26880;26677;203;0;0;0;1092;1092;0;0;0;0;0;0;0;0;0;0;0;0;0;0;0;0;0;0;0;0;0;0;0;0;0;27972;27769;203;0;0;0;0;0;0;0;0;0;0;0;0;0;0;0;0;0;0;73057;0;73057;834;0;834;73891;0;73891;0;0;0;101863;27769;74094;13686;0;0;60616;-9650;0;0;64652;0;0;0;0;0;0;0;9382;0;0;0;60;0;9442;0;74094;2310;330;0;0;0;31165;0;0;0;0;0;0;0;0;0;33805;0;0;30000;0;0;0;0;0;0;927;9204;0;3106;0;0;0;218;0;0;0;0;43455;-9650;0;0;0;0;0;0;0;0;0;0;0;-9650;0;0;0;0;0;0;0;0;0;0;0;0;33805;43455;-9650
666;PERSPECTIVES ET ACTIONS;EUR;2024;0;0;0;0;0;0;0;0;0;0;0;0;0;0;0;0;0;0;0;0;0;0;0;0;0;0;0;0;0;0;0;0;0;0;0;0;0;0;0;0;0;0;0;0;0;0;0;0;0;0;0;0;0;0;2;0;2;0;0;0;0;0;0;2;0;2;0;0;0;2;0;2;0;0;0;0;2;0;0;2;0;0;0;0;0;0;0;0;0;0;0;0;0;0;0;2;460;0;0;0;0;0;0;0;0;0;0;0;0;0;0;460;0;0;0;0;0;0;0;0;96;0;353;0;9;0;0;0;0;0;0;0;0;458;2;0;0;0;0;0;0;0;0;0;0;0;2;0;0;0;0;0;0;0;0;0;0;0;0;460;458;2
667;GAUCHE ANTICAPITALISTE;EUR;2024;0;0;0;0;0;0;147000;0;147000;0;0;0;0;0;0;0;0;0;20000;0;20000;46043,49;0;46043,49;-7,27596E-12;0;-7,27596E-12;0;0;0;0;0;0;4314,38;0;4314,38;217357,87;0;217357,87;0;0;0;392,02;0;392,02;0;0;0;0;0;0;1500;0;1500;0;0;0;486884,86;0;486884,86;0;0;0;488776,88;0;488776,88;0;0;0;706134,75;0;706134,75;0;699957,71;0;0;-10343,01;0;16092,61;705707,31;0;0;0;0;0;0;0;20;0;0;0;407,44;0;427,44;0;706134,75;420;0;0;0;0;1550;0;0;0;0;0;0;3663,97;0,22;0;5634,19;0;0;15000;0;0;0;0;0;830,38;240;8286;0;3422,45;2475;0;0;0;0;0;0;0;30253,83;-24619,64;0;0;80,78;16375;0;16455,78;0;0;0;0;16455,78;-8163,86;0;0;0;0;0;0;0;0;0;0;0;2179,15;22089,97;32432,98;-10343,01
677;POUR LA RÉUNION;EUR;2024;0;0;0;467,64;467,64;0;200000;28200;171800;57736,4;55386,8;2349,6;0;0;0;0;0;0;0;0;0;66148,16;0;66148,16;0;0;0;0;0;0;0;0;0;0;0;0;324352,2;84054,44;240297,76;0;0;0;0;0;0;0;0;0;0;0;0;1437;0;1437;0;0;0;208625,52;0;208625,52;1905;0;1905;211967,52;0;211967,52;0;0;0;536319,72;84054,44;452265,28;0;0;0;380559,78;61881,12;0;0;442440,9;0;0;0;0;0;0;0;7685,1;1239,28;0;0;0;900;9824,38;0;452265,28;18604;43259,72;25026,57;111357,85;0;113340;0;0;0;0;0;0;0;0;9600;321188,14;33459,2;0;8000;0;0;0;48083,03;5165,38;54202,97;48662,2;10396,25;0;38158,41;1109;10636,17;179,49;3453,16;0;0;0;18;261523,26;59664,88;0;0;2216,24;0;0;2216,24;0;0;0;0;2216,24;61881,12;0;0;0;0;0;0;0;0;0;0;0;0;323404,38;261523,26;61881,12
686;NATION, RÉPUBLIQUE, TERRITOIRE;EUR;2024;0;0;0;0;0;0;0;0;0;0;0;0;0;0;0;0;0;0;0;0;0;5000;0;5000;0;0;0;0;0;0;0;0;0;0;0;0;5000;0;5000;0;0;0;0;0;0;0;0;0;0;0;0;9230;0;9230;0;0;0;2128;0;2128;0;0;0;11358;0;11358;0;0;0;16358;0;16358;0;0;0;8704;7654;0;0;16358;0;0;0;0;0;0;0;0;0;0;0;0;0;0;0;16358;0;0;0;0;0;8586;0;0;0;0;0;0;0;0;30;8616;0;0;0;0;0;0;0;0;0;0;932;0;0;0;0;0;0;0;0;0;0;932;7684;0;0;0;0;0;0;0;30;0;30;-30;7654;0;0;0;0;0;0;0;0;0;0;0;0;8616;962;7654
690;POUR LA BRETAGNE !;EUR;2024;0;0;0;336;0;336;0;0;0;365;0;365;0;0;0;0;0;0;0;0;0;4313;0;4313;0;0;0;0;0;0;0;0;0;0;0;0;5014;0;5014;0;0;0;0;0;0;0;0;0;0;0;0;0;0;0;0;0;0;69133;0;69133;0;0;0;69133;0;69133;0;0;0;74147;0;74147;0;0;0;83293;-10541;0;0;72752;0;0;0;0;0;0;0;1395;0;0;0;0;0;1395;0;74147;120;0;0;0;0;5830;0;0;0;0;0;0;0;0;0;5950;12730;0;0;0;0;0;0;0;1000;2517;1345;0;548;0;0;0;0;0;0;0;450;18590;-12640;0;0;0;0;0;0;0;-2099;0;-2099;2099;-10541;0;0;0;0;0;0;0;0;0;0;0;0;5950;16491;-10541
691;FORCES MARTINIQUAISES DE PROGRÈS;EUR;2024;0;0;0;0;0;0;0;0;0;0;0;0;0;0;0;0;0;0;0;0;0;0;0;0;0;0;0;0;0;0;0;0;0;111;0;111;111;0;111;0;0;0;0;0;0;0;0;0;0;0;0;0;0;0;0;0;0;423;0;423;788;0;788;1211;0;1211;0;0;0;1322;0;1322;0;0;0;-454;63;0;0;-391;0;0;0;0;0;0;0;1713;0;0;0;0;0;1713;0;1322;585;0;0;0;0;11175;0;0;0;0;0;0;0;0;0;11760;0;0;0;0;0;0;0;0;0;0;0;0;11556;0;0;0;0;0;0;0;0;11556;204;0;0;0;0;0;0;0;141;0;141;-141;63;0;0;0;0;0;0;0;0;0;0;0;0;11760;11697;63
694;FORUM RÉPUBLICAIN;EUR;2024;0;0;0;0;0;0;0;0;0;22614,81;14762,71;7852,1;0;0;0;0;0;0;0;0;0;0;0;0;0;0;0;0;0;0;0;0;0;0;0;0;22614,81;14762,71;7852,1;0;0;0;0;0;0;0;0;0;0;0;0;22853,58;0;22853,58;0;0;0;139030,05;0;139030,05;0;0;0;161883,63;0;161883,63;0;0;0;184498,44;14762,71;169735,73;185349,93;0;0;0;-27537,89;0;0;157812,04;0;0;0;0;0;0;0;7323,69;0;0;0;4600;0;11923,69;0;169735,73;0;0;0;0;0;28320;0;0;0;0;0;1324,82;0;0;1309,96;30954,78;0;0;0;0;0;0;122,5;0;18682,02;21924,96;12640;0;1745,63;0;0;0;2555,89;0;0;0;2579,67;60250,67;-29295,89;0;0;0;0;0;0;0;0;0;0;0;-29295,89;0;1758;0;1758;0;0;0;0;1758;0;0;0;32712,78;60250,67;-27537,89
695;GÉNÉRATIONS VERNON, UN NOUVEAU SOUFFLE POUR NOTRE VILLE !;EUR;2024;0;0;0;0;0;0;0;0;0;2226;2226;0;0;0;0;0;0;0;0;0;0;0;0;0;0;0;0;0;0;0;0;0;0;0;0;0;2226;2226;0;0;0;0;0;0;0;0;0;0;0;0;0;0;0;0;0;0;0;46768;0;46768;1056;0;1056;47824;0;47824;0;0;0;50051;2226;47824;59835;0;0;0;-14021;0;0;45814;0;0;0;0;0;0;0;2010;0;0;0;0;0;2010;0;47824;0;0;0;0;0;15130;-509;0;0;0;0;0;0;0;0;14621;0;0;0;0;0;0;0;0;0;16164;1962;0;10517;0;0;0;0;0;0;0;0;28642;-14021;0;0;1;0;0;1;0;0;0;0;1;-14021;0;0;0;0;0;0;0;0;0;0;0;0;14622;28642;-14021
697;AVEC BLM;EUR;2024;0;0;0;0;0;0;0;0;0;0;0;0;0;0;0;0;0;0;0;0;0;0;0;0;0;0;0;0;0;0;0;0;0;0;0;0;0;0;0;0;0;0;0;0;0;0;0;0;0;0;0;0;0;0;0;0;0;57305;0;57305;0;0;0;57305;0;57305;0;0;0;57305;0;57305;0;0;0;45909;1796;0;0;47705;0;0;0;0;0;0;0;9600;0;0;0;0;0;9600;0;57305;0;0;0;0;0;20000;0;0;0;0;0;0;0;0;0;20000;0;0;0;0;0;0;0;0;0;0;9600;0;8604;0;0;0;0;0;0;0;0;18204;1796;0;0;0;0;0;0;0;0;0;0;0;1796;0;0;0;0;0;0;0;0;0;0;0;0;20000;18204;1796
699;AIMER NANCY;EUR;2024;0;0;0;0;0;0;0;0;0;54125,38;30991,06;23134,32;0;0;0;0;0;0;0;0;0;0;0;0;0;0;0;0;0;0;0;0;0;0;0;0;54125,38;30991,06;23134,32;0;0;0;0;0;0;0;0;0;0;0;0;0;0;0;0;0;0;34654,2;0;34654,2;11390;0;11390;46044,2;0;46044,2;0;0;0;100169,58;30991,06;69178,52;0;0;0;24115,23;15485,77;0;0;39601;0;0;0;0;0;0;0;3160;0;0;0;26417,52;0;29577,52;0;69178,52;3255;0;0;0;0;75100;0;0;0;0;0;7500;0;0;0;85855;0;0;0;0;0;0;2500;54;20044,45;4011,96;31666,17;0;6539,24;0;0;0;5312,82;0;0;0;0;70128,64;15726,36;0;0;0;0;0;0;0;240,59;0;240,59;-240,59;15485,77;0;0;0;0;0;0;0;0;0;0;0;0;85855;70369,23;15485,77
700;RUPTURES;EUR;2024;0;0;0;4320;1372;2948;0;0;0;46928;43665;3263;0;0;0;0;0;0;0;0;0;35400;0;35400;0;0;0;0;0;0;0;0;0;8850;0;8850;95498;45037;50461;0;0;0;0;0;0;0;0;0;0;0;0;0;0;0;0;0;0;1392230;0;1392230;486;0;486;1392716;0;1392716;0;0;0;1488214;45037;1443177;1957428;0;0;0;-558493;0;0;1398935;0;0;0;0;0;0;0;10438;33703;0;0;100;0;44242;0;1443177;0;0;0;0;0;2400;0;0;52186;0;0;0;0;0;0;54586;0;0;45000;0;0;0;0;0;0;0;0;0;66231;12565;92905;44310;5829;0;0;0;40;266880;-212294;0;0;3801;0;0;3801;0;0;0;0;3801;-208493;0;0;0;0;0;350000;0;350000;-350000;0;0;0;58387;616880;-558493
702;UDR - UNION DES DROITES POUR LA RÉPUBLIQUE;EUR;2024;0;0;0;7860;413;7447;0;0;0;43619;14837;28782;27994;0;27994;0;0;0;0;0;0;0;0;0;0;0;0;0;0;0;0;0;0;0;0;0;79473;15250;64223;0;0;0;9562;0;9562;0;0;0;0;0;0;0;0;0;0;0;0;363334;;363334;1353;0;1353;374249;0;374249;0;0;0;453722;15250;438472;0;0;0;240933;141947;0;0;382881;0;0;0;0;0;0;0;40590;15001;0;0;0;0;55592;0;438472;267748;14653;0;0;0;429783;106;0;3000;44711;0;0;0;12;0;760013;5000;1912;0;0;0;25127;0;0;117785;0;127346;0;282;0;44853;15369;2690;0;0;5;272295;612662;147351;0;0;0;0;0;0;0;5404;0;5404;-5404;141947;0;0;0;0;0;0;0;0;0;0;0;0;760013;618066;141947
707;PASSIONNÉMENT MARSEILLAIS;EUR;2024;0;0;0;0;0;0;0;0;0;0;0;0;0;0;0;0;0;0;0;0;0;0;0;0;0;0;0;0;0;0;0;0;0;1200;0;1200;1200;0;1200;0;0;0;0;0;0;0;0;0;0;0;0;5978;0;5978;0;0;0;7570;0;7570;0;0;0;13547;0;13547;0;0;0;14747;0;14747;0;0;0;13020;-4853;0;0;8167;0;0;0;0;0;0;0;0;0;0;0;6580;0;6580;0;14747;0;0;0;0;0;14822;0;0;14066;0;0;0;0;0;0;28888;2900;0;0;0;0;0;0;0;9226;1137;4442;0;1973;0;0;0;0;0;0;0;14066;33744;-4856;3;0;0;0;0;3;0;0;0;3;-4853;0;0;0;0;0;0;0;0;0;0;0;0;0;28891;33744;-4853
709;UNION DES DÉMOCRATES ET INDÉPENDANTS;EUR;2024;0;0;0;0;0;0;0;0;0;432732,24;330923,33;101808,91;3596;0;3596;0;0;0;0;0;0;131000;5000;126000;0;0;0;0;0;0;0;0;0;134614,8;0;134614,8;701943,04;335923,33;366019,71;0;0;0;0;0;0;34360,6;0;34360,6;0;0;0;10339,82;0;10339,82;0;0;0;3521941,94;0;3521941,94;17395,57;0;17395,57;3584037,93;0;3584037,93;0;0;0;4285980,97;335923,33;3950057,64;0;0;0;3244566,47;444740,55;10260,92;0;3699567,94;0;12141,68;12141,68;0;0;0;0;60569,38;155908,25;0;0;21870,39;0;238348,02;0;3950057,64;30050;77181,97;0;0;2000;26745,68;1683,18;0;2230000;106740;0;54312,3;100603,95;0;4,22;2629321,3;19100;0;25350,09;0;30000;2354,88;0;128337,31;495726,04;164835,56;151330,14;0;374200,3;30235,58;503949,65;227029,26;28119,34;0;1751,79;0;21,83;2182341,77;446979,53;0;0;3412,97;0;0;3412,97;5000;0;0;5000;-1587,03;445392,5;0;0;0;0;0;0;651,95;651,95;-651,95;0;0;0;2632734,27;2187993,72;444740,55
710;GÉNÉRATIONS GRAND ANGOULÊME;EUR;2024;0;0;0;0;0;0;0;0;0;0;0;0;0;0;0;0;0;0;0;0;0;0;0;0;0;0;0;0;0;0;0;0;0;0;0;0;0;0;0;0;0;0;0;0;0;;0;0;0;0;0;0;0;0;0;0;0;11635;0;11635;156;0;156;11791;0;11791;0;0;0;11791;0;11791;0;0;0;5056;4445;0;0;9501;0;0;0;0;0;0;0;2290;0;0;0;0;0;2290;0;11791;810;4659;0;0;0;0;2939;0;0;0;0;0;1620;0;0;10028;0;0;0;0;0;0;0;0;1021;2144;1080;0;1338;0;0;0;0;0;0;0;0;5583;4445;0;0;0;0;0;0;0;0;0;0;0;0;0;0;0;0;0;0;0;0;0;0;0;0;10028;5583;4445
713;RASSEMBLEMENT POUR LE PEUPLE DE FRANCE;EUR;2024;0;0;0;0;0;0;0;0;0;9773,76;9773,76;0;0;0;0;0;0;0;0;0;0;0;0;0;0;0;0;0;0;0;0;0;0;0;0;0;9773,76;9773,76;0;0;0;0;0;0;0;0;0;0;0;0;0;0;0;0;0;0;0;22636,16;0;22636,16;0;0;0;22636,16;0;22636,16;0;0;0;32409,92;9773,76;22636,16;0;0;0;22075,5;-15,34;0;0;22060,16;0;0;0;0;0;0;0;576;0;0;0;0;0;576;0;22636,16;1500;0;0;0;0;3449;0;0;0;0;0;0;0;0;0;4949;0;0;0;0;0;0;0;0;0;0;1116;0;3848,34;0;0;0;0;0;0;0;0;4964,34;-15,34;0;0;0;0;0;0;0;0;0;0;0;-15,34;0;0;0;0;0;0;0;0;0;0;0;0;4949;4964,34;-15,34
716;VIVRE À SCEAUX;EUR;2024;0;0;0;0;0;0;0;0;0;0;0;0;0;0;0;0;0;0;0;0;0;0;0;0;0;0;0;0;0;0;0;0;0;0;0;0;0;0;0;0;0;0;0;0;0;0;0;0;0;0;0;0;0;0;0;0;0;9187,14;0;9187,14;0;0;0;9187,14;0;9187,14;0;0;0;9187,14;0;9187,14;0;0;0;6507,46;-275,66;0;0;6231,8;0;0;0;0;0;0;0;2955,34;0;0;0;0;0;2955,34;0;9187,14;1300;160;0;0;0;11540;0;0;0;235;0;0;0;0;0;13235;0;0;0;0;0;0;695,22;0;2400;368,2;2833,4;0;7213,84;0;0;0;0;0;0;0;0;13510,66;-275,66;0;0;0;0;0;0;0;0;0;0;0;-275,66;0;0;0;0;0;0;0;0;0;0;0;0;13235;13510,66;-275,66
718;LA FRANCE EN MARCHE;EUR;2024;0;0;0;0;0;0;0;0;0;0;0;0;0;0;0;0;0;0;0;0;0;0;0;0;0;0;0;0;0;0;0;0;0;0;0;0;0;0;0;0;0;0;0;0;0;0;0;0;0;0;0;0;0;0;0;0;0;15622,04;0;15622,04;0;0;0;15622,04;0;15622,04;0;0;0;15622,04;0;15622,04;11389,56;0;0;0;-443,52;0;0;10946,04;0;0;0;0;0;0;0;4676;0;0;0;0;0;4676;0;15622,04;0;0;0;0;0;0;0;0;0;0;0;0;0;0;0;0;0;0;0;0;0;0;0;0;0;0;240;0;203,52;0;0;0;0;0;0;0;0;443,52;-443,52;0;0;0;0;0;0;0;0;0;0;0;-443,52;0;0;0;0;0;0;0;0;0;0;0;0;0;443,52;-443,52
722;ENSEMBLE POUR LYON;EUR;2024;0;0;0;0;0;0;0;0;0;0;0;0;0;0;0;0;0;0;0;0;0;0;0;0;0;0;0;0;0;0;20000;0;20000;0;0;0;20000;0;20000;0;0;0;0;0;0;0;0;0;0;0;0;0;0;0;0;0;0;45932;0;45932;0;0;0;45932;0;45932;3142;0;3142;69074;0;69074;50806;0;0;0;13826;0;0;64633;0;0;0;0;0;0;0;4442;0;0;0;0;0;4442;0;69074;10;0;0;0;0;17780;0;0;0;0;0;0;0;0;0;17790;0;0;0;0;0;0;0;0;0;0;2862;0;1102;0;0;0;0;0;0;0;0;3964;13826;0;0;0;0;0;0;0;0;0;0;0;13826;0;0;0;0;0;0;0;0;0;0;0;0;17790;3964;13826
724;CALÉDONIE ENSEMBLE;EUR;2024;0;0;0;1760;1760;0;0;0;0;8244;8244;0;0;0;0;0;0;0;0;0;0;0;0;0;0;0;0;0;0;0;0;0;0;0;0;0;10004;10004;0;0;0;0;0;0;0;0;0;0;0;0;0;13144;0;13144;0;0;0;25301;0;25301;853;0;853;39298;0;39298;0;0;0;49302;10004;39298;0;0;0;25175;-63344;3990;0;-34179;0;0;0;0;0;2346;0;70558;0;0;0;572;0;73477;0;39298;55975;34257;0;0;0;0;0;0;33407;0;0;9677;0;0;7721;141038;0;9677;0;0;0;0;0;20092;1868;13219;151437;0;5904;0;0;0;0;0;0;0;2185;204382;-63344;0;0;0;0;0;0;0;0;0;0;0;-63344;0;0;0;0;0;0;0;0;0;0;0;0;141038;204382;-63344
740;NOUS FRANCE;EUR;2024;0;0;0;96528;86531,51;9996,49;0;0;0;7144,78;6011,88;1132,9;0;0;0;0;0;0;0;0;0;0;0;0;0;0;0;0;0;0;0;0;0;0;0;0;103672,78;92543,39;11129,39;0;0;0;0;0;0;0;0;0;0;0;0;16390;0;16390;0;0;0;114262,07;0;114262,07;5038,9;0;5038,9;135690,97;0;135690,97;0;0;0;239363,75;92543,39;146820,36;0;0;0;117272,59;8690,73;0;0;125963,32;0;0;0;0;0;0;0;20847,04;0;0;0;10;0;20857,04;0;146820,36;3665;0;0;0;0;167480;0;0;0;0;0;0;0;0;0,62;171145,62;0;0;0;0;0;0;0;0;18941,9;40638,43;43882;0;31118,53;0;0;0;24458,3;0;0;0;18,2;159057,36;12088,26;0;0;0;0;0;0;0;0;0;0;0;12088,26;0;0;0;0;3397,53;0;0;3397,53;-3397,53;0;0;0;171145,62;162454,89;8690,73
743;ENSEMBLE POUR NOGENT;EUR;2024;0;0;0;0;0;0;0;0;0;0;0;0;0;0;0;0;0;0;0;0;0;0;0;0;0;0;0;0;0;0;0;0;0;0;0;0;0;0;0;0;0;0;0;0;0;0;0;0;0;0;0;53;0;53;0;0;0;1324;0;1324;0;0;0;1377;0;1377;0;0;0;1377;0;1377;332;0;0;-1458;1303;0;0;177;0;0;0;0;0;0;0;1200;0;0;0;0;0;1200;0;1377;630;7030;0;0;0;9870;0;0;0;0;0;0;0;0;0;17530;0;0;0;0;0;0;0;0;13922;9;600;0;1697;0;0;0;0;0;0;0;0;16227;1303;0;0;0;0;0;0;0;0;0;0;0;1303;0;0;0;0;0;0;0;0;0;0;0;0;17530;16227;1303
752;100% PARIS;EUR;2024;0;0;0;3600;3600;0;0;0;0;1028,98;1028,98;0;0;0;0;0;0;0;0;0;0;0;0;0;0;0;0;0;0;0;0;0;0;0;0;0;4628,98;4628,98;0;0;0;0;0;0;0;0;0;0;0;0;0;100;0;100;0;0;0;22338,43;0;22338,43;168;0;168;22606,43;0;22606,43;0;0;0;27235,41;4628,98;22606,43;0;0;0;4252,01;16324,42;0;0;20576,43;0;0;0;0;0;0;0;1980;0;0;0;50;0;2030;0;22606,43;0;0;0;0;0;28160;0;0;0;0;0;775,28;0;0;0;28935,28;0;775,28;0;0;0;0;0;0;0;1725,8;1980;0;6848,45;0;0;0;0;0;0;0;1281,33;12610,86;16324,42;0;0;0;0;0;0;0;0;0;0;0;16324,42;0;0;0;0;0;0;0;0;0;0;0;0;28935,28;12610,86;16324,42
754;AZ AÏS;EUR;2024;0;0;0;0;0;0;0;0;0;9268;2319;6949;0;0;0;30;0;30;0;0;0;17000;0;17000;0;0;0;0;0;0;0;0;0;20000;0;20000;49298;2319;43979;0;0;0;0;0;0;0;0;0;0;0;0;0;0;0;0;0;0;65797;0;65797;0;0;0;65797;0;65797;0;0;0;112095;2319;109776;112604;0;0;0;-6662;0;0;105942;0;0;0;0;0;0;0;3292;0;0;0;543;0;3835;0;109776;0;0;0;0;0;12730;0;0;0;0;0;0;0;0;25;12755;0;0;0;0;0;0;3475;0;498;6692;6412;0;1092;0;0;0;1249;0;0;0;0;19417;-6662;0;0;0;0;0;0;0;0;0;0;0;-6662;0;0;0;0;0;0;0;0;0;0;0;0;12755;19417;-6662
764;MORBIHAN EN MOUVEMENT;EUR;2024;0;0;0;0;0;0;0;0;0;0;0;0;0;0;0;15,3;0;15,3;0;0;0;0;0;0;0;0;0;0;0;0;0;0;0;0;0;0;15,3;0;15,3;0;0;0;0;0;0;0;0;0;0;0;0;0;0;0;0;0;0;858,42;0;858,42;0;0;0;858,42;0;858,42;0;0;0;873,72;0;873,72;0;0;0;1168,57;-294,85;0;0;873,72;0;0;0;0;0;0;0;0;0;0;0;0;0;0;0;873,72;0;0;0;0;0;0;0;0;0;0;0;0;0;0;0;0;0;0;0;0;0;0;0;0;0;0;210;0;75,2;0;0;0;0;0;0;0;10;295,2;-295,2;0;0,35;0;0;0;0,35;0;0;0;0;0,35;-294,85;0;0;0;0;0;0;0;0;0;0;0;0;0,35;295,2;-294,85
769;CITOYENS DE LA RÉUNION EN ACTION (CREA);EUR;2024;0;0;0;0;0;0;0;0;0;3057;2943;114;0;0;0;1928;0;1928;0;0;0;0;0;0;0;0;0;0;0;0;0;0;0;0;0;0;4985;2943;2042;0;0;0;0;0;0;0;0;0;0;0;0;506;0;506;0;0;0;29390;0;29390;0;0;0;29896;0;29896;0;0;0;34880;2943;31937;7220;0;0;24511;-3926;0;0;27804;0;0;0;0;0;0;0;3647;0;0;0;486;0;4133;0;31937;550;1815;0;0;0;350;0;0;0;0;0;0;0;0;0;2715;0;0;0;0;0;0;0;133;0;1672;2930;0;1803;0;0;0;104;0;0;0;0;6641;-3926;0;0;0;0;0;0;0;0;0;0;0;-3926;0;0;0;0;0;0;0;0;0;0;0;0;2715;6641;-3926
775;MIEUX VIVRE A TASSIN LA DEMI-LUNE;EUR;2024;0;0;0;0;0;0;0;0;0;0;0;0;0;0;0;0;0;0;0;0;0;0;0;0;0;0;0;0;0;0;0;0;0;0;0;0;0;0;0;0;0;0;0;0;0;0;0;0;0;0;0;0;0;0;0;0;0;2335;0;2335;0;0;0;2335;0;2335;0;0;0;2335;0;2335;0;0;0;13;1122;0;0;1135;0;0;0;0;0;0;0;1200;0;0;0;0;0;1200;0;2335;0;0;0;0;0;8665;0;0;0;0;0;0;0;0;0;8665;0;0;0;0;0;0;0;1764;0;2619;1200;0;0;0;0;0;0;0;0;0;1520;7103;1562;0;0;0;0;0;0;0;440;0;440;-440;1122;0;0;0;0;0;0;0;0;0;0;0;0;8665;7543;1122
781;LES AMIS DU MAIRE DE NICE;EUR;2024;0;0;0;0;0;0;0;0;0;12222;10836;1386;0;0;0;0;0;0;0;0;0;0;0;0;0;0;0;0;0;0;0;0;0;24950;0;24950;37172;10836;26336;0;0;0;0;0;0;0;0;0;2769;0;2769;2630;0;2630;0;0;0;65278;0;65278;0;0;0;70677;0;70677;0;0;0;107849;10836;97013;0;0;0;111939;-30397;0;0;81542;0;0;0;0;0;0;0;15421;0;0;0;50;0;15471;0;97013;0;0;0;0;0;159853;0;0;0;138375;15972;0;0;0;114;314313;0;12695;0;0;0;0;0;806;94595;139086;13081;0;76525;6959;0;0;636;0;0;0;327;344710;-30397;0;0;0;0;0;0;0;0;0;0;0;-30397;0;0;0;0;0;0;0;0;0;0;0;0;314313;344710;-30397
782;POUR SAINT-JEAN D'ILLAC;EUR;2024;0;0;0;0;0;0;0;0;0;0;0;0;0;0;0;0;0;0;0;0;0;0;0;0;0;0;0;0;0;0;0;0;0;0;0;0;0;0;0;0;0;0;0;0;0;0;0;0;0;0;0;0;0;0;0;0;0;641;0;641;0;0;0;641;0;641;0;0;0;641;0;641;0;0;0;-603;-184;0;0;-787;0;0;0;0;0;0;0;1428;0;0;0;0;0;1428;0;641;0;0;0;0;0;0;0;0;0;0;0;0;0;0;0;0;0;0;0;0;0;0;0;0;0;0;180;0;4;0;0;0;0;0;0;0;0;184;-184;0;0;0;0;0;0;0;0;0;0;0;-184;0;0;0;0;0;0;0;0;0;0;0;0;0;184;-184
783;LA FRANCE JUSTE;EUR;2024;0;0;0;0;0;0;0;0;0;15;0;15;0;0;0;0;0;0;0;0;0;0;0;0;0;0;0;0;0;0;0;0;0;0;0;0;15;0;15;2390;0;2390;0;0;0;0;0;0;0;0;0;0;0;0;0;0;0;10594;0;10594;0;0;0;12984;0;12984;0;0;0;12999;0;12999;9344;0;0;-6712;8723;0;0;11355;0;0;0;0;0;0;0;1644;0;0;0;0;0;1644;0;12999;0;0;0;0;0;14300;0;0;0;0;0;0;220;0;0;14520;0;0;0;0;0;2611;592;635;0;0;1728;0;230;0;0;0;0;0;0;0;0;5797;8723;0;0;0;0;0;0;0;0;0;0;0;8723;0;0;0;0;0;0;0;0;0;0;0;0;14520;5797;8723
791;NOUVELLE DONNE;EUR;2024;0;0;0;2760;2760;0;0;0;0;12464;12464;0;153;0;153;0;0;0;0;0;0;0;0;0;0;0;0;0;0;0;0;0;0;210;0;210;15586;15224;363;0;0;0;40;0;40;0;0;0;0;0;0;3587;0;3587;0;0;0;29295;0;29295;0;0;0;32922;0;32922;0;0;0;48508;15224;33285;-521164;0;0;127518;11507;0;0;-382139;0;0;0;0;0;0;0;145282;0;0;0;270141;0;415424;0;33285;15220;12818;0;0;0;14415;0;0;966;0;0;0;0;0;0;43419;5000;348;171;0;0;0;0;7664;4410;647;3456;4270;120;0;0;0;426;0;0;0;698;27210;16210;3;0;0;0;0;3;0;4706;0;4706;-4703;11507;0;0;0;0;0;0;0;0;0;0;0;0;43423;31915;11507
794;MOUVEMENT POPULAIRE CALÉDONIEN;EUR;2024;0;0;0;0;0;0;0;0;0;0;0;0;0;0;0;0;0;0;0;0;0;4106;0;4106;0;0;0;0;0;0;0;0;0;0;0;0;4106;0;4106;0;0;0;0;0;0;0;0;0;0;0;0;329;0;329;0;0;0;47606;0;47606;0;0;0;47935;0;47935;0;0;0;52041;0;52041;23541;0;0;0;-8334;0;0;15207;0;0;0;0;0;0;0;2221;0;0;0;34613;0;36834;0;52041;603;0;0;0;0;729;0;0;0;0;0;104;0;0;0;1437;0;104;0;0;0;0;0;0;0;4378;2221;0;3067;0;0;0;0;0;0;0;0;9770;-8334;0;0;0;0;0;0;0;0;0;0;0;-8334;0;0;0;0;0;0;0;0;0;0;0;0;1437;9770;-8334
795;CAP 21 - LE RASSEMBLEMENT CITOYEN;EUR;2024;0;0;0;0;0;0;0;0;0;0;0;0;0;0;0;0;0;0;0;0;0;0;0;0;0;0;0;0;0;0;0;0;0;0;0;0;0;0;0;0;0;0;0;0;0;0;0;0;0;0;0;0;0;0;0;0;0;451,78;0;451,78;0;0;0;451,78;0;451,78;0;0;0;451,78;0;452;0;0;0;-235979,68;-2921;0;0;-238901;0;0;0;0;0;0;0;238352,85;0;0;0;1000;0;239352,85;0;452;16679;11293,59;0;0;0;0;0;0;0;0;0;0;0;0;0;27972,59;0;0;0;0;0;0;0;0;0;356;14538,8;0;11261;0;0;0;0;0;0;0;4737,67;30894;-2921;0;0;0;0;0;0;0;0;0;0;0;-2921;0;0;0;0;0;0;0;0;0;0;0;0;27972,59;30894;-2921
797;RASSEMBLEMENT POUR LA FRANCE;EUR;2024;0;0;0;0;0;0;0;0;0;0;0;0;0;0;0;0;0;0;0;0;0;0;0;0;0;0;0;0;0;0;0;0;0;0;0;0;0;0;0;0;0;0;0;0;0;0;0;0;0;0;0;0;0;0;0;0;0;133;0;133;0;0;0;133;0;133;0;0;0;133;0;133;0;0;0;-724;-1155;0;0;-1879;0;0;0;0;0;0;0;2004;0;0;0;8;0;2012;0;133;0;0;0;0;0;2456;0;0;0;0;0;0;0;0;0;2456;0;0;0;0;0;0;0;0;0;144;1370;0;97;0;0;0;0;0;0;0;0;1611;845;0;0;0;0;0;0;0;0;0;0;0;845;0;0;0;0;2000;0;0;2000;-2000;0;0;0;2456;3611;-1155
799;OBJECTIF RÉUNION;EUR;2024;0;0;0;0;0;0;0;0;0;1650;1650;0;0;0;0;0;0;0;0;0;0;0;0;0;0;0;0;0;0;0;0;0;0;1380;1380;0;3030;3030;0;0;0;0;0;0;0;0;0;0;0;0;0;2773,25;330,93;2442,32;0;0;0;867,96;0;867,96;0;0;0;3641,21;330,93;3310,28;0;0;0;6671,21;3360,93;3310,28;0;0;0;-50605,73;-5443;0;0;-56048,73;0;0;0;0;0;0;0;50028,01;0;0;0;9331;0;59359,01;0;3310,28;0;0;0;0;0;0;0;0;0;0;0;0;0;0;0;0;0;0;0;0;0;0;0;0;0;0;5425;0;18;0;0;0;0;0;0;0;0;5443;-5443;0;0;0;0;0;0;0;0;0;0;0;-5443;0;0;0;0;0;0;0;0;0;0;0;0;0;5443;-5443
803;IDENTITÉ LIBERTÉS;EUR;2024;0;0;0;12000;888,89;11111,11;0;0;0;2325,51;899,38;1426,13;0;0;0;0;0;0;0;0;0;171530;0;171530;0;0;0;0;0;0;0;0;0;0;0;0;185855,51;1788,27;184067,24;0;0;0;0;0;0;0;0;0;0;0;0;27752;0;27752;0;0;0;137188,91;0;137188,91;11408,04;0;11408,04;176348,95;0;176348,95;45666,06;0;45666,06;407870,52;1788,27;406082,25;0;0;0;114698,05;-585554,37;0;0;-470856,32;0;0;0;0;0;800000;0;52508,4;12992,13;0;0;30;11408,04;876938,57;0;406082,25;264887;2800;0;0;5500;67659;0;0;45666,06;9142,09;5990,13;0;0;0;14,58;401658,86;0;0;0;0;0;0;691,68;216,71;9296,1;30774,5;91944,86;0;135004,46;251,55;64957,87;15843,89;992,27;0;0;0;3;349976,89;51681,97;0;27263,29;0;0;0;27263,29;0;27263,29;0;27263,29;0;51681,97;733,66;0;0;733,66;637970;0;0;637970;-637236,34;0;0;0;429655,81;1015210,18;-585554,37
806;UNION POPULAIRE RÉPUBLICAINE;EUR;2024;0;0;0;0;0;0;64582;34460;30122;203476;164894;38582;0;0;0;0;0;0;0;0;0;0;0;0;0;0;0;0;0;0;0;0;0;52383;0;52383;320441;199354;121086;27164;5534;21631;0;0;0;0;0;0;0;0;0;1456;0;1456;0;0;0;319278;0;319279;1987;0;1987;349885;5534;344352;0;0;0;670326;204888;465438;68445;0;0;435625;-319960;0;0;184110;0;0;0;0;0;0;0;251358;29824;0;0;147;0;281328;0;465438;710055;0;0;0;0;830456;24537;0;0;0;0;248867;85292;0;0;1899206;102090;248579;0;0;0;37116;55715;0;104139;25880;169141;0;1155597;5951;220979;71845;18235;5534;0;0;1;2220804;-321597;0;0;2406;0;0;2406;0;0;0;0;2406;-319191;583;0;0;583;1352;0;0;1352;-768;0;0;0;1902196;2222155;-319960
808;ENSEMBLE, MOUVEMENT POUR UNE ALTERNATIVE DE GAUCHE ÉCOLOGISTE ET SOLIDAIRE;EUR;2024;0;0;0;2390;2390;0;0;0;0;87465,99;70357,56;17108,43;100;0;100;0;0;0;0;0;0;42000;0;42000;0;0;0;15000;0;15000;0;0;0;4732,14;0;4732,14;151688,13;72747,56;78940,57;0;0;0;0;0;0;0;0;0;0;0;0;16756,85;0;16756,85;45,75;0;45,75;1014796,81;0;1014796,81;2177,13;0;2177,13;1033776,54;0;1033776,54;0;0;0;1185464,67;72747,56;1112717,11;53923,62;0;0;1021670,13;21830,52;0;-7227,87;1090196,4;0;0;0;365,28;0;0;0;6661,45;570;0;0;14923,98;0;22520,71;0;1112717,11;177246,5;15010;0;0;0;9442,33;0;0;8131,3;0;0;21895,42;4245,68;0;0;235971,23;0;21895,42;0;0;7646,88;0;6833,85;0;88900,81;29198,39;26204,83;0;69592,56;6252,33;0;0;7653,91;0;0;0;0,06;264179,04;-28207,81;0;0;108,86;50177,92;0;50286,78;0;1,34;0;1,34;50285,44;22077,63;0;0;0;0;0;0;0;0;0;570;0;-322,89;286258,01;264427,49;21830,52
813;ALLIANCE SOLIDAIRE DES FRANÇAIS DE L'ÉTRANGER;EUR;2024;0;0;0;0;0;0;0;0;0;6263;6054;209;0;0;0;0;0;0;0;0;0;0;0;0;0;0;0;0;0;0;0;0;0;0;0;0;6263;6054;209;0;0;0;0;0;0;0;0;0;0;0;0;12000;0;12000;0;0;0;2378;0;2378;54;0;54;14433;0;14433;0;0;0;20696;6054;14642;0;0;0;-402688;75274;0;0;-327414;35000;0;35000;215250;0;0;0;34733;57074;0;0;0;0;307056;0;14642;0;164500;0;0;0;152503;0;0;0;0;0;0;0;0;1;317004;0;0;0;0;0;0;0;0;15470;41377;39759;0;12111;0;89858;33768;224;0;0;0;542;233109;83896;0;0;0;0;0;0;0;6789;0;6789;-6789;72107;0;0;0;0;1833;0;0;1833;-1833;0;0;0;317004;241731;75274
815;AMBITION, AUDACE ET AVENIR;EUR;2024;0;0;0;0;0;0;0;0;0;0;0;0;0;0;0;0;0;0;0;0;0;0;0;0;0;0;0;0;0;0;0;0;0;0;0;0;0;0;0;0;0;0;0;0;0;0;0;0;0;0;0;0;0;0;0;0;0;136,6;0;136,6;0;0;0;136,6;0;136,6;0;0;0;136,6;0;136,6;0;0;0;-379,4;-204;0;0;-583,4;0;0;0;0;0;0;0;720;0;0;0;0;0;720;0;136,6;0;0;0;0;0;0;0;0;0;0;0;0;0;0;0;0;0;0;0;0;0;0;0;0;0;0;180;0;24;0;0;0;0;0;0;0;0;204;-204;0;0;0;0;0;0;0;0;0;0;0;-204;0;0;0;0;0;0;0;0;0;0;0;0;0;204;-204
821;LES AMIS DE YANNICK MOREAU;EUR;2024;0;0;0;0;0;0;0;0;0;2105;2105;0;0;0;0;0;0;0;0;0;0;0;0;0;0;0;0;0;0;0;0;0;0;0;0;0;2105;2105;0;0;0;0;0;0;0;0;0;0;0;0;0;0;0;0;0;0;0;6539;0;6539;0;0;0;6539;0;6539;0;0;0;8644;2105;6539;6315;0;0;0;-2356;0;0;3959;0;0;0;0;0;0;0;2080;0;0;0;500;0;2580;0;6539;0;800;0;0;0;22693;0;0;0;0;0;0;0;0;0;23493;0;0;0;0;0;0;0;1500;0;11032;3819;1409;7944;0;0;0;46;0;0;0;0;25750;-2257;0;0;0;0;0;0;0;64;0;64;-64;-2321;0;0;0;0;35;0;0;35;-35;0;0;0;23493;25849;-2356
823;LE MOUVEMENT POUR LA PROSPÉRITÉ ÉCONOMIQUE ET SOCIALE;EUR;2024;0;0;0;0;0;0;0;0;0;0;0;0;0;0;0;0;0;0;0;0;0;0;0;0;0;0;0;0;0;0;0;0;0;0;0;0;0;0;0;0;0;0;0;0;0;0;0;0;0;0;0;0;0;0;0;0;0;6235;0;6235;0;0;0;6235;0;6235;0;0;0;6235;0;6235;4190;2000;0;0;45;0;0;6235;0;0;0;0;0;0;0;0;0;0;0;0;0;0;0;6235;150;0;0;0;0;1450;0;0;0;0;0;0;0;0;0;1600;0;0;0;0;0;0;0;582;0;0;690;0;283;0;0;0;0;0;0;0;0;1555;45;0;0;0;0;0;0;0;0;0;0;0;45;0;0;0;0;0;0;0;0;0;0;0;0;1600;1555;45
824;LA BOÎTE À IDÉES;EUR;2024;0;0;0;0;0;0;0;0;0;0;0;0;0;0;0;30;0;30;0;0;0;0;0;0;0;0;0;0;0;0;0;0;0;0;0;0;30;0;30;0;0;0;0;0;0;0;0;0;0;0;0;0;0;0;0;0;0;16498;0;16498;0;0;0;16498;0;16498;0;0;0;16528;0;16528;0;0;0;22247;-10332;0;0;11915;0;0;0;0;0;0;0;4613;0;0;0;0;0;4613;0;16528;0;0;0;0;0;29885;0;0;0;10919;0;0;0;0;0;40804;0;0;0;0;0;0;0;2473;4539;37621;3416;0;2474;0;0;0;0;0;0;0;691;51214;-10410;0;0;78;0;0;78;0;0;0;0;78;-10332;0;0;0;0;0;0;0;0;0;0;0;0;40882;51214;-10332
829;LE CERCLE DU COTENTIN;EUR;2024;0;0;0;0;0;0;0;0;0;0;0;0;0;0;0;0;0;0;0;0;0;3791;0;3791;0;0;0;0;0;0;0;0;0;0;0;0;3791;0;3791;0;0;0;0;0;0;0;0;0;0;0;0;0;0;0;0;0;0;21685;0;21685;244;0;244;21930;0;21930;0;0;0;25721;;25721;0;0;0;17881;6084;0;0;23964;0;0;0;0;0;0;0;1757;0;0;0;0;0;1757;0;25721;4630;16670;0;0;0;4085;0;0;0;6105;0;0;0;0;110;31600;0;0;0;0;0;0;0;0;1007;15152;1697;0;7847;0;0;0;0;0;0;0;380;26082;5518;0;0;566;0;0;566;0;0;0;0;566;6084;0;0;0;0;0;0;0;0;0;0;0;0;32166;26082;6084
834;NOUVELLE ÉNERGIE;EUR;2024;0;0;0;5580;1734;3846;0;0;0;71989;30549;41440;0;0;0;0;0;0;0;0;0;0;0;0;0;0;0;0;0;0;0;0;0;17912;0;17912;95481;32283;63198;9027;0;9027;0;0;0;0;0;0;0;0;0;6255;0;6255;30;0;30;358967;0;358967;27351;0;27351;401630;0;401630;0;0;0;497111;32283;464828;0;0;0;275968;168073;0;0;444041;0;0;0;0;0;0;0;10140;10647;0;0;0;0;20787;0;464828;155795;10220;0;0;0;516052;0;0;0;0;0;2680;2818;0;20140;707705;3500;6041;0;0;0;17823;0;103265;115617;38930;60835;0;47566;0;87075;36060;15724;0;0;0;74;532510;175195;0;0;798;0;0;798;0;0;0;0;798;175993;0;0;0;0;7500;0;0;7500;-7500;420;0;0;708503;540430;168073
835;POISSY DE TOUTES NOS FORCES;EUR;2024;0;0;0;0;0;0;0;0;0;826;312,04;513,96;15;0;15;0;0;0;0;0;0;0;0;0;0;0;0;0;0;0;0;0;0;72;0;72;913;312,04;600,96;0;0;0;0;0;0;0;0;0;0;0;0;0;0;0;0;0;0;42520,72;0;42520,72;0;0;0;42520,72;0;42520,72;0;0;0;43433,72;312,04;43121,68;0;0;0;34844,77;7467,69;0;0;42312,46;0;0;0;0;0;0;0;809,22;0;0;0;0;0;809,22;0;43121,68;470;5760;0;0;0;3085;0;0;0;8245,8;0;0;0;0;0;17560,8;0;0;0;0;0;0;0;0;288;8270,5;746;0;1236,76;0;0;0;275,33;0;0;0;0;10816,59;6744,21;0;0;723,48;0;0;723,48;0;0;0;0;723,48;7467,69;0;0;0;0;0;0;0;0;0;0;0;0;18284,28;10816,59;7467,69
836;CITOYENNETE ET TERRITOIRES;EUR;2024;0;0;0;0;0;0;0;0;0;6685,83;5482,64;1203,19;0;0;0;0;0;0;0;0;0;0;0;0;0;0;0;0;0;0;0;0;0;0;0;0;6685,83;5482,64;1203,19;0;0;0;0;0;0;0;0;0;0;0;0;1500;0;1500;0;0;0;91579,86;0;91579,86;0;0;0;93079,86;0;93079,86;0;0;0;99765,69;5482,64;94283,05;0;0;0;72015,06;16747,99;0;0;88763,05;0;0;0;0;0;0;0;5520;0;0;0;0;0;5520;0;94283,05;0;0;0;0;0;26450;0;0;0;0;0;0;0;0;0;26450;0;0;0;0;0;0;0;0;0;6559,61;2400;0;427,74;0;0;0;314,66;0;0;0;0;9702,01;16747,99;0;0;0;0;0;0;0;0;0;0;0;16747,99;0;0;0;0;0;0;0;0;0;0;0;0;26450;9702,01;16747,99
838;RASSEMBLEMENT POUR LA RÉUNION;EUR;2024;0;0;0;0;0;0;0;0;0;11270;11270;0;0;0;0;0;0;0;0;0;0;0;0;0;0;0;0;0;0;0;0;0;0;0;0;0;11270;11270;0;0;0;0;0;0;0;0;0;0;0;0;0;0;0;0;0;0;0;1667;0;1667;0;0;0;1667;0;1667;0;0;0;12937;11270;1667;0;0;0;-2643;-77;0;0;-2720;0;0;0;0;0;0;0;4387;0;0;0;0;0;4387;0;1667;0;0;0;0;0;1000;0;0;0;0;0;0;0;0;0;1000;0;0;0;0;0;0;0;0;0;0;651;0;348;0;0;0;0;0;0;0;0;999;1;0;0;0;0;0;0;78;0;0;78;-78;-77;0;0;0;0;0;0;0;0;0;0;0;0;1000;1077;-77
841;UNION RÉPUBLICAINE DE DROITE;EUR;2024;0;0;0;0;0;0;0;0;0;0;0;0;0;0;0;0;0;0;0;0;0;20000;0;20000;0;0;0;0;0;0;0;0;0;0;0;0;20000;0;20000;0;0;0;0;0;0;0;0;0;0;0;0;480;0;480;0;0;0;3028,71;0;3028,71;0;0;0;3508,71;0;3508,71;0;0;0;23508,71;0;23508,71;0;0;0;22052,5;-4491,89;0;0;17560,61;0;0;0;0;0;0;0;5948,1;0;0;0;0;0;5948,1;0;23508,71;0;0;0;0;0;21355;0;0;0;0;0;8468,58;0;0;14800;44623,58;0;8468,58;0;0;0;0;0;2523;4992,77;14492,56;3672;0;14966,56;0;0;0;0;0;0;0;0;49115,47;-4491,89;0;0;0;0;0;0;0;0;0;0;0;-4491,89;0;0;0;0;0;0;0;0;0;0;0;0;44623,58;49115,47;-4491,89
843;OXYGÈNE;EUR;2024;0;0;0;0;0;0;0;0;0;2000;2000;0;0;0;0;0;0;0;0;0;0;0;0;0;0;0;0;0;0;0;0;0;0;0;0;0;2000;2000;0;0;0;0;0;0;0;0;0;0;0;0;0;8363;0;8363;0;0;0;27877;0;27877;360;0;360;36601;0;36601;0;0;0;38601;2000;36601;0;0;0;17936;6382;0;0;24318;0;0;0;0;0;0;0;12284;0;0;0;0;0;12284;0;36601;40115;0;0;0;0;0;0;0;0;1286;0;0;0;0;0;41401;0;0;0;0;0;0;0;0;21954;0;3054;0;10016;0;0;0;0;0;0;0;0;35023;6378;0;0;4;0;0;4;0;0;0;0;4;6382;0;0;0;0;0;0;0;0;0;0;0;0;41405;35023;6382
846;DEMAIN EN MOUVEMENT;EUR;2024;0;0;0;0;0;0;0;0;0;0;0;0;0;0;0;0;0;0;0;0;0;0;0;0;0;0;0;0;0;0;0;0;0;0;0;0;0;0;0;0;0;0;0;0;0;0;0;0;0;0;0;0;0;0;0;0;0;79;0;79;0;0;0;79;0;79;0;0;0;79;0;79;0;0;0;-324;18;0;0;-306;0;0;0;0;0;0;0;180;0;0;0;205;0;385;0;79;0;220;0;0;0;0;0;0;0;0;0;0;0;0;0;220;0;0;0;0;0;0;0;0;0;0;180;0;22;0;0;0;0;0;0;0;0;202;18;0;0;0;0;0;0;0;0;0;0;0;18;0;0;0;0;0;0;0;0;0;0;0;0;220;202;18
847;UNE NOUVELLE VOIX POUR L'ILE-DE-FRANCE;EUR;2024;0;0;0;0;0;0;0;0;0;0;0;0;0;0;0;0;0;0;0;0;0;0;0;0;0;0;0;0;0;0;0;0;0;0;0;0;0;0;0;0;0;0;0;0;0;0;0;0;0;0;0;0;0;0;0;0;0;14301,63;0;14301,63;0;0;0;14301,63;0;14301,63;0;0;0;14301,63;0;14301,63;0;0;0;7142,26;4909,37;0;0;12051,63;0;0;0;0;0;0;0;2250;0;0;0;0;0;2250;0;14301,63;0;0;0;0;0;8345;0;0;0;0;0;0;0;0;0;8345;0;0;0;0;0;0;0;0;0;596,18;2250;0;589,45;0;0;0;0;0;0;0;0;3435,63;4909,37;0;0;0;0;0;0;0;0;0;0;0;4909,37;0;0;0;0;0;0;0;0;0;0;0;0;8345;3435,63;4909,37
850;LA FORCE DU 13;EUR;2024;0;0;0;807;807;0;0;0;0;10499;10021;478;0;0;0;0;0;0;0;0;0;0;0;0;0;0;0;0;0;0;0;0;0;500;0;500;11807;10828;978;0;0;0;0;0;0;0;0;0;0;0;0;0;0;0;0;0;0;64307;0;64307;0;0;0;64307;0;64307;0;0;0;76114;10828;65286;109514;0;0;0;-71442;14333;0;52404;0;0;0;0;0;189;0;12652;0;0;0;40;0;12881;0;65286;660;0;0;0;0;105;0;0;0;0;0;0;0;0;1;766;0;0;0;0;0;0;0;0;4979;42692;7890;0;16303;0;0;0;284;0;0;0;65;72213;-71447;0;0;5;0;0;5;0;0;0;0;5;-71442;0;0;0;0;0;0;0;0;0;0;0;0;771;72213;-71442
853;POUR TOULOUSE;EUR;2024;0;0;0;11400;956;10444;0;0;0;12237;11748;489;0;0;0;0;0;0;0;0;0;0;0;0;0;0;0;0;0;0;0;0;0;0;0;0;23637;12704;10933;2567;0;2567;0;0;0;0;0;0;0;0;0;2136;0;2136;0;0;0;325008;0;325008;28125;0;28125;357836;0;357836;0;0;0;381473;12704;368769;349065;0;0;0;-2290;0;0;346775;0;0;0;0;0;0;0;20550;0;0;0;0;1444;21993;0;368769;0;75413;0;0;0;38695;8582;0;0;0;0;0;101;0;37;122828;0;0;0;0;0;133;0;18091;0;46295;5904;0;47699;0;6064;2176;1165;0;0;0;3;127530;-4701;0;0;2411;0;0;2411;0;0;0;0;2411;-2290;0;0;0;0;0;0;0;0;0;0;0;0;125240;127530;-2290
862;LE SYNDICAT DE LA FAMILLE;EUR;2024;0;0;0;14906,07;5681,25;9224,82;0;0;0;102606,08;75949,2;26656,88;0;0;0;0;0;0;0;0;0;0;0;0;0;0;0;0;0;0;0;0;0;22500;0;22500;140012,15;81630,45;58381,7;41869;41869;0;0;0;0;3019,38;1277,25;1742,13;0;0;0;157759,72;0;157759,72;24018,09;0;24018,09;510065,31;0;510065,31;24530,89;0;24530,89;761262,39;43146,25;718116,14;0;0;0;901274,54;124776,7;776497,84;544058,42;0;0;0;-14681,61;0;0;529376,81;40000;0;40000;0;0;0;0;137711,4;60160,39;0;0;9249,24;0;207121,03;0;776497,84;300;0;0;0;0;1168838,55;0;0;0;0;0;6910,48;1096,68;0;3587,27;1180732,98;0;0;0;0;0;300;2425,22;68924,68;59547,4;18527,33;30314,6;0;501926,05;8752,52;296929,73;130357,26;15306,63;342;20000;0;45575,99;1199229,41;-18496,43;0;0;3814,82;0;0;3814,82;0;0;0;0;3814,82;-14681,61;0;0;0;0;0;0;0;0;0;0;0;0;1184547,8;1199229,41;-14681,61
866;PLUS BELLE L'HAY ENSEMBLE;EUR;2024;0;0;0;0;0;0;0;0;0;0;0;0;0;0;0;15;0;15;0;0;0;0;0;0;0;0;0;0;0;0;0;0;0;0;0;0;15;0;15;0;0;0;0;0;0;0;0;0;0;0;0;0;0;0;0;0;0;3080;0;3080;0;0;0;3080;0;3080;0;0;0;3095;0;3095;8300;0;0;0;-7305;0;0;995;0;0;0;0;0;0;0;2100;0;0;0;0;0;2100;0;3095;3710;0;0;0;0;19983;0;0;0;0;0;0;0;0;240;23933;0;0;0;0;0;0;0;1912;10076;9714;4860;0;4676;0;0;0;0;0;0;0;0;31238;-7305;0;0;0;0;0;0;0;0;0;0;0;-7305;0;0;0;0;0;0;0;0;0;0;0;0;23933;31238;-7305
870;L'AVANT-GARDE;EUR;2024;0;0;0;67700;67700;0;0;0;0;765;765;0;0;0;0;0;0;0;0;0;0;0;0;0;0;0;0;0;0;0;0;0;0;0;0;0;68465;68465;0;0;0;0;0;0;0;0;0;0;0;0;0;0;0;0;0;0;0;652;0;652;0;0;0;652;0;652;0;0;0;69117;68465;652;0;0;0;-22296;5347;0;0;-16949;0;0;0;0;0;8247;0;7680;0;0;0;1675;0;17602;0;652;0;0;0;0;0;9000;0;0;0;0;0;0;0;0;0;9000;0;0;0;0;0;0;0;0;0;0;3030;0;178;0;0;0;0;0;0;0;0;3208;5792;0;0;0;0;0;0;0;445;0;445;-445;5347;0;0;0;0;0;0;0;0;0;0;0;0;9000;3653;5347
872;MONTAUBAN EN MARCHE;EUR;2024;0;0;0;0;0;0;0;0;0;0;0;0;0;0;0;0;0;0;0;0;0;0;0;0;0;0;0;0;0;0;0;0;0;0;0;0;0;0;0;0;0;0;0;0;0;0;0;0;0;0;0;0;0;0;0;0;0;0;0;21946;0;0;0;0;0;21946;0;0;0;0;0;21946;0;0;0;22915;-1448;0;0;21466;0;0;0;0;0;0;0;480;0;0;0;0;0;480;0;21946;0;9802;0;0;0;0;0;0;0;0;0;0;0;0;0;9802;0;0;10000;0;0;0;0;0;0;0;486;0;764;0;0;0;0;0;0;0;0;11250;-1448;0;0;0;0;0;0;0;0;0;0;0;-1448;0;0;0;0;0;0;0;0;0;0;0;0;9802;11250;-1448
879;LA RELÈVE RÉPUBLICAINE;EUR;2024;0;0;0;37800;37800;0;0;0;0;0;0;0;0;0;0;0;0;0;0;0;0;0;0;0;0;0;0;0;0;0;0;0;0;0;0;0;37800;37800;0;0;0;0;0;0;0;0;0;0;0;0;0;0;0;0;0;0;0;7346;0;7346;0;0;0;7346;0;7346;0;0;0;45146;37800;7346;0;0;0;1892;3115;0;0;5007;0;0;0;0;0;0;0;2339;0;0;0;0;0;2339;0;7346;0;0;0;0;0;7900;0;0;0;0;0;8950;0;0;0;16850;2950;0;0;0;0;0;0;8950;0;0;1487;0;348;0;0;0;0;0;0;0;0;13735;3115;0;0;0;0;0;0;0;0;0;0;0;3115;0;0;0;0;0;0;0;0;0;0;0;0;16850;13735;3115
880;ALLONS ENFANTS, LE PARTI DE LA JEUNESSE;EUR;2024;0;0;0;4000;4000;0;0;0;0;0;0;0;0;0;0;0;0;0;0;0;0;0;0;0;0;0;0;0;0;0;0;0;0;0;0;0;4000;4000;0;0;0;0;0;0;0;0;0;0;0;0;0;0;0;0;0;0;0;4634,87;0;4634,87;0;0;0;4634,87;0;4634,87;0;0;0;8634,87;4000;4634,87;10968,93;0;0;-9424,08;750,02;0;0;2294,87;0;0;0;0;0;0;0;2340;0;0;0;0;0;2340;0;4634,87;152;0;0;0;0;9517;1832,76;0;2570,8;0;1504,5;3024;0;0;0;18601,06;5500;3024;966,45;0;0;0;0;0;3024;311,2;1940;0;2690,21;0;0;0;0;0;0;0;395,18;17851,04;750,02;0;0;0;0;0;0;0;0;0;0;0;750,02;0;0;0;0;0;0;0;0;0;0;0;0;18601,06;17851,04;750,02
881;MOUVEMENT POUR LE MÂCONNAIS - PASSIONNÉMENT;EUR;2024;0;0;0;0;0;0;0;0;;0;0;0;0;0;0;26988;0;26988;0;0;0;0;0;0;0;0;0;0;0;0;0;0;0;0;0;0;26988;0;26988;0;0;0;0;0;0;0;0;0;0;0;0;0;0;0;40000;0;40000;5437;0;5437;0;0;0;45437;0;45437;0;0;0;72425;0;72425;0;0;0;62918;-10015;0;0;52903;0;0;0;0;0;0;0;19523;0;0;0;0;0;19523;0;72425;280;10662;0;0;0;0;0;0;0;0;0;0;0;0;0;10942;0;0;0;0;0;0;0;0;0;0;19500;0;1457;0;0;0;0;0;0;0;0;20957;-10015;0;0;0;0;0;0;0;0;0;0;0;-10015;0;0;0;0;0;0;0;0;0;0;0;0;10942;20957;-10015
882;LE CERCLE DES AMIS DE JÉRÔME VIAUD;EUR;2024;0;0;0;290;290;0;0;0;0;18914;6214;12700;15;0;15;0;0;0;0;0;0;0;0;0;0;0;0;0;0;0;0;0;0;800;0;800;20019;6504;13515;0;0;0;0;0;0;0;0;0;0;0;0;0;0;0;0;0;0;60805;0;60805;2857;0;2857;63661;0;63661;0;0;0;83680;6504;77177;79078;0;0;0;-8353;0;0;70725;0;0;0;0;0;0;0;6306;0;0;0;145;0;6452;0;77177;4300;0;0;0;0;56959;0;0;0;29623;0;0;0;0;0;90882;0;0;0;0;0;0;41506;12140;11379;300;3641;0;26482;0;0;0;2812;0;0;0;0;98261;-7379;0;0;0;0;0;0;0;0;0;0;0;-7379;0;0;0;0;850;124;0;974;-974;0;0;0;90882;99234;-8353
886;ENSEMBLE AVEC GRÉGOIRE DE LASTEYRIE;EUR;2024;0;0;0;0;0;0;0;0;0;0;0;0;0;0;0;0;0;0;0;0;0;0;0;0;0;0;0;0;0;0;0;0;0;0;0;0;0;0;0;0;0;0;0;0;0;0;0;0;0;0;0;0;0;0;0;0;0;3584;0;3584;0;0;0;3584;0;3584;0;0;0;3584;0;3584;0;0;0;685;2047;0;0;2732;0;0;0;0;0;0;0;852;0;0;0;0;0;852;0;3584;0;5531;0;0;0;300;0;0;0;0;0;0;0;0;0;5831;0;0;0;0;0;0;0;2744;0;0;852;0;188;0;0;0;0;0;0;0;0;3784;2047;0;0;0;0;0;0;0;0;0;0;0;2047;0;0;0;0;0;0;0;0;0;0;0;0;5831;3784;2047
891;CORSICA LIBERA;EUR;2024;0;0;0;0;0;0;0;0;0;26766;23981;2786;0;0;0;0;0;0;0;0;0;0;0;0;0;0;0;0;0;0;0;0;0;0;0;0;26766;23981;2786;0;0;0;0;0;0;0;0;0;0;0;0;0;0;0;0;0;0;94276;0;94276;0;0;0;94276;0;94276;0;0;0;121042;23981;97061;0;0;0;151975;-56534;0;0;95441;0;0;0;0;0;0;0;1620;0;0;0;0;0;1620;0;97061;20975;1200;0;0;0;18500;0;0;0;0;0;0;0;0;0;40675;0;0;0;0;0;0;0;0;44087;14822;1440;0;34034;0;0;0;2826;0;0;0;0;97209;-56534;0;0;0;0;0;0;0;0;0;0;0;-56534;0;0;0;0;0;0;0;0;0;0;0;0;40675;97209;-56534
896;FONTENAY-AUX-ROSES AVENIR;EUR;2024;0;0;0;0;0;0;0;0;0;0;0;0;0;0;0;0;0;0;0;0;0;0;0;0;0;0;0;0;0;0;0;0;0;0;0;0;0;0;0;0;0;0;0;0;0;0;0;0;0;0;0;0;0;0;0;0;0;6753,23;0;6753,23;0;0;0;6753,23;0;6753,23;0;0;0;6753,23;0;6753,23;3079,63;0;0;0;739,6;0;0;3819,23;0;0;0;0;0;0;0;2934;0;0;0;0;0;2934;0;6753,23;115;2748;0;0;0;0;0;0;0;0;0;0;0;0;0;2863;0;0;0;0;0;0;0;0;0;99,53;1426;0;295,47;0;0;0;0;0;0;0;302,4;2123,4;739,6;0;0;0;0;0;0;0;0;0;0;0;739,6;0;0;0;0;0;0;0;0;0;0;0;0;2863;2123,4;739,6
900;DROIT AU COEUR AVEC HERVÉ MARITON;EUR;2024;0;0;0;0;0;0;0;0;0;0;0;0;0;0;0;0;0;0;0;0;0;0;0;0;0;0;0;0;0;0;0;0;0;0;0;0;0;0;0;0;0;0;0;0;0;0;0;0;0;0;0;0;0;0;0;0;0;1192;0;1192;0;0;0;1192;0;1192;0;0;0;1192;0;1192;0;0;0;-1173;-1547;0;0;-2720;0;0;0;0;0;0;0;3912;0;0;0;0;0;3912;0;1192;0;0;0;0;0;0;0;0;0;0;0;0;0;0;0;0;0;0;0;0;0;0;0;0;0;0;1355;0;0;0;0;0;0;0;0;0;0;1355;-1355;0;0;0;0;0;0;0;192;0;192;-192;-1547;0;0;0;0;0;0;0;0;0;0;0;0;0;1547;-1547
901;RÉSEAU CITOYEN DE GRENOBLE;EUR;2024;0;0;0;0;0;0;0;0;0;0;0;0;0;0;0;0;0;0;0;0;0;0;0;0;0;0;0;0;0;0;0;0;0;0;0;0;0;0;0;0;0;0;0;0;0;0;0;0;0;0;0;0;0;0;0;0;0;4636,76;0;4636,76;0;0;0;4636,76;0;4636,76;0;0;0;4636,76;0;4636,76;0;0;0;3933,29;163,47;0;0;4096,76;0;0;0;0;0;0;0;540;0;0;0;0;0;540;0;4636,76;260;0;0;0;0;1460;0;0;0;0;0;0;0;0;0;1720;0;0;0;0;0;0;0;659,17;0;0;640;0;119,36;0;0;0;0;0;0;0;0;1418,53;301,47;0;0;0;0;0;0;0;138;0;138;-138;163,47;0;0;0;0;0;0;0;0;0;0;0;0;1720;1556,53;163,47
902;NOUVEAU CAP LYON MÉTROPOLE;EUR;2024;0;0;0;6146;6146;0;0;0;0;2429;2267,67;161,33;0;0;0;0;0;0;0;0;0;0;0;0;0;0;0;0;0;0;0;0;0;0;0;0;8575;8413,67;161,33;0;0;0;0;0;0;0;0;0;0;0;0;0;0;0;0;0;0;595,21;0;595,21;0;0;0;595,21;0;595,21;0;0;0;9170,21;8413,67;756,54;0;0;0;-4670,3;-1390,47;0;0;-6060,77;0;0;0;0;0;0;0;6433,3;0;0;0;384,01;0;6817,31;0;756,54;0;0;0;0;0;5980;0;0;0;0;0;0;0;0;0;5980;0;0;0;0;0;0;0;0;1594,84;950;3340;0;986,13;0;0;0;499,5;0;0;0;0;7370,47;-1390,47;0;0;0;0;0;0;0;0;0;0;0;-1390,47;0;0;0;0;0;0;0;0;0;0;0;0;5980;7370,47;-1390,47
906;GUYANE RASSEMBLEMENT;EUR;2024;0;0;0;3248;3248;0;0;0;0;23083;20358;2725;0;0;0;0;0;0;0;0;0;0;0;0;0;0;0;0;0;0;0;0;0;2350;0;2350;28681;23606;5075;0;0;0;0;0;0;0;0;0;0;0;0;4978;0;4978;0;0;0;99449;0;99449;96;0;96;104523;0;104523;0;0;0;133204;23606;109598;41912;0;0;87954;-25542;0;0;104323;0;0;0;0;0;0;0;5275;0;0;0;0;0;5275;0;109598;1200;800;0;0;0;1820;0;0;0;0;0;0;0;0;0;3820;0;0;0;0;0;0;0;580;15985;75;5658;0;5064;0;0;0;1922;0;0;0;79;29362;-25542;0;0;0;0;0;0;0;0;0;0;0;-25542;0;0;0;0;0;0;0;0;0;0;0;0;3820;29362;-25542
908;OSEZ MARSEILLE;EUR;2024;0;0;0;0;0;0;0;0;0;0;0;0;0;0;0;0;0;0;0;0;0;0;0;0;0;0;0;0;0;0;0;0;0;0;0;0;0;0;0;0;0;0;0;0;0;0;0;0;0;0;0;0;0;0;0;0;0;15504;0;15504;0;0;0;15504;0;15504;0;0;0;15504;0;15504;17951;0;0;0;-4912;0;0;13039;0;0;0;0;0;0;0;2465;0;0;0;0;0;2465;0;15504;0;0;0;0;0;0;0;0;0;0;0;0;0;0;0;0;0;0;0;0;0;0;0;0;0;2301;1232;0;1378;0;0;0;0;0;0;0;0;4912;-4912;0;0;0;0;0;0;0;0;0;0;0;-4912;0;0;0;0;0;0;0;0;0;0;0;0;0;4912;-4912
909;GÉNÉRATION CHALON;EUR;2024;0;0;0;0;0;0;0;0;0;0;0;0;0;0;0;0;0;0;0;0;0;0;0;0;0;0;0;0;0;0;0;0;0;0;0;0;0;0;0;0;0;0;0;0;0;0;0;0;0;0;0;0;0;0;0;0;0;1195;0;1195;0;0;0;1195;0;1195;0;0;0;1195;0;1195;0;0;0;6388;-6293;0;0;95;0;0;0;0;0;0;0;1100;0;0;0;0;0;1100;0;1195;70;0;0;0;0;0;11230;0;0;0;0;0;0;0;0;11300;12500;975;0;0;0;0;0;0;0;1091;1254;0;1773;0;0;0;0;0;0;0;0;17593;-6293;0;0;0;0;0;0;0;0;0;0;0;-6293;0;0;0;0;0;0;0;0;0;0;0;0;11300;17593;-6293
910;RENAISSANCE;EUR;2024;0;0;0;4040;0;4040;31507881;7945427;23562454;9968708;2674179;7294529;0;0;0;153;0;153;0;0;0;644657;82459;562198;0;0;0;0;0;0;0;0;0;50243;13123;37120;42175681;10715188;31460493;116;0;116;430291;0;430291;16630;0;16630;0;0;0;433890;11580;422310;167;0;167;8609089;0;8609089;197385;0;197385;9687567;11580;9675988;0;0;0;51863248;10726768;41136481;24159344;0;0;993587;-3383582;0;0;21769350;0;12895;12895;16129108;0;0;895421;1266643;643058;0;0;420006;0;19354236;0;41136481;462570;333077;0;0;9533;1848379;1140;0;13729176;26877;2343181;670576;43202;0;376;19468088;191242;627736;513539;0;7100;1762;145966;0;1129477;1608474;424327;61197;3759582;551310;3468813;1674800;8336292;0;11323;0;13265;22526205;-3058117;3;0;17844;0;0;17848;0;323813;0;323813;-305965;-3364083;0;1500;0;1500;15297;1418;0;16714;-15214;4285;0;0;19487435;22871017;-3383582
911;TAPURA HUIRAATIRA;EUR;2024;0;0;0;639,6288664;639,6288664;0;0;0;0;74226,14444;63565,80858;10660,33585;0;0;0;0;0;0;0;0;0;0;0;0;0;0;0;0;0;0;0;0;0;2290,279951;0;2290,279951;77156,05325;64205,43745;12950,6158;0;0;0;0;0;0;0;0;0;0;0;0;0;0;0;0;0;0;203382,9737;0;203382,9737;495,2330353;0;495,2330353;203878,2067;0;203878,2067;0;0;0;281034,26;64205,43745;216828,8225;0;0;0;185045,6333;15700,02774;0;0;200745,661;0;0;0;0;0;0;0;14002,30618;1966,887256;0;0;113,9680403;0;16083,16147;0;216828,8225;209,5000742;4190,001483;86717,70368;0;0;56229,81991;0;0;1257,000445;0;0;0;0;0;0;148604,0256;0;0;0;0;0;0;0;0;30698,17157;4965,662938;51519,72192;0;19096,86194;418,162148;15359,02866;4280,740155;6565,296564;0;0;0;0,351960125;132903,9978;15700,02774;0;0;0;0;0;0;0;0;0;0;0;15700,02774;0;0;0;0;0;0;0;0;0;0;0;0;148604,0256;132903,9978;15700,02774
913;ASSOCIATION LES ÉLUS ANGERS POUR VOUS;EUR;2024;0;0;0;0;0;0;0;0;0;0;0;0;0;0;0;0;0;0;0;0;0;0;0;0;0;0;0;0;0;0;0;0;0;0;0;0;0;0;0;0;0;0;0;0;0;0;0;0;0;0;0;3900;0;3900;0;0;0;133412;0;133412;0;0;0;137312;0;137312;0;0;0;137312;0;137312;0;0;0;169194;-36876;0;0;132318;0;0;0;0;0;0;0;4994;0;0;0;0;0;4994;0;137312;0;0;0;0;0;24000;0;0;0;0;0;0;0;0;0;24000;0;0;0;0;38200;0;0;11014;0;8904;3664;0;0;0;0;0;0;0;0;0;0;61782;-37782;0;0;1300;0;0;1300;0;394;0;394;906;-36876;0;0;0;0;0;0;0;0;0;0;0;0;25300;62176;-36876
916;BAVILLIERS AVENIR;EUR;2024;0;0;0;0;0;0;0;0;0;0;0;0;0;0;0;0;0;0;0;0;0;0;0;0;0;0;0;0;0;0;0;0;0;0;0;0;0;0;0;0;0;0;0;0;0;0;0;0;0;0;0;0;0;0;0;0;0;22;0;22;0;0;0;22;0;22;0;0;0;22;0;22;0;0;0;-269;-9;0;0;-278;0;0;0;0;0;0;0;300;0;0;0;0;0;300;0;22;0;0;0;0;0;1125;0;0;0;0;0;0;0;0;0;1125;0;0;0;0;0;0;0;0;0;0;0;0;0;0;0;0;0;0;0;0;0;0;1125;0;0;0;0;0;0;0;0;0;0;0;1125;0;0;0;0;1134;0;0;1134;1134;0;0;0;1125;1134;-9
917;LA RÉPUBLIQUE EN COMMUN - ARGENTEUIL EN COMMUN;EUR;2024;0;0;0;0;0;0;0;0;0;0;0;0;45,75;0;45,75;0;0;0;0;0;0;0;0;0;0;0;0;0;0;0;0;0;0;0;0;0;45,75;0;45,75;0;0;0;0;0;0;0;0;0;0;0;0;320;0;320;0;0;0;11809,96;0;11809,96;0;0;0;12129,96;0;12129,96;0;0;0;12175,71;0;12175,71;10455,99;0;0;0;-1580,28;0;0;8875,71;0;0;0;0;0;0;0;3180;0;0;0;120;0;3300;0;12175,71;0;0;0;0;0;2500;0;0;0;0;0;0;0;0;0;2500;0;0;0;0;0;0;0;0;1600;0;2220;0;261,2;0;0;0;0;0;0;0;0;4081,2;-1581,2;0;0,92;0;0;0;0,92;0;0;0;0;0,92;-1580,28;0;0;0;0;0;0;0;0;0;0;0;0;2500,92;4081,2;-1580,28
918;PARTI ANIMALISTE;EUR;2024;0;0;0;1986,95;1325,72;661,23;0;0;0;3800,95;2425,6;1375,35;76;0;76;0;0;0;0;0;0;0;0;0;0;0;0;0;0;0;0;0;0;0;0;0;5863,9;3751,32;2112,58;8177,09;0;8177,09;0;0;0;0;0;0;0;0;0;0;0;0;0;0;0;199764;0;199764;604,1;0;604,1;208545,19;0;208545,19;0;0;0;214409,09;3751,32;210657,77;221349,66;0;0;262333,53;-510533,66;0;0;-26850,47;13000;0;13000;0;0;217953,76;0;6554,48;0;0;0;0;0;224508,24;0;210657,77;182910;20434,52;411079,06;0;0;199742,99;9,25;0;0;0;0;195064,11;18316,94;0;1,34;1027558,21;62100;193913,07;0;0;0;9258,02;40;1027439,34;1458,23;14393,85;16575,6;0;23738,4;781,09;147197,35;37674,82;1581,64;0;0;0;44,04;1536195,45;-508637,24;0;13660,94;2387,53;0;0;16048,47;0;17958,24;0;17958,24;-1909,77;-510547,01;0;210;0;210;0;196,65;0;196,65;13,35;0;0;0;1043816,68;1554350,34;-510533,66
923;POUR VOUS POUR ALBI;EUR;2024;0;0;0;0;0;0;0;0;0;0;0;0;0;0;0;0;0;0;0;0;0;0;0;0;0;0;0;0;0;0;0;0;0;0;0;0;0;0;0;0;0;0;0;0;0;0;0;0;0;0;0;0;0;0;0;0;0;1838;0;1838;0;0;0;1838;0;1838;0;0;0;1838;0;1838;6040;0;0;0;-4203;0;0;1838;0;0;0;0;0;0;0;0;0;0;0;0;0;0;0;1838;1530;1110;0;0;0;270;0;0;0;0;0;0;0;0;45;2955;0;0;0;0;0;0;0;0;3587;3035;247;0;289;0;0;0;0;0;0;0;0;7158;-4203;0;0;0;0;0;0;0;0;0;0;0;-4203;0;0;0;0;0;0;0;0;0;0;0;0;2955;7158;-4203
928;A.G.I.R.;EUR;2024;0;0;0;0;0;0;0;0;0;859;859;0;0;0;0;0;0;0;0;0;0;0;0;0;0;0;0;0;0;0;0;0;0;0;0;0;859;859;0;0;0;0;0;0;0;0;0;0;0;0;0;0;0;0;0;0;0;15975;0;15975;447;0;447;16422;0;16422;0;0;0;17281;859;16422;10013;0;0;0;2869;0;0;12882;0;0;0;0;0;0;0;2040;0;0;0;0;1500;3540;0;16422;0;0;0;0;0;19410;0;0;0;0;0;0;0;0;0;19410;0;0;0;0;0;0;11786;0;74;0;3353;0;1328;0;0;0;0;0;0;0;0;16540;2870;0;0;0;0;0;0;0;1;0;1;-1;2869;0;0;0;0;0;0;0;0;0;0;0;0;19410;16541;2869
931;ACTION POPULAIRE DE LA REUNION;EUR;2024;0;0;0;0;0;0;0;0;0;5000;1974,08;3025,92;0;0;0;0;0;0;0;0;0;0;0;0;0;0;0;0;0;0;0;0;0;0;0;0;5000;1974,08;3025,92;0;0;0;0;0;0;0;0;0;0;0;0;0;0;0;0;0;0;3143,94;0;3143,94;0;0;0;3143,94;0;3143,94;0;0;0;8143,94;1974,08;6169,86;0;0;0;1379,97;-5460,26;0;0;-4080,29;0;0;0;0;0;0;0;1530;0;0;0;8720,15;0;10250,15;0;6169,86;13020;0;0;0;0;3000;0;0;5000;0;0;0;0;0;0;21020;0;0;0;0;0;0;11782,56;0;510;9914,65;1630;0;1668,97;0;0;0;974,08;0;0;0;0;26480,26;-5460,26;0;0;0;0;0;0;0;0;0;0;0;-5460,26;0;0;0;0;0;0;0;0;0;0;0;0;21020;26480,26;-5460,26
934;NOISY AVENIR;EUR;2024;0;0;0;0;0;0;0;0;0;0;0;0;30;0;30;0;0;0;0;0;0;0;0;0;0;0;0;0;0;0;0;0;0;0;0;0;30;0;30;0;0;0;0;0;0;0;0;0;0;0;0;0;0;0;0;0;0;3047;0;3047;0;0;0;3047;0;3047;0;0;0;3077;0;3077;0;0;0;3337;-3260;0;0;77;0;0;0;0;0;0;0;3000;0;0;0;0;0;3000;0;3077;0;10280;0;0;0;100;0;0;0;0;0;0;0;0;0;10380;0;0;0;0;0;0;0;250;6977;1100;3000;0;2313;0;0;0;0;0;0;0;0;13640;-3260;0;0;0;0;0;0;0;0;0;0;0;-3260;0;0;0;0;0;0;0;0;0;0;0;0;10380;13640;-3260
936;LE PARTI DES TRAVAILLEURS;EUR;2024;0;0;0;0;0;0;0;0;0;1543,71;1543,71;0;0;0;0;45;0;45;0;0;0;0;0;0;0;0;0;0;0;0;0;0;0;0;0;0;1588,71;1543,71;45;0;0;0;0;0;0;0;0;0;0;0;0;58,11;0;58,11;645,15;0;645,15;133280,34;0;133280,34;0;0;0;133983,6;0;133983,6;0;0;0;135572,31;1543,71;134028,6;154301,57;0;0;-67584,3;-59922,95;67814,4;0;94608,72;0;987;987;0;0;0;0;27445,6;6279,59;20;1087,49;3600,2;0;38432,88;0;134028,6;291322,16;0;0;0;0;28808,96;0;0;0;1393;0;45198,74;16013,6;0;24703,65;407440,11;32739,46;46709,47;0;0;7125,86;0;24097,7;56798,15;42704,32;124856,54;20874,16;0;50204,13;0;41267,49;14350,04;0;0;987;0;4993,78;467708,1;-60267,99;0;0;345,04;0;0;345,04;0;0;0;0;345,04;-59922,95;0;0;0;0;0;0;0;0;0;0;0;0;407785,15;467708,1;-59922,95
938;L'ENGAGEMENT;EUR;2024;0;0;0;3600;3600;0;0;0;0;0;0;0;305;0;305;0;0;0;0;0;0;0;0;0;0;0;0;0;0;0;0;0;0;0;0;0;3905;3600;305;0;0;0;0;0;0;0;0;0;0;0;0;0;0;0;0;0;0;33349,09;0;33349,09;0;0;0;33349,09;0;33349,09;0;0;0;37254,09;3600;33654,09;1223,84;0;0;699,36;25538,89;0;0;27462,09;0;0;0;0;0;0;0;6192;0;0;0;0;0;6192;0;33654,09;0;0;0;0;0;12813;0;0;38873,48;0;0;0;0;0;0;51686,48;0;0;0;0;0;0;0;0;0;13490,4;4600;0;7958,98;0;0;0;396,67;0;0;0;0;26446,05;25240,43;6,1;0;0;0;0;6,1;0;0;0;0;6,1;25246,53;0;0;0;0;-292,36;0;0;-292,36;292,36;0;0;0;51692,58;26153,69;25538,89
941;FORUM EUROPÉEN MASSIF CENTRAL - CENTRE FRANCE;EUR;2024;0;0;0;0;0;0;0;0;0;0;0;0;0;0;0;0;0;0;0;0;0;0;0;0;0;0;0;0;0;0;0;0;0;0;0;0;0;0;0;0;0;0;0;0;0;0;0;0;0;0;0;0;0;0;0;0;0;45964;0;45964;1137;0;1137;47101;0;47101;0;0;0;47101;0;47101;0;0;0;0;1603;36877;0;38479;0;0;0;0;0;0;0;3622;0;0;0;0;5000;8622;0;47101;0;0;0;0;0;14700;0;0;0;0;0;0;0;0;0;14700;0;0;0;0;0;0;0;0;571;436;1335;0;9697;0;0;0;0;0;0;0;0;12038;2662;0;0;0;0;0;0;0;0;0;0;0;2662;0;0;0;0;1059;0;0;1059;-1059;0;0;0;14700;13097;1603
943;DUNKERQUE EN MOUVEMENT;EUR;2024;0;0;0;0;0;0;0;0;0;0;0;0;0;0;0;0;0;0;0;0;0;0;0;0;0;0;0;0;0;0;0;0;0;0;0;0;0;0;0;0;0;0;0;0;0;0;0;0;0;0;0;0;0;0;0;0;0;13761,99;0;13761,99;0;0;0;13761,99;0;13761,99;0;0;0;13761,99;0;13761,99;0;0;0;0;3374,31;10387,68;0;13761,99;0;0;0;0;0;0;0;0;0;0;0;0;0;0;0;13761,99;2004;42295;0;0;0;0;0;0;0;0;0;0;0;0;0;44299;0;0;0;0;0;0;1254,6;2643,84;1715,6;9077,6;3255,84;0;22857,71;0;0;0;0;0;0;0;119,5;40924,69;3374,31;0;0;0;0;0;0;0;0;0;0;0;3374,31;0;0;0;0;0;0;0;0;0;0;0;0;44299;40924,69;3374,31
945;GÉNÉRATION.S;EUR;2024;0;0;0;55416;44302,44;11113,56;0;0;0;39006,6;17837,53;21169,07;0;0;0;152,5;0;152,5;0;0;0;279233,22;11500;267733,22;0;0;0;0;0;0;0;0;0;8697,71;0;8697,71;382506,03;73639,97;308866,06;0;0;0;0;0;0;0;0;0;0;0;0;0;0;0;0;0;0;214017,86;0;214017,86;4867,53;0;4867,53;218885,39;0;218885,39;0;0;0;601391,42;73639,97;527751,45;496474,58;0;0;0;-32765,56;0;0;463709,02;0;0;0;0;0;0;0;25904,41;35386,02;0;0;2752;0;64042,43;0;527751,45;102852;121361,48;0;0;0;10430;0;0;355030,94;13688,62;0;31086,63;27616,92;0;40,75;662107,34;2245,88;31086,63;16704;0;1200;0;51747,75;72903,87;58834,96;56175,65;38615,6;0;46572,24;6056,59;224066,55;68248,93;19793,01;0;0;0;2469,79;696721,45;-34614,11;0;0;1848,55;0;0;1848,55;0;0;0;0;1848,55;-32765,56;0;0;0;0;0;0;0;0;0;0;0;0;663955,89;696721,45;-32765,56
947;LES RÉPUBLICAINS - ENSEMBLE DANS LA FRANCE;EUR;2024;0;0;0;0;0;0;0;0;0;857;857;0;0;0;0;0;0;0;0;0;0;0;0;0;0;0;0;0;0;0;0;0;0;0;0;0;857;857;0;0;0;0;0;0;0;0;0;0;0;0;0;0;0;0;0;0;0;41254;0;41254;0;0;0;41254;0;41254;0;0;0;42111;857;41254;3351;0;0;22736;12503;0;0;38590;0;0;0;0;0;0;0;2664;0;0;0;0;0;2664;0;41254;0;0;0;0;0;15838;0;0;0;0;0;0;0;0;0;15838;0;0;0;0;0;0;0;0;0;0;2738;0;597;0;0;0;0;0;0;0;0;3335;12503;0;0;0;0;0;0;0;0;0;0;0;12503;0;0;0;0;0;0;0;0;0;0;0;0;15838;3335;12503
950;GAUCHE DÉMOCRATIQUE ET SOCIALE;EUR;2024;0;0;0;0;0;0;0;0;0;6491;5158;1332;0;0;0;229;0;229;0;0;0;8000;0;8000;0;0;0;0;0;0;0;0;0;0;0;0;14719;5158;9561;0;0;0;0;0;0;0;0;0;0;0;0;0;0;0;0;0;0;9143;0;9143;242;0;242;9385;0;9385;0;0;0;24104;5158;18946;0;0;0;26095;-10209;0;0;15886;0;0;0;0;0;0;0;3060;0;0;0;0;0;3060;0;18946;49260;0;0;0;0;3010;0;0;17752;0;0;0;0;0;0;70023;0;0;0;0;0;0;0;39197;15609;17055;3060;0;3914;0;0;0;1400;0;0;0;2;80236;-10213;0;5;0;0;0;5;0;0;0;0;5;-10209;0;0;0;0;0;0;0;0;0;0;0;0;70027;80236;-10209
953;LES AMIS DE JULIEN POLAT;EUR;2024;0;0;0;0;0;0;0;0;0;12523,15;9371,23;3151,92;0;0;0;0;0;0;0;0;0;0;0;0;0;0;0;0;0;0;0;0;0;0;0;0;12523,15;9371,23;3151,92;0;0;0;0;0;0;0;0;0;0;0;0;0;0;0;0;0;0;31798,42;0;31798,42;0;0;0;31798,42;0;31798,42;0;0;0;44321,57;9371,23;34950,34;0;0;0;28933,25;4745,09;0;0;33678,34;0;0;0;0;0;0;0;1272;0;0;0;0;0;1272;0;34950,34;770;0;0;0;0;26190;0;0;0;3422;0;0;150;0;0;30532;0;0;0;0;0;0;0;0;18029,8;3070,61;1518;0;1946,48;0;0;0;1283,62;0;0;0;0;25848,51;4683,49;0;0;61,6;0;0;61,6;0;0;0;0;61,6;4745,09;0;0;0;0;0;0;0;0;0;0;0;0;30593,6;25848,51;4745,09
961;AUDETE BM;EUR;2024;0;0;0;0;0;0;0;0;0;0;0;0;0;0;0;0;0;0;0;0;0;0;0;0;0;0;0;0;0;0;0;0;0;0;0;0;0;0;0;0;0;0;0;0;0;0;0;0;0;0;0;0;0;0;0;0;0;8444;0;8444;0;0;0;8444;0;8444;0;0;0;8444;0;8444;0;0;0;9635;-4791;0;0;4844;0;0;0;0;0;0;0;3600;0;0;0;0;0;3600;0;8444;0;0;0;0;0;5290;0;0;0;0;0;0;0;0;0;5290;0;0;0;0;0;0;0;0;0;1675;2562;0;5272;0;0;0;0;0;0;0;573;10081;-4791;0;0;0;0;0;0;0;0;0;0;0;-4791;0;0;0;0;0;0;0;0;0;0;0;0;5290;10081;-4791
966;LE 12éme EN ACTION;EUR;2024;0;0;0;0;0;0;0;0;0;5314,78;4720,41;594,37;0;0;0;0;0;0;0;0;0;0;0;0;0;0;0;0;0;0;0;0;0;0;0;0;5314,78;4720,41;594,37;0;0;0;0;0;0;0;0;0;0;0;0;500;0;500;0;0;0;35183,13;0;35183,13;286,62;0;286,62;35969,75;0;35969,75;0;0;0;41284,53;4720,41;36564,12;0;0;0;26762,04;6902,78;0;0;33664,82;0;0;0;0;0;0;0;1665,6;0;0;0;1233,7;0;2899,3;0;36564,12;30;30;0;0;0;33526;19,79;0;300;0;0;0;0;0;0;33905,79;0;0;0;0;0;0;0;0;290;3250,91;1500;0;20411,38;0;0;0;471,36;0;0;0;1079,36;27003,01;6902,78;0;0;0;0;0;0;0;0;0;0;0;6902,78;0;0;0;0;0;0;0;0;0;0;0;0;33905,79;27003,01;6902,78
967;POUR LE 5E ARRONDISSEMENT;EUR;2024;0;0;0;0;0;0;0;0;0;0;0;0;0;0;0;0;0;0;0;0;0;0;0;0;0;0;0;0;0;0;0;0;0;0;0;0;0;0;0;0;0;0;0;0;0;0;0;0;0;0;0;0;0;0;0;0;0;6223,06;0;6223,06;0;0;0;6223,06;0;6223,06;0;0;0;6223,06;0;6223,06;0;0;0;2962,43;2026,75;0;0;4989,18;0;0;0;0;0;0;0;1233,88;0;0;0;0;0;1233,88;0;6223,06;90;1840;0;0;0;80;0;0;0;7625;0;0;0;0;0;9635;0;0;0;0;0;0;0;0;0;6425;900;0;283,25;0;0;0;0;0;0;0;0;7608,25;2026,75;0;0;0;0;0;0;0;0;0;0;0;2026,75;0;0;0;0;0;0;0;0;0;0;0;0;9635;7608,25;2026,75
968;CERCLE DE RÉFLEXION ET D'ACTION LOUIS PHILIBERT;EUR;2024;0;0;0;0;0;0;0;0;0;0;0;0;0;0;0;0;0;0;0;0;0;0;0;0;0;0;0;0;0;0;0;0;0;0;0;0;0;0;0;0;0;0;0;0;0;;0;0;0;0;0;0;0;0;0;0;0;5334;0;5334;;0;0;5334;0;5334;0;0;0;5334;0;5334;0;0;0;6369;-1035;0;0;5334;0;0;0;0;0;0;0;;0;0;0;0;0;0;0;5334;0;0;0;0;0;0;0;0;0;0;0;0;0;0;0;0;0;0;0;0;0;0;0;0;0;0;1027;0;8;0;0;0;0;0;0;0;0;1035;-1035;0;0;0;0;0;0;0;0;0;0;0;-1035;0;0;0;0;0;0;0;0;0;0;0;0;0;1035;-1035
974;RÉUSSIR CAEN, ENSEMBLE;EUR;2024;0;0;0;0;0;0;0;0;0;0;0;0;0;0;0;0;0;0;0;0;0;0;0;0;0;0;0;0;0;0;0;0;0;0;0;0;0;0;0;0;0;0;0;0;0;0;0;0;0;0;0;340;0;340;0;0;0;41560;0;41560;0;0;0;41900;0;41900;0;0;0;41900;0;41900;0;0;0;36987;493;0;0;37480;0;0;0;0;0;0;0;4420;0;0;0;0;0;4420;0;41900;1690;0;0;0;0;16290;0;0;0;0;0;0;0;0;800;18780;0;0;0;0;0;0;562;10092;756;0;7824;0;0;0;0;0;0;0;0;0;0;19235;-455;0;0;951;0;0;951;0;3;0;3;948;493;0;0;0;0;0;0;0;0;0;0;0;0;19731;19237;493
975;RÉSISTONS !;EUR;2024;0;0;0;3000;190;2810;0;0;0;920;251;669;168;0;168;0;0;0;0;0;0;0;0;0;0;0;0;0;0;0;0;0;0;2866;0;2866;6953;441;6512;0;0;0;0;0;0;0;0;0;0;0;0;71448;3308;68140;0;0;0;64390;0;64390;17506;0;17506;153344;3308;150036;0;0;0;160297;3749;156548;0;0;0;-28761;25997;0;0;-2764;4500;0;4500;0;0;0;0;78484;2528;0;0;73800;0;154812;0;156548;760;0;0;0;0;30980;0;0;83019;0;0;7034;0;0;161;121953;920;7034;0;0;0;0;0;12669;24984;20961;12444;0;9604;1983;0;0;441;0;0;0;397;91437;30516;0;0;3;0;0;3;0;22;0;22;-19;30497;0;0;0;0;0;0;4500;4500;-4500;0;0;0;121956;95959;25997
976;LA FRANCE INSOUMISE;EUR;2024;0;0;0;15582;6749;8833;2765785;700730;2065055;395831;270232;125599;381;0;381;24339;0;24339;0;0;0;3935281;95300;3839980;0;0;0;0;0;0;0;0;0;219298;0;219298;7356497;1073012;6283485;1780;0;1780;0;0;0;48050;0;48050;0;0;0;11453;0;11453;0;0;0;296105;0;296105;298509;0;298509;655898;0;655898;0;0;0;8012395;1073012;6939383;2596259;0;0;-266899;-1309550;16600;0;1036410;0;12128;12128;4446005;0;0;0;1076900;312391;0;0;55549;0;5890845;0;6939383;0;269385;5272338;2672588;6000;1315768;248;0;0;444642;0;1270330;2131391;0;402895;13785585;236043;1213689;549270;0;34068;65474;2396183;1843726;1422456;2327559;592626;0;1237892;204287;1941674;671051;148771;0;0;0;92876;14977643;-1192058;475;6;2;0;0;483;73490;28138;0;101627;-101145;-1293203;0;0;0;0;16347;0;0;16347;-16347;0;0;0;13786068;15095618;-1309550
979;RÉZISTAN'S ÉGALITÉ 974;EUR;2024;0;0;0;0;0;0;0;0;0;0;0;0;0;0;0;0;0;0;0;0;0;74600;0;74600;0;0;0;0;0;0;0;0;0;1200;0;1200;75800;0;75800;0;0;0;1151,25;0;1151,25;0;0;0;0;0;0;75178,56;0;75178,56;0;0;0;28679,92;0;28679,92;0;0;0;105009,73;0;105009,73;0;0;0;180809,73;0;180809,73;0;0;0;153111,99;19784,39;0;0;172896,38;0;0;0;0;0;0;0;5448,17;2465,18;0;0;0;0;7913,35;0;180809,73;380;0;0;74238,56;0;10;0;0;0;0;0;0;0;0;909,83;75538,39;5500;0;5000;0;0;0;0;0;8462,49;3561,41;11833,6;0;1049;0;14970;5580,94;0;0;0;0;133,25;56090,69;19447,7;0;0;0,46;0;0;0,46;0;0;0;0;0,46;19448,16;336,23;0;0;336,23;0;0;0;0;336,23;0;0;0;75875,08;56090,69;19784,39
981;DROITELIB;EUR;2024;0;0;0;0;0;0;0;0;0;0;0;0;0;0;0;0;0;0;0;0;0;0;0;0;0;0;0;0;0;0;0;0;0;0;0;0;0;0;0;0;0;0;0;0;0;0;0;0;0;0;0;0;0;0;0;0;0;50964;0;50964;70;0;70;51034;0;51034;0;0;0;51034;0;51034;0;0;0;47593;1951;0;0;49544;0;0;0;0;0;0;0;1490;0;0;0;0;0;1490;0;51034;0;0;0;0;0;4600;0;0;0;0;0;0;0;0;0;4600;0;0;0;0;0;0;0;539;0;60;1200;119;731;0;0;0;0;0;0;0;0;2649;1951;0;0;0;0;0;0;0;0;0;0;0;1951;0;0;0;0;0;0;0;0;0;0;0;0;4600;2649;1951
983;À NOUS LA DÉMOCRATIE !;EUR;2024;0;0;0;0;0;0;0;0;0;0;0;0;0;0;0;0;0;0;0;0;0;0;0;0;0;0;0;0;0;0;0;0;0;0;0;0;0;0;0;0;0;0;0;0;0;0;0;0;0;0;0;0;0;0;0;0;0;1391,01;0;1391,01;191,43;0;191,43;1582,44;0;1582,44;0;0;0;1582,44;0;1582,44;460,93;0;0;0;-798,49;0;0;-337,56;0;0;0;0;0;0;0;1920;0;0;0;0;0;1920;0;1582,44;140;895;0;0;0;265;0;0;0;0;0;0;0;0;0;1300;0;0;0;0;0;0;0;0;0;0;1800;0;298,49;0;0;0;0;0;0;0;0;2098,49;-798,49;0;0;0;0;0;0;0;0;0;0;0;-798,49;0;0;0;0;0;0;0;0;0;0;0;0;1300;2098,49;-798,49
984;LA RÉUNION, EN AVANT;EUR;2024;0;0;0;0;0;0;0;0;0;5147,41;5147,41;0;0;0;0;0;0;0;0;0;0;0;0;0;0;0;0;0;0;0;0;0;0;0;0;0;5147,41;5147,41;0;0;0;0;0;0;0;0;0;0;0;0;0;0;0;0;0;0;0;2477,44;0;2477,44;0;0;0;2477,44;0;2477,44;0;0;0;7624,85;5147,41;2477,44;0;0;0;-2776,73;-764,32;0;0;-3541,05;0;0;0;0;0;0;0;6010;0;0;0;8,49;0;6018,49;0;2477,44;0;5380;0;0;0;0;0;0;0;0;0;0;0;0;0;5380;0;0;0;0;0;0;0;0;0;0;4189;0;1955,32;0;0;0;0;0;0;0;0;6144,32;-764,32;0;0;0;0;0;0;0;0;0;0;0;-764,32;0;0;0;0;0;0;0;0;0;0;0;0;5380;6144,32;-764,32
986;RENAISSANCE À GAUCHE;EUR;2024;0;0;0;0;0;0;0;0;0;0;0;0;0;0;0;0;0;0;0;0;0;0;0;0;0;0;0;0;0;0;0;0;0;0;0;0;0;0;0;0;0;0;0;0;0;0;0;0;0;0;0;0;0;0;15;0;15;20222;0;20222;0;0;0;20237;0;20237;0;0;0;20237;0;20237;17782;0;0;0;1356;0;0;19138;0;0;0;0;0;0;0;0;0;0;0;1100;0;1100;0;20237;100;3184;0;0;0;0;0;0;0;0;0;0;0;0;0;3284;0;0;0;0;0;0;0;0;0;390;1100;0;377;0;0;0;0;0;0;0;0;1867;1417;0;0;0;0;0;0;0;62;;62;-62;1356;0;0;0;0;0;0;0;0;0;0;0;0;3284;1929;1356
997;DEMAIN EN COMMUN;EUR;2024;0;0;0;0;0;0;0;0;0;0;0;0;0;0;0;0;0;0;0;0;0;0;0;0;0;0;0;0;0;0;0;0;0;0;0;0;0;0;0;0;0;0;0;0;0;0;0;0;0;0;0;0;0;0;31;0;31;187;0;187;0;0;0;217;0;217;0;0;0;217;0;217;0;0;0;-783;-230;0;0;-1013;0;0;0;0;0;0;0;0;0;0;0;1230;0;1230;0;217;0;0;0;0;0;1100;0;0;0;0;0;0;0;0;0;1100;0;0;0;0;0;0;0;0;0;0;1236;0;94;0;0;0;0;0;0;0;0;1330;-230;0;0;1;0;0;1;0;0;0;0;1;-230;0;0;0;0;0;0;0;0;0;0;0;0;1101;1330;-230
1002;GÉNÉRATION ENGAGEMENT;EUR;2024;0;0;0;0;0;0;0;0;0;0;0;0;0;0;0;0;0;0;0;0;0;0;0;0;0;0;0;0;0;0;0;0;0;0;0;0;0;0;0;0;0;0;0;0;0;0;0;0;0;0;0;1923;0;1923;0;0;0;14639;0;14639;0;0;0;16562;0;16562;0;0;0;16562;0;16562;0;0;0;1958;13076;0;0;15035;0;0;0;0;0;0;0;1527;0;0;0;0;0;1527;0;16562;0;9500;0;0;0;7500;0;0;0;0;0;0;0;0;0;17000;0;0;0;0;0;2097;0;0;0;0;1500;0;327;0;0;0;0;0;0;0;0;3924;13076;0;0;0;0;0;0;0;0;0;0;0;13076;0;0;0;0;0;0;0;0;0;0;0;0;17000;3924;13076
1005;ENSEMBLE POUR LES YVELINES;EUR;2024;0;0;0;0;0;0;0;0;0;0;0;0;0;0;0;0;0;0;0;0;0;0;0;0;0;0;0;0;0;0;0;0;0;0;0;0;0;0;0;0;0;0;0;0;0;0;0;0;0;0;0;0;0;0;0;0;0;16088,49;0;16088,49;0;0;0;16088,49;0;16088,49;0;0;0;16088,49;0;16088,49;0;0;0;12544,32;2144,17;0;0;14688,49;0;0;0;0;0;0;0;1400;0;0;0;0;0;1400;0;16088,49;0;5660;0;0;0;500;0;0;0;0;0;0;0;0;0;6160;0;0;0;0;0;0;0;810;0;706,53;1416;0;1083,3;0;0;0;0;0;0;0;0;4015,83;2144,17;0;0;0;0;0;0;0;0;0;0;0;2144,17;0;0;0;0;0;0;0;0;0;0;0;0;6160;4015,83;2144,17
1006;PARTI COMMUNISTE RÉVOLUTIONNAIRE DE FRANCE;EUR;2024;0;0;0;0;0;0;0;0;0;0;0;0;0;0;0;0;0;0;0;0;0;0;0;0;0;0;0;0;0;0;0;0;0;0;0;0;0;0;0;0;0;0;0;0;0;0;0;0;0;0;0;0;0;0;4153;0;4153;3775;0;3775;0;0;0;7928;0;7928;0;0;0;7928;0;7928;0;0;0;3361;-2373;0;0;988;0;0;0;0;0;0;0;6940;0;0;0;0;0;6940;0;7928;15050;0;0;0;0;9249;0;0;0;0;0;0;5745;0;0;30043;0;0;0;0;0;0;0;0;0;0;0;0;32317;0;0;0;0;0;0;0;0;32317;-2273;0;0;0;0;0;0;0;0;0;0;0;-2273;0;0;0;0;100;0;0;100;-100;0;0;0;30043;32417;-2373
1008;PROGRÈS 974;EUR;2024;0;0;0;0;0;0;0;0;0;4884,8;57,04;4827,76;0;0;0;0;0;0;0;0;0;21500;0;21500;0;0;0;0;0;0;0;0;0;0;0;0;26384,8;57,04;26327,76;0;0;0;404,1;0;404,1;0;0;0;0;0;0;0;0;0;0;0;0;60545,52;0;60545,52;0;0;0;60949,62;0;60949,62;0;0;0;87334,42;57,04;87277,38;0;0;0;58133;24226,68;0;0;82359,68;0;0;0;0;0;0;0;4917,7;0;0;0;0;0;4917,7;0;87277,38;11760;0;21280,64;37119,28;0;0;0;0;0;0;0;1500;0;0;0,48;71660,4;0;0;0;0;0;0;0;0;6820;7803,81;4079,6;0;28673,27;0;0;0;57,04;0;0;0;0;47433,72;24226,68;0;0;0;0;0;0;0;0;0;0;0;24226,68;0;0;0;0;0;0;0;0;0;0;0;0;71660,4;47433,72;24226,68
1009;GÉNÉRATION RILLIEUX-GÉNÉRATION RENOUVEAU;EUR;2024;0;0;0;0;0;0;0;0;0;4471,8;2627,5;1844,3;0;0;0;0;0;0;0;0;0;27000;0;27000;0;0;0;0;0;0;0;0;0;0;0;0;31471,8;2627,5;28844,3;0;0;0;0;0;0;0;0;0;0;0;0;0;0;0;0;0;0;3783,61;0;3783,61;0;0;0;3783,61;0;3783,61;968;0;968;36223,41;2627,5;33595,91;0;0;0;0;-403;27115,76;0;26712,76;0;0;0;0;0;0;0;6883,15;0;0;0;0;0;6883,15;0;33595,91;20;0;0;0;0;28010;0;0;0;0;0;0;-520;0;0;27510;20469,78;0;0;0;0;0;0;0;0;2654,22;3453,16;0;672,62;0;0;0;663,22;0;0;0;0;27913;-403;0;0;0;0;0;0;0;0;0;0;0;-403;0;0;0;0;0;0;0;0;0;0;0;0;27510;27913;-403
1023;CONFÉDÉRATION NATIONALE DES INDÉPENDANTS ET PATRIOTES;EUR;2024;0;0;0;0;0;0;0;0;0;0;0;0;0;0;0;0;0;0;0;0;0;0;0;0;0;0;0;0;0;0;0;0;0;0;0;0;0;0;0;0;0;0;0;0;0;0;0;0;0;0;0;0;0;0;0;0;0;1601;0;1601;0;0;0;1601;0;1601;0;0;0;1601;0;1601;0;0;0;1247;-246;0;0;1001;0;0;0;0;0;0;0;600;0;0;0;0;0;600;0;1601;0;0;0;0;0;0;0;0;600;0;0;0;0;0;0;600;0;0;0;0;0;0;0;0;0;0;600;0;246;0;0;0;0;0;0;0;0;846;-246;0;0;0;0;0;0;0;0;0;0;0;-246;0;0;0;0;0;0;0;0;0;0;0;0;600;846;-246
1025;UNIR NOS FORCES POUR NOS VILLES;EUR;2024;0;0;0;0;0;0;0;0;0;999,99;361,11;638,88;0;0;0;0;0;0;0;0;0;30000;0;30000;0;0;0;0;0;0;0;0;0;0;0;0;30999,99;361,11;30638,88;0;0;0;0;0;0;0;0;0;0;0;0;0;0;0;0;0;0;10262,33;0;10262,33;0;0;0;10262,33;0;10262,33;0;0;0;41262,32;361,11;40901,21;32474,45;0;0;0;8426,76;0;0;40901,21;0;0;0;0;0;0;0;0;0;0;0;0;0;0;0;40901,21;0;0;0;0;0;17340;0;0;0;0;0;0;0;0;0;17340;0;0;0;0;0;0;0;0;0;4557,5;2248,73;0;1773,68;0;0;0;333,33;0;0;0;0;8913,24;8426,76;0;0;0;0;0;0;0;0;0;0;0;8426,76;0;0;0;0;0;0;0;0;0;0;0;0;17340;8913,24;8426,76
1027;LES PATRIOTES;EUR;2024;0;0;0;7500;0;7500;0;0;0;30704;18184;12521;0;0;0;0;0;0;0;0;0;0;0;0;0;0;0;0;0;0;0;0;0;10190;0;10190;48394;18184;30211;17354;0;17354;0;0;0;238693;0;238693;0;0;0;22094;0;22094;2300015;0;2300015;474652;0;474652;2330;0;2330;3055138;0;3055138;3841;0;3841;3107374;18184;3089190;0;0;0;2533948;449898;0;0;2983846;0;0;0;0;0;0;0;19049;86295;0;0;0;0;105344;0;3089190;1037180;0;198497;0;0;997475;0;0;0;24622;0;199555;23932;0;20;2481281;26400;199555;0;0;0;22432;8505;714914;166771;125847;33007;0;267537;22648;371280;134342;6725;0;0;0;13;2099975;381306;0;0;77281;0;0;77281;0;0;0;0;77281;458587;0;0;0;0;431;0;197;628;-628;8061;0;0;2558562;2108664;449898
1037;DÉFI RÉPUBLICAIN;EUR;2024;0;0;0;0;0;0;0;0;0;0;0;0;0;0;0;0;0;0;0;0;0;0;0;0;0;0;0;0;0;0;0;0;0;0;0;0;0;0;0;0;0;0;0;0;0;4045;0;4045;0;0;0;0;0;0;0;0;0;10230,69;0;10230,69;700,96;0;700,96;14976,65;0;14976,65;0;0;0;14976,65;0;14976,65;3000;0;0;6851,52;-910,27;0;0;8941,25;0;0;0;0;0;0;0;6035,4;0;0;0;0;0;6035,4;0;14976,65;46110;0;0;0;0;0;0;0;0;0;0;0;0;0;0;46110;0;0;0;0;0;0;0;0;0;1715,42;41563,2;0;3741,65;0;0;0;0;0;0;0;0;47020,27;-910,27;0;0;0;0;0;0;0;0;0;0;0;-910,27;0;0;0;0;0;0;0;0;0;0;0;0;46110;47020,27;-910,27
1038;ENSEMBLE POUR LA RÉPUBLIQUE;EUR;2024;0;0;0;0;0;0;0;0;0;0;0;0;0;0;0;0;0;0;0;0;0;0;0;0;0;0;0;0;0;0;0;0;0;0;0;0;0;0;0;0;0;0;0;0;0;0;0;0;0;0;0;0;0;0;0;0;0;11291,4;0;11291,4;0;0;0;11291,4;0;11291,4;0;0;0;11291,4;0;11291,4;11505,61;0;0;0;-1579,41;0;0;9926,2;0;0;0;0;0;0;0;1365,2;0;0;0;0;0;1365,2;0;11291,4;0;0;0;0;0;3000;0;0;0;0;0;0;0;0;0;3000;0;0;0;0;0;0;0;0;0;5033,81;600;0;135,6;0;0;0;0;0;0;0;0;5769,41;-2769,41;0;0;0;0;0;0;0;0;0;0;0;-2769,41;1190;0;0;1190;0;0;0;0;1190;0;0;0;4190;5769,41;-1579,41
1039;OSER LA FRANCE;EUR;2024;0;0;0;0;0;0;0;0;0;0;0;0;0;0;0;0;0;0;0;0;0;0;0;0;0;0;0;0;0;0;0;0;0;0;0;0;0;0;0;844;0;844;0;0;0;0;0;0;0;0;0;1258;0;1258;0;0;0;17028;0;17028;0;0;0;19130;0;19130;0;0;0;19130;0;19130;0;0;0;15780;-3413;0;0;12367;0;0;0;0;0;0;0;6277;448;0;0;38;0;6763;0;19130;6055;0;0;0;0;14797;0;0;0;11543;0;0;254;0;0;32649;0;0;0;0;0;254;17521;5903;409;260;2579;0;3763;0;4548;358;0;0;0;0;0;35595;-2946;0;0;0;0;0;0;0;0;0;0;0;-2946;0;0;0;0;467;0;0;467;-467;0;0;0;32649;36062;-3413
1041;RÉPUBLICAINS CALÉDONIENS;EUR;2024;0;0;0;0;0;0;0;0;0;1004;460;544;0;0;0;0;0;0;0;0;0;0;0;0;0;0;0;0;0;0;0;0;0;0;0;0;1004;460;544;0;0;0;0;0;0;0;0;0;687;0;687;2514;0;2514;0;0;0;147656;0;147656;0;0;0;150857;0;150857;0;0;0;121861;460;151401;0;0;0;94267;52298;0;0;146565;0;0;0;0;0;0;0;4836;0;0;0;0;0;4836;0;151401;5682;30458;0;0;0;77164;211;0;0;0;0;0;0;0;0;113515;0;0;0;0;0;0;5233;0;28413;3337;2946;1907;18670;0;0;0;460;0;0;0;0;60966;52549;0;0;0;0;0;0;0;0;0;0;0;52549;0;0;0;0;251;0;0;251;-251;0;0;;113515;61217;52298
1042;UNIS POUR SERVIR;EUR;2024;0;0;0;0;0;0;0;0;0;0;0;0;0;0;0;0;0;0;0;0;0;0;0;0;0;0;0;0;0;0;0;0;0;0;0;0;0;0;0;0;0;0;0;0;0;0;0;0;0;0;0;0;0;0;0;0;0;4149;0;4149;0;0;0;4149;0;4149;0;0;0;4149;0;4149;0;0;0;1257;-1107;0;0;149;0;0;0;0;0;0;0;1600;0;0;0;2400;0;4000;0;4149;0;0;0;0;0;0;0;0;2400;0;0;0;0;0;0;2400;0;0;0;0;0;0;0;0;0;0;400;0;127;0;0;0;0;0;0;0;2981;3507;-1107;0;0;0;0;0;0;0;0;0;0;0;-1107;0;0;0;0;0;0;0;0;0;0;0;0;2400;3507;-1107
1046;LA MANUFACTURE DES IDÉES;EUR;2024;0;0;0;0;0;0;0;0;0;868;868;0;0;0;0;0;0;0;0;0;0;0;0;0;0;0;0;0;0;0;0;0;0;0;0;0;868;868;0;0;0;0;0;0;0;0;0;0;0;0;0;0;0;0;0;0;0;240206;0;240206;0;0;0;240206;0;240206;0;0;0;241074;868;240206;0;0;0;239857;349;0;0;240206;0;0;0;0;0;0;0;0;0;0;0;0;0;0;0;240206;0;0;0;0;0;1925;0;0;0;0;0;0;0;0;0;1925;0;0;0;0;0;0;0;0;0;0;1380;0;109;0;0;0;87;0;0;0;0;1576;349;0;0;0;0;0;0;0;0;0;0;0;349;0;0;0;0;0;0;0;0;0;0;0;0;1925;1576;349
1047;L'UNION POUR LES LORIENTAIS;EUR;2024;0;0;0;0;0;0;0;0;0;0;0;0;0;0;0;15;0;15;0;0;0;0;0;0;0;0;0;0;0;0;0;0;0;0;0;0;15;0;15;0;0;0;0;0;0;0;0;0;0;0;0;0;0;0;0;0;0;8792;0;8792;0;0;0;8792;0;8792;0;0;0;8807;0;8807;0;0;0;6024;1783;0;0;7807;0;0;0;0;0;0;0;1000;0;0;0;0;0;1000;0;8807;1585;390;0;0;0;3445;0;0;0;3337;0;0;0;0;0;8757;0;0;0;0;0;0;0;168;0;5498;1000;0;340;0;0;0;0;0;0;0;0;7006;1751;0;0;0;0;0;0;0;24;0;24;-24;1727;56;0;0;56;0;0;0;0;56;0;0;0;8813;7030;1783
1048;FRANCE DÉMOCRATIE;EUR;2024;0;0;0;0;0;0;0;0;0;1669,46;1669,46;0;0;0;0;0;0;0;0;0;0;0;0;0;0;0;0;0;0;0;0;0;0;0;0;0;1669,46;1669,46;0;0;0;0;0;0;0;0;0;0;0;0;0;1303,4;0;1303,4;0;0;0;151,48;0;151,48;0;0;0;1454,88;0;1454,88;0;0;0;3124,34;1669,46;1454,88;-3915,23;0;0;0;-9219,25;0;0;-13134,48;0;0;0;0;0;8249;0;6340,36;0;0;0;0;0;14589,36;0;1454,88;600;0;0;0;0;2297;0;0;0;0;0;0;0;0;0;2897;0;0;0;0;0;0;0;572,19;1800;5732,25;1200;2593,92;0;0;0;0;193,02;0;0;0;0;12091,38;-9194,38;0;0;0;0;0;0;0;24,87;0;24,87;-24,87;-9219,25;0;0;0;0;0;0;0;0;0;0;0;0;2897;12116,25;-9219,25
1050;VRAIMENT SOCIAL, VRAIMENT LIBÉRAL;EUR;2024;0;0;0;0;0;0;0;0;0;5880;5880;0;0;0;0;0;0;0;0;0;0;0;0;0;0;0;0;0;0;0;0;0;0;0;0;0;5880;5880;0;0;0;0;0;0;0;0;0;0;0;0;0;0;0;0;0;0;0;881;0;881;0;0;0;881;0;881;0;0;0;6761;5880;881;0;0;0;1494;-5791;0;0;-4297;0;0;0;0;0;0;0;5178;0;0;0;0;0;5178;0;881;0;0;0;0;0;1680;0;0;0;0;0;0;0;0;55;1735;0;0;0;0;0;0;0;4200;0;734;774;0;361;0;0;0;0;0;0;0;1458;7527;-5791;0;0;0;0;0;0;0;0;0;0;0;-5791;0;0;0;0;0;0;0;0;0;0;0;0;1735;7527;-5791
1053;ENSEMBLE POUR L'EURE;EUR;2024;0;0;0;0;0;0;0;0;0;719;719;0;0;0;0;0;0;0;0;0;0;0;0;0;0;0;0;0;0;0;0;0;0;0;0;0;719;719;0;0;0;0;500;0;500;0;0;0;0;0;0;0;0;0;0;0;0;83771,14;0;83771,14;6042;0;6042;90313,14;0;90313,14;0;0;0;91032,14;719;90313,14;0;0;0;59771,14;28532;0;0;88303,14;0;0;0;0;0;0;0;2010;0;0;0;0;0;2010;0;90313,14;110;34010;0;0;0;2310;0;0;0;0;0;0;0;0;0;36430;0;0;0;0;0;0;0;0;0;250;1962;0;5660,04;0;0;0;25,96;0;0;0;0;7898;28532;0;0;0;0;0;0;0;0;0;0;0;28532;0;0;0;0;0;0;0;0;0;0;0;0;36430;7898;28532
1054;AGIR, LA DROITE CONSTRUCTIVE;EUR;2024;0;0;0;0;0;0;0;0;0;0;0;0;0;0;0;0;0;0;0;0;0;0;0;0;0;0;0;0;0;0;0;0;0;0;0;0;0;0;0;0;0;0;0;0;0;0;0;0;0;0;0;1485,39;0;1485,39;0;0;0;136002,91;0;136002,91;0;0;0;137488,3;0;137488,3;0;0;0;137488,3;0;137488,3;0;0;0;141150,66;-21804,86;0;0;119345,8;0;0;0;0;0;0;0;14142,86;3954,84;0;0;44,8;0;18142,5;0;137488,3;330;0;0;0;0;385;0;0;0;0;0;0;0;0;0;715;0;0;0;0;0;0;0;0;0;0;11914,32;0;6852,54;0;0;0;0;0;0;0;0;18766,86;-18051,86;0;0;0;0;0;0;0;0;0;0;0;-18051,86;0;0;0;0;3753;0;0;3753;-3753;0;0;0;715;22519,86;-21804,86
1055;LES RADICAUX DE GAUCHE;EUR;2024;0;0;0;0;0;0;0;0;0;0;0;0;0;0;0;0;0;0;0;0;0;5000;1000;4000;0;0;0;0;0;0;0;0;0;0;0;0;5000;1000;4000;0;0;0;0;0;0;0;0;0;0;0;0;12149,35;0;12149,35;0;0;0;24486,58;0;24486,58;147;0;147;36782,93;0;36782,93;0;0;0;41782,93;1000;40782,93;1639,1;0;0;13341,67;18377,62;0;0;33358,39;0;0;0;0;0;0;0;5394,54;0;0;0;2030;0;7424,54;0;40782,93;2835;715;0;0;0;7840;0;0;11316,3;280;0;2449,96;99,9;0;0;25536,16;7777,96;2449,96;0;0;0;0;2454,54;799,02;0;659,44;2940;0;3354,92;0;0;0;0;0;0;0;857,7;21293,54;4242,62;0;0;0;0;0;0;1000;0;0;1000;-1000;3242,62;15135;0;0;15135;0;0;0;0;15135;0;0;0;40671,16;22293,54;18377,62
1056;BORDS DE MARNE INITIATIVES;EUR;2024;0;0;0;0;0;0;0;0;0;0;0;0;0;0;0;0;0;0;0;0;0;0;0;0;0;0;0;0;0;0;0;0;0;0;0;0;0;0;0;0;0;0;0;0;0;0;0;0;0;0;0;42;0;42;0;0;0;16870;0;16870;0;0;0;16912;0;16912;0;0;0;16912;0;16912;0;0;0;17077;-2697;0;0;14380;0;0;0;0;0;0;0;2532;0;0;0;0;0;2532;0;16912;0;1200;0;0;0;7400;0;0;0;0;0;0;0;0;0;8600;0;0;0;0;0;0;0;0;0;0;0;2616;0;8681;0;0;0;0;0;0;0;11297;-2697;0;0;0;0;0;0;0;0;0;0;0;-2697;0;0;0;0;0;0;0;0;0;0;0;0;8600;11297;-2697
1058;PARIS AVENIR;EUR;2024;0;0;0;0;0;0;0;0;0;4044;1517;2528;0;0;0;0;0;0;0;0;0;80500;80500;0;0;0;0;0;0;0;0;0;0;1770;0;1770;86314;82017;4298;0;0;0;0;0;0;0;0;0;0;0;0;0;0;0;0;0;0;139859;0;139859;0;0;0;139859;0;139859;0;0;0;226174;82017;144157;0;0;0;154207;-32370;0;0;121836;0;0;0;0;0;0;0;14640;0;0;0;7681;0;22321;0;144157;0;0;0;0;0;7500;0;0;0;0;0;0;0;0;0;7500;0;0;0;0;0;0;0;0;23564;6697;5512;0;2339;0;0;0;809;0;0;0;949;39870;-32370;0;0;0;0;0;0;0;0;0;0;0;-32370;0;0;0;0;0;0;0;0;0;0;0;0;7500;39870;-32370
1059;VIVRE LA RÉUNION;EUR;2024;0;0;0;0;0;0;0;0;0;0;0;0;0;0;0;0;0;0;0;0;0;0;0;0;0;0;0;0;0;0;0;0;0;0;0;0;0;0;0;0;0;0;0;0;0;0;0;0;0;0;0;0;0;0;0;0;0;3962;0;3962;0;0;0;3962;0;3962;0;0;0;3962;0;3962;0;0;0;3734;-407;0;0;3328;0;0;0;0;0;0;0;477;0;0;0;157;0;635;0;3962;0;0;0;0;0;2975;0;0;0;0;0;0;0;0;0;2975;0;1209;0;0;0;0;0;0;0;600;477;0;1096;0;0;0;0;0;0;0;0;3382;-407;0;0;0;0;0;0;0;0;0;0;0;-407;0;0;0;0;0;0;0;0;0;0;0;0;2975;3382;-407
1065;AGIR POUR DIJON;EUR;2024;0;0;0;149;149;0;0;0;0;700;700;0;15;0;15;0;0;0;0;0;0;0;0;0;0;0;0;0;0;0;0;0;0;0;0;0;864;849;15;0;0;0;0;0;0;0;0;0;0;0;0;0;0;0;0;0;0;5340;0;5340;0;0;0;5340;0;5340;0;0;0;6204;849;5355;0;0;0;2348;3007;0;0;5355;0;0;0;0;0;0;0;0;0;0;0;0;0;0;0;5355;1600;20;0;0;0;6590;0;0;0;0;0;0;0;0;0;8210;0;0;0;0;0;0;3217;482;0;0;600;0;903;0;0;0;0;0;0;0;;5203;3007;0;0;0;0;0;0;0;0;0;0;0;3007;0;0;0;0;0;0;0;0;0;0;0;0;8210;5203;3007
1066;L'ESSONNE AVEC VOUS;EUR;2024;0;0;0;0;0;0;0;0;0;0;0;0;0;0;0;0;0;0;0;0;0;0;0;0;0;0;0;0;0;0;0;0;0;0;0;0;0;0;0;0;0;0;0;0;0;0;0;0;0;0;0;0;0;0;0;0;0;27812,94;0;27812,94;0;0;0;27812,94;0;27812,94;0;0;0;27812,94;0;27812,94;0;0;0;27929,22;-3950,28;0;0;23978,94;0;0;0;0;0;0;0;2580;0;0;0;1254;0;3834;0;27812,94;0;0;0;0;0;10380;0;0;0;2180;0;0;0;0;0;12560;2700;0;840;0;0;0;0;123,86;0;6087,34;2940;0;3793,08;0;0;0;0;0;0;0;26;16510,28;-3950,28;0;0;0;0;0;0;0;0;0;0;0;-3950,28;0;0;0;0;0;0;0;0;0;0;0;0;12560;16510,28;-3950,28
1067;LE BEFFROI;EUR;2024;0;0;0;0;0;0;0;0;0;0;0;0;0;0;0;0;0;0;0;0;0;0;0;0;0;0;0;0;0;0;0;0;0;0;0;0;0;0;0;0;0;0;0;0;0;0;0;0;0;0;0;0;0;0;0;0;0;0;0;0;0;0;0;0;0;0;0;0;0;0;0;0;0;0;0;117;-117;0;0;0;0;0;0;0;0;0;0;0;0;0;0;0;0;0;0;0;0;0;0;0;0;0;0;0;0;0;0;0;0;0;0;0;0;0;0;0;0;0;0;0;0;0;0;0;117;0;0;0;0;0;0;0;0;117;-117;0;0;0;0;0;0;0;0;0;0;0;-117;0;0;0;0;0;0;0;0;0;0;0;0;0;117;-117
1068;TE ORA API O PORINETIA;EUR;2024;0;0;0;0;0;0;0;0;0;4036;4036;0;0;0;0;0;0;0;0;0;0;0;0;0;0;0;0;0;0;0;0;0;0;0;0;0;4036;4036;0;0;0;0;0;0;0;0;0;0;0;0;0;0;0;0;0;0;0;2084;0;2084;0;0;0;2084;0;2084;0;0;0;6120;4036;2084;0;0;0;2398;-1356;0;0;1042;0;0;0;0;0;0;0;1042;0;0;0;0;0;1042;0;2084;0;0;0;0;0;0;0;0;0;0;0;0;0;0;0;0;0;0;0;0;0;0;0;0;0;0;1008;0;348;0;0;0;0;0;0;0;0;1356;-1356;0;0;0;0;0;0;0;0;0;0;0;-1356;0;0;0;0;0;0;0;0;0;0;0;0;0;1356;-1356
1069;POUR L'ISÈRE;EUR;2024;0;0;0;0;0;0;0;0;0;5168;2918;2249;0;0;0;0;0;0;0;0;0;0;0;0;0;0;0;0;0;0;0;0;0;0;0;0;5168;2918;2249;0;0;0;0;0;0;0;0;0;0;0;0;0;0;0;0;0;0;51323;0;51323;641;0;641;51964;0;51964;0;0;0;57132;2918;54213;0;0;0;42245;10145;0;0;52389;0;0;0;0;0;0;0;1824;0;0;0;0;0;1824;0;54213;1835;19100;0;0;0;150;0;0;0;0;0;0;0;0;0;21085;0;0;0;0;0;0;0;0;1200;2369;1809;0;5227;0;0;0;1479;0;0;0;0;12084;9001;0;0;1144;0;0;1144;0;0;0;0;1144;10145;0;0;0;0;0;0;0;0;0;0;0;0;22229;12084;10145
1072;RÉVOLUTION ÉCOLOGIQUE POUR LE VIVANT;EUR;2024;0;0;0;8236;3897;4339;0;0;0;0;0;0;0;0;0;0;0;0;0;0;0;20000;0;20000;0;0;0;0;0;0;6000;0;6000;16560;0;16560;50796;3897;46899;0;0;0;200;0;200;0;0;0;0;0;0;0;0;0;0;0;0;82901;0;82901;51;0;51;83152;0;83152;0;0;0;133948;3897;130051;0;0;0;52370;64267;0;0;116637;0;0;0;0;0;0;0;4696;8718;0;0;0;0;13414;0;130051;0;0;0;0;0;15459;0;0;237119;9577;0;0;4031;0;11;266197;0;289;0;0;0;1140;17762;17431;33516;7401;17998;0;9687;0;73336;20578;0;0;2745;0;47;201930;64267;0;0;0;0;0;0;0;0;0;0;0;64267;0;0;0;0;0;0;0;0;0;0;0;0;266197;201930;64267
1077;NOTRE FRANCE;EUR;2024;0;0;0;0;0;0;0;0;0;0;0;0;0;0;0;0;0;0;0;0;0;0;0;0;0;0;0;0;0;0;0;0;0;0;0;0;0;0;0;0;0;0;0;0;0;0;0;0;0;0;0;0;0;0;0;0;0;420;0;420;0;0;0;420;0;420;0;0;0;420;0;420;299;0;0;-4747;-1288;0;0;-5736;0;0;0;0;0;0;0;6156;0;0;0;0;0;6156;0;420;0;0;0;0;0;2065;0;0;0;0;0;0;0;0;0;2065;0;0;0;0;0;0;0;1226;663;416;600;0;449;0;0;0;0;0;0;0;0;3353;-1288;0;0;0;0;0;0;0;0;0;0;0;-1288;0;0;0;0;0;0;0;0;0;0;0;0;2065;3353;-1288
1078;EUSKAL HERRIA BAI;EUR;2024;0;0;0;0;0;0;0;0;0;0;0;0;0;0;0;0;0;0;0;0;0;0;0;0;0;0;0;0;0;0;0;0;0;0;0;0;0;0;0;0;0;0;0;0;0;0;0;0;0;0;0;0;0;0;0;0;0;6779,32;0;6779,32;0;0;0;6779,32;0;6779,32;0;0;0;6779,32;0;6779,32;-13084,66;0;0;0;5390,37;0;0;-7694,29;0;0;0;0;0;0;0;6566,29;7907,32;0;0;0;0;14473,61;0;6779,32;41778;16658;0;0;0;0;0;0;23151,77;0;0;361,4;0;0;6,54;81955,71;0;0;0;0;0;0;0;0;6884,8;2326;2643;0;18940,51;0;39830,08;5401,47;0;0;0;0;21,39;76047,25;5908,46;0;0;0,6;0;0;0,6;0;0;0;0;0,6;5909,06;0;0;0;0;518,69;0;0;518,69;-518,69;0;0;0;81956,31;76565,94;5390,37
1079;GÉNÉRATIONS ALLAUCH;EUR;2024;0;0;0;0;0;0;0;0;0;0;0;0;0;0;0;0;0;0;0;0;0;0;0;0;0;0;0;0;0;0;0;0;0;0;0;0;0;0;0;0;0;0;0;0;0;0;0;0;0;0;0;0;0;0;0;0;0;28252;0;28252;0;0;0;28252;0;28252;0;0;0;28252;0;28252;0;0;0;17635;10617;0;0;28252;0;0;0;0;0;0;0;0;0;0;0;0;0;0;0;28252;750;0;0;0;0;12825;0;0;0;0;0;0;0;0;0;13575;0;0;0;0;0;0;0;247;0;1500;600;0;611;0;0;0;0;0;0;0;0;2958;10617;0;0;0;0;0;0;0;0;0;0;0;10617;0;0;0;0;0;0;0;0;0;0;0;0;13575;2958;10617
1084;OBJECTIF LYON;EUR;2024;0;0;0;0;0;0;0;0;0;0;0;0;30;0;30;0;0;0;0;0;0;0;0;0;0;0;0;0;0;0;0;0;0;0;0;0;30;0;30;0;0;0;0;0;0;0;0;0;0;0;0;0;0;0;0;0;0;3637;0;3637;0;0;0;3637;0;3637;0;0;0;3667;0;3667;4387;0;0;0;-2688;0;0;1699;0;0;0;0;0;0;0;1968;0;0;0;0;0;1968;0;3667;0;0;0;0;0;0;0;0;0;0;0;0;0;0;0;0;0;0;0;0;0;0;0;0;0;0;2474;0;214;0;0;0;0;0;0;0;0;2688;-2688;0;0;0;0;0;0;0;0;0;0;0;-2688;0;0;0;0;0;0;0;0;0;0;0;0;0;2688;-2688
1085;PARTI LORRAIN;EUR;2024;0;0;0;0;0;0;0;0;0;0;0;0;0;0;0;0;0;0;0;0;0;0;0;0;0;0;0;0;0;0;0;0;0;0;0;0;0;0;0;0;0;0;0;0;0;0;0;0;0;0;0;0;0;0;0;0;0;4619,91;0;4619,91;0;0;0;4619,91;0;4619,91;0;0;0;4619,91;0;4619,91;0;0;0;475,33;3112,58;0;0;3587,91;0;0;0;0;0;0;0;1032;0;0;0;0;0;1032;0;4619,91;660;0;0;0;0;5940;0;0;3019,43;0;2634,34;0;57,01;0;0;12310,78;0;0;0;0;0;0;57;5101,94;0;164,85;1032;0;2885,37;0;0;0;0;0;0;0;0;9241,16;3069,62;0;0;68,29;0;0;68,29;0;25,33;0;25,33;42,96;3112,58;0;0;0;0;0;0;0;0;0;0;0;0;12379,07;9266,49;3112,58
1088;ASSOCIATION LA GAUCHE DEBOUT ET INSOUMISE;EUR;2024;0;0;0;0;0;0;0;0;0;0;0;0;0;0;0;0;0;0;0;0;0;0;0;0;0;0;0;0;0;0;0;0;0;0;0;0;0;0;0;0;0;0;0;0;0;0;0;0;0;0;0;0;0;0;0;0;0;13322;0;13322;0;0;0;13322;0;13322;0;0;0;13322;0;13322;0;0;0;12385;-459;0;0;11925;0;0;0;0;0;0;0;1290;0;0;0;107;0;1397;0;13322;0;0;0;0;0;0;0;0;0;0;0;0;0;0;0;0;0;0;0;0;0;0;0;0;0;0;390;0;69;0;0;0;0;0;0;0;0;459;-459;0;0;0;0;0;0;0;0;0;0;0;-459;0;0;0;0;0;0;0;0;0;0;0;0;0;459;-459
1092;AVEC VOUS, POUR VOUS;EUR;2024;0;0;0;0;0;0;0;0;0;0;0;0;0;0;0;0;0;0;0;0;0;0;0;0;0;0;0;0;0;0;0;0;0;0;0;0;0;0;0;0;0;0;0;0;0;0;0;0;0;0;0;0;0;0;0;0;0;26812;0;26812;0;0;0;26812;0;26812;0;0;0;26812;0;26812;0;0;0;561;20907;0;0;21468;0;0;0;0;0;0;0;5344;0;0;0;0;0;5344;0;26812;910;0;0;0;0;45250;0;0;0;0;0;0;0;0;0;46160;0;0;0;0;0;0;5428;13444;0;1451;3000;0;1929;0;0;0;0;0;0;0;0;25253;20907;0;0;0;0;0;0;0;0;0;0;0;20907;0;0;0;0;0;0;0;0;0;0;0;0;46160;25253;20907
1093;GAUCHE RÉPUBLICAINE ET SOCIALISTE;EUR;2024;0;0;0;19088;10778;8310;0;0;0;8661;8351;310;0;0;0;0;0;0;0;0;0;24000;4000;20000;0;0;0;0;0;0;0;0;0;1770;0;1770;53519;23129;30390;0;0;0;0;0;0;0;0;0;0;0;0;1901;0;1901;0;0;0;18855;0;18855;0;0;0;20756;0;20756;0;0;0;74275;23129;51146;3812;0;0;-55386;52928;0;0;1353;0;0;0;0;0;21600;0;14790;0;686;0;12716;0;49793;0;51146;15920;6240;143375;37119;0;18290;0;0;0;17191;1004;0;0;0;648;239787;0;0;72280;0;3065;0;2062;0;54204;11571;8460;0;14128;0;11193;4347;4722;0;0;0;204;186236;53551;0;0;638;0;0;638;0;759;0;759;-121;53430;0;0;0;0;502;0;0;502;-502;0;0;0;240424;187496;52928
1096;PRENDRE UN TEMPS D'AVANCE;EUR;2024;0;0;0;0;0;0;0;0;0;0;0;0;0;0;0;0;0;0;0;0;0;0;0;0;0;0;0;0;0;0;0;0;0;0;0;0;0;0;0;0;0;0;0;0;0;0;0;0;0;0;0;0;0;0;0;0;0;64429,88;0;64429,88;0;0;0;64429,88;0;64429,88;0;0;0;64429,88;0;64429,88;0;0;0;63581,05;-4467,49;0;0;59113,56;0;0;0;0;0;0;0;5316,32;0;0;0;0;0;5316,32;0;64429,88;0;0;0;0;0;0;0;0;0;0;0;0;0;0;0;0;0;0;0;0;0;0;0;0;0;0;4368;0;98,99;0;0;0;0;0;0;0;0;4466,99;-4466,99;0;0;0;0;0;0;0;0,5;0;0,5;-0,5;-4467,49;0;0;0;0;0;0;0;0;0;0;0;0;0;4467,49;-4467,49
1098;PLACE PUBLIQUE;EUR;2024;0;0;0;0;0;0;0;0;0;0;0;0;0;0;0;0;0;0;0;0;0;66500;10000;56500;0;0;0;0;0;0;0;0;0;0;0;0;66500;10000;56500;0;0;0;850;850;0;0;0;0;0;0;0;13402,37;0;13402,37;152,5;0;152,5;359903,59;0;359903,59;7488,3;0;7488,3;381796,76;850;380946,76;0;0;0;448296,76;10850;437446,76;0;0;0;145538,06;275313,83;0;0;420851,89;0;0;0;0;0;0;0;14989,87;0;0;0;1605;0;16594,87;0;437446,76;347909;46825,15;0;0;0;142471,64;0;0;7499,09;10845;0;54676,88;0;0;0;610226,76;22350;54666,88;0;0;4565;0;72784,52;105654,65;102,67;15847,89;20774;0;28157,32;0;0;0;0;0;0;0;10;324912,93;285313,83;0;0;0;0;0;0;10000;0;0;10000;-10000;275313,83;0;0;0;0;0;0;0;0;0;0;0;0;610226,76;334912,93;275313,83
1099;DESSINONS ENSEMBLE L'AVENIR;EUR;2024;0;0;0;0;0;0;0;0;0;0;0;0;0;0;0;30;0;30;0;0;0;0;0;0;0;0;0;0;0;0;0;0;0;0;0;0;30;0;30;0;0;0;0;0;0;0;0;0;0;0;0;0;0;0;0;0;0;7114;0;7114;0;0;0;7114;0;7114;0;0;0;7144;0;7144;0;0;0;5652;615;0;0;6267;0;0;0;0;0;0;0;877;0;0;0;0;0;877;0;7144;765;4202;0;0;0;0;0;0;0;0;850;0;0;0;0;5817;0;1183;0;0;0;0;2021;944;0;0;930;0;162;0;0;0;0;0;0;0;0;5240;577;0;0;163;0;0;163;0;125;0;125;38;615;0;0;0;0;0;0;0;0;0;0;0;0;5980;5365;615
1100;BORDEAUX ENSEMBLE;EUR;2024;0;0;0;0;0;0;0;0;0;0;0;0;0;0;0;0;0;0;0;0;0;0;0;0;0;0;0;0;0;0;0;0;0;0;0;0;0;0;0;0;0;0;0;0;0;0;0;0;0;0;0;0;0;0;0;0;0;133;0;133;0;0;0;133;0;133;7;0;7;140;0;140;0;0;0;-19018;-823;0;0;-19841;0;0;0;0;0;0;0;19481;0;0;0;500;0;19981;0;140;0;0;0;0;0;0;0;0;0;0;0;0;0;0;0;0;0;0;0;0;0;0;0;0;0;0;705;0;118;0;0;0;0;0;0;0;0;823;-823;0;0;0;0;0;0;0;0;0;0;0;-823;0;0;0;0;0;0;0;0;0;0;0;0;0;823;-823
1101;ENSEMBLE POUR UNE SOCIALE ÉCOLOGIE;EUR;2024;0;0;0;0;0;0;0;0;0;0;0;0;0;0;0;0;0;0;0;0;0;0;0;0;0;0;0;0;0;0;0;0;0;0;0;0;0;0;0;0;0;0;0;0;0;0;0;0;0;0;0;0;0;0;0;0;0;30779,3;0;30779,3;0;0;0;30779,3;0;30779,3;0;0;0;30779,3;0;30779,3;0;0;0;34037,17;-6947,87;0;0;27089,3;0;0;0;0;0;0;0;3690;0;0;0;0;0;3690;0;30779,3;950;14150;0;0;0;2100;0;0;0;9622;0;0;0;0;0;26822;0;0;0;0;0;0;28203,79;0;0;0;3873,24;0;2347,57;0;0;0;0;0;0;0;0;34424,6;-7602,6;654,73;0;0;0;0;654,73;0;0;0;0;654,73;-6947,87;0;0;0;0;0;0;0;0;0;0;0;0;27476,73;34424,6;-6947,87
1103;TOULOUSE IDÉES NEUVES;EUR;2024;0;0;0;0;0;0;0;0;0;0;0;0;0;0;0;0;0;0;0;0;0;0;0;0;0;0;0;0;0;0;0;0;0;0;0;0;0;0;0;0;0;0;0;0;0;0;0;0;0;0;0;37;0;37;0;0;0;2767;0;2767;0;0;0;2804;0;2804;0;0;0;2804;0;2804;0;0;0;-1290;2113;0;0;824;0;0;0;0;0;0;0;1980;0;0;0;0;0;1980;0;2804;0;3400;0;0;0;2360;0;0;0;0;0;0;0;0;0;5760;0;0;0;0;0;0;0;0;0;1336;1986;0;442;0;0;0;0;0;0;0;0;3764;1996;0;0;0;0;0;0;0;0;0;0;0;1996;117;0;0;117;0;0;0;0;117;0;0;0;5877;3764;2113
1105;INITIATIVES BRON METROPOLE;EUR;2024;0;0;0;0;0;0;0;0;0;0;0;0;0;0;0;30;0;30;0;0;0;0;0;0;0;0;0;0;0;0;0;0;0;0;0;0;30;0;30;0;0;0;0;0;0;0;0;0;0;0;0;0;0;0;0;0;0;3025,69;0;3025,69;0;0;0;3025,69;0;3025,69;0;0;0;3055,69;0;3055,69;452,67;0;0;0;2603,02;0;0;3055,69;0;0;0;0;0;0;0;0;0;0;0;0;0;0;0;3055,69;0;0;0;0;0;2140;0;0;0;0;0;0;0;0;600;2740;0;0;0;0;0;0;0;0;0;0;0;0;136,98;0;0;0;0;0;0;0;0;136,98;2603,02;0;0;0;0;0;0;0;0;0;0;0;2603,02;0;0;0;0;0;0;0;0;0;0;0;0;2740;136,98;2603,02
1106;SAINT-PRIEST MÉTROPOLE;EUR;2024;0;0;0;0;0;0;0;0;0;0;0;0;0;0;0;15;0;15;0;0;0;0;0;0;0;0;0;0;0;0;0;0;0;0;0;0;15;0;15;0;0;0;0;0;0;0;0;0;0;0;0;0;0;0;0;0;0;24897,32;0;24897,32;0;0;0;24897,32;0;24897,32;0;0;0;24912,32;0;24912,32;53408,92;0;0;0;-28496,6;0;0;24912,32;0;0;0;0;0;0;0;0;0;0;0;0;0;0;0;24912,32;0;0;0;0;0;7500;0;0;0;0;0;0;0;0;0;7500;0;0;0;0;0;0;0;0;0;0;0;0;35996,6;0;0;0;0;0;0;0;0;35996,6;-28496,6;0;0;0;0;0;0;0;0;0;0;0;-28496,6;0;0;0;0;0;0;0;0;0;0;0;0;7500;35996,6;-28496,6
1107;J'AIME GISORS;EUR;2024;0;0;0;0;0;0;0;0;0;0;0;0;0;0;0;0;0;0;0;0;0;0;0;0;0;0;0;0;0;0;0;0;0;0;0;0;0;0;0;0;0;0;0;0;0;0;0;0;0;0;0;0;0;0;0;0;0;22504;0;22504;0;0;0;22504;0;22504;0;0;0;22504;0;22504;0;0;0;23010;-1626;0;0;21385;0;0;0;0;0;0;0;1119;0;0;0;0;0;1119;0;22504;2060;7938;0;0;0;1152;0;0;0;0;0;0;0;0;0;11150;0;0;0;0;0;0;0;0;0;5487;1118;0;6171;0;0;0;0;0;0;0;0;12776;-1626;0;0;0;0;0;0;0;0;0;0;0;-1626;0;0;0;0;0;0;0;0;0;0;0;0;11150;12776;-1626
1111;NOUVELLE FORCE DE GUYANE;EUR;2024;0;0;0;0;0;0;0;0;0;5402;3609;1793;0;0;0;0;0;0;0;0;0;0;0;0;0;0;0;0;0;0;0;0;0;0;0;0;5402;3609;1793;0;0;0;0;0;0;0;0;0;0;0;0;9376;0;9376;0;0;0;13799;0;13799;0;0;0;23176;0;23176;0;0;0;28578;3609;24969;0;0;0;14111;-9061;0;0;5050;0;0;0;0;0;0;0;19919;0;0;0;0;0;19919;0;24969;1765;20561;0;0;0;0;0;0;25983;0;0;0;0;0;0;48309;0;0;0;0;0;0;13045;0;16302;2801;13309;0;11328;0;0;0;591;0;0;0;0;57376;-9067;0;0;7;0;0;7;0;0;0;0;7;-9061;0;0;0;0;0;0;0;0;0;0;0;0;48316;57376;-9061
1112;CITOYENS;EUR;2024;0;0;0;0;0;0;0;0;0;0;0;0;0;0;0;0;0;0;0;0;0;0;0;0;0;0;0;0;0;0;0;0;0;0;0;;0;0;0;0;0;0;0;0;0;0;0;0;0;0;0;0;0;0;0;0;0;49;0;49;0;0;0;49;0;49;0;0;0;49;0;49;923;0;0;0;-904;0;0;19;0;0;0;0;0;0;0;30;0;0;0;0;0;30;0;49;0;0;0;0;0;0;0;7860;0;0;0;0;0;0;0;7860;0;0;0;0;0;0;0;0;380;6476;1860;0;48;0;0;0;0;0;0;0;0;8765;-904;0;0;0;0;0;0;0;0;0;0;0;-904;0;0;0;0;0;0;0;0;0;0;0;0;7860;8765;-904
1114;LES AMIS DE DAMIEN ABAD;EUR;2024;0;0;0;0;0;0;0;0;0;0;0;0;0;0;0;0;0;0;0;0;0;0;0;0;0;0;0;0;0;0;0;0;0;0;0;0;0;0;0;0;0;0;0;0;0;0;0;0;0;0;0;0;0;0;0;0;0;1294,25;0;1294,25;0;0;0;1294,25;0;1294,25;0;0;0;1294,25;0;1294,25;0;0;0;3232,28;-2598,03;0;0;634,25;0;0;0;0;0;0;0;660;0;0;0;0;0;660;0;1294,25;0;0;0;0;0;14190;0;0;0;0;0;0;0;0;0;14190;0;0;0;0;0;0;0;0;505,54;15061,52;660;0;560,97;0;0;0;0;0;0;0;0;16788,03;-2598,03;0;0;0;0;0;0;0;0;0;0;0;-2598,03;0;0;0;0;0;0;0;0;0;0;0;0;14190;16788,03;-2598,03
1116;MARSEILLE PROVENCE UNIE;EUR;2024;0;0;0;0;0;0;0;0;0;14895;14123;772;0;0;0;0;0;0;0;0;0;16258;0;16258;0;0;0;0;0;0;0;0;0;6250;0;6250;37403;14123;23280;0;0;0;0;0;0;0;0;0;0;0;0;330;0;330;0;0;0;30729;0;30729;1122;0;1122;32181;0;32181;0;0;0;69584;14123;55461;0;0;0;42069;4297;0;0;46366;0;0;0;0;0;0;0;5700;0;0;0;3395;0;9095;0;55461;3705;0;0;0;0;78820;0;0;0;10280;0;0;0;0;31;92836;0;0;0;0;0;0;0;0;47129;22586;5700;0;12016;0;0;0;1108;0;0;0;0;88539;4297;0;0;0;0;0;0;0;0;0;0;0;4297;0;0;0;0;0;0;0;0;0;0;0;0;92836;88539;4297
1117;ASSOCIATION DE SOUTIEN AUX ELUS DE LA MAJORITÉ MUNICIPALE - ASEMM;EUR;2024;0;0;0;0;0;0;0;0;0;0;0;0;0;0;0;0;0;0;0;0;0;0;0;0;0;0;0;0;0;0;0;0;0;15;0;15;15;0;15;0;0;0;0;0;0;0;0;0;0;0;0;0;0;0;0;0;0;16731;0;16731;0;0;0;16731;0;16731;0;0;0;16746;0;16746;10044;0;0;0;4062;0;0;14106;0;0;0;0;0;0;0;2640;0;0;0;0;0;2640;0;16746;0;8022;0;0;0;0;0;0;0;0;0;0;0;0;0;8022;0;0;0;0;0;0;0;0;0;693;2640;0;627;0;0;0;0;0;0;0;0;3960;4062;0;0;0;0;0;0;0;0;0;0;0;0;0;0;0;0;0;0;0;0;0;0;0;0;8022;3960;4062
1118;PÉYI GUYANE;EUR;2024;0;0;0;0;0;0;0;0;0;2781;1668,6;1112,4;0;0;0;0;0;0;1250;0;1250;0;0;0;0;0;0;0;0;0;0;0;0;0;0;0;4031;1668,6;2362,4;0;0;0;0;0;0;0;0;0;0;0;0;0;0;0;0;0;0;60719,06;0;60719,06;0;0;0;60719,06;0;60719,06;0;0;0;64750,06;1668,6;63081,46;0;0;0;71074,61;-12493,15;0;0;58581,46;0;0;0;0;0;0;0;4500;0;0;0;0;0;4500;0;63081,46;2244;0;0;0;0;0;0;0;0;0;0;0;0;0;0;2244;0;0;0;0;0;0;0;0;6000;581,8;4000;0;3477,11;0;0;0;556,2;0;0;0;0;14615,11;-12371,11;0;0;0;0;0;0;0;122,04;0;122,04;-122,04;-12493,15;0;0;0;0;0;0;0;0;0;0;0;0;2244;14737,15;-12493,15
1121;LES AMOUREUX DE LA FRANCE;EUR;2024;0;0;0;0;0;0;0;0;0;0;0;0;0;0;0;0;0;0;0;0;0;0;0;0;0;0;0;0;0;0;0;0;0;0;0;0;0;0;0;0;0;0;0;0;0;0;0;0;0;0;0;0;0;0;0;0;0;464,87;0;464,87;0;0;0;464,87;0;464,87;0;0;0;464,87;0;464,87;-1548,73;0;0;0;95,6;0;0;-1453,13;0;0;0;118;0;0;0;1800;0;0;0;0;0;1918;0;464,87;0;0;0;0;0;0;0;0;3000;0;0;0;0;0;0;3000;0;0;0;0;0;0;0;0;0;0;1872;0;1032,4;0;0;0;0;0;0;0;0;2904,4;95,6;0;0;0;0;0;0;0;0;0;0;0;95,6;0;0;0;0;0;0;0;0;0;0;0;0;3000;2904,4;95,6
1126;NOTRE SAINT-DENIS;EUR;2024;0;0;0;0;0;0;0;0;0;0;0;0;50;0;50;0;0;0;0;0;0;0;0;0;0;0;0;0;0;0;0;0;0;0;0;0;50;0;50;0;0;0;0;0;0;0;0;0;0;0;0;0;0;0;0;0;0;146856,72;0;146856,72;0;0;0;146856,72;0;146856,72;0;0;0;146906,72;0;146906,72;90156,63;0;0;0;18338,74;0;0;108495,37;0;0;0;0;0;0;0;38411,35;0;0;0;0;0;38411,35;0;146906,72;0;34497;0;0;0;11130;0;0;0;0;0;0;0;0;0;45627;0;0;0;0;0;0;0;0;1206,17;369,79;3560;0;21653,11;0;0;0;0;0;0;0;499,19;27288,26;18338,74;0;0;0;0;0;0;0;0;0;0;0;18338,74;0;0;0;0;0;0;0;0;0;0;0;0;45627;27288,26;18338,74
1129;PÉYI-A;EUR;2024;0;0;0;0;0;0;0;0;0;0;0;0;0;0;0;;0;0;0;0;0;0;0;0;0;0;0;0;0;0;0;0;0;1500;0;1500;1500;0;1500;0;0;0;1260;0;1260;0;0;0;0;0;0;1383;0;1383;0;0;0;113330;0;113330;0;0;0;115973;0;115973;0;0;0;117473;0;117473;0;0;0;123586;-14045;0;0;109541;0;0;0;0;0;0;0;7422;0;0;0;510;0;7932;0;117473;6865;100;21748;111358;0;630;0;0;0;0;0;16892;2615;0;21;160229;95350;16892;0;0;0;3645;0;13498;8994;24696;8362;0;2837;0;0;0;0;0;0;0;0;174274;-14045;0;0;0;0;0;0;0;0;0;0;0;-14045;0;0;0;0;0;0;0;0;0;0;0;0;160229;174274;-14045
1130;TERRITOIRES 44;EUR;2024;0;0;0;0;0;0;0;0;0;0;0;0;0;0;0;70;0;70;0;0;0;0;0;0;0;0;0;0;0;0;0;0;0;0;0;0;70;0;70;0;0;0;0;0;0;0;0;0;0;0;0;0;0;0;0;0;0;37115,86;0;37115,86;0;0;0;37115,86;0;37115,86;0;0;0;37185,86;0;37185,86;0;0;0;19785,62;14260,24;0;0;34045,86;0;0;0;0;0;0;0;1788;1352;0;0;0;0;3140;0;37185,86;0;0;0;0;0;15790;0;0;14079,81;0;0;0;0;0;0;29869,81;0;0;0;0;0;0;0;0;0;1899,2;1068;0;1460,72;0;8504;2679,4;0;0;0;0;0;15611,32;14258,49;0;0;1,75;0;0;1,75;0;0;0;0;1,75;14260,24;0;0;0;0;0;0;0;0;0;0;0;0;29871,56;15611,32;14260,24
1132;LEVALLOIS D'AVENIR;EUR;2024;0;0;0;0;0;0;0;0;0;0;0;0;0;0;0;0;0;0;0;0;0;0;0;0;0;0;0;0;0;0;0;0;0;0;0;0;0;0;0;0;0;0;0;0;0;0;0;0;0;0;0;0;0;0;15;0;15;6317;0;6317;0;0;0;6332;0;6332;0;0;0;6332;0;6332;0;0;0;-4888;4996;0;0;108;0;0;0;0;0;0;0;5724;0;0;0;500;0;6224;0;6332;0;0;0;0;0;7940;0;0;0;0;0;0;0;0;0;7940;0;0;0;0;0;0;0;0;0;1333;1524;0;87;0;0;0;0;0;0;0;0;2944;4996;0;0;0;0;0;0;0;0;0;0;0;4996;0;0;0;0;0;0;0;0;0;0;0;0;7940;2944;4996
1136;DECIDEMOS;EUR;2024;0;0;0;0;0;0;0;0;0;0;0;0;0;0;0;0;0;0;0;0;0;0;0;0;0;0;0;0;0;0;0;0;0;0;0;0;0;0;0;0;0;0;0;0;0;0;0;0;0;0;0;0;0;0;0;0;0;8280;0;8280;0;0;0;8280;0;8280;0;0;0;8280;0;8280;0;0;0;3856;-594;0;0;3262;0;0;0;0;0;2000;0;0;0;2123;0;895;0;5018;0;8280;115;0;0;0;0;2485;0;0;5998;0;0;6145;0;0;190;14934;0;6145;0;0;0;0;0;5674;357;1256;1176;0;0;0;0;0;0;0;0;0;919;15528;-594;0;0;0;0;0;0;0;0;0;0;0;-594;0;0;0;0;0;0;0;0;0;0;0;0;14934;15528;-594
1137;PARIS EN COMMUN;EUR;2024;0;0;0;0;0;0;0;0;0;900;900;0;0;0;0;0;0;0;0;0;0;0;0;0;0;0;0;0;0;0;0;0;0;0;0;0;900;900;0;0;0;0;0;0;0;0;0;0;0;0;0;0;0;0;0;0;0;114409,64;0;114409,64;0;0;0;114409,64;0;114409,64;0;0;0;115309,64;900;114409,64;0;0;0;52612,08;49042,86;0;0;101654,94;0;0;0;0;0;0;0;10588,8;2165,9;0;0;0;0;12754,7;0;114409,64;330;51300;0;0;0;0;0;0;27000;0;0;0;0;0;0,52;78630,52;0;0;0;0;0;0;0;0;0;0;4828,8;0;3866,38;83,16;16048,53;4026,51;0;0;0;734,28;0;29587,66;49042,86;0;0;0;0;0;0;0;0;0;0;0;49042,86;0;0;0;0;0;0;0;0;0;0;0;0;78630,52;29587,66;49042,86
1139;LES NATIONALISTES;EUR;2024;0;0;0;0;0;0;0;0;0;1800;1800;0;0;0;0;0;0;0;0;0;0;0;0;0;0;0;0;0;0;0;0;0;0;1250;0;1250;3050;1800;1250;0;0;0;0;0;0;0;0;0;0;0;0;0;0;0;0;0;0;2326;0;2326;0;0;0;2326;0;2326;0;0;0;5376;1800;3576;0;0;0;4022,09;-1246,09;0;0;2776;0;0;0;0;0;0;0;800;0;0;0;0;0;800;0;3576;13397;0;0;0;0;5315;2856,4;0;0;0;0;0;0;0;0;21568,4;3300;100;0;0;0;0;0;0;16354;440;1296;0;1074,49;0;0;0;0;0;0;0;250;22814,49;-1246,09;0;0;0;0;0;0;0;0;0;0;0;-1246,09;0;0;0;0;0;0;0;0;0;0;0;0;21568,4;22814,49;-1246,09
1142;MIEUX VIVRE A FRESNES;EUR;2024;0;0;0;0;0;0;0;0;0;0;0;0;0;0;0;30;0;30;0;0;0;0;0;0;0;0;0;0;0;0;0;0;0;0;0;0;30;0;30;0;0;0;0;0;0;0;0;0;0;0;0;0;0;0;0;0;0;1891;0;1891;0;0;0;1891;0;1891;0;0;0;1921;0;1921;1619;0;0;0;-658;0;0;961;0;0;0;0;0;0;0;960;0;0;0;0;0;960;0;1921;240;0;0;0;0;320;0;0;0;0;0;0;0;0;50;610;0;0;0;0;0;0;70;0;0;41;960;0;185;0;0;0;0;0;0;0;12;1268;-658;0;0;0;0;0;0;0;0;0;0;0;-658;0;0;0;0;0;0;0;0;0;0;0;0;610;1268;-658
1144;MON PARTI C'EST JOUE LES TOURS;EUR;2024;0;0;0;0;0;0;0;0;0;12829,88;10206,3;2623,58;0;0;0;0;0;0;0;0;0;0;0;0;0;0;0;0;0;0;0;0;0;0;0;0;12829,88;10206,3;2623,58;0;0;0;0;0;0;0;0;0;0;0;0;0;0;0;0;0;0;29881,95;0;29881,95;1436,84;0;1436,84;31318,79;0;31318,79;0;0;0;44148,67;10206,3;33942,37;0;0;0;16967,97;12904,21;0;0;29872,18;0;0;0;0;0;0;0;4070,19;0;0;0;0;0;4070,19;0;33942,37;42284;0;0;0;0;0;0;0;0;0;0;0;0;0;10;42294;0;0;0;0;0;0;0;0;1960;10067,83;2739,61;0;12246,47;0;0;0;2375,88;0;0;0;0;29389,79;12904,21;0;0;0;0;0;0;0;0;0;0;0;12904,21;0;0;0;0;0;0;0;0;0;0;0;0;42294;29389,79;12904,21
1146;LES AMIS DE LIONEL ROYER-PERREAUT;EUR;2024;0;0;0;850;0;850;0;0;0;1848;1301;547;0;0;0;0;0;0;0;0;0;19643;0;19643;0;0;0;0;0;0;0;0;0;0;0;0;22341;1301;21040;0;0;0;0;0;0;0;0;0;0;0;0;0;0;0;0;0;0;4567;0;4567;0;0;0;4567;0;4567;0;0;0;26909;1301;25607;0;0;0;32317;-11306;0;0;21011;0;0;0;0;0;0;0;3480;0;0;0;1116;0;4596;0;25607;0;0;0;0;0;1690;0;0;0;0;0;0;0;0;0;1690;0;0;0;0;0;0;0;0;2300;2714;3480;0;2974;0;0;0;300;0;0;0;66;11833;-10143;0;0;0;0;0;0;0;0;0;0;0;-10143;0;0;0;0;1163;0;0;1163;-1163;0;0;0;1690;12996;-11306
1147;AGIR POUR LE VÉSINET;EUR;2024;0;0;0;0;0;0;0;0;0;0;0;0;0;0;0;0;0;0;0;0;0;0;0;0;0;0;0;0;0;0;0;0;0;0;0;0;0;0;0;0;0;0;0;0;0;0;0;0;0;0;0;0;0;0;0;0;0;2137;0;2137;0;0;0;2137;0;2137;0;0;0;2137;0;2137;0;0;0;1856;269;0;0;2125;0;0;0;0;0;0;0;12;0;0;0;0;0;12;0;2137;0;0;0;0;0;890;0;0;0;0;0;0;0;0;;890;0;0;0;0;0;0;0;245;0;0;240;0;136;0;0;0;0;0;0;0;0;621;269;0;0;0;0;0;0;0;0;0;0;0;269;0;0;0;0;0;0;0;0;0;0;0;0;890;621;269
1148;L'ÉVEIL OCÉANIEN (LE'O);EUR;2024;0;0;0;0;0;0;0;0;0;0;0;0;0;0;0;0;0;0;0;0;0;0;0;0;0;0;0;0;0;0;0;0;0;168;0;168;168;0;168;0;0;0;0;0;0;0;0;0;0;0;0;0;0;0;0;0;0;7765;0;7765;0;0;0;7765;0;7765;0;0;0;7932;0;7932;0;0;0;10344;-5432;0;0;4912;0;0;0;0;0;0;0;2928;0;0;0;92;0;3020;0;7932;9453;1936;0;0;0;2175;4536;0;0;0;0;0;0;0;0;18099;0;0;0;0;0;0;0;0;8384;5681;3109;0;6358;0;0;0;0;0;0;0;0;23532;-5433;0;0;1;0;0;1;0;0;0;0;1;-5432;0;0;0;0;0;0;0;0;0;0;0;0;18100;23532;-5432
1152;RASSEMBLÉS POUR BEAUMONT;EUR;2024;0;0;0;0;0;0;0;0;0;1617,96;58,98;1558,98;0;0;0;15;0;15;0;0;0;0;0;0;0;0;0;0;0;0;0;0;0;0;0;0;1632,96;58,98;1573,98;0;0;0;0;0;0;0;0;0;0;0;0;0;0;0;0;0;0;32255,84;0;32255,84;0;0;0;32255,84;0;32255,84;0;0;0;33888,8;58,98;33829,82;29214,5;0;0;0;2035,32;0;0;31249,82;0;0;0;0;0;0;0;2580;0;0;0;0;0;2580;0;33829,82;335;4215;0;0;0;0;0;0;0;0;0;0;0;0;15;4565;0;0;0;0;0;0;0;0;0;277,9;2076;0;292,69;0;0;0;58,98;0;0;0;0;2705,57;1859,43;0;0;175,89;0;0;175,89;0;0;0;0;175,89;2035,32;0;0;0;0;0;0;0;0;0;0;0;0;4740,89;2705,57;2035,32
1154;METZ MOSELLE 21ÈME;EUR;2024;0;0;0;0;0;0;0;0;0;0;0;0;0;0;0;0;0;0;0;0;0;0;0;0;0;0;0;0;0;0;0;0;0;0;0;0;0;0;0;0;0;0;0;0;0;0;0;0;0;0;0;0;0;0;0;0;0;17708;0;17708;0;0;0;17708;0;17708;0;0;0;17708;0;17708;0;0;0;2205;13823;0;0;16028;0;0;0;0;0;0;0;1680;0;0;0;0;0;1680;0;17708;0;0;0;0;0;21690;0;0;0;0;0;0;0;0;0;21690;0;0;0;0;0;0;0;0;0;0;1680;0;6187;0;0;0;0;0;0;0;0;7867;13823;0;0;0;0;0;0;0;0;0;0;0;13823;0;0;0;0;0;0;0;0;0;0;0;0;21690;7867;13823
1155;VILLETANEUSE AUTREMENT;EUR;2024;0;0;0;0;0;0;0;0;0;0;0;0;0;0;0;0;0;0;0;0;0;0;0;0;0;0;0;0;0;0;0;0;0;0;0;0;0;0;0;0;0;0;0;0;0;0;0;0;0;0;0;0;0;0;0;0;0;4406,68;0;4406,68;0;0;0;4406,68;0;4406,68;0;0;0;4406,68;0;4406,68;0;0;0;-406,77;3377,45;0;0;2970,68;0;0;0;0;0;0;0;636;0;0;0;800;0;1436;0;4406,68;0;5490,05;0;0;0;0;0;0;0;0;0;0;0;0;0;5490,05;0;0;0;0;0;0;0;0;0;392,8;636;0;1083,8;0;0;0;0;0;0;0;0;2112,6;3377,45;0;0;0;0;0;0;0;0;0;0;0;3377,45;0;0;0;0;0;0;0;0;0;0;0;0;5490,05;2112,6;3377,45
1157;PICARDIE DEBOUT !;EUR;2024;0;0;0;3000;1902,78;1097,22;0;0;0;25739,33;10380,72;15358,61;0;0;0;0;0;0;0;0;0;39000;0;39000;0;0;0;0;0;0;0;0;0;7382,5;0;7382,5;75121,83;12283,5;62838,33;0;0;0;0;0;0;0;0;0;0;0;0;63877,76;0;63877,76;0;0;0;1272341,71;0;1272341,71;12625,2;0;12625,2;1348844,67;0;1348844,67;0;0;0;1423966,5;12283,5;1411683;0;0;0;496323,56;872187,6;0;0;1368511,16;0;0;0;0;0;0;0;19370,44;17746,22;0;0;6055,18;0;43171,84;0;1411683;2042;2420;0;0;0;1354892;1991,75;0;70400,32;0;0;0;18275,16;0;741,62;1450762,85;35000;0;0;0;0;8476,07;3292,87;0;85304,88;33275,94;20302,01;0;168703,52;873,38;149312,41;49150,04;6401,65;0;0;0;36573,94;596666,71;854096,14;0;0;19433,46;0;0;19433,46;0;0;0;0;19433,46;873529,6;0;0;0;0;0;0;0;0;0;1342;0;0;1470196,31;598008,71;872187,6
1159;SURESNES J'AIME MA VILLE;EUR;2024;0;0;0;0;0;0;0;0;0;0;0;0;0;0;0;0;0;0;0;0;0;0;0;0;0;0;0;0;0;0;0;0;0;0;0;0;0;0;0;0;0;0;0;0;0;0;0;0;0;0;0;0;0;0;0;0;0;18350,42;0;18350,42;97,61;0;97,61;18448,03;0;18448,03;0;0;0;18448,03;0;18448,03;9273,12;0;0;0;7650,41;0;0;16923,53;0;0;0;0;0;0;0;1424,5;0;0;0;0;100;1524,5;0;18448,03;3170;0;0;0;0;8352,76;0;0;0;669,91;0;0;0;0;0;12192,67;0;0;0;0;0;0;0;106,4;37,32;2603,5;0;0;2035,29;0;0;0;0;0;0;0;0;4782,51;7410,16;0;0;240,25;0;0;240,25;0;0;0;0;240,25;7650,41;0;0;0;0;0;0;0;0;0;0;0;0;12432,92;4782,51;7650,41
1160;ENSEMBLE;EUR;2024;0;0;0;0;0;0;0;0;0;0;0;0;0;0;0;0;0;0;0;0;0;0;0;0;0;0;0;0;0;0;0;0;0;0;0;0;0;0;0;0;0;0;0;0;0;0;0;0;0;0;0;0;0;0;0;0;0;39120,9;0;39120,9;0;0;0;39120,9;0;39120,9;0;0;0;39120,9;0;39120,9;0;0;0;25022,4;10498,5;0;0;35520,9;0;0;0;0;0;0;0;3600;0;0;0;0;0;3600;0;39120,9;375;0;0;0;0;7780;0;0;15000;0;0;0;0;0;0;23155;0;0;0;0;0;0;0;9856,5;1000;0;1800;0;0;0;0;0;0;0;0;0;0;12656,5;10498,5;0;0;0;0;0;0;0;0;0;0;0;10498,5;0;0;0;0;0;0;0;0;0;0;0;0;23155;12656,5;10498,5
1161;LE KREMLIN-BICÊTRE EN AVANT;EUR;2024;0;0;0;0;0;0;0;0;0;0;0;0;0;0;0;0;0;0;0;0;0;0;0;0;0;0;0;0;0;0;0;0;0;0;0;0;0;0;0;0;0;0;0;0;0;0;0;0;0;0;0;1380;0;1380;0;0;0;8749,53;0;8749,53;0;0;0;10129,53;0;10129,53;0;0;0;10129,53;0;10129,53;8858,75;0;0;0;30,78;0;0;8889,53;0;0;0;0;0;0;0;1240;0;0;0;0;0;1240;0;10129,53;1400;0;0;0;0;0;0;0;0;0;0;0;0;0;0;1400;0;0;0;0;0;0;0;0;0;0;480;0;699,22;0;0;0;0;0;0;0;140;1319,22;80,78;0;0;0;0;0;0;0;0;0;0;0;80,78;0;0;0;0;50;0;0;50;-50;0;0;0;1400;1369,22;30,78
1163;SERVIR;EUR;2024;0;0;0;0;0;0;0;0;0;0;0;0;0;0;0;0;0;0;0;0;0;0;0;0;0;0;0;0;0;0;0;0;0;0;0;0;0;0;0;0;0;0;0;0;0;0;0;0;0;0;0;4064;0;4064;0;0;0;9133;0;9133;0;0;0;13198;0;13198;0;0;0;13198;0;13198;0;0;0;-9403;14251;0;0;4848;0;0;0;0;0;0;0;8350;0;0;0;0;0;8350;0;13198;0;0;0;0;0;33775;0;0;0;0;0;4880;0;0;0;38655;0;4880;0;0;0;0;0;0;0;2050;11035;0;6253;0;0;0;0;0;0;0;445;24662;13993;0;0;0;0;0;0;0;0;0;0;0;13993;258;0;0;258;0;0;0;0;258;0;0;0;38913;24662;14251
1168;LES CITOYENS;EUR;2024;0;0;0;0;0;0;0;0;0;0;0;0;0;0;0;0;0;0;0;0;0;0;0;0;0;0;0;0;0;0;0;0;0;0;0;0;0;0;0;0;0;0;0;0;0;0;0;0;0;0;0;0;0;0;0;0;0;2311;0;2311;0;0;0;2311;0;2311;0;0;0;2311;0;2311;0;0;0;-289;587;0;0;298;0;0;0;0;0;0;0;2013;0;0;0;0;0;2013;0;2311;470;0;0;0;0;1915;0;0;0;0;0;0;0;0;0;2385;0;0;0;0;0;0;0;247;0;681;708;0;161;0;0;0;0;0;0;0;0;1798;587;0;0;0;0;0;0;0;0;0;0;0;587;0;0;0;0;0;0;0;0;0;0;0;0;2385;1798;587
1169;LES ANDELYS PASSIONNÉMENT;EUR;2024;0;0;0;0;0;0;0;0;0;0;0;0;0;0;0;0;0;0;0;0;0;0;0;0;0;0;0;0;0;0;0;0;0;0;0;0;0;0;0;0;0;0;0;0;0;0;0;0;0;0;0;0;0;0;0;0;0;7220,31;0;7220,31;0;0;0;7220,31;0;7220,31;0;0;0;7220,31;0;7220,31;9985,4;0;0;0;-3995,09;0;0;5990,31;0;0;0;0;0;0;0;1230;0;0;0;0;0;1230;0;7220,31;90;0;0;0;0;2260;0;0;0;0;0;0;0;0;0;2350;0;0;0;0;0;0;0;0;0;2380,9;1137,7;0;2826,49;0;0;0;0;0;0;0;0;6345,09;-3995,09;0;0;0;0;0;0;0;0;0;0;0;-3995,09;0;0;0;0;0;0;0;0;0;0;0;0;2350;6345,09;-3995,09
1171;NOUS SOMMES LA MÉTROPOLE;EUR;2024;0;0;0;0;0;0;0;0;0;0;0;0;0;0;0;0;0;0;0;0;0;0;0;0;0;0;0;0;0;0;0;0;0;0;0;0;0;0;0;0;0;0;0;0;0;0;0;0;0;0;0;0;0;0;0;0;0;56218;0;56218;0;0;0;56218;0;56218;0;0;0;56218;0;56218;0;0;0;57323;-2905;0;0;54418;0;0;0;0;0;0;0;1800;0;0;0;0;0;1800;0;56218;0;0;0;0;0;0;0;0;0;0;0;0;0;0;0;0;0;0;0;0;0;0;0;0;0;0;1800;0;2661;0;0;0;0;0;0;0;0;4461;-4661;0;0;1555;0;0;1555;0;0;0;0;1555;-2905;0;0;0;0;0;0;0;0;0;0;0;0;1555;4461;-2905
1172;CHANGEONS D'ÈRE À TAVERNY;EUR;2024;0;0;0;0;0;0;0;0;0;0;0;0;0;0;0;0;0;0;0;0;0;0;0;0;0;0;0;0;0;0;0;0;0;0;0;0;0;0;0;0;0;0;0;0;0;0;0;0;0;0;0;0;0;0;0;0;0;3845;0;3845;0;0;0;3845;0;3845;0;0;0;3845;0;3845;0;0;0;234;1811;0;0;2045;0;0;0;0;0;0;0;1800;0;0;0;0;0;1800;0;3845;360;0;0;0;0;7488;0;0;0;0;0;0;0;0;0;7848;0;0;0;0;0;0;0;939;0;0;4770;0;328;0;0;0;0;0;0;0;0;6037;1811;0;0;0;0;0;0;0;0;0;0;0;1811;0;0;0;0;0;0;0;0;0;0;0;0;7848;6037;1811
1173;CHOISIR PARIS;EUR;2024;0;0;0;0;0;0;0;0;0;1400;1400;0;0;0;0;0;0;0;0;0;0;0;0;0;0;0;0;0;0;0;0;0;0;0;0;0;1400;1400;0;0;0;0;0;0;0;0;0;0;0;0;0;7140;0;7140;0;0;0;28558;0;28558;0;0;0;35698;0;35698;0;0;0;37098;1400;35698;0;0;0;34692;-1966;0;0;32726;0;0;0;0;0;0;0;1960;473;0;0;539;0;2972;0;35698;0;0;0;0;0;0;65;0;0;0;10895;0;0;0;0;10960;0;0;0;0;0;0;0;0;0;0;1000;0;11146;0;0;0;0;0;0;0;780;12925;-1966;0;0;0;0;0;0;0;0;0;0;0;-1966;0;0;0;0;0;0;0;0;0;0;0;0;10960;12925;-1966
1174;SOYONS MARSEILLE POSITIVE;EUR;2024;0;0;0;600;600;0;0;0;0;0;0;0;0;0;0;0;0;0;0;0;0;0;0;0;0;0;0;0;0;0;0;0;0;0;0;0;600;600;0;0;0;0;0;0;0;0;0;0;0;0;0;0;0;0;0;0;0;117,71;0;117,71;0;0;0;117,71;0;117,71;0;0;0;717,71;600;117,71;0;0;0;-2070,09;-322,2;0;0;-2392,29;0;0;0;0;0;0;0;860;0;0;0;1650;0;2510;0;117,71;0;0;0;0;0;0;0;0;0;0;0;0;0;0;0;0;0;0;0;0;0;0;0;0;0;0;300;0;22,2;0;0;0;0;0;0;0;0;322,2;-322,2;0;0;0;0;0;0;0;0;0;0;0;-322,2;0;0;0;0;0;0;0;0;0;0;0;0;0;322,2;-322,2
1175;VOLT FRANCE;EUR;2024;0;0;0;0;0;0;0;0;0;0;0;0;0;0;0;0;0;0;0;0;0;0;0;0;0;0;0;0;0;0;0;0;0;0;0;0;0;0;0;27234;27234;0;0;0;0;0;0;0;7778;0;7778;0;0;0;0;0;0;14770;0;14770;0;0;0;49782;27234;22548;0;0;0;49782;27234;22548;27234;0;0;39934;-75220;0;0;-8052;0;0;0;0;30000;0;0;600;0;0;0;0;0;30600;0;22548;3454;0;0;0;0;59677;0;0;17925;0;0;0;6710;0;-1260;86506;0;0;73000;1000;0;11217;904;968;0;1580;600;3173;69456;0;0;0;0;0;0;0;-1020;160879;-74373;0;0;0;0;0;0;0;0;0;0;0;-74373;0;0;0;0;848;0;0;848;-848;0;0;0;86506;161726;-75220
1176;ASSOCIATION AMBITION RÉUNION;EUR;2024;0;0;0;0;0;0;0;0;0;0;0;0;0;0;0;14999;0;14999;0;0;0;63006;0;63006;0;0;0;0;0;0;0;0;0;0;0;0;78004;0;78004;0;0;0;0;0;0;0;0;0;0;0;0;47;0;47;0;0;0;165545;0;165545;0;0;0;165592;0;165592;0;0;0;243596;0;243596;32243;0;0;141208;63079;0;0;236530;0;0;0;0;0;0;0;7066;0;0;0;0;0;7066;0;243596;0;0;16537;74239;0;24900;0;0;0;0;0;0;0;0;84;115759;0;0;0;0;0;400;0;0;1671;24188;7053;0;19371;0;0;0;0;0;0;0;0;52683;63076;0;0;3;0;0;3;0;0;0;0;3;63079;0;0;0;0;0;0;0;0;0;0;0;0;115762;52683;63079
1178;GÉNÉRATIONS.NC;EUR;2024;0;0;0;3331,098634;3331,098634;0;0;0;0;2516,215537;2516,215537;0;0;0;0;0;0;0;23464,34258;0;23464,34258;0;0;0;0;0;0;0;0;0;0;0;0;512,0254756;0;512,0254756;29823,68223;5847,314171;23976,36805;1690,840526;0;1690,840526;264,3928601;0;264,3928601;0;0;0;0;0;0;3272,261795;0;3272,261795;0;0;0;13989,18126;0;13989,18126;144,6157714;0;144,6157714;19361,29221;0;19361,29221;0;0;0;49184,97444;5847,314171;43337,66027;0;0;0;4235,045672;32248,94829;0;0;36483,99397;0;0;0;0;0;0;0;6853,666304;0;0;0;0;0;6853,666304;0;43337,66027;5296,237325;2823,464343;0;0;0;36954,5546;0;0;33407,49183;0;0;1870,041063;416,0730747;0;318,49493;81086,35716;0;0;0;0;0;4572,529959;0;0;8842,059834;16683,87664;7591,552837;0;11016,5675;0;0;0;0,838012235;0;0;0;35,11271265;48742,5375;32343,81966;0;0;0,662029666;0;0;0,662029666;0;0;0;0;0,662029666;32344,48169;0;0;0;0;95,53339479;0;0;95,53339479;-95,53339479;0;0;0;81087,01919;48838,0709;32248,94829
1180;FEMU A CORSICA;EUR;2024;0;0;0;13453;11480;1973;0;0;0;7844;6435;1408;0;0;0;0;0;0;0;0;0;6000;0;6000;0;0;0;0;0;0;0;0;0;2355;0;2355;29652;17915;11737;180;0;180;0;0;0;0;0;0;0;0;0;0;0;0;0;0;0;233381;0;233381;0;0;0;233561;0;233561;0;0;0;263212;17915;245297;0;0;0;226066;5942;0;0;232009;0;0;0;40;0;0;0;5280;7969;0;0;0;0;13289;0;245297;13300;27110;0;0;0;2810;0;0;121871;0;0;0;0;0;4;165095;0;0;0;0;0;0;0;0;44781;15123;7949;0;42631;2138;33852;9690;2987;0;0;0;3;159153;5942;0;0;0;0;0;0;0;0;0;0;0;5942;0;0;0;0;0;0;0;0;0;0;0;0;165095;159153;5942
1181;POUR NANTES;EUR;2024;0;0;0;0;0;0;0;0;0;0;0;0;0;0;0;0;0;0;0;0;0;0;0;0;0;0;0;0;0;0;0;0;0;0;0;0;0;0;0;0;0;0;0;0;0;0;0;0;0;0;0;0;0;0;0;0;0;6234,51;0;6234,51;0;0;0;6234,51;0;6234,51;0;0;0;6234,51;0;6234,51;5500,06;0;0;0;-2075,95;0;0;3424,11;0;0;0;0;0;0;0;2810,4;0;0;0;0;0;2810,4;0;6234,51;4160;3800;0;0;0;0;0;0;0;720;0;0;0;0;0;8680;0;0;0;0;0;0;5132,39;395,2;840;897,79;2144;0;1289,85;0;0;0;0;0;0;0;56,72;10755,95;-2075,95;0;0;0;0;0;0;0;0;0;0;0;-2075,95;0;0;0;0;0;0;0;0;0;0;0;0;8680;10755,95;-2075,95
1184;PLATEFORME BZH;EUR;2024;0;0;0;0;0;0;0;0;0;30992;3014;27978;0;0;0;0;0;0;0;0;0;0;0;0;0;0;0;0;0;0;0;;1524;0;0;0;30992;3014;29502;0;0;0;0;0;0;0;0;0;0;0;0;0;0;0;0;0;0;34244;0;34244;0;0;0;34244;0;34244;0;0;0;65236;3014;63746;0;0;0;58324;5422;0;0;63746;0;0;0;0;0;0;0;0;0;0;0;0;0;0;0;63746;2165;30;0;0;0;94350;0;0;0;0;0;0;0;0;0;96545;0;0;0;0;0;0;0;43386;20568;2605;558;;8883;;12011;98;3014;0;0;0;0;91123;5422;0;0;0;0;0;0;0;0;0;0;0;5422;0;0;0;0;0;0;0;0;0;0;0;0;96545;91123;5422
1185;ÉNERGIES CITOYENNES;EUR;2024;0;0;0;0;0;0;0;0;0;0;0;0;0;0;0;0;0;0;0;0;0;0;0;0;0;0;0;0;0;0;0;0;0;0;0;0;0;0;0;0;0;0;0;0;0;0;0;0;0;0;0;0;0;0;0;0;0;4290,97;0;4290,97;0;0;0;4290,97;0;4290,97;0;0;0;4290,97;0;4290,97;4169,55;0;0;0;91,42;0;0;4260,97;0;0;0;0;0;0;0;0;0;0;0;30;0;30;0;4290,97;550;145;0;0;0;245;0;0;0;0;0;0;0;0;27,36;967,36;0;0;0;0;0;0;0;0;0;246,73;408;0;221,21;0;0;0;0;0;0;0;0;875,94;91,42;0;0;0;0;0;0;0;0;0;0;0;91,42;0;0;0;0;0;0;0;0;0;0;0;0;967,36;875,94;91,42
1186;PESSAC AVENIR;EUR;2024;0;0;0;0;0;0;0;0;0;0;0;0;0;0;0;0;0;0;0;0;0;0;0;0;0;0;0;0;0;0;0;0;0;0;0;0;0;0;0;0;0;0;0;0;0;0;0;0;0;0;0;0;0;0;0;0;0;10759;0;10759;0;0;0;10759;0;10759;0;0;0;10759;0;10759;7128;0;0;0;2611;0;0;9739;0;0;0;0;0;0;0;1019;0;0;0;0;0;1019;0;10759;1400;2280;0;0;0;795;0;0;0;1375;0;0;0;0;0;5850;0;0;0;0;0;0;0;0;0;0;1067;0;2428;0;0;0;0;0;0;0;0;3495;2355;0;0;256;0;0;256;0;0;0;0;256;2611;0;0;0;0;0;0;0;0;0;0;0;0;6106;3495;2611
1187;VIVONS VERNAISON;EUR;2024;0;;;;;;;;;0;0;0;0;0;0;0;0;0;0;0;0;0;0;0;0;0;0;0;0;0;0;0;0;15;0;15;15;0;15;0;0;0;0;0;0;0;0;0;0;0;0;0;0;0;0;0;0;3606;0;3606;0;0;0;3606;0;3606;0;0;0;3621;0;3621;473;0;0;0;1948;0;0;2421;0;0;0;0;0;0;1200;0;0;0;0;0;0;1200;0;3621;0;0;0;0;0;5266;0;0;0;0;0;0;0;0;0;5266;0;0;0;0;0;0;0;0;0;0;0;3117;0;0;0;0;0;0;0;0;0;3117;2149;0;0;0;0;0;0;0;201;0;201;-201;1948;0;0;0;0;0;0;0;0;0;0;0;0;5266;3318;1948
1188;BRINDAS AVEC VOUS;EUR;2024;0;0;0;0;0;0;0;0;0;0;0;0;0;0;0;0;0;0;0;0;0;0;0;0;0;0;0;0;0;0;0;0;0;0;0;0;0;0;0;0;0;0;0;0;0;0;0;0;0;0;0;0;0;0;0;0;0;121;0;121;0;0;0;121;0;121;0;0;0;121;0;121;19;0;0;-977;-363;0;0;-1321;0;0;0;0;0;0;0;1442;0;0;0;0;0;1442;0;121;0;0;0;0;0;1000;0;0;0;0;0;0;0;0;0;1000;0;0;0;0;0;0;0;939;0;0;420;0;4;0;0;0;0;0;0;0;0;1363;-363;0;0;0;0;0;0;0;0;0;0;0;-363;0;0;0;0;0;0;0;0;0;0;0;0;1000;1363;-363
1189;ÉNERGIES CITOYENNES LORIENT;EUR;2024;0;0;0;0;0;0;0;0;0;3200;3200;0;0;0;0;0;0;0;0;0;0;0;0;0;0;0;0;0;0;0;0;0;0;0;0;0;3200;3200;0;0;0;0;0;0;0;0;0;0;0;0;0;0;0;0;0;0;0;249,02;0;249,02;0;0;0;249,02;0;249,02;0;0;0;3449,02;3200;249,02;0;0;0;4480,54;-4963,52;0;0;-482,98;0;0;0;0;0;0;0;732;0;0;0;0;0;732;0;249,02;0;7500;0;0;0;0;0;0;0;0;0;0;0;0;0;7500;0;0;0;0;0;0;0;0;0;0;732;0;11531,52;0;0;0;0;0;0;0;200;12463,52;-4963,52;0;0;0;0;0;0;0;0;0;0;0;-4963,52;0;0;0;0;0;0;0;0;0;0;0;0;7500;12463,52;-4963,52
1190;RENOUVELLEMENT POLITIQUE ET DIVERSITÉ CITOYENNE;EUR;2024;0;0;0;0;0;0;0;0;0;43246,78;25808,56;17438,22;0;0;0;0;0;0;10;0;10;17700;0;17700;0;0;0;0;0;0;0;0;0;0;0;0;60956,78;25808,56;35148,22;0;0;0;0;0;0;147320;0;147320;0;0;0;0;0;0;0;0;0;121323,11;0;121323,11;0;0;0;268643,11;0;268643,11;0;0;0;329599,89;25808,56;303791,33;0;0;0;235871,92;59959,41;0;0;295831,33;7000;0;7000;0;0;0;0;960;0;0;0;0;0;960;0;303791,33;0;0;0;0;0;171675;0;0;0;0;0;0;33000;0;0;204675;13300;0;58600;0;0;0;0;0;0;8179,21;19970;0;33793,56;0;0;0;0;0;12816,51;0;0;146659,28;58015,72;1943,69;0;0;0;0;1943,69;0;0;0;0;1943,69;59959,41;0;0;0;0;0;0;0;0;0;0;0;0;206618,69;146659,28;59959,41
1195;ROSPORDEN-KERNÉVEL-CITÉ D'AVENIR;EUR;2024;0;0;0;0;0;0;8000;881;7119;0;0;0;0;0;0;2015;0;2015;0;0;0;0;0;0;0;0;0;0;0;0;0;0;0;0;0;0;10015;881;9134;0;0;0;0;0;0;0;0;0;0;0;0;0;0;0;0;0;0;5372;0;5372;0;0;0;5372;0;5372;0;0;0;15387;881;14506;0;0;0;0;-593;14409;0;13816;0;0;0;690;0;0;0;0;0;0;0;0;0;690;0;14506;1080;0;0;0;0;3625;0;0;0;0;0;0;0;0;0;4705;0;0;0;0;0;74;0;0;0;439;2126;0;1460;943;0;0;0;0;0;0;0;5042;-337;0;0;138;0;0;138;360;34;0;394;-256;-593;0;0;0;0;0;0;0;0;0;0;0;0;4843;5436;-593
1196;ENSEMBLE;EUR;2024;0;0;0;2145;858;1287;0;0;0;0;0;0;0;0;0;0;0;0;0;0;0;0;0;0;0;0;0;0;0;0;0;0;0;0;0;0;2145;858;1287;0;0;0;0;0;0;0;0;0;0;0;0;0;0;0;0;0;0;2078;0;2078;0;0;0;2078;0;2078;0;0;0;4223;858;3365;0;0;0;2548;817;0;0;3365;0;0;0;0;0;0;0;0;0;0;0;0;0;0;0;3365;0;0;0;0;0;0;3025;0;0;1057;0;0;0;0;0;4082;0;0;0;0;0;0;0;0;0;1142;1167;0;527;0;0;0;429;0;0;0;0;3264;817;0;0;0;0;0;0;0;0;0;0;0;817;0;0;0;0;0;0;0;0;0;0;0;0;4082;3264;817
1199;LE GROUPE DE RÉFLEXION POUR L'AVENIR ET L'UNITÉ (LE G.R.A.U);EUR;2024;0;0;0;0;0;0;0;0;0;0;0;0;0;0;0;0;0;0;0;0;0;0;0;0;0;0;0;0;0;0;0;0;0;300;0;300;300;0;300;0;0;0;0;0;0;0;0;0;0;0;0;0;0;0;0;0;0;7511,38;0;7511,38;0;0;0;7511,38;0;7511,38;0;0;0;7811,38;0;7811,38;0;0;0;12258;-4456,62;0;0;7801,38;0;0;0;0;0;0;0;10;0;0;0;0;0;10;0;7811,38;2980;100;0;0;0;6940;0;0;0;3100;0;0;0;0;0;13120;0;0;0;0;0;0;0;5550,37;0;4200,07;7544,9;0;281,28;0;0;0;0;0;0;0;0;17576,62;-4456,62;0;0;0;0;0;0;0;0;0;0;0;-4456,62;0;0;0;0;0;0;0;0;0;0;0;0;13120;17576,62;-4456,62
1200;SAINT-OUEN-L'AUMONE, UNE VILLE QUI AVANCE;EUR;2024;0;0;0;0;0;0;0;0;0;0;0;0;0;0;0;15;0;15;0;0;0;0;0;0;0;0;0;0;0;0;0;0;0;0;0;0;15;0;15;0;0;0;0;0;0;0;0;0;0;0;0;0;0;0;2913;0;2913;501;0;501;0;0;0;3414;0;3414;0;0;0;3429;0;3429;0;0;0;8204;-4775;0;0;3429;0;0;0;0;0;0;0;0;0;0;0;0;0;0;0;3429;0;0;0;0;0;0;0;0;0;0;0;0;0;0;0;0;0;0;0;0;0;0;0;0;660;2717;1320;108;0;0;0;0;0;0;0;0;117;4922;-4922;0;0;147;0;0;147;0;0;0;0;147;-4775;0;0;0;0;0;0;0;0;0;0;0;0;147;4922;-4775
1201;NANCY 2020;EUR;2024;0;0;0;0;0;0;0;0;0;690;690;0;0;0;0;0;0;0;0;0;0;0;0;0;0;0;0;0;0;0;0;0;0;0;0;0;690;690;0;0;0;0;0;0;0;0;0;0;0;0;0;20746;0;20746;0;0;0;1630;0;1630;0;0;0;22376;0;22376;0;0;0;23066;690;22376;0;0;0;9174;12158;0;0;21332;0;0;0;0;0;0;0;1044;0;0;0;0;0;1044;0;22376;1479;10226;0;0;0;242;0;0;0;0;0;0;0;0;3500;15447;0;0;0;0;0;1559;0;215;166;0;1044;0;0;0;0;0;195;0;0;0;0;3179;12268;0;0;0;0;0;0;0;110;0;110;-110;12158;0;0;0;0;0;0;0;0;0;0;0;0;15447;3289;12158
1203;NOUVELLE AMBITION LISIEUX PAYS D'AUGE;EUR;2024;0;0;0;0;0;0;0;0;0;0;0;0;0;0;0;0;0;0;0;0;0;0;0;0;0;0;0;0;0;0;0;0;0;0;0;0;0;0;0;0;0;0;0;0;0;0;0;0;0;0;0;0;0;0;0;0;0;13395,28;0;13395,28;0;0;0;13395,28;0;13395,28;0;0;0;13395,28;0;13395,28;0;0;0;13655,98;-740,7;0;0;12915,28;0;0;0;0;0;0;0;480;0;0;0;0;0;480;0;13395,28;0;0;0;0;0;0;0;0;0;0;0;0;0;0;0;0;0;0;0;0;0;0;0;0;0;227,7;480;0;33;0;0;0;0;0;0;0;0;740,7;-740,7;0;0;0;0;0;0;0;0;0;0;0;-740,7;0;0;0;0;0;0;0;0;0;0;0;0;0;740,7;-740,7
1204;ROUBAIX AVENIR;EUR;2024;0;0;0;0;0;0;0;0;0;3807,8;2714,51;1093,29;0;0;0;0;0;0;0;0;0;0;0;0;0;0;0;0;0;0;0;0;0;0;0;0;3807,8;2714,51;1093,29;0;0;0;0;0;0;0;0;0;0;0;0;1621,98;0;1621,98;0;0;0;19908,91;0;19908,91;0;0;0;21530,89;0;21530,89;0;0;0;25338,69;2714,51;22624,18;0;0;0;32536,87;-15542,69;0;0;16994,18;0;0;0;0;0;0;0;5630;0;0;0;0;0;5630;0;22624,18;0;0;0;0;0;0;0;0;0;0;0;0;0;0;0;0;0;0;0;0;0;0;0;450;0;8633,15;2920;0;2989,9;0;0;0;549,64;0;0;0;0;15542,69;-15542,69;0;0;0;0;0;0;0;0;0;0;0;-15542,69;0;0;0;0;0;0;0;0;0;0;0;0;0;15542,69;-15542,69
1206;SURESNES AU COEUR;EUR;2024;0;0;0;0;0;0;0;0;0;0;0;0;0;0;0;0;0;0;0;0;0;0;0;0;0;0;0;0;0;0;0;0;0;11250;0;11250;11250;0;11250;0;0;0;0;0;0;0;0;0;0;0;0;0;0;0;0;0;0;5450,93;0;5450,93;0;0;0;5450,93;0;5450,93;0;0;0;16700,93;0;16700,93;0;0;0;-6309,02;13609,95;0;0;7300,93;0;0;0;0;0;0;0;9400;0;0;0;0;0;9400;0;16700,93;0;10600;0;0;0;9550;0;0;0;0;0;0;5420;0;0;25570;0;0;0;0;0;0;0;0;2817,4;0;8345,8;0;796,85;0;0;0;0;0;0;0;0;11960,05;13609,95;0;0;0;0;0;0;0;0;0;0;0;13609,95;0;0;0;0;0;0;0;0;0;0;0;0;25570;11960,05;13609,95
1207;MARSEILLE AVANT TOUT;EUR;2024;0;0;0;0;0;0;0;0;0;0;0;0;0;0;0;0;0;0;0;0;0;0;0;0;0;0;0;0;0;0;0;0;0;0;0;0;0;0;0;0;0;0;0;0;0;0;0;0;0;0;0;0;0;0;0;0;0;1939;0;1939;0;0;0;1939;0;1939;0;0;0;1939;0;1939;0;0;0;-332;-4449;0;0;-4781;0;0;0;0;0;0;0;6720;0;0;0;0;0;6720;0;1939;0;0;0;0;0;0;0;0;0;0;0;0;0;0;0;0;0;0;0;0;0;0;0;0;0;0;3360;0;1089;0;0;0;0;0;0;0;0;4449;-4449;0;0;0;0;0;0;0;0;0;0;0;-4449;0;0;0;0;0;0;0;0;0;0;0;0;0;4449;-4449
1208;BIEN COMMUN POUR GENTILLY;EUR;2024;0;0;0;0;0;0;0;0;0;0;0;0;0;0;0;0;0;0;0;0;0;0;0;0;0;0;0;0;0;0;0;0;0;0;0;0;0;0;0;0;0;0;0;0;0;0;0;0;0;0;0;0;0;0;0;0;0;7630,47;0;7630,47;462,23;0;462,23;8092,7;0;8092,7;0;0;0;8092,7;0;8092,7;3960,77;0;0;0;1575,06;0;0;5535,83;0;0;0;0;0;0;0;2050;0;225,37;0;281,5;0;2556,87;0;8092,7;80;0;0;0;0;3635;0;0;0;0;0;0;0;0;0;3715;0;0;0;0;0;0;0;0;0;281,5;1020;0;838,44;0;0;0;0;0;0;0;0;2139,94;1575,06;0;0;0;0;0;0;0;0;0;0;0;1575,06;0;0;0;0;0;0;0;0;0;0;0;0;3715;2139,94;1575,06
1214;A2M - ASSOCIATION DES AMIS DE LA MAJORITÉ MUNICIPALE, AULNAY RÉSPECTUEUSE, AULNAY GAGNANTE;EUR;2024;0;0;0;0;0;0;0;0;0;0;0;0;0;0;0;0;0;0;0;0;0;0;0;0;0;0;0;0;0;0;0;0;0;0;0;0;0;0;0;0;0;0;0;0;0;0;0;0;0;0;0;266;0;266;0;0;0;15112;0;15112;235;0;235;15613;0;15613;0;0;0;15613;0;15613;6879;0;0;0;3479;0;0;10358;0;0;0;0;0;0;0;5255;0;0;0;0;0;5255;0;15613;10;18268;0;0;0;13871;0;0;8280;0;0;0;0;0;2;40431;0;0;0;0;0;0;0;7844;11040;8642;4854;0;4571;0;0;0;0;0;0;0;0;36952;3479;0;0;0;0;0;0;0;0;0;0;0;3479;0;0;0;0;0;0;0;0;0;0;0;0;40431;36952;3479
1223;AVENIR SAINT JULIEN DEMAIN;EUR;2024;0;0;0;0;0;0;0;0;0;0;0;0;0;0;0;0;0;0;0;0;0;0;0;0;0;0;0;0;0;0;0;0;0;0;0;0;0;0;0;0;0;0;0;0;0;0;0;0;0;0;0;0;0;0;0;0;0;8484;0;8484;0;0;0;8484;0;8484;0;0;0;8484;0;8484;0;0;0;6666;1818;0;0;8484;0;0;0;0;0;0;0;0;0;0;0;0;0;0;0;8484;145;0;0;0;0;2935;0;0;0;0;0;0;0;0;0;3080;0;0;0;0;0;0;0;0;183;732;120;0;213;0;0;0;0;0;0;0;14;1262;1818;0;0;0;0;0;0;0;0;0;0;0;1818;0;0;0;0;0;0;0;0;0;0;0;0;3080;1262;1818
1227;LA COURNEUVE ENSEMBLE !;EUR;2024;0;0;0;0;0;0;0;0;0;0;0;0;0;0;0;0;0;0;0;0;0;0;0;0;0;0;0;0;0;0;0;0;0;0;0;0;0;0;0;0;0;0;0;0;0;0;0;0;0;0;0;0;0;0;0;0;0;73986,45;0;73986,45;0;0;0;73986,45;0;73986,45;0;0;0;73986,45;0;73986,45;68476,75;0;0;0;1285,7;0;0;69762,45;0;0;0;0;0;0;0;4224;0;0;0;0;0;4224;0;73986,45;0;11500;0;0;0;14932;0;0;0;0;0;1983,6;0;0;0;28415,6;0;1983,6;0;0;0;0;0;0;0;4716,5;2280;0;17962,59;0;0;0;0;0;0;0;187,21;27129,9;1285,7;0;0;0;0;0;0;0;0;0;0;0;1285,7;0;0;0;0;0;0;0;0;0;0;0;0;28415,6;27129,9;1285,7
1228;DE L'OXYGÈNE POUR LA RÉPUBLIQUE;EUR;2024;0;0;0;0;0;0;0;0;0;10301;6270;4031;0;0;0;0;0;0;0;0;0;0;0;0;0;0;0;0;0;0;0;0;0;0;0;0;10301;6270;4031;0;0;0;0;0;0;0;0;0;0;0;0;0;0;0;0;0;0;18881;0;18881;0;0;0;18881;0;18881;0;0;0;29182;6270;22912;0;0;0;21040;-947;0;0;20093;0;0;0;0;0;1909;0;686;224;0;0;0;0;2819;0;22912;0;0;0;0;0;16000;0;0;0;0;1680;0;0;0;0;17680;0;0;0;0;0;0;1399;619;5525;4607;300;0;360;0;441;224;5151;0;0;0;1;18627;-947;0;0;0;0;0;0;0;0;0;0;0;-947;0;0;0;0;0;0;0;0;0;0;0;0;17680;18627;-947
1229;CITOYENS ENGAGÉS POUR STRASBOURG;EUR;2024;0;0;0;0;0;0;0;0;0;0;0;0;0;0;0;0;0;0;0;0;0;0;0;0;0;0;0;0;0;0;0;0;0;0;0;0;0;0;0;0;0;0;0;0;0;0;0;0;0;0;0;0;0;0;0;0;0;503;0;503;0;0;0;503;0;503;0;0;0;503;0;503;0;0;0;460;-409;0;0;51;0;0;0;0;0;0;0;100;0;352;0;0;0;452;0;503;235;0;0;0;0;310;0;0;0;0;0;0;0;0;0;545;0;0;0;0;0;0;0;621;0;0;100;0;233;0;0;0;0;0;0;0;0;954;-409;0;0;0;0;0;0;0;0;0;0;0;-409;0;0;0;0;0;0;0;0;0;0;0;0;545;954;-409
1233;FAIRE VILLE ENSEMBLE;EUR;2024;0;0;0;0;0;0;0;0;0;0;0;0;0;0;0;0;0;0;0;0;0;0;0;0;0;0;0;0;0;0;0;0;0;0;0;0;0;0;0;0;0;0;0;0;0;0;0;0;0;0;0;0;0;0;0;0;0;1024,32;0;1024,32;0;0;0;1024,32;0;1024,32;0;0;0;1024,32;0;1024;467;0;0;0;557,2;0;0;1024,2;0;0;0;0;0;0;0;0;0;0;0;0;0;0;0;1024;760;0;0;0;0;0;0;0;0;0;0;0;0;0;0;760;0;0;0;0;0;0;0;202,8;0;0;0;0;0;0;0;0;0;0;0;0;0;202,8;557,2;0;0;0;0;0;0;0;0;0;0;0;557,2;0;0;0;0;0;0;0;0;0;0;0;0;760;202,8;557,2
1236;LES AMIS DE GEOFFROY BOULARD;EUR;2024;0;0;0;0;0;0;0;0;0;0;0;0;0;0;0;0;0;0;0;0;0;57845,45;0;57845,45;0;0;0;0;0;0;0;0;0;0;0;0;57845,45;0;57845,45;0;0;0;0;0;0;0;0;0;0;0;0;9780;0;9780;0;0;0;34921,15;0;34921,15;1622,31;0;1622,31;46323,46;0;46323,46;0;0;0;104168,91;0;104168,91;0;0;0;50894,37;38541,04;0;0;89435,41;0;0;0;0;0;0;0;7618,5;0;0;0;7115;0;14733,5;0;104168,91;12009,92;0;0;0;0;62015;0;0;0;0;0;0;321;0;2,92;74348,84;0;0;0;0;0;0;600;0;0;16130,82;7680;0;7930,28;0;0;0;0;0;0;0;3466,7;35807,8;38541,04;0;0;0;0;0;0;0;0;0;0;0;38541,04;0;0;0;0;0;0;0;0;0;0;0;0;74348,84;35807,8;38541,04
1238;AUTREMENT AVEC CHRISTELLE;EUR;2024;0;0;0;0;0;0;0;0;0;0;0;0;0;0;0;0;0;0;0;0;0;9990;0;9990;0;0;0;0;0;0;0;0;0;15;0;15;10005;0;10005;0;0;0;0;0;0;0;0;0;0;0;0;0;0;0;0;0;0;0;0;40318;0;0;0;0;0;40318;0;0;0;10005;0;50323;0;0;0;36555;12792;0;0;49348;0;0;0;0;0;0;0;840;0;136;0;0;0;976;0;50323;0;0;0;0;0;32810;0;0;0;0;0;0;0;0;0;32810;0;0;0;0;0;0;3090;10800;3324;2640;0;164;0;0;0;0;0;0;0;0;0;20018;12792;0;0;0;0;0;0;0;0;0;0;0;12792;0;0;0;0;0;0;0;0;0;0;0;0;32810;20018;12792
1241;ESPLANADE;EUR;2024;0;0;0;0;0;0;0;0;0;0;0;0;0;0;0;0;0;0;0;0;0;0;0;0;0;0;0;0;0;0;0;0;0;0;0;0;0;0;0;0;0;0;0;0;0;0;0;0;0;0;0;0;0;0;0;0;0;6105;0;6105;0;0;0;6105;0;6105;0;0;0;6105;0;6105;0;0;0;6624;-519;0;0;6105;0;0;0;0;0;0;0;0;0;0;0;0;0;0;0;6105;0;0;0;0;0;0;0;0;0;0;0;0;0;0;0;0;0;0;0;0;0;0;0;0;0;0;300;0;0;0;0;0;0;0;0;0;219;519;-519;0;0;0;0;0;0;0;0;0;0;0;-519;0;0;0;0;0;0;0;0;0;0;0;0;0;519;-519
1243;ASPRES AVENIR;EUR;2024;0;0;0;0;0;0;0;0;0;0;0;0;0;0;0;0;0;0;0;0;0;0;0;0;0;0;0;0;0;0;0;0;0;0;0;0;0;0;0;0;0;0;0;0;0;0;0;0;0;0;0;0;0;0;0;0;0;216;0;216;0;0;0;216;0;216;0;0;0;216;0;216;0;0;0;-513;-91;0;0;-604;0;0;0;0;0;0;0;800;0;0;0;20;0;820;0;216;0;0;0;0;0;800;0;0;0;0;0;0;0;0;0;800;0;0;0;0;0;0;0;0;0;0;791;0;99;0;0;0;0;0;0;0;0;890;-90;0;0;0;0;0;0;0;1;0;1;-1;-91;0;0;0;0;0;0;0;0;0;0;0;0;800;891;-91
1244;LIBERTÉ ÉCOLOGIE FRATERNITÉ;EUR;2024;0;0;0;0;0;0;0;0;0;1337,88;1015,8;322,08;0;0;0;15;0;15;0;0;0;0;0;0;0;0;0;0;0;0;0;0;0;0;0;0;1352,88;1015,8;337,08;0;0;0;0;0;0;0;0;0;0;0;0;2188;0;2188;208040,47;0;208040,47;32642,26;0;32642,26;0;0;0;242870,73;0;242870,73;0;0;0;244223,61;1015,8;243207,81;0;0;0;211398,21;8755,48;0;0;220153,69;0;0;0;0;0;0;0;21111,65;0;0;0;1942,47;0;23054,12;0;243207,81;680;0;0;0;0;0;0;0;37128,4;0;0;0;0;0;0;37808,4;0;0;0;0;0;0;0;0;0;23193,93;8160;0;551,48;0;0;0;399,33;0;0;0;476,65;32781,39;5027,01;0;0;3728,47;0;0;3728,47;0;0;0;0;3728,47;8755,48;0;0;0;0;0;0;0;0;0;0;0;0;41536,87;32781,39;8755,48
1246;ATELIER LIBRE ET RESPONSABLE;EUR;2024;0;0;0;3840;3840;0;0;0;0;0;0;0;0;0;0;0;0;0;0;0;0;0;0;0;0;0;0;0;0;0;0;0;0;169;0;169;4009;3840;169;0;0;0;0;0;0;0;0;0;0;0;0;0;0;0;0;0;0;1111;0;1111;588;0;588;1699;0;1699;0;0;0;5708;3840;1868;0;0;0;1699;-4469;0;0;-2769;0;0;0;0;0;0;0;4637;0;0;0;0;0;4637;0;1868;370;0;0;0;0;2820;0;0;0;0;0;0;0;0;0;3190;0;0;0;0;0;0;0;0;1296;0;4978;0;1338;0;0;0;0;0;0;0;0;7612;-4422;0;0;0;0;0;0;0;0;0;0;0;-4422;0;0;0;0;47;0;0;47;-47;0;0;0;3190;7659;-4469
1248;ÎLE-DE-FRANCE RASSEMBLÉE (IDFR);EUR;2024;0;0;0;0;0;0;0;0;0;19639,6;7964,72;11674,88;0;0;0;0;0;0;0;0;0;0;0;0;0;0;0;0;0;0;0;0;0;0;0;0;19639,6;7964,72;11674,88;0;0;0;0;0;0;0;0;0;0;0;0;0;0;0;0;0;0;70438,11;0;70438,11;1536,5;0;1536,5;71974,61;0;71974,61;0;0;0;91614,21;7964,72;83649,49;0;0;0;35378,94;36810,55;0;0;72189,49;0;0;0;0;0;0;0;11460;0;0;0;0;0;11460;0;83649,49;0;111010;0;0;0;0;0;0;0;0;0;0;0;0;0;111010;0;0;0;0;0;0;0;0;0;14906,47;5940;0;31373,43;0;0;0;4513,46;0;0;0;17466,09;74199,45;36810,55;0;0;0;0;0;0;0;0;0;0;0;36810,55;0;0;0;0;0;0;0;0;0;0;0;0;111010;74199,45;36810,55
1249;LA CÔTE D'OR PASSIONNÉMENT;EUR;2024;0;0;0;0;0;0;0;0;0;0;0;0;0;0;0;0;0;0;0;0;0;0;0;0;0;0;0;0;0;0;0;0;0;0;0;0;0;0;0;0;0;0;0;0;0;0;0;0;0;0;0;0;0;0;0;0;0;0;0;0;0;0;0;0;0;0;0;0;0;0;0;0;0;0;0;0;-3508;0;0;-3508;0;0;0;3508;0;0;0;0;0;0;0;0;0;3508;0;0;0;0;0;0;0;0;0;0;0;0;0;0;0;0;0;0;0;0;0;0;0;0;0;0;0;0;3504;0;0;0;0;0;0;0;0;0;0;3504;-3504;0;0;0;0;0;0;0;4;0;4;-4;-3508;0;0;0;0;0;0;0;0;0;0;0;0;0;3508;-3508
1251;FIERS D'ÊTRE RÉMOIS;EUR;2024;0;0;0;1383,6;1383,6;0;0;0;0;833,9;833,9;0;0;0;0;0;0;0;0;0;0;0;0;0;0;0;0;0;0;0;0;0;0;0;0;0;2217,5;2217,5;0;0;0;0;0;0;0;0;0;0;0;0;0;0;0;0;0;0;0;18145,31;0;18145,31;504,35;0;504,35;18649,66;0;18649,66;0;0;0;20867,16;2217,5;18649,66;0;0;0;25867,19;-8723,42;0;0;17143,77;0;0;0;0;0;0;0;1505,89;0;0;0;0;0;1505,89;0;18649,66;160;370;0;0;0;260;0;0;0;0;0;0;0;0;0;790;0;0;0;0;0;0;6850,08;0;0;0;1500;0;789,64;0;0;0;358,93;0;0;0;14,77;9513,42;-8723,42;0;0;0;0;0;0;0;0;0;0;0;-8723,42;0;0;0;0;0;0;0;0;0;0;0;0;790;9513,42;-8723,42
1252;REZÉ CITOYENNE;EUR;2024;0;0;0;0;0;0;0;0;0;747;167;580;30;0;30;0;0;0;0;0;0;0;0;0;0;0;0;0;0;0;0;0;0;0;0;0;777;167;610;0;0;0;0;0;0;0;0;0;0;0;0;0;0;0;0;0;0;6774;0;6774;0;0;0;6774;0;6774;0;0;0;7551;167;7384;0;0;0;0;-3867;10718;0;6851;0;0;0;533;0;0;0;0;0;0;0;0;0;533;0;7384;2424;0;0;0;0;1790;0;0;0;1577;0;0;0;0;0;5791;0;0;0;0;0;0;8151;0;0;75;750;0;796;0;0;0;91;0;0;0;24;9887;-4096;0;0;229;0;0;229;0;0;0;0;229;-3867;0;0;0;0;0;0;0;0;0;0;0;0;6020;9887;-3867
1254;ASSOCIATION DES AMIS DE LAURENCE TRASTOUR-ISNART - AALTI;EUR;2024;0;0;0;0;0;0;0;0;0;699,99;136,11;563,88;0;0;0;0;0;0;0;0;0;0;0;0;0;0;0;0;0;0;0;0;0;0;0;0;699,99;136,11;563,88;0;0;0;0;0;0;0;0;0;0;0;0;0;0;0;0;0;0;4364,87;0;4364,87;0;0;0;4364,87;0;4364,87;0;0;0;5064,86;136,11;4928,75;0;0;0;4983,24;-654,49;0;0;4328,75;0;0;0;0;0;0;0;600;0;0;0;0;0;600;0;4928,75;1990;0;0;0;0;0;0;0;0;600;0;0;0;0;0;2590;0;0;0;0;0;502,26;0;0;0;1600;600;0;406,12;0;0;0;136,11;0;0;0;0;3244,49;-654,49;0;0;0;0;0;0;0;0;0;0;0;-654,49;0;0;0;0;0;0;0;0;0;0;0;0;2590;3244,49;-654,49
1258;REPRENONS LE CONTRÔLE !;EUR;2024;0;0;0;0;0;0;0;0;0;8798,31;3545,38;5252,93;0;0;0;0;0;0;0;0;0;11000;0;11000;0;0;0;0;0;0;0;0;0;0;0;0;19798,31;3545,38;16252,93;0;0;0;0;0;0;0;0;0;0;0;0;5650;0;5650;0;0;0;29898,51;0;29898,51;0;0;0;35548,51;0;35548,51;0;0;0;55346,82;3545,38;51801,44;0;0;0;46631,6;2229,84;0;0;48861,44;0;0;0;0;0;0;0;2940;0;0;0;0;0;2940;0;51801,44;15075,5;0;0;0;0;13800;0;0;0;0;11860,39;0;3644,71;0;0;44380,6;0;0;0;0;0;272,28;0;2771,14;1506,3;9947,29;3480;0;18581,37;0;0;0;2526,21;0;0;0;3669,92;42754,51;1626,09;0;0;603,75;0;0;603,75;0;0;0;0;603,75;2229,84;0;0;0;0;0;0;0;0;0;0;0;0;44984,35;42754,51;2229,84
1259;ENSEMBLE GUYANE;EUR;2024;0;0;0;0;0;0;0;0;0;0;0;0;0;0;0;0;0;0;0;0;0;0;0;0;0;0;0;0;0;0;0;0;0;0;0;0;0;0;0;0;0;0;0;0;0;0;0;0;0;0;0;0;0;0;0;0;0;0;0;0;0;0;0;0;0;0;0;0;0;0;0;0;0;0;0;-5540;-2500;0;0;-8040;0;0;0;0;0;0;0;8040;0;0;0;0;0;8040;0;0;0;0;0;0;0;0;0;0;0;0;0;0;0;0;0;0;0;0;0;0;0;0;0;0;0;0;2500;0;0;0;0;0;0;0;0;0;0;2500;-2500;0;0;0;0;0;0;0;0;0;0;0;-2500;0;0;0;0;0;0;0;0;0;0;0;0;0;2500;-2500
1261;TERRITOIRES DE PROGRÈS;EUR;2024;0;0;0;0;0;0;0;0;0;0;0;0;0;0;0;30;0;30;0;0;0;25000;0;25000;0;0;0;0;0;0;0;0;0;0;0;0;25030;0;25030;0;0;0;0;0;0;0;0;0;0;0;0;14506;0;14506;0;0;0;41395,83;0;41395,83;0;0;0;55901,83;0;55901,83;0;0;0;80931,83;0;80931,83;0;0;0;64264,04;-1831,31;0;0;62432,73;0;0;0;0;0;0;0;16539,1;0;0;0;1960;0;18499,1;0;80931,83;18510;4490;0;0;0;17435;0;0;0;1940;0;0;0;0;0;42375;0;0;0;0;0;0;14997,7;604;6372,47;6139;12875;0;4164,96;0;0;0;0;0;0;0;0;45153,13;-2778,13;0;0;946,82;0;0;946,82;0;0;0;0;946,82;-1831,31;0;0;0;0;0;0;0;0;0;0;0;0;43321,82;45153,13;-1831,31
1262;CONFLUENCES;EUR;2024;0;0;0;0;0;0;0;0;0;0;0;0;0;0;0;15;0;15;0;0;0;0;0;0;0;0;0;0;0;0;0;0;0;0;0;0;15;0;15;0;0;0;0;0;0;0;0;0;0;0;0;447;0;447;2876;0;2876;785;0;785;0;0;0;4109;0;4109;0;0;0;4124;0;4124;0;0;0;3048;666;0;0;3714;0;0;0;0;0;0;0;410;0;0;0;0;0;410;0;4124;0;0;0;0;0;2640;0;0;0;0;0;0;0;0;0;2640;0;0;0;0;0;49;0;0;0;0;412;0;1572;0;0;0;0;0;0;0;0;2034;606;0;0;59;0;0;59;0;0;0;0;59;666;0;0;0;0;0;0;0;0;0;0;0;0;2699;2034;666
1263;LEVALLOIS AU CUR;EUR;2024;0;0;0;0;0;0;0;0;0;0;0;0;0;0;0;0;0;0;0;0;0;0;0;0;0;0;0;0;0;0;0;0;0;0;0;0;0;0;0;0;0;0;0;0;0;0;0;0;0;0;0;0;0;0;0;0;0;23688;0;23688;0;0;0;23688;0;23688;0;0;0;23688;0;23688;0;0;0;6153;16334;0;0;22488;0;0;0;0;0;0;0;1200;0;0;0;0;0;1200;0;23688;0;10520;0;0;0;7650;0;0;0;0;0;0;0;0;0;18170;0;0;0;0;0;24;0;0;0;329;1200;0;283;0;0;0;0;0;0;0;0;1836;16334;0;0;0;0;0;0;0;0;0;0;0;16334;0;0;0;0;0;0;0;0;0;0;0;0;18170;1836;16334
1265;QUESTEMBERT PARTICIPATIF;EUR;2024;0;0;0;0;0;0;0;0;0;0;0;0;0;0;0;0;0;0;0;0;0;0;0;0;0;0;0;0;0;0;0;0;0;0;0;0;0;0;0;0;0;0;0;0;0;0;0;0;0;0;0;0;0;0;0;0;0;2089,75;0;2089,75;0;0;0;2089,75;0;2089,75;0;0;0;2089,75;0;2089,75;335,71;0;0;0;782,04;0;0;1117,75;0;0;0;0;0;0;0;972;0;0;0;0;0;972;0;2089,75;0;0;0;0;0;2025;0;0;0;0;0;0;0;0;0;2025;0;0;0;0;0;0;0;0;0;0;972;0;270,96;0;0;0;0;0;0;0;0;1242,96;782,04;0;0;0;0;0;0;0;0;0;0;0;782,04;0;0;0;0;0;0;0;0;0;0;0;0;2025;1242,96;782,04
1267;ENSEMBLE SUR NOS TERRITOIRES;EUR;2024;0;0;0;4698;4698;0;0;0;0;550;31,06;518,94;0;0;0;15;0;15;0;0;0;0;0;0;0;0;0;0;0;0;0;0;0;400;0;400;5663;4729,06;933,94;0;0;0;0;0;0;0;0;0;0;0;0;3754,84;0;3754,84;0;0;0;8949,68;0;8949,68;630,5;0;630,5;13335,02;0;13335,02;0;0;0;18998,02;4729,06;14268,96;0;0;0;22660,27;-17525,12;0;0;5135,15;0;0;0;0;0;0;0;4089;5004,81;0;0;40;0;9133,81;0;14268,96;13345;0;0;37119,28;0;40;698,9;0;10986,82;3504,29;0;0;0;0;30,18;65724,47;0;0;0;0;0;0;20751,7;0;8745,69;818,03;3894;0;4967,05;0;29055,64;14982,04;31,06;0;0;0;4,38;83249,59;-17525,12;0;0;0;0;0;0;0;0;0;0;0;-17525,12;0;0;0;0;0;0;0;0;0;0;0;0;65724,47;83249,59;-17525,12
1268;CONFLUENCES 49;EUR;2024;0;0;0;0;0;0;0;0;0;0;0;0;0;0;0;0;0;0;0;0;0;0;0;0;0;0;0;0;0;0;0;0;0;0;0;0;0;0;0;0;0;0;0;0;0;0;0;0;0;0;0;0;0;0;0;0;0;10012,08;0;10012,08;441,17;0;441,17;10453,25;0;10453,25;0;0;0;10453,25;0;10453,25;2603,47;0;0;0;199,79;0;0;2803,26;0;0;0;0;0;0;0;4517;3132,99;0;0;0;0;7649,99;0;10453,25;0;10937,96;0;0;0;0;0;0;16704;0;0;0;0;0;0;27641,96;0;0;0;0;0;0;10986,82;1274,05;0;440,48;3770,6;0;301,23;38,18;7637,76;2993,05;0;0;0;0;0;27442,17;199,79;0;0;0;0;0;0;0;0;0;0;0;199,79;0;0;0;0;0;0;0;0;0;0;0;0;27641,96;27442,17;199,79
1269;LES VOIES CITOYENNES;EUR;2024;0;0;0;0;0;0;0;0;0;0;0;0;0;0;0;0;0;0;0;0;0;0;0;0;0;0;0;0;0;0;0;0;0;0;0;0;0;0;0;0;0;0;0;0;0;0;0;0;0;0;0;0;0;0;0;0;0;2098,42;0;2098,42;0;0;0;2098,42;0;2098,42;0;0;0;2098,42;0;2098,42;0;0;0;930,58;-907,16;0;0;23,42;0;0;0;0;0;0;0;1920;0;0;0;155;0;2075;0;2098,42;345;435;0;0;0;0;0;0;0;0;0;0;0;0;0;780;0;0;0;0;0;0;0;0;0;476;480;0;731,16;0;0;0;0;0;0;0;0;1687,16;-907,16;0;0;0;0;0;0;0;0;0;0;0;-907,16;0;0;0;0;0;0;0;0;0;0;0;0;780;1687,16;-907,16
1270;ASSOCIATION SAINT-CYR AU COEUR;EUR;2024;0;0;0;0;0;0;0;0;0;0;0;0;0;0;0;0;0;0;0;0;0;0;0;0;0;0;0;0;0;0;0;0;0;0;0;0;0;0;0;0;0;0;0;0;0;0;0;0;0;0;0;0;0;0;0;0;0;11215;0;11215;0;0;0;11215;0;11215;0;0;0;11215;0;11215;0;0;0;8261;2065;0;0;10325;0;0;0;0;0;0;0;890;0;0;0;0;0;890;0;11215;110;15142;0;0;0;0;0;0;0;0;0;0;0;0;0;15252;0;0;0;0;0;0;0;0;9600;0;890;0;2697;0;0;0;0;0;0;0;0;13187;2065;0;0;0;0;0;0;0;0;0;0;0;2065;0;0;0;0;0;0;0;0;0;0;0;0;15252;13187;2065
1272;KAIROS-ETXEA;EUR;2024;0;0;0;0;0;0;0;0;0;0;0;0;0;0;0;30;0;30;0;0;0;0;0;0;0;0;0;0;0;0;0;0;0;0;0;0;30;0;30;0;0;0;0;0;0;0;0;0;0;0;0;190;0;190;0;0;0;17048,37;0;17048,37;0;0;0;17238,37;0;17238,37;0;0;0;17268,37;0;17268,37;0;0;0;2321,04;13377,33;0;0;15698,37;0;0;0;0;0;0;0;1570;0;0;0;0;0;1570;0;17268,37;20;0;0;0;0;24305;0;0;0;0;0;0;0;0;0;24325;0;0;0;0;0;29;0;772,92;0;0;2019,6;0;7987,2;0;0;0;0;0;0;0;0;10808,72;13516,28;0;0;36,05;0;0;36,05;0;175;0;175;-138,95;13377,33;0;0;0;0;0;0;0;0;0;0;0;0;24361,05;10983,72;13377,33
1273;CITOYENS!;EUR;2024;0;0;0;0;0;0;0;0;0;0;0;0;0;0;0;0;0;0;0;0;0;0;0;0;0;0;0;0;0;0;0;0;0;0;0;0;0;0;0;0;0;0;0;0;0;0;0;0;0;0;0;0;0;0;0;0;0;4367,16;0;4367,16;0;0;0;4367,16;0;4367,16;0;0;0;4367,16;0;4367,16;0;0;0;4736,59;-2237,43;0;0;2499,16;0;0;0;0;0;0;0;1868;0;0;0;0;0;1868;0;4367,16;100;0;0;0;0;0;0;0;0;0;0;0;0;0;0;100;0;0;0;0;0;0;0;0;0;0;1886,9;0;450,53;0;0;0;0;0;0;0;0;2337,43;-2237,43;0;0;0;0;0;0;0;0;0;0;0;-2237,43;0;0;0;0;0;0;0;0;0;0;0;0;100;2337,43;-2237,43
1274;LES NOUVEAUX DÉMOCRATES;EUR;2024;0;0;0;0;0;0;0;0;0;0;0;0;0;0;0;0;0;0;0;0;0;0;0;0;0;0;0;0;0;0;0;0;0;0;0;0;0;0;0;0;0;0;0;0;0;0;0;0;0;0;0;0;0;0;0;0;0;0;0;0;0;0;0;0;0;0;0;0;0;0;0;0;0;0;0;11082;-11082;0;0;0;0;0;0;0;0;0;0;0;0;0;0;0;0;0;0;0;0;0;0;0;0;1500;0;0;0;0;0;0;0;0;0;1500;0;0;0;0;0;0;0;21;0;0;13139;0;768;0;0;0;92;0;0;0;0;14020;-12520;0;0;0;0;0;0;0;0;0;0;0;-12520;0;1437;0;1437;0;0;0;0;1437;0;0;0;2937;14020;-11082
1276;POUR NOS VALEURS;EUR;2024;0;0;0;0;0;0;0;0;0;0;0;0;0;0;0;0;0;0;0;0;0;0;0;0;0;0;0;0;0;0;0;0;0;0;0;0;0;0;0;0;0;0;0;0;0;0;0;0;0;0;0;0;0;0;0;0;0;1369,46;0;1369,46;15,06;0;15,06;1384,52;0;1384,52;0;0;0;1384,52;0;1384,52;0;0;0;-876,68;998,91;0;0;122,23;0;0;0;2,29;0;0;0;1260;0;0;0;0;0;1262,29;0;1384,52;0;0;0;0;0;1750;0;0;0;0;0;0;0;0;0;1750;0;0;0;0;0;0;0;0;0;0;300;0;330,34;0;0;0;0;0;0;0;120,75;751,09;998,91;0;0;0;0;0;0;0;0;0;0;0;998,91;0;0;0;0;0;0;0;0;0;0;0;0;1750;751,09;998,91
1279;LA DROITE DE PROGRÈS;EUR;2024;0;0;0;8560;7560;1000;0;0;0;1429,98;1429,98;0;0;0;0;0;0;0;0;0;0;0;0;0;0;0;0;28000;0;28000;0;0;0;0;0;0;37989,98;8989,98;29000;0;0;0;0;0;0;0;0;0;0;0;0;1522,88;0;1522,88;0;0;0;28598,02;0;28598,02;0;0;0;30120,9;0;30120,9;0;0;0;68110,88;8989,98;59120,9;0;0;0;46498,87;7199,23;0;0;53698,1;0;0;0;0;0;0;0;5422,8;0;0;0;0;0;5422,8;0;59120,9;0;1100;0;0;0;31155;0;0;0;0;0;0;0;0;0;32255;7236;0;0;0;0;0;0;0;0;3302,39;6600;0;2777,62;0;0;0;2064,91;0;0;0;3074,85;25055,77;7199,23;0;0;0;0;0;0;0;0;0;0;0;7199,23;0;0;0;0;0;0;0;0;0;0;0;0;32255;25055,77;7199,23
1280;BESANÇON MAINTENANT;EUR;2024;0;0;0;0;0;0;0;0;0;1134;426;708;0;0;0;0;0;0;0;0;0;0;0;0;0;0;0;0;0;0;0;0;0;0;0;0;1134;426;708;0;0;0;0;0;0;0;0;0;0;0;0;0;0;0;0;0;0;11069;0;11069;0;0;0;11069;0;11069;0;0;0;12203;426;11777;0;0;0;2702;7048;0;0;9749;0;0;0;0;0;0;0;2028;0;0;0;0;0;2028;0;11777;1900;0;0;0;0;11148;0;0;0;0;0;0;0;0;0;13048;0;0;0;0;0;0;0;690;0;1797;2046;0;1089;0;0;0;378;0;0;0;0;6000;7048;0;0;0;0;0;0;0;0;0;0;0;7048;0;0;0;0;0;0;0;0;0;0;0;0;13048;6000;7048
1281;UNISSONS-NOUS POUR CHEVILLY-LARUE;EUR;2024;0;0;0;0;0;0;0;0;0;0;0;0;0;0;0;0;0;0;0;0;0;0;0;0;0;0;0;0;0;0;0;0;0;0;0;0;0;0;0;0;0;0;0;0;0;0;0;0;0;0;0;0;0;0;0;0;0;9377,08;0;9377,08;0;0;0;9377,08;0;9377,08;0;0;0;9377,08;0;9377,08;9118,43;0;0;0;-1001,35;0;0;8117,08;0;0;0;0;0;0;0;1260;0;0;0;0;0;1260;0;9377,08;570;2990,4;0;0;0;9365;0;0;0;0;0;0;0;0;0;12925,4;0;0;0;0;0;0;742;0;0;4484,36;1260;0;7440,39;0;0;0;0;0;0;0;0;13926,75;-1001,35;0;0;0;0;0;0;0;0;0;0;0;-1001,35;0;0;0;0;0;0;0;0;0;0;0;0;12925,4;13926,75;-1001,35
1283;ASSOCIATION DE SOUTIEN À L'ACTION DE SOPHIE GAUGAIN THINK NORMANDIE;EUR;2024;0;0;0;0;0;0;0;0;0;0;0;0;0;0;0;0;0;0;0;0;0;0;0;0;0;0;0;0;0;0;0;0;0;0;0;0;0;0;0;0;0;0;0;0;0;0;0;0;0;0;0;0;0;0;0;0;0;25192,06;0;25192,06;0;0;0;25192,06;0;25192,06;0;0;0;25192,06;0;25192,06;64,88;0;0;4449,09;19378,09;0;0;23892,06;0;0;0;0;0;0;0;1300;0;0;0;0;0;1300;0;25192,06;1360;0;0;0;0;24110;3388,11;0;0;2600;0;0;0;0;0;31458,11;6000;0;0;0;0;0;4156,2;0;0;0;1320;0;603,82;0;0;0;0;0;0;0;0;12080,02;19378,09;0;0;0;0;0;0;0;0;0;0;0;19378,09;0;0;0;0;0;0;0;0;0;0;0;0;31458,11;12080,02;19378,09
1284;ÎLE-DE-FRANCE EN COMMUN;EUR;2024;0;0;0;0;0;0;0;0;0;0;0;0;0;0;0;0;0;0;0;0;0;0;0;0;0;0;0;0;0;0;0;0;0;0;0;0;0;0;0;0;0;0;0;0;0;0;0;0;0;0;0;0;0;0;0;0;0;3978,45;0;3978,45;0;0;0;3978,45;0;3978,45;0;0;0;3978,45;0;3978,45;0;0;0;-1886,93;-823,25;0;0;-2710,18;0;0;0;0;0;1960,17;402;4326,46;0;0;0;0;0;6688,63;0;3978,45;0;5060;0;0;0;0;0;0;360;0;0;0;0;0;1843,51;7263,51;3027,39;0;0;0;0;0;469,44;0;0;0;2812,14;0;1458,01;0;0;0;0;0;0;0;319,78;8086,76;-823,25;0;0;0;0;0;0;0;0;0;0;0;-823,25;0;0;0;0;0;0;0;0;0;0;0;0;7263,51;8086,76;-823,25
1285;MOUVEMENT CHELLES NOTRE REUSSITE;EUR;2024;0;0;0;0;0;0;0;0;0;2360,68;1663,51;697,17;0;0;0;0;0;0;0;0;0;0;0;0;0;0;0;0;0;0;0;0;0;260;0;260;2620,68;1663,51;957,17;0;0;0;0;0;0;0;0;0;0;0;0;0;0;0;0;0;0;45477,7;0;45477,7;0;0;0;45477,7;0;45477,7;2454;0;2454;50552,38;1663,51;48888,87;0;0;0;39052,99;8251,94;0;0;47304,93;0;0;0;0;0;0;0;1583,94;0;0;0;0;0;1583,94;0;48888,87;2130;31283;0;0;0;2400;0;0;0;3345;0;0;0;0;0;39158;0;0;0;0;0;0;0;8215,59;2370,13;10928,63;1560;0;7046,47;0;0;0;785,24;0;0;0;0;30906,06;8251,94;0;0;0;0;0;0;0;0;0;0;0;8251,94;0;0;0;0;0;0;0;0;0;0;0;0;39158;30906,06;8251,94
1286;PREMIÈRES LIGNES;EUR;2024;0;0;0;0;0;0;0;0;0;0;0;0;0;0;0;0;0;0;0;0;0;0;0;0;0;0;0;0;0;0;0;0;0;0;0;0;0;0;0;0;0;0;0;0;0;0;0;0;0;0;0;0;0;0;0;0;0;192;0;192;0;0;0;192;0;192;0;0;0;192;0;192;0;0;0;-353;-1730;0;0;-2083;0;0;0;0;0;0;0;1990;0;0;0;285;0;2275;0;192;0;0;0;0;0;0;0;0;0;0;0;0;0;0;0;0;0;0;0;0;0;0;0;0;0;0;720;0;1010;0;0;0;0;0;0;0;0;1730;-1730;0;0;0;0;0;0;0;0;0;0;0;-1730;0;229;0;229;0;229;0;229;0;0;0;0;229;1959;-1730
1287;NOUS SOMMES MASSY;EUR;2024;0;0;0;0;0;0;0;0;0;0;0;0;0;0;0;458;0;458;0;0;0;0;0;0;0;0;0;0;0;0;0;0;0;0;0;0;458;0;458;0;0;0;0;0;0;0;0;0;0;0;0;0;0;0;0;0;0;9493;0;9493;3063;0;3063;12556;0;12556;0;0;0;13014;0;13014;8339;0;0;0;2185;0;0;10524;0;0;0;0;0;0;0;2460;0;0;0;30;0;2490;0;13014;530;4920;0;0;0;6196;0;0;0;0;0;0;0;0;15;11661;0;0;0;0;0;0;0;4152;0;1386;910;0;3034;0;0;0;0;0;0;0;0;9482;2179;0;0;6;0;0;6;0;0;0;0;6;2185;0;0;0;0;0;0;0;0;0;0;0;0;11667;9482;2185
1289;EN COMMUN !;EUR;2024;0;0;0;5265;5232,98;32,02;0;0;0;0;0;0;0;0;0;0;0;0;0;0;0;0;0;0;0;0;0;0;0;0;0;0;0;0;0;0;5265;5232,98;32,02;772,26;772,26;0;0;0;0;0;0;0;0;0;0;0;0;0;0;0;0;10879,29;0;10879,29;0;0;0;11651,55;772,26;10879,29;0;0;0;16916,55;6005,24;10911,31;63530,92;0;0;-55155,61;-6138,01;0;0;2237,3;0;0;0;0;0;0;0;8666,56;0;0;0;7,45;0;8674,01;0;10911,31;4675;11775;0;0;0;9810;239,09;0;0;0;0;0;0;0;1476,8;27975,89;8750;0;0;0;0;0;0;0;518,02;638;15952,8;0;6934,26;0;0;0;1320,82;0;0;0;0;34113,9;-6138,01;0;0;0;0;0;0;0;0;0;0;0;-6138,01;0;0;0;0;0;0;0;0;0;0;0;0;27975,89;34113,9;-6138,01
1295;GENERATION SAÔNE-ET-LOIRE;EUR;2024;0;0;0;0;0;0;0;0;0;0;0;0;0;0;0;0;0;0;0;0;0;0;0;0;0;0;0;0;0;0;0;0;0;0;0;0;0;0;0;0;0;0;0;0;0;0;0;0;0;0;0;0;0;0;0;0;0;10462;0;10462;0;0;0;10462;0;10462;0;0;0;10462;0;10462;0;0;0;4724;2285;0;0;7009;0;0;0;0;0;0;0;0;0;0;0;3453;0;3453;0;10462;0;4680;0;0;0;3000;0;0;0;0;0;0;0;0;0;7680;0;0;0;0;0;0;0;0;0;1606;617;0;2886;0;0;0;0;0;0;0;285;5395;2285;0;0;0;0;0;0;0;0;0;0;0;2285;0;0;0;0;0;0;0;0;0;0;0;0;7680;5395;2285
1296;MOUVEMENT ANSANM;EUR;2024;0;0;0;0;0;0;0;0;0;0;0;0;0;0;0;0;0;0;0;0;0;0;0;0;0;0;0;0;0;0;0;0;0;0;0;0;0;0;0;0;0;0;0;0;0;0;0;0;0;0;0;0;0;0;0;0;0;23337,94;0;23337,94;0;0;0;23337,94;0;23337,94;0;0;0;23337,94;0;23337,94;0;0;0;-37051,71;21275,3;0;0;-15776,41;0;0;0;0;0;0;0;39114,35;0;0;0;0;0;39114,35;0;23337,94;0;0;0;0;0;20500;0;0;0;0;0;0;0;0;8000;28500;0;0;0;0;0;0;0;0;0;100;6385,5;0;739,2;0;0;0;0;0;0;0;0;7224,7;21275,3;0;0;0;0;0;0;0;0;0;0;0;21275,3;0;0;0;0;0;0;0;0;0;0;0;0;28500;7224,7;21275,3
1297;FÉDÉRATION ÉCOLOGISTE ET SOLIDAIRE;EUR;2024;0;0;0;0;0;0;0;0;0;0;0;0;0;0;0;0;0;0;0;0;0;0;0;0;0;0;0;0;0;0;0;0;0;0;0;0;0;0;0;0;0;0;0;0;0;0;0;0;0;0;0;5171;0;5171;153;0;153;11231;0;11231;0;0;0;16554;0;16554;0;0;0;16554;0;16554;0;0;0;14922;540;0;0;15462;0;0;0;0;0;0;0;720;373;0;0;0;0;1093;0;16554;0;0;0;0;0;1750;0;0;0;0;0;0;0;0;0;1750;0;0;0;0;0;0;0;0;0;0;720;0;494;0;0;0;0;0;0;0;0;1214;537;0;3;0;0;0;3;0;0;0;0;3;540;0;0;0;0;0;0;0;0;0;0;0;0;1753;1214;540
1298;L'ACACIA;EUR;2024;0;0;0;0;0;0;0;0;0;0;0;0;0;0;0;0;0;0;0;0;0;0;0;0;0;0;0;0;0;0;0;0;0;0;0;0;0;0;0;0;0;0;0;0;0;0;0;0;0;0;0;75;0;75;0;0;0;27729;0;27729;0;0;0;27804;0;27804;0;0;0;27804;0;27804;0;0;0;20068;5936;0;0;26004;0;0;0;0;0;0;0;1800;0;0;0;0;0;1800;0;27804;0;7250;0;0;0;950;0;0;0;0;0;0;0;0;0;8200;0;0;0;0;0;0;0;0;0;0;1800;0;440;0;0;0;0;0;0;0;24;2264;5936;0;0;0;0;0;0;0;0;0;0;0;5936;0;0;0;0;0;0;0;0;0;0;0;0;8200;2264;5936
1299;UNION DES RÉPUBLICAINS DE PROVENCE;EUR;2024;0;0;0;0;0;0;0;0;0;0;0;0;0;0;0;0;0;0;0;0;0;0;0;0;0;0;0;0;0;0;0;0;0;0;0;0;0;0;0;0;0;0;0;0;0;0;0;0;0;0;0;0;0;0;0;0;0;7168,95;0;7168,95;0;0;0;7168,95;0;7168,95;0;0;0;7168,95;0;7168,95;0;0;0;6233,27;-2163,77;0;0;4069,5;0;0;0;0;0;0;0;2916;0;0;0;183,45;0;3099,45;0;7168,95;0;0;0;0;0;22700;0;0;0;0;0;0;0;0;0;22700;0;0;0;0;0;0;0;0;0;21384,46;2916;0;563,31;0;0;0;0;0;0;0;0;24863,77;-2163,77;0;0;0;0;0;0;0;0;0;0;0;-2163,77;0;0;0;0;0;0;0;0;0;0;0;0;22700;24863,77;-2163,77
1300;DYNAMIQUE;EUR;2024;0;0;0;0;0;0;0;0;0;799;36;763;0;0;0;0;0;0;0;0;0;0;0;0;0;0;0;0;0;0;0;0;0;0;0;0;799;36;763;0;0;0;0;0;0;0;0;0;0;0;0;3650;0;3650;0;0;0;3774;0;3774;0;0;0;7424;0;7424;0;0;0;8223;36;8187;0;0;0;4060;2941;0;0;7002;0;0;0;0;0;0;0;960;0;0;0;225;0;1185;0;8187;0;0;0;0;0;10060;0;0;0;0;0;504;0;0;0;10564;0;504;0;0;0;0;0;0;0;2199;1020;0;3863;0;0;0;36;0;0;0;0;7623;2941;0;0;0;0;0;0;0;0;0;0;0;2941;0;0;0;0;0;0;0;0;0;0;0;0;10564;7623;2941
1301;LE HAVRE !;EUR;2024;0;0;0;0;0;0;0;0;0;0;0;0;0;0;0;158;0;158;0;0;0;0;0;0;0;0;0;0;0;0;0;0;0;0;0;0;158;0;158;0;0;0;0;0;0;0;0;0;0;0;0;0;0;0;0;0;0;37282;0;37282;263;0;263;37545;0;37545;0;0;0;37703;0;37703;0;0;0;46783;-14000;0;0;32783;0;0;0;0;0;0;0;4920;0;0;0;0;0;4920;0;37703;0;4036;0;0;0;8410;0;0;35263;0;0;0;0;0;0;47709;0;0;0;0;0;0;21697;0;0;37721;1920;0;376;0;0;0;0;0;0;0;0;61714;-14005;0;0;5;0;0;5;0;0;0;0;5;-14000;0;0;0;0;0;0;0;0;0;0;0;0;47714;61714;-14000
1304;L'AVENIR FRANÇAIS !;EUR;2024;0;0;0;0;0;0;0;0;0;0;0;0;0;0;0;0;0;0;0;0;0;600;0;600;0;0;0;0;0;0;0;0;0;0;0;0;600;0;600;0;0;0;0;0;0;0;0;0;0;0;0;0;0;0;0;0;0;27470;0;27470;0;0;0;27470;0;27470;0;0;0;28070;0;28070;0;0;0;16482;4508;0;0;20990;0;0;0;0;0;0;0;7080;0;0;0;0;0;7080;0;28070;610;27622;0;0;0;0;5295;0;0;0;1223;0;0;0;4011;38761;3904;0;0;0;0;977;0;13367;568;3472;3600;0;8365;0;0;0;0;0;0;0;0;34253;4508;0;0;0;0;0;0;0;0;0;0;0;4508;0;0;0;0;0;0;0;0;0;0;0;0;38761;34253;4508
1305;CAPBRETON NOUVEAU CAP;EUR;2024;0;0;0;0;0;0;0;0;0;0;0;0;0;0;0;0;0;0;0;0;0;0;0;0;0;0;0;0;0;0;0;0;0;0;0;0;0;0;0;0;0;0;0;0;0;0;0;0;0;0;0;0;0;0;0;0;0;1032;0;1032;0;0;0;1032;0;1032;0;0;0;1032;0;1032;348;0;0;0;220;0;0;568;0;0;0;0;0;0;0;0;0;0;0;464;0;464;0;1032;380;0;0;0;0;320;0;0;0;0;0;0;0;0;0;700;0;0;0;0;0;0;0;0;480;0;0;0;0;0;0;0;0;0;0;0;0;480;220;0;0;0;0;0;0;0;0;0;0;0;220;0;0;0;0;0;0;0;0;0;0;0;0;700;480;220
1306;COLLECTIF BORDEAUX EN LUTTES;EUR;2024;0;0;0;270;0;270;0;0;0;0;0;0;0;0;0;0;0;0;0;0;0;0;0;0;0;0;0;0;0;0;0;0;0;0;0;0;270;0;270;779;0;779;0;0;0;0;0;0;0;0;0;2284;0;2284;44;0;44;496;0;496;154;0;154;3757;0;3757;0;0;0;4027;0;4027;0;0;0;-23;1166;0;0;1143;0;0;0;0;1650;30;0;934;0;0;0;270;0;2884;0;4027;1977;0;0;0;0;3760;0;0;0;0;0;0;0;0;0;5737;0;0;0;0;0;0;0;0;0;0;780;0;1091;0;0;0;0;0;0;0;0;1871;3866;0;0;0;0;0;0;0;0;0;0;0;3866;0;0;2800;2800;5500;0;0;5500;-2700;0;0;0;8537;7371;1166
1307;RECONQUÊTE !;EUR;2024;0;0;0;1818,38;1818,38;0;11365,68;231,52;11134,16;18308,55;15357,54;2951,01;0;0;0;0;0;0;0;0;0;116098,61;30000;86098,61;0;0;0;0;0;0;0;0;0;48770,83;0;48770,83;196362,05;47407,44;148954,61;0;0;0;14222,89;0;14222,89;0;0;0;0;0;0;201083,67;0;201083,67;1520712,33;0;1520712,33;4637970,99;0;4637970,99;0;0;0;6373989,88;0;6373989,88;0;0;0;6570351,93;47407,44;6522944,49;0;0;0;5676692,77;-740765,96;0;0;4935926,81;200000;0;200000;0;0;544430,64;0;685209,14;157377,9;0;0;0;0;1387017,68;0;6522944,49;1770733,5;0;1522202,08;37119,28;0;1398497,32;722,97;0;0;80771,5;636007,63;2211,71;19184,09;0;707,71;5468157,79;3721,25;0;20000;0;0;5506,8;199955,85;0;502963,04;414520,63;635135,36;0;1743625,8;658826,62;1367557,93;527046,9;21796,26;0;0;0;327,61;6100984,05;-632826,26;0;0;83944,08;0;0;83944,08;0;56844,13;0;56844,13;27099,95;-605726,31;0;0;0;0;32126;2913,65;100000;135039,65;-135039,65;0;0;0;5552101,87;6292867,83;-740765,96
1308;FAIRE RESPIRER;EUR;2024;0;0;0;0;0;0;0;0;0;0;0;0;0;0;0;0;0;0;0;0;0;0;0;0;0;0;0;0;0;0;0;0;0;0;0;0;0;0;0;0;0;0;0;0;0;0;0;0;0;0;0;2075;0;2075;0;0;0;10898,5;0;10898,5;0;0;0;12973,5;0;12973,5;0;0;0;12973,5;0;12973,5;0;0;0;8048,35;1836,84;0;0;9885,19;0;0;0;0;0;0;0;2880;0;0;0;208,31;0;3088,31;0;12973,5;20;3014;0;0;0;19872;0;0;0;0;0;0;3537;0;0;26443;0;0;0;0;0;0;0;671,43;425,79;3696,96;13265;0;6546,98;0;0;0;0;0;0;0;0;24606,16;1836,84;0;0;0;0;0;0;0;0;0;0;0;1836,84;0;0;0;0;0;0;0;0;0;0;0;0;26443;24606,16;1836,84
1309;UNION ROSNÉENNE DACTION MUNICIPALE;EUR;2024;0;0;0;270;0;270;0;0;0;0;0;0;0;0;0;0;0;0;0;0;0;0;0;0;0;0;0;0;0;0;0;0;0;0;0;0;270;0;270;779;0;779;0;0;0;0;0;0;0;0;0;2284;0;2284;44;0;44;496;0;496;154;0;154;3757;0;3757;0;0;0;4027;0;4027;0;0;0;-23;1166;0;0;1143;0;0;0;0;1650;30;0;934;0;0;0;270;0;2884;0;4027;1977;0;0;0;0;3760;0;0;0;0;0;0;0;0;0;5737;0;0;0;0;0;0;0;0;0;0;780;0;1091;0;0;0;0;0;0;0;0;1871;3866;0;0;0;0;0;0;0;0;0;0;0;3866;0;0;2800;2800;5500;0;0;5500;-2700;0;0;0;8537;7371;1166
1310;FAISONS WASQUEHAL ENSEMBLE;EUR;2024;0;0;0;0;0;0;0;0;0;0;0;0;0;0;0;0;0;0;0;0;0;0;0;0;0;0;0;0;0;0;0;0;0;0;0;0;0;0;0;0;0;0;0;0;0;0;0;0;0;0;0;0;0;0;0;0;0;2719,31;0;2719,31;0;0;0;2719,31;0;2719,31;0;0;0;2719,31;0;2719,31;0;0;0;1231,27;-557,66;0;0;673,61;0;0;0;0;0;0;0;2045,7;0;0;0;0;0;2045,7;0;2719,31;6;1;0;0;0;2460;0;0;0;0;0;0;0;0;0;2467;0;0;0;0;0;0;0;1127,52;105,5;318,14;1020;0;434,8;0;0;0;0;0;0;0;18,7;3024,66;-557,66;0;0;0;0;0;0;0;0;0;0;0;-557,66;0;0;0;0;0;0;0;0;0;0;0;0;2467;3024,66;-557,66
1311;VIVRE ISSY PLEINEMENT;EUR;2024;0;0;0;0;0;0;0;0;0;0;0;0;0;0;0;0;0;0;0;0;0;0;0;0;0;0;0;0;0;0;0;0;0;0;0;0;0;0;0;0;0;0;0;0;0;0;0;0;0;0;0;0;0;0;0;0;0;6103,33;0;6103,33;0;0;0;6103,33;0;6103,33;0;0;0;6103,33;0;6103,33;0;0;0;2072,44;2430,89;0;0;4503,33;0;0;0;0;0;0;0;600;0;0;0;1000;0;1600;0;6103,33;349,12;2176,84;0;0;0;1099,12;0;0;0;0;0;0;0;0;0;3625,08;0;0;0;0;0;0;0;0;0;0;1080;0;114,19;0;0;0;0;0;0;0;0;1194,19;2430,89;0;0;0;0;0;0;0;0;0;0;0;2430,89;0;0;0;0;0;0;0;0;0;0;0;0;3625,08;1194,19;2430,89
1312;RÉUSSIR ENSEMBLE CHILLY MAZARIN;EUR;2024;0;0;0;0;0;0;0;0;0;0;0;0;0;0;0;0;0;0;0;0;0;0;0;0;0;0;0;0;0;0;0;0;0;0;0;0;0;0;0;0;0;0;0;0;0;0;0;0;0;0;0;0;0;0;0;0;0;58591,21;0;58591,21;0;0;0;58591,21;0;58591,21;0;0;0;58591,21;0;58591,21;46136,37;0;0;0;9762,04;0;0;55898,41;0;0;0;0;0;0;0;2640;0;0;0;52,8;0;2692,8;0;58591,21;540;19540,8;0;0;0;1584;0;0;0;0;0;0;0;0;0;21664,8;0;0;0;0;0;0;0;0;8340;122,49;1380;0;3316,77;0;0;0;0;0;0;0;0;13159,26;8505,54;0;0;1256,5;0;0;1256,5;0;0;0;0;1256,5;9762,04;0;0;0;0;0;0;0;0;0;0;0;0;22921,3;13159,26;9762,04
1316;SoCARRIÈRES;EUR;2024;0;0;0;0;0;0;0;0;0;0;0;0;0;0;0;0;0;0;0;0;0;0;0;0;0;0;0;0;0;0;0;0;0;0;0;0;0;0;0;0;0;0;0;0;0;0;0;0;0;0;0;0;0;0;0;0;0;1993;0;1993;226;0;226;2219;0;2219;0;0;0;2219;0;2219;0;0;0;368;-1090;0;0;-723;0;0;0;0;0;0;0;2847;0;0;0;0;95;2942;0;2219;600;0;0;0;0;3030;0;0;0;0;0;0;0;0;0;3630;0;0;0;0;0;477;0;1433;250;0;2156;0;405;0;0;0;0;0;0;0;0;4720;-1090;0;0;0;0;0;0;0;0;0;0;0;-1090;0;0;0;0;0;0;;0;0;0;0;0;3630;4720;-1090
1318;DU COURAGE !;EUR;2024;0;0;0;0;0;0;0;0;0;1049;532,27;516,73;0;0;0;0;0;0;0;0;0;5000;0;5000;0;0;0;0;0;0;0;0;0;0;0;0;6049;532,27;5516,73;0;0;0;0;0;0;0;0;0;0;0;0;0;0;0;0;0;0;11267,39;0;11267,39;0;0;0;11267,39;0;11267,39;0;0;0;17316,39;532,27;16784,12;0;0;0;15271,69;-3134,17;0;0;12137,52;0;0;0;0;0;0;0;4459,9;0;0;0;186,7;0;4646,6;0;16784,12;0;0;0;0;0;10883;0;0;0;0;97,68;0;0;0;0;10980,68;0;0;0;0;0;0;0;0;0;3465,75;4200;0;1197,58;0;0;0;349,67;0;0;0;4901,85;14114,85;-3134,17;0;0;0;0;0;0;0;0;0;0;0;-3134,17;0;0;0;0;0;0;0;0;0;0;0;0;10980,68;14114,85;-3134,17
1319;J'AIME CHÂTILLON;EUR;2024;0;0;0;0;0;0;0;0;0;0;0;0;152,5;0;152,5;0;0;0;0;0;0;0;0;0;0;0;0;0;0;0;0;0;0;0;0;0;152,5;0;152,5;0;0;0;0;0;0;0;0;0;0;0;0;0;0;0;0;0;0;26486,55;0;26486,55;0;0;0;26486,55;0;26486,55;0;0;0;26639,05;0;26639,05;21102,82;0;0;0;3292,23;0;0;24395,05;0;0;0;0;0;0;0;2244;0;0;0;0;0;2244;0;26639,05;0;11995;0;0;0;0;0;0;1000;0;0;0;0;0;0;12995;0;0;0;0;0;0;0;0;526,87;3339,59;1524;0;4315,36;0;0;0;0;0;0;0;0;9705,82;3289,18;3,05;0;0;0;0;3,05;0;0;0;0;3,05;3292,23;0;0;0;0;0;0;0;0;0;0;0;0;12998,05;9705,82;3292,23
1322;TERRES D'ÉCHANGES;EUR;2024;0;0;0;0;0;0;0;0;0;3170,94;2830,71;340,23;0;0;0;0;0;0;0;0;0;0;0;0;0;0;0;0;0;0;0;0;0;0;0;0;3170,94;2830,71;340,23;0;0;0;0;0;0;0;0;0;0;0;0;0;0;0;0;0;0;21382,21;0;21382,21;0;0;0;21382,21;0;21382,21;0;0;0;24553,15;2830,71;21722,44;0;0;0;21240,63;481,81;0;0;21722,44;0;0;0;0;0;0;0;0;0;0;0;0;0;0;0;21722,44;0;0;0;0;0;2400;0;0;0;0;0;0;0;0;0;2400;0;0;0;0;0;0;0;0;0;0;1212;0;72;0;0;0;634,19;0;0;0;0;1918,19;481,81;0;0;0;0;0;0;0;0;0;0;0;481,81;0;0;0;0;0;0;0;0;0;0;0;0;2400;1918,19;481,81
1323;VICTOIRES POPULAIRES;EUR;2024;0;0;0;0;0;0;0;0;0;1045;685,98;359,02;0;0;0;0;0;0;0;0;0;0;0;0;0;0;0;0;0;0;0;0;0;0;0;0;1045;685,98;359,02;23989;23989;0;0;0;0;-127,64;0;-127,64;0;0;0;5136,89;0;5136,89;0;0;0;106716,13;0;106716,13;5229,52;0;5229,52;140943,9;23989;116954,9;0;0;0;141988,9;24674,98;117313,92;0;0;0;6764,44;68548,35;0;0;75312,79;0;0;0;0;0;0;0;40770,34;0;0;0;1230,79;0;42001,13;0;117313,92;0;0;0;0;0;331125,26;0;0;0;0;0;64255,11;31242,05;0;7995,19;434617,61;0;64255,11;0;0;0;22011;34748,32;0;123294,82;10177,53;11693,79;0;75182,95;151,13;0;0;209;23989;0;0;128,45;365841,1;68776,51;0;0;18,7;0;0;18,7;0;246,86;0;246,86;-228,16;68548,35;0;0;0;0;0;0;0;0;0;0;0;0;434636,31;366087,96;68548,35
1324;ASSOCIATION DES AMIS DE FRÉDÉRIC MASQUELIER (AAFM);EUR;2024;0;0;0;0;0;0;0;0;0;0;0;0;0;0;0;0;0;0;0;0;0;0;0;0;0;0;0;0;0;0;0;0;0;0;0;0;0;0;0;0;0;0;0;0;0;0;0;0;0;0;0;0;0;0;0;0;0;3442,05;0;3442,05;0;0;0;3442,05;0;3442,05;0;0;0;3442,05;0;3442,05;0;0;0;883,1;38,95;0;0;922,05;0;0;0;0;0;0;0;2520;0;0;0;0;0;2520;0;3442,05;0;8760;0;0;0;0;0;0;0;0;0;0;0;0;14200;22960;0;0;0;0;0;0;0;0;18000;0;2400;0;1923,06;0;0;0;0;0;0;0;0;22323,06;636,94;0;0;0;0;0;0;0;597,99;0;597,99;-597,99;38,95;0;0;0;0;0;0;0;0;0;0;0;0;22960;22921,05;38,95
1326;ENSEMBLE POUR LES LIBERTÉS (EPL);EUR;2024;0;0;0;2700;2700;0;0;0;0;1819;1760;59;0;0;0;0;0;0;0;0;0;0;0;0;0;0;0;0;0;0;15000;0;15000;0;0;0;19519;4460;15059;0;0;0;0;0;0;0;0;0;0;0;0;1046;0;494;0;0;0;88576;0;61834;0;0;0;89622;0;62328;0;0;0;109141;4460;77387;93123;0;0;0;-16135;0;0;76988;0;0;0;0;0;0;0;291;0;0;0;108;0;399;0;77387;30054;305;0;0;0;10680;0;0;13382;0;0;0;0;0;0;54421;0;0;0;0;0;0;12541;0;8103;13150;22858;0;13310;0;0;0;594;0;0;0;0;70556;-16135;0;0;0;0;0;0;0;0;0;0;0;-16135;0;0;0;0;0;0;0;0;0;0;0;0;54421;70556;-16135
1327;LE COLYLAB;EUR;2024;0;0;0;0;0;0;0;0;0;0;0;0;32;0;32;0;0;0;0;0;0;0;0;0;0;0;0;0;0;0;0;0;0;0;0;0;32;0;32;0;0;0;0;0;0;0;0;0;0;0;0;0;0;0;0;0;0;6003;0;6003;0;0;0;6003;0;6003;0;0;0;6035;0;6035;0;0;0;-3518;2802;3600;0;2885;0;0;0;0;0;0;0;2400;0;0;0;0;750;3150;0;6035;60;0;0;0;0;7100;0;0;0;0;0;0;0;0;0;7160;0;0;0;0;0;0;0;0;0;2881;1000;0;292;0;0;0;0;0;0;0;185;4358;2802;0;0;0;0;0;0;0;0;0;0;0;2802;0;0;0;0;0;0;0;0;0;0;0;0;7160;4358;2802
1328;CONSTRUIRE DEMAIN !;EUR;2024;0;0;0;0;0;0;0;0;0;0;0;0;0;0;0;0;0;0;0;0;0;0;0;0;0;0;0;0;0;0;0;0;0;0;0;0;0;0;0;0;0;0;0;0;0;0;0;0;0;0;0;0;0;0;0;0;0;0;0;0;0;0;0;0;0;0;0;0;0;0;0;0;0;0;0;632,15;-632,15;0;0;0;0;0;0;0;0;0;0;0;0;0;0;0;0;0;0;0;0;0;0;0;0;0;0;0;0;0;0;0;0;0;0;0;0;0;0;0;0;0;0;0;0;0;444;0;0;0;0;0;0;0;0;0;0;444;-444;0;6,1;0;0;0;6,1;0;194,25;0;194,25;-188,15;-362,15;0;0;0;0;0;0;0;0;0;0;0;0;6,1;638,25;-632,15
1329;VENDÉCOLOGIE;EUR;2024;0;0;0;0;0;0;0;0;0;0;0;0;0;0;0;0;0;0;0;0;0;0;0;0;0;0;0;0;0;0;0;0;0;0;0;0;0;0;0;0;0;0;0;0;0;0;0;0;0;0;0;0;0;0;0;0;0;18864;0;18864;0;0;0;18864;0;18864;0;0;0;18864;0;18864;8547;0;0;0;10317;;0;18864;0;0;0;0;0;0;0;0;0;0;0;0;0;0;0;18864;0;0;0;0;0;0;0;0;11388;0;0;0;0;0;102;11490;0;0;0;0;0;0;0;0;0;0;1045;0;129;0;0;0;0;0;0;0;0;1174;10317;0;0;0;0;0;0;0;0;0;0;0;10317;0;0;0;0;0;0;0;0;0;0;0;0;11490;1174;10317
1330;ÉQUINOXE;EUR;2024;0;0;0;0;0;0;0;0;0;1007;442;565;28;0;28;0;0;0;0;0;0;0;0;0;0;0;0;0;0;0;0;0;0;0;0;0;1035;442;593;0;0;0;0;0;0;0;0;0;0;0;0;0;0;0;0;0;0;17093;0;17093;0;0;0;17093;0;17093;0;0;0;18128;442;17686;14749;0;0;0;2936;0;0;17686;0;0;0;0;0;0;0;0;0;0;0;0;0;0;0;17686;0;0;0;0;0;169689;619;0;1506;1272;0;28372;0;0;1107;202565;59433;28372;0;0;0;0;17852;55293;1574;6960;11999;1872;9153;0;6882;0;240;0;0;0;0;199629;2936;1;0;0;0;0;1;0;0;0;0;1;2936;0;0;0;0;0;0;0;0;0;0;0;0;202566;199629;2936
1331;GRENOBLE LE CHANGEMENT;EUR;2024;0;0;0;0;0;0;0;0;0;0;0;0;0;0;0;0;0;0;0;0;0;0;0;0;0;0;0;0;0;0;0;0;0;0;0;0;0;0;0;0;0;0;0;0;0;1600;0;1600;0;0;0;0;0;0;0;0;0;12020;0;12020;0;0;0;13620;0;13620;0;0;0;13620;0;13620;0;0;0;6747;5913;0;0;12660;0;0;0;0;0;0;0;960;0;0;0;0;0;960;0;13620;0;0;0;0;0;16610;13;0;0;0;0;0;0;0;0;16623;0;0;0;0;0;0;0;3080;350;3780;3495;0;5;0;0;0;0;0;0;0;0;10710;5913;0;0;0;0;0;0;0;0;0;0;0;5913;0;0;0;0;0;0;0;0;0;0;0;0;16623;10710;5913
1332;MOUVEMENT DES CITOYENS FRANCAIS DE NOUVELLE CALEDONIE;EUR;2024;0;0;0;0;0;0;0;0;0;0;0;0;0;0;0;0;0;0;0;0;0;0;0;0;0;0;0;0;0;0;0;0;0;0;0;0;0;0;0;0;0;0;0;0;0;0;0;0;0;0;0;0;0;0;0;0;0;61;0;61;0;0;0;61;0;61;0;0;0;61;0;61;0;0;0;666;-828;0;0;-162;0;0;0;0;0;0;0;222;0;0;0;0;0;222;0;61;595;0;1040;0;0;126;0;0;0;0;0;0;0;0;78;1839;2137;0;0;0;0;0;0;0;0;0;222;0;308;0;0;0;0;0;0;0;0;2667;-828;0;0;0;0;0;0;0;0;0;0;0;-828;0;0;0;0;0;0;0;0;0;0;0;0;1839;2667;-828
1336;RÉPUBLIQUE SOUVERAINE;EUR;2024;0;0;0;650;0;650;0;0;0;0;0;0;0;0;0;0;0;0;0;0;0;0;0;0;0;0;0;0;0;0;0;0;0;0;0;0;650;0;650;0;0;0;0;0;0;0;0;0;0;0;0;728,07;0;728,07;0;0;0;3515,42;0;3515,42;0;0;0;4243,49;0;4243,49;0;0;0;4893,49;0;4893,49;0;0;0;-2430,74;1445,81;0;0;-984,93;0;0;0;0;0;0;0;5600;0;278,42;0;0;0;5878,42;0;4893,49;12626;0;0;0;0;5036;0;0;0;35;0;0;0;0;46,6;17743,6;0;0;0;0;0;0;73;0;2712,07;247,96;5897,4;0;7265,36;0;0;0;0;0;0;0;102;16297,79;1445,81;0;0;0;0;0;0;0;0;0;0;0;1445,81;0;0;0;0;0;0;0;0;0;0;0;0;17743,6;16297,79;1445,81
1340;EAJ-PNB-K AURKEZTU HAUTAGAIEN DIRUZTATZE ELKARTEA;EUR;2024;0;0;0;0;0;0;0;0;0;0;0;0;15;0;15;0;0;0;0;0;0;0;0;0;0;0;0;0;0;0;0;0;0;0;0;0;15;0;15;0;0;0;0;0;0;0;0;0;0;0;0;0;0;0;0;0;0;683,71;0;683,71;0;0;0;683,71;0;683,71;0;0;0;698,71;0;698,71;0;0;0;3622,03;-4078,32;0;0;-456,29;0;0;0;0;0;0;0;1140;0;0;0;0;0;1140;15;698,71;0;0;0;0;0;18880;784,9;0;0;0;0;0;0;0;0;19664,9;12323;2392,06;0;0;0;0;0;0;0;0;1200;0;7828,16;0;0;0;0;0;0;0;0;23743,22;-4078,32;0;0;0;0;0;0;0;0;0;0;0;-4078,32;0;0;0;0;0;0;0;0;0;0;0;0;19664,9;23743,22;-4078,32
1341;MOUVEMENT POLITIQUE FORCES TERRITOIRES;EUR;2024;0;0;0;0;0;0;0;0;0;0;0;0;0;0;0;0;0;0;0;0;0;0;0;0;0;0;0;0;0;0;0;0;0;0;0;0;0;0;0;0;0;0;0;0;0;0;0;0;0;0;0;0;0;0;0;0;0;760;0;760;0;0;0;760;0;760;0;0;0;760;0;760;0;0;0;638;-78;0;0;560;0;0;0;0;0;0;0;200;0;0;0;0;0;200;0;760;1910;0;0;0;0;0;0;0;0;0;0;0;0;0;0;1910;0;0;0;0;0;0;0;0;0;1540;200;0;280;0;0;0;0;0;0;0;0;2020;-110;0;0;0;0;0;0;0;0;0;0;0;-110;32;0;0;32;0;0;0;0;32;0;0;0;1942;2020;-78
1343;PARTI ENSEMB'PLUS SOLIDAIRES;EUR;2024;0;0;0;0;0;0;0;0;0;0;0;0;0;0;0;0;0;0;0;0;0;0;0;0;0;0;0;0;0;0;0;0;0;0;0;0;0;0;0;0;0;0;0;0;0;0;0;0;0;0;0;0;0;0;0;0;0;3082;0;3082;0;0;0;3082;0;3082;0;0;0;3082;0;3082;0;0;0;1047;-3390;0;0;-2343;0;0;0;0;0;0;0;5425;0;0;0;0;0;5425;0;3082;1975;0;0;0;0;9055;0;0;0;0;0;0;0;0;0;11030;0;0;0;0;0;0;0;0;610;900;5425;0;7485;0;0;0;0;0;0;0;0;14420;-3390;0;0;0;0;0;0;0;0;0;0;0;-3390;0;0;0;0;0;0;0;0;0;0;0;0;11030;14420;-3390
1344;HORIZONS;EUR;2024;0;0;0;132544;77451;55093;0;0;0;32071;23150;8921;0;0;0;0;0;0;300000;0;300000;100500;0;100500;0;0;0;0;0;0;0;0;0;0;0;0;565115;100601;464514;42962;8206;34756;0;0;0;18000;0;18000;0;0;0;41981;0;41981;1000000;;1000000;334650;0;334650;9413;0;9413;1447006;8206;1438800;0;0;0;2012121;108806;1903314;0;0;0;0;799905;753493;0;1553398;0;0;0;0;0;0;0;157855;191205;0;0;856;0;349916;0;1903314;252106;40935;0;0;3000;693412;2625;0;2490252;0;0;27457;0;0;18021;3527808;0;0;382349;0;0;-1839;65295;0;220528;391221;74304;0;358920;66654;792832;323090;45018;8206;0;0;3890;2730469;797339;0;0;2579;0;0;2579;0;13;0;13;2566;799905;0;0;0;0;0;0;0;0;0;0;0;0;3530387;2730482;799905
1345;LE PEUPLE AUX COMMANDES DU TERRITOIRE;EUR;2024;0;0;0;3127,5;3023,25;104,25;0;0;0;0;0;0;0;0;0;0;0;0;0;0;0;0;0;0;0;0;0;0;0;0;0;0;0;680;0;680;3807,5;3023,25;784,25;0;0;0;0;0;0;0;0;0;0;0;0;0;0;0;0;0;0;193,32;0;193,32;0;0;0;193,32;0;193,32;0;0;0;4000,82;3023,25;977,57;0;0;0;2063,91;-1086,34;0;0;977,57;0;0;0;0;0;0;0;0;0;0;0;0;0;0;0;977,57;20;0;0;0;0;2720;0;0;0;0;0;0;0;0;0;2740;500;0;0;0;0;0;0;0;0;0;1953;0;330,84;0;0;0;1042,5;0;0;0;0;3826,34;-1086,34;0;0;0;0;0;0;0;0;0;0;0;-1086,34;0;0;0;0;0;0;0;0;0;0;0;0;2740;3826,34;-1086,34
1346;AGISSONS - GROUPEMENT D'INITIATIVE POLITIQUE;EUR;2024;0;0;0;0;0;0;0;0;0;0;0;0;0;0;0;0;0;0;0;0;0;0;0;0;0;0;0;0;0;0;0;0;0;0;0;0;0;0;0;0;0;0;0;0;0;0;0;0;0;0;0;0;0;0;0;0;0;0;0;0;0;0;0;0;0;0;0;0;0;0;0;0;0;0;0;-1440;1440;0;0;0;0;0;0;0;0;0;0;0;0;0;0;0;0;0;0;0;0;0;0;0;0;0;0;0;0;0;0;0;0;0;0;0;0;0;0;0;0;0;0;0;0;0;-1440;0;0;0;0;0;0;0;0;0;0;-1440;1440;0;0;0;0;0;0;0;0;0;0;0;1440;0;0;0;0;0;0;0;0;0;0;0;0;0;-1440;1440
1349;UTILE POUR GARCHES;EUR;2024;0;0;0;0;0;0;0;0;0;0;0;0;0;0;0;0;0;0;0;0;0;0;0;0;0;0;0;0;0;0;0;0;0;0;0;0;0;0;0;0;0;0;0;0;0;0;0;0;0;0;0;0;0;0;0;0;0;0;0;0;0;0;0;0;0;0;0;0;0;0;0;0;0;0;0;1997;-1997;0;0;0;0;0;0;0;0;0;0;0;0;0;0;0;0;0;0;0;0;0;0;0;0;500;0;0;0;0;0;0;0;0;0;500;0;0;0;0;1721;0;125;575;0;0;0;0;76;0;0;0;0;0;0;0;0;2497;-1997;0;0;0;0;0;0;0;0;0;0;0;-1997;0;0;0;0;0;0;0;0;0;0;0;0;500;2497;-1997
1350;SOUFFLE BRETON;EUR;2024;0;0;0;0;0;0;0;0;0;0;0;0;0;0;0;0;0;0;0;0;0;0;0;0;0;0;0;0;0;0;0;0;0;0;0;0;0;0;0;335;0;335;0;0;0;0;0;0;0;0;0;0;0;0;0;0;0;42170;0;42170;56;0;56;42561;0;42561;0;0;0;42561;0;42561;0;0;0;12054;18399;0;0;30453;0;0;0;5;0;0;0;12103;0;0;0;0;0;12108;0;42561;4895;0;0;0;0;30430;0;0;0;0;0;0;0;0;0;35325;0;0;0;0;0;0;0;7978;0;1992;6960;0;700;0;0;0;0;0;0;0;0;17629;17696;0;0;703;0;0;703;0;0;0;0;703;18399;0;0;0;0;0;0;0;0;0;0;0;0;36028;17629;18399
1351;RÉVOLUTION PERMANENTE;EUR;2024;0;0;0;0;0;0;0;0;0;9416;891;8525;0;0;0;0;0;0;0;0;0;0;0;0;0;0;0;0;0;0;0;0;0;0;0;0;9416;891;8525;0;0;0;0;0;0;0;0;0;0;0;0;0;0;0;0;0;0;658720;0;658720;0;0;0;658720;0;658720;0;0;0;668136;891;667246;0;0;0;51079;592773;0;0;643852;0;0;0;0;0;0;0;23394;0;0;0;0;0;23394;0;667246;0;0;0;0;0;699332;0;0;0;204321;0;0;1391;0;0;905044;0;18790;0;0;643;178;29888;0;9645;41850;18976;0;191457;0;0;0;645;0;0;0;198;312271;592773;0;0;0;0;0;0;0;0;0;0;0;592773;0;0;0;0;0;0;0;0;0;0;0;0;905044;312271;592773
1353;ÉNERGIE, DÉMOCRATIE ET TERRITOIRES;EUR;2024;0;0;0;0;0;0;0;0;0;1369;251;1118;0;0;0;0;0;0;0;0;0;0;0;0;0;0;0;0;0;0;0;0;0;0;0;0;1369;251;1118;0;0;0;0;0;0;0;0;0;0;0;0;0;0;0;0;0;0;15730;0;15730;638;0;638;16368;0;16368;0;0;0;17737;251;17486;0;0;0;16070;-1205;0;0;14865;0;0;0;0;0;0;0;1980;0;0;0;641;0;2621;0;17486;0;0;0;0;0;4300;0;0;0;0;8998;0;0;0;0;13298;0;0;0;0;0;0;0;0;0;1042;1980;0;10884;0;0;0;251;0;0;0;345;14503;-1205;0;0;0;0;0;0;0;0;0;0;0;-1205;0;0;0;0;0;0;0;0;0;0;0;0;13298;14503;-1205
1354;AUTREMENT ROMAINVILLE;EUR;2024;0;0;0;0;0;0;0;0;0;0;0;0;0;0;0;0;0;0;0;0;0;0;0;0;0;0;0;0;0;0;0;0;0;0;0;0;0;0;0;0;0;0;0;0;0;580;0;580;0;0;0;1790;0;1790;0;0;0;23458;0;23458;109;0;109;25936;0;25936;0;0;0;25936;0;25936;0;0;0;19739;3892;0;0;23631;0;0;0;0;0;0;0;2254;0;0;0;51;0;2305;0;25936;0;9318;0;0;0;0;0;0;0;0;0;0;0;0;1;9319;0;0;0;0;0;0;0;0;0;970;3601;0;856;0;0;0;0;0;0;0;0;5427;3892;0;0;0;0;0;0;0;0;0;0;0;3892;0;0;0;0;0;0;0;0;0;0;0;0;9319;5427;3892
1356;PALAISEAU ENSEMBLE;EUR;2024;0;0;0;0;0;0;0;0;0;0;0;0;0;0;0;0;0;0;0;0;0;0;0;0;0;0;0;0;0;0;0;0;0;0;0;0;0;0;0;0;0;0;0;0;0;0;0;0;0;0;0;0;0;0;0;0;0;58;0;58;0;0;0;58;0;58;0;0;0;58;0;58;0;0;0;-2600;1123;0;0;-1478;0;0;0;0;0;0;0;1536;0;0;0;0;0;1536;0;58;1330;0;0;0;0;4175;0;0;0;0;0;0;0;0;0;5505;0;0;0;0;0;0;0;0;0;0;360;0;4022;0;0;0;0;0;0;0;0;4382;1123;0;0;0;0;0;0;0;0;0;0;0;1123;0;0;0;0;0;0;0;0;0;0;0;0;5505;4382;1123
1358;LE MOUVEMENT POUR LES ANIMAUX;EUR;2024;0;0;0;0;0;0;0;0;0;526,47;131,62;394,85;0;0;0;0;0;0;0;0;0;0;0;0;0;0;0;0;0;0;0;0;0;0;0;0;526,47;131,62;394,85;0;0;0;0;0;0;0;0;0;0;0;0;0;0;0;0,82;0;0,82;2460,88;0;2460,88;0;0;0;2461,7;0;2461,7;0;0;0;2988,17;131,62;2857;74806;0;0;-59165,52;-15284;0;0;357;0;0;0;0;0;0;2500;0;0;0;0;0;0;2500;0;2857;863,98;0;0;0;0;0;0;0;27212;0;0;0;0;0;0;28076;0;0;0;0;0;0;4263;28277,05;1500;1454,37;1720;0;4220,6;0;0;0;131,62;0;0;0;1567;43134;-15059;0;0;0;0;0;0;0;0;0;0;0;-15059;-225;0;0;-225;0;0;0;0;-225;0;0;0;27851;43134;-15284
1360;LA CONVENTION ;EUR;2024;0;0;0;10560;3901,3;6658,7;0;0;0;0;0;0;0;0;0;0;0;0;0;0;0;0;0;0;0;0;0;0;0;0;0;0;0;0;0;0;10560;3901,3;6658,7;0;0;0;0;0;0;0;0;0;0;0;0;0;0;0;0;0;0;44077,18;0;44077,18;0;0;0;44077,18;0;44077,18;0;0;0;54637,18;3901,3;50735,88;0;0;0;19677,49;24262,39;0;0;43939,88;0;0;0;0;0;0;0;6796;0;0;0;0;0;6796;0;50735,88;55998;0;0;0;0;9180;0;0;21500;0;0;0;162,36;0;0;86840,36;0;0;0;0;0;0;18062,52;960;11902,8;2929,23;2460;0;4834,94;0;0;0;3520;0;0;0;17908,48;62577,97;24262,39;0;0;0;0;0;0;0;0;0;0;0;24262,39;0;0;0;0;0;0;0;0;0;0;0;0;86840,36;62577,97;24262,39
1361;J'AGIS J'INNOVE POUR JOINVILLE-LE-PONT;EUR;2024;0;0;0;0;0;0;0;0;0;0;0;0;0;0;0;0;0;0;0;0;0;0;0;0;0;0;0;0;0;0;0;0;0;0;0;0;0;0;0;0;0;0;0;0;0;0;0;0;0;0;0;0;0;0;15;0;15;126;0;126;0;0;0;141;0;141;0;0;0;141;0;141;0;0;146;0;-5;0;0;141;0;0;0;0;0;0;0;0;0;0;0;0;0;0;0;141;270;0;0;0;0;2030;0;0;0;0;0;0;0;0;0;2300;0;0;0;0;0;0;454;1314;0;0;209;0;328;0;0;0;0;0;0;0;0;2305;-5;0;0;0;0;0;0;0;0;0;0;0;-5;0;0;0;0;0;0;0;0;0;0;0;0;2300;2305;-5
1363;ENSEMBLE CHANGEONS LE KB (ECLKB);EUR;2024;0;0;0;0;0;0;0;0;0;0;0;0;0;0;0;0;0;0;0;0;0;0;0;0;0;0;0;0;0;0;0;0;0;0;0;0;0;0;0;0;0;0;0;0;0;0;0;0;0;0;0;10;0;10;0;0;0;-4;0;-4;0;0;0;6;0;6;0;0;0;6;0;6;0;0;0;-768;-1826;0;0;-2594;0;0;0;0;0;0;0;0;0;0;0;2600;0;2600;0;6;0;0;0;0;0;50;0;0;0;0;0;0;0;0;25;75;0;0;0;0;0;0;0;18;0;0;1800;0;0;0;0;0;0;0;0;0;0;1818;-1743;0;0;0;0;0;0;0;83;0;83;83;-1826;0;0;0;0;0;0;0;0;0;0;0;0;75;1901;-1826
1364;LA BAULE AUDACIEUSE;EUR;2024;0;0;0;0;0;0;0;0;0;0;0;0;0;0;0;0;0;0;0;0;0;0;0;0;0;0;0;0;0;0;0;0;0;0;0;0;0;0;0;0;0;0;0;0;0;0;0;0;0;0;0;320;0;320;0;0;0;26132;0;26132;0;0;0;26452;0;26452;0;0;0;26452;0;26452;0;0;0;0;5055;19717;0;24772;0;0;0;0;0;0;0;1680;0;0;0;0;0;1680;0;26452;3119;5911;0;0;0;0;0;0;0;2920;0;0;0;0;0;11950;0;0;0;0;0;0;0;0;0;2767;1860;0;2268;0;0;0;0;0;0;0;0;6895;5055;0;0;0;0;0;0;0;0;0;0;0;5055;0;0;0;0;0;0;0;0;0;0;0;0;11950;6895;5055
1365;FAIRE GAGNER LE FRANÇOIS;EUR;2024;0;0;0;0;0;0;0;0;0;0;0;0;0;0;0;0;0;0;0;0;0;0;0;0;0;0;0;0;0;0;0;0;0;0;0;0;0;0;0;0;0;0;0;0;0;0;0;0;0;0;0;0;0;0;0;0;0;222;0;222;0;0;0;222;0;222;0;0;0;222;0;222;0;0;0;241;-19;0;0;222;0;0;0;0;0;0;0;0;0;0;0;0;0;0;0;222;0;0;0;0;0;100;0;0;0;0;0;0;0;0;0;100;0;0;0;0;0;0;0;0;0;0;0;0;119;0;0;0;0;0;0;0;0;119;-19;0;0;0;0;0;0;0;0;0;0;0;-19;0;0;0;0;0;0;0;0;0;0;0;0;100;119;-19
1366;LA MARTINIQUE ENSEMBLE;EUR;2024;0;0;0;0;0;0;0;0;0;1124;146;978;0;0;0;0;0;0;0;0;0;7301;0;7301;0;0;0;0;0;0;0;0;0;879;0;879;9304;146;9157;0;0;0;365;0;365;0;0;0;0;0;0;0;0;0;16383;0;16383;2656;0;2656;0;0;0;19403;0;19403;0;0;0;28707;146;28561;0;0;0;-2568;12102;0;0;9534;0;0;0;0;0;0;0;4529;0;0;0;14498;0;19027;0;28561;3500;10410;0;0;0;4292;0;0;36006;11480;0;0;0;0;0;65688;0;0;0;0;555;0;30985;0;6631;3413;4625;0;4891;0;0;0;146;0;0;0;2723;53968;11720;0;0;383;0;0;383;0;0;0;0;383;12102;0;0;0;0;0;0;0;0;0;0;0;0;66070;53968;12102
1367;MIEUX VIVRE À NANTES;EUR;2024;0;0;0;0;0;0;0;0;0;0;0;0;0;0;0;0;0;0;0;0;0;0;0;0;0;0;0;0;0;0;0;0;0;0;0;0;0;0;0;0;0;0;0;0;0;0;0;0;0;0;0;0;0;0;0;0;0;1977;0;1977;0;0;0;1977;0;1977;0;0;0;1977;0;1977;0;0;0;2378;-401;0;0;1977;0;0;0;0;0;0;0;0;0;0;0;0;0;0;0;1977;3112;2515;0;0;0;1130;0;0;0;0;0;0;0;0;0;6757;0;0;0;0;0;0;775;5128;0;0;1080;0;0;0;0;0;0;0;0;0;0;6983;-226;0;0;0;0;0;0;0;175;0;175;-175;-401;0;0;0;0;0;0;0;0;0;0;0;0;6757;7158;-401
1369;SCEAUX ENSEMBLE;EUR;2024;0;0;0;0;0;0;0;0;0;0;0;0;0;0;0;0;0;0;0;0;0;0;0;0;0;0;0;0;0;0;0;0;0;0;0;0;0;0;0;0;0;0;0;0;0;0;0;0;0;0;0;0;0;0;15;0;15;5394;0;5394;0;0;0;5409;0;5409;0;0;0;5409;0;5409;0;0;0;4055;-2486;0;0;1569;0;0;0;0;0;0;0;3840;0;0;0;0;0;3840;0;5409;0;0;0;0;0;4750;0;0;0;0;0;0;0;0;0;4750;0;0;0;0;0;0;0;0;0;0;7026;0;210;0;0;0;0;0;0;0;0;7236;-2486;0;0;0;0;0;0;0;0;0;0;0;-2486;0;0;0;0;0;0;0;0;0;0;0;0;4750;7236;-2486
1371;RADICAUX DE GAUCHE ET CITOYENS D'OCCITANIE;EUR;2024;0;0;0;0;0;0;0;0;0;0;0;0;0;0;0;0;0;0;0;0;0;0;0;0;0;0;0;0;0;0;0;0;0;93;0;93;93;0;93;0;0;0;0;0;0;0;0;0;0;0;0;0;0;0;0;0;0;18917;0;18917;0;0;0;18917;0;18917;0;0;0;19010;0;19010;10855;0;0;0;7183;0;0;18038;0;0;0;0;0;0;0;972;0;0;0;0;0;972;0;19010;483;315;0;0;0;6330;0;0;0;2072;0;0;0;0;0;9200;0;0;0;0;0;0;0;688;0;0;972;0;357;0;0;0;0;0;0;0;0;2017;7183;0;0;0;0;0;0;0;0;0;0;0;7183;367;0;0;367;367;0;0;367;0;0;0;0;9567;2384;7183
1372;TOUS DIONYSIENS;EUR;2024;0;0;0;0;0;0;0;0;0;0;0;0;0;0;0;0;0;0;0;0;0;0;0;0;0;0;0;0;0;0;0;0;0;0;0;0;0;0;0;0;0;0;0;0;0;0;0;0;0;0;0;1440;0;1440;0;0;0;387,22;0;387,22;0;0;0;1827,22;0;1827,22;0;0;0;1827,22;0;1827,22;0;0;0;-1270,99;1063,55;0;0;-207,44;0;0;0;0;0;0;0;1989,9;44,76;0;0;0;0;2034,66;0;1827,22;0;0;0;0;0;2100;0;0;0;0;0;0;0;0;0;2100;0;0;0;0;0;0;0;0;0;5,45;477,4;0;303,6;0;250;0;0;0;0;0;0;1036,45;1063,55;0;0;0;0;0;0;0;0;0;0;0;1063,55;0;0;0;0;0;0;0;0;0;0;0;0;2100;1036,45;1063,55
1373;LES ATELIERS CITOYENS D'ARCUEIL;EUR;2024;0;0;0;0;0;0;0;0;0;0;0;0;0;0;0;0;0;0;0;0;0;0;0;0;0;0;0;0;0;0;0;0;0;0;0;0;0;0;0;0;0;0;0;0;0;0;0;0;0;0;0;0;0;0;0;0;0;6787;0;6787;0;0;0;6787;0;6787;0;0;0;6787;0;6787;0;0;0;7220;-751;0;0;6469;0;0;0;0;0;0;0;318;0;0;0;0;0;318;0;6787;0;3560;0;0;0;0;0;0;0;0;0;0;0;0;0;3560;1958;0;0;0;0;0;0;1829;0;0;336;0;187;0;0;0;0;0;0;0;0;4311;-751;0;0;0;0;0;0;0;0;0;0;0;-751;0;0;0;0;0;0;0;0;0;0;0;0;3560;4311;-751
1375;MOUVEMENT MARSEILLE À COEUR;EUR;2024;0;0;0;0;0;0;0;0;0;0;0;0;0;0;0;0;0;0;0;0;0;0;0;0;0;0;0;0;0;0;0;0;0;500;0;500;500;0;500;0;0;0;0;0;0;1240;0;1240;0;0;0;0;0;0;0;0;0;18603;0;18603;419;0;419;20262;0;20262;0;0;0;20762;0;20762;0;0;0;9827;9004;0;0;18831;0;0;0;0;0;0;0;1931;0;0;0;0;0;1931;0;20762;2020;0;0;0;0;35320;0;0;0;400;0;0;0;0;0;37740;0;0;0;0;0;0;15696;2784;8201;0;1800;0;69;0;0;0;0;0;0;0;471;29020;8720;0;0;284;0;0;284;0;0;0;0;284;9004;0;0;0;0;0;0;0;0;0;0;0;0;38024;29020;9004
1376;AVEC PHILIPPE VARDON;EUR;2024;0;0;0;0;0;0;0;0;0;0;0;0;0;0;0;0;0;0;0;0;0;0;0;0;0;0;0;0;0;0;0;0;0;0;0;0;0;0;0;0;0;0;0;0;0;0;0;0;0;0;0;0;0;0;0;0;0;2481;0;2481;0;0;0;2481;0;2481;0;0;0;2481;0;2481;0;0;0;3742;-6997;0;0;-3255;0;0;0;0;0;0;0;5736;0;0;0;0;0;5736;0;2481;0;0;0;0;0;3554;0;0;0;0;0;0;0;0;0;3554;0;0;0;0;0;0;0;7912;0;0;2539;0;0;0;0;0;0;0;0;0;100;10551;-6997;0;0;0;0;0;0;0;0;0;0;0;-6997;0;0;0;0;0;0;0;0;0;0;0;0;3554;10551;-6997
1378;ENSEMBLE ! (MAJORITÉ PRÉSIDENTIELLE);EUR;2024;0;0;0;0;0;0;0;0;0;0;0;0;305;0;305;0;0;0;0;0;0;0;0;0;0;0;0;0;0;0;0;0;0;0;0;0;305;0;305;0;0;0;0;0;0;0;0;0;0;0;0;0;0;0;0;0;0;8034;0;8034;0;0;0;8034;0;8034;0;0;0;8339;0;8339;0;0;0;10415;-7241;0;0;3173;0;0;0;0;0;0;0;5166;0;0;0;0;0;5166;0;8339;0;0;8821573;10653234;0;0;0;0;0;0;0;0;0;0;0;19474807;0;0;19469807;0;0;0;0;0;0;0;10092;0;2151;0;0;0;0;0;0;0;0;19482051;-7243;2;0;0;0;0;2;0;0;0;0;2;-7241;0;0;0;0;0;0;0;0;0;0;0;0;19474809;19482051;-7241
1379;VITRY RASSEMBLÉ;EUR;2024;0;0;0;720;49;671;0;0;0;2500;125;2375;0;0;0;0;0;0;0;0;0;0;0;0;0;0;0;0;0;0;0;0;0;0;0;0;3220;174;3046;0;0;0;0;0;0;0;0;0;0;0;0;0;0;0;0;0;0;21497;0;21497;140;0;140;21637;0;21637;0;0;0;24857;174;24683;8875;0;0;0;13651;0;0;22526;0;0;0;0;0;0;0;0;0;0;0;2157;0;2157;0;24683;0;9600;0;0;0;18490;0;0;0;3356;0;0;1490;0;0;32936;0;0;0;0;0;0;0;10836;490;3942;2127;0;1716;0;0;0;174;0;0;0;0;19285;13651;0;0;0;0;0;0;0;0;0;0;0;13651;0;0;0;0;0;0;0;0;0;0;0;0;32936;19285;13651
1383;LA RÉUNION CITOYENNE;EUR;2024;0;0;0;0;0;0;0;0;0;0;0;0;0;0;0;0;0;0;0;0;0;0;0;0;0;0;0;0;0;0;0;0;0;0;0;0;0;0;0;0;0;0;0;0;0;0;0;0;0;0;0;0;0;0;0;0;0;6236;0;6236;0;0;0;6236;0;6236;0;0;0;6236;0;6236;0;0;0;2499;1059;0;0;3558;0;0;0;0;0;0;0;1628;0;0;0;1050;0;2678;0;6236;760;0;0;0;0;8050;0;0;0;12250;0;0;0;0;0;21060;0;0;0;0;0;0;2405;0;10920;0;543;0;6133;0;0;0;0;0;0;0;0;20001;1059;0;0;0;0;0;0;0;0;0;0;0;1059;0;0;0;0;0;0;0;0;0;0;0;0;21060;20001;1059
1384;CITOYENS IMPLIQUÉS;EUR;2024;0;0;0;0;0;0;0;0;0;0;0;0;0;0;0;0;0;0;0;0;0;0;0;0;0;0;0;0;0;0;0;0;0;0;0;0;0;0;0;0;0;0;0;0;0;0;0;0;0;0;0;0;0;0;0;0;0;3095;0;3095;0;0;0;3095;0;3095;0;0;0;3095;0;3095;0;0;0;-90;2785;0;0;2695;0;0;0;0;0;0;0;400;0;0;0;0;0;400;0;3095;10;0;0;0;0;3200;0;0;0;0;0;0;0;0;0;3210;10;0;0;0;0;0;0;0;0;0;400;0;15;0;0;0;0;0;0;0;0;425;2785;0;0;0;0;0;0;0;0;0;0;0;2785;0;0;0;0;0;0;0;0;0;0;0;0;3210;425;2785
1385;RÉUNION LIBRE;EUR;2024;0;0;0;0;0;0;0;0;0;0;0;0;0;0;0;0;0;0;0;0;0;0;0;0;0;0;0;0;0;0;0;0;0;600;0;600;600;0;600;0;0;0;0;0;0;0;0;0;0;0;0;0;0;0;0;0;0;73633,44;0;73633,44;0;0;0;73633,44;0;73633,44;0;0;0;74233,44;0;74233,44;49085,75;0;0;0;21933,94;0;0;71019,69;0;0;0;0;0;0;0;3213,75;0;0;0;0;0;3213,75;0;74233,44;0;0;13961,34;37119,28;0;4000;0;0;0;0;3797,5;423,12;0;0;0;59301,24;16000;423,12;0;0;0;0;0;13667,83;3053;165,8;2913,75;0;1143,8;0;0;0;0;0;0;0;0;37367,3;21933,94;0;0;0;0;0;0;0;0;0;0;0;21933,94;0;0;0;0;0;0;0;0;0;0;0;0;59301,24;37367,3;21933,94
1386;PRIORITÉ GOURNAY !;EUR;2024;0;0;0;0;0;0;0;0;0;0;0;0;0;0;0;0;0;0;0;0;0;0;0;0;0;0;0;0;0;0;0;0;0;0;0;0;0;0;0;0;0;0;0;0;0;0;0;0;0;0;0;0;0;0;0;0;0;1624;0;1624;0;0;0;1624;0;1624;0;0;0;1624;0;1624;0;0;0;1898;-514;0;0;1384;0;0;0;0;0;0;0;240;0;0;0;0;0;240;0;1624;300;0;0;0;0;510;0;0;0;0;0;0;0;0;0;810;0;0;0;0;0;0;0;0;0;0;240;0;1084;0;0;0;0;0;0;0;0;1324;-514;0;0;0;0;0;0;0;0;0;0;0;-514;0;0;0;0;0;0;0;0;0;0;0;0;810;1324;-514
1387;APM;EUR;2024;0;0;0;0;0;0;0;0;0;0;0;0;0;0;0;152,5;0;152,5;0;0;0;27571;0;27571;0;0;0;0;0;0;0;0;0;0;0;0;27723,5;0;27723,5;0;0;0;0;0;0;0;0;0;0;0;0;0;0;0;0;0;0;829,19;0;829,19;0;0;0;829,19;0;829,19;0;0;0;28552,69;0;28552,69;0;0;0;-2701,28;26988,97;0;0;24287,69;0;0;0;0;0;0;0;4265;0;0;0;0;0;4265;0;28552,69;0;0;0;0;0;57450;0;0;0;0;0;5356,91;0;0;0;62806,91;15416,49;5356,91;0;0;0;0;0;0;0;2871,09;4289;0;7278,5;0;609;0;0;0;0;0;0;35820,99;26985,92;0;0;3,05;0;0;3,05;0;0;0;0;3,05;26988,97;0;0;0;0;0;0;0;0;0;0;0;0;62809,96;35820,99;26988,97
1388;REFONDATION RÉPUBLICAINE;EUR;2024;0;0;0;3996;1599;2397;0;0;0;0;0;0;0;0;0;0;0;0;0;0;0;0;0;0;0;0;0;0;0;0;0;0;0;0;0;0;3996;1599;2397;0;0;0;0;0;0;0;0;0;0;0;0;0;0;0;0;0;0;49584;0;49584;0;0;0;49584;0;49584;0;0;0;53580;1599;51981;0;0;0;17824;32183;0;0;50008;0;0;0;0;0;0;0;1773;0;0;0;200;0;1973;0;51981;2190;0;0;0;37119;0;0;0;0;0;0;0;0;0;0;39309;0;0;0;0;0;0;0;0;3068;0;2060;0;1198;0;0;0;799;0;0;0;0;7126;32183;0;0;0;0;0;0;0;0;0;0;0;32183;0;0;0;0;0;0;0;0;0;0;0;0;39309;7126;32183
1389;ALYANS NASYONAL GWADLOUP;EUR;2024;0;0;0;0;0;0;0;0;0;0;0;0;0;0;0;0;0;0;0;0;0;5312,05;0;5312,05;0;0;0;0;0;0;0;0;0;0;0;0;5312,05;0;5312,05;1023,08;0;1023,08;0;0;0;0;0;0;0;0;0;0;0;0;0;0;0;14244,6;0;14244,6;0;0;0;15267,68;0;15267,68;0;0;0;20579,73;0;20579,73;0;0;0;24079,4;-5127,17;0;0;18952,23;0;0;0;0;0;0;0;1627,5;0;0;0;0;0;1627,5;0;20579,73;9120;0;0;0;0;10008;0;0;0;1648,54;0;0;1296;0;0;22072,54;5304,05;0;0;0;0;594,56;7356,07;0;4200;5020,66;1627,5;0;3096,87;0;0;0;0;0;0;0;0;27199,71;-5127,17;0;0;0;0;0;0;0;0;0;0;0;-5127,17;0;0;0;0;0;0;0;0;0;0;0;0;22072,54;27199,71;-5127,17
1390;PACTE POUR LA JUSTICE SOCIALE ET ÉCOLOGIQUE;EUR;2024;0;0;0;0;0;0;0;0;0;0;0;0;0;0;0;0;0;0;0;0;0;0;0;0;0;0;0;0;0;0;0;0;0;0;0;0;0;0;0;0;0;0;0;0;0;0;0;0;0;0;0;0;0;0;0;0;0;0;0;0;0;0;0;0;0;0;0;0;0;0;0;0;0;0;0;-240;-480;0;0;-720;0;0;0;0;0;0;0;720;0;0;0;0;0;720;0;0;0;0;0;0;0;0;0;0;0;0;0;0;0;0;0;0;0;0;0;0;0;0;0;0;0;0;480;0;0;0;0;0;0;0;0;0;0;480;-480;0;0;0;0;0;0;0;0;0;0;0;-480;0;0;0;0;0;0;0;0;0;0;0;0;0;480;-480
1391;UNION DES DÉMOCRATES EUROPÉENS, CENTRISTES ET INDÉPENDANTS;EUR;2024;0;0;0;0;0;0;0;0;0;0;0;0;0;0;0;0;0;0;0;0;0;0;0;0;0;0;0;0;0;0;0;0;0;0;0;0;0;0;0;0;0;0;0;0;0;0;0;0;0;0;0;0;0;0;0;0;0;10869;0;10869;0;0;0;10869;0;10869;0;0;0;10869;0;10869;0;0;0;5760;-1960;0;0;3801;0;0;0;0;0;0;0;7068;0;0;0;0;0;7068;0;10869;0;0;379506;1855964;0;0;0;0;0;0;0;0;0;0;0;2235470;0;0;2230000;0;0;0;0;0;0;0;7068;0;361;0;0;0;0;0;0;0;0;2237429;-1960;0;0;0;0;0;0;0;0;0;0;0;-1960;0;0;0;0;0;0;0;0;0;0;0;0;2235470;2237429;-1960
1392;ENTRE LOIRE ET VILAINE;EUR;2024;0;0;0;0;0;0;0;0;0;0;0;0;0;0;0;0;0;0;0;0;0;0;0;0;0;0;0;0;0;0;0;0;0;0;0;0;0;0;0;0;0;0;0;0;0;0;0;0;0;0;0;7600;0;7600;0;0;0;167;0;167;0;0;0;7767;0;7767;0;0;0;7767;0;7767;0;0;0;-1612;6248;0;0;4636;0;0;0;0;0;0;0;3131;0;0;0;0;0;3131;0;7767;0;200;0;0;0;7400;0;0;0;0;0;0;0;0;0;7600;0;0;0;0;0;0;0;0;0;0;1200;0;151;0;0;0;0;0;0;0;1;1352;6248;0;0;0;0;0;0;0;0;0;0;0;6248;0;0;0;0;0;0;0;0;0;0;0;0;7600;1352;6248
1393;MARSEILLE D'ABORD;EUR;2024;0;0;0;0;0;0;0;0;0;0;0;0;0;0;0;0;0;0;0;0;0;0;0;0;0;0;0;0;0;0;0;0;0;0;0;0;0;0;0;0;0;0;0;0;0;0;0;0;0;0;0;0;0;0;0;0;0;27201;0;27201;0;0;0;27201;0;27201;0;0;0;27201;0;27201;0;0;0;22137;2051;0;0;24188;0;0;0;0;0;0;0;2880;0;0;0;133;0;3013;0;27201;2110;0;0;0;0;14428;0;0;20000;5392;0;0;0;0;0;41930;0;0;0;0;0;0;3106;0;9713;709;9703;0;13936;212;0;0;0;0;0;0;0;37379;4551;0;0;0;0;0;0;0;0;0;0;0;4551;0;0;0;0;2500;0;0;2500;-2500;0;0;0;41930;39879;2051
1394;LIBERTÉ CITOYENNE;EUR;2024;0;0;0;0;0;0;0;0;0;0;0;0;0;0;0;0;0;0;0;0;0;0;0;0;0;0;0;0;0;0;0;0;0;0;0;0;0;0;0;0;0;0;0;0;0;0;0;0;0;0;0;0;0;0;0;0;0;41315;0;41315;0;0;0;41315;0;41315;0;0;0;41315;0;41315;0;0;0;42376;-3461;0;0;38915;0;0;0;0;0;0;0;2400;0;0;0;0;0;2400;0;41315;0;0;0;0;0;0;0;0;0;0;0;0;0;0;0;0;0;0;0;0;0;0;0;165;0;326;2400;0;0;0;0;0;0;0;0;0;571;3461;-3461;0;0;0;0;0;0;0;0;0;0;0;-3461;0;0;0;0;0;0;0;0;0;0;0;0;0;3461;-3461
1395;INNOVER;EUR;2024;0;0;0;0;0;0;0;0;0;0;0;0;0;0;0;0;0;0;0;0;0;0;0;0;0;0;0;0;0;0;0;0;0;0;0;0;0;0;0;0;0;0;0;0;0;0;0;0;0;0;0;0;0;0;0;0;0;0;0;0;0;0;0;0;0;0;0;0;0;0;0;0;0;0;0;-240;-400;0;0;-640;0;0;0;0;0;0;0;640;0;0;0;0;0;640;0;0;0;0;0;0;0;0;0;0;0;0;0;0;0;0;0;0;0;0;0;0;0;0;0;0;0;0;400;0;0;0;0;0;0;0;0;0;0;400;-400;0;0;0;0;0;0;0;0;0;0;0;-400;0;0;0;0;0;0;0;0;0;0;0;0;0;400;-400
1400;DIJON C'EST CAPITALE;EUR;2024;0;0;0;0;0;0;0;0;0;15;0;15;0;0;0;0;0;0;0;0;0;0;0;0;0;0;0;0;0;0;0;0;0;0;0;0;15;0;15;0;0;0;0;0;0;0;0;0;0;0;0;0;0;0;0;0;0;368;0;368;0;0;0;368;0;368;0;0;0;383;0;383;0;0;0;-1719;-438;0;0;-2157;0;0;0;0;0;0;0;2540;0;0;0;0;0;2540;0;383;0;0;0;0;0;0;0;0;0;0;0;0;0;0;0;0;0;0;0;0;0;0;0;0;0;0;390;0;48;0;0;0;0;0;0;0;0;438;-438;0;0;0;0;0;0;0;0;0;0;0;-438;0;0;0;0;0;0;0;0;0;0;0;0;0;438;-438
1401;UNION CITOYENNE POUR LA LIBERTÉ;EUR;2024;0;0;0;0;0;0;0;0;0;0;0;0;0;0;0;0;0;0;0;0;0;0;0;0;0;0;0;0;0;0;0;0;0;0;0;0;0;0;0;0;0;0;0;0;0;0;0;0;0;0;0;0;0;0;0;0;0;403,2;0;403,2;0;0;0;403,2;0;403,2;0;0;0;403,2;0;403,2;0;0;0;-279,81;83,01;0;0;-196,8;0;0;0;0;0;0;0;600;0;0;0;0;0;600;0;403,2;20;0;0;0;0;360;0;0;0;0;0;0;0;0;0;380;0;0;0;0;0;0;0;0;31,97;0;240;0;25,02;0;0;0;0;0;0;0;0;296,99;83,01;0;0;0;0;0;0;0;0;0;0;0;83,01;0;0;0;0;0;0;0;0;0;0;0;0;380;296,99;83,01
1402;ELLES MARCHENT !;EUR;2024;0;0;0;0;0;0;0;0;0;0;0;0;0;0;0;0;0;0;0;0;0;0;0;0;0;0;0;0;0;0;0;0;0;0;0;0;0;0;0;0;0;0;0;0;0;0;0;0;0;0;0;0;0;0;0;0;0;0;0;0;0;0;0;0;0;0;0;0;0;0;0;0;0;0;0;-600;-300;0;0;-900;0;0;0;0;0;0;0;900;0;0;0;0;0;900;0;0;0;0;0;0;0;0;0;0;0;0;0;0;0;0;0;0;0;0;0;0;0;0;0;0;0;0;300;0;0;0;0;0;0;0;0;0;0;300;-300;0;0;0;0;0;0;0;0;0;0;0;-300;0;0;0;0;0;0;0;0;0;0;0;0;0;300;-300
1403;BASTIR OCCITANIE;EUR;2024;0;0;0;0;0;0;0;0;0;0;0;0;0;0;0;0;0;0;0;0;0;0;0;0;0;0;0;0;0;0;0;0;0;0;0;0;0;0;0;0;0;0;0;0;0;0;0;0;0;0;0;0;0;0;20;0;20;910;0;910;0;0;0;930;0;930;0;0;0;930;0;930;824;0;0;0;-255;0;0;570;0;0;0;0;0;0;0;360;0;0;0;0;0;360;0;930;0;0;0;0;1958;35;0;0;975;0;0;0;235;0;0;3203;0;0;0;0;0;0;0;0;0;259;1020;0;2180;0;0;0;0;0;0;0;0;3458;-255;1;0;0;0;0;1;0;0;0;0;1;-255;0;0;0;0;0;0;0;0;0;0;0;0;3204;3458;-255
1404;TOUL DEMAIN;EUR;2024;0;0;0;0;0;0;0;0;0;0;0;0;0;0;0;0;0;0;0;0;0;0;0;0;0;0;0;0;0;0;0;0;0;0;0;0;0;0;0;0;0;0;0;0;0;0;0;0;0;0;0;400;0;400;0;0;0;8077;0;8077;0;0;0;8477;0;8477;0;0;0;8477;0;8477;0;0;0;6612;-935;0;0;5677;0;0;0;0;0;0;0;2800;0;0;0;0;0;2800;0;8477;0;0;0;0;0;0;0;0;0;0;0;0;0;0;0;0;0;0;0;0;0;0;0;500;0;0;400;0;35;0;0;0;0;0;0;0;0;935;-935;0;0;0;0;0;0;0;0;0;0;0;-935;0;0;0;0;0;0;0;0;0;0;0;0;0;935;-935
1405;ÉCOLOGIE POSITIVE ;EUR;2024;0;0;0;0;0;0;0;0;0;0;0;0;15;0;15;0;0;0;0;0;0;0;0;0;0;0;0;0;0;0;0;0;0;0;0;0;15;0;15;0;0;0;0;0;0;0;0;0;0;0;0;28;0;28;0;0;0;4514;0;4514;255;0;255;4797;0;4797;0;0;0;4812;0;4812;0;0;0;4508;-16144;0;0;-11636;0;0;0;0;15000;0;0;1448;0;0;0;0;0;16448;0;4812;280;0;0;0;0;20600;2355;0;16240;60;0;0;0;0;0;39535;45000;0;0;0;0;0;0;0;0;606;1440;0;8165;0;0;0;0;0;0;0;468;55679;-16144;0;0;0;0;0;0;0;0;0;0;0;-16144;0;0;0;0;0;0;0;0;0;0;0;0;39535;55679;-16144
1406;LES AMIS DE PATRICK DE CAROLIS;EUR;2024;0;0;0;0;0;0;0;0;0;0;0;0;0;0;0;0;0;0;0;0;0;0;0;0;0;0;0;0;0;0;0;0;0;0;0;0;0;0;0;0;0;0;0;0;0;0;0;0;0;0;0;0;0;0;0;0;0;9456;0;9456;0;0;0;9456;0;9456;0;0;0;9456;0;9456;0;0;0;6490;1167;0;0;7656;0;0;0;0;0;0;0;1800;0;0;0;0;0;1800;0;9456;660;0;0;0;0;0;0;0;0;6275;0;0;0;0;0;6935;0;0;0;0;0;0;3596;0;0;0;960;0;1212;0;0;0;0;0;0;0;0;5768;1167;0;0;0;0;0;0;0;0;0;0;0;1167;0;0;0;0;0;0;0;0;0;0;0;0;6935;5768;1167
1407;ENSEMBLE POUR CONSTRUIRE;EUR;2024;0;0;0;0;0;0;0;0;0;0;0;0;0;0;0;0;0;0;0;0;0;0;0;0;0;0;0;0;0;0;0;0;0;0;0;0;0;0;0;0;0;0;0;0;0;0;0;0;0;0;0;0;0;0;0;0;0;1045,32;0;1045,32;0;0;0;1045,32;0;1045,32;0;0;0;1045,32;0;1045,32;1483,82;0;0;-488,5;-350;0;0;645,32;0;0;0;0;0;0;0;400;0;0;0;0;0;400;0;1045,32;0;0;0;0;0;0;0;0;0;0;0;0;0;0;0;0;0;0;0;0;0;0;0;0;0;0;200;0;150;0;0;0;0;0;0;0;0;350;-350;0;0;0;0;0;0;0;0;0;0;0;-350;0;0;0;0;0;0;0;0;0;0;0;0;0;350;-350
1408;AVENIR GAGNANT POUR MARSEILLE ;EUR;2024;0;0;0;0;0;0;0;0;0;0;0;0;0;0;0;0;0;0;0;0;0;0;0;0;0;0;0;0;0;0;0;0;0;0;0;0;0;0;0;0;0;0;0;0;0;0;0;0;0;0;0;0;0;0;0;0;0;22392;0;22392;0;0;0;22392;0;22392;0;0;0;22392;0;22392;0;0;0;22047;-865;0;0;21182;0;0;0;0;0;0;0;1200;0;0;0;10;0;1210;0;22392;0;0;0;0;0;0;0;0;0;0;0;0;0;0;0;0;0;0;0;0;0;0;0;0;0;0;600;0;265;0;0;0;0;0;0;0;0;865;-865;0;0;0;0;0;0;0;0;0;0;0;-865;0;0;0;0;0;0;0;0;0;0;0;0;0;865;-865
1409;MOUVEMENT INDÉPENDANTISTE MARTINIQUAIS 78;EUR;2024;0;0;0;0;0;0;0;0;0;0;0;0;0;0;0;0;0;0;0;0;0;0;0;0;0;0;0;0;0;0;0;0;0;0;0;0;0;0;0;0;0;0;0;0;2083;0;0;0;0;0;0;0;0;28;0;0;0;0;0;5400;0;0;0;0;0;7511;0;0;0;0;0;7511;0;0;0;5197;-3164;0;0;2034;0;0;0;0;0;0;0;5477;0;0;0;0;0;5477;0;7511;2070;9570;0;0;0;1000;0;0;0;0;0;0;0;0;0;12640;0;0;0;0;6300;0;0;363;0;2083;6894;0;164;0;0;0;0;0;0;0;0;15804;-3164;0;0;0;0;0;0;0;0;0;0;0;-3164;0;0;0;0;0;0;0;0;0;0;0;0;12640;15804;-3164
1410;ALLIANCE POUR UNE DYNAMIQUE NATIONALE;EUR;2024;0;0;0;0;0;0;0;0;0;0;0;0;0;0;0;0;0;0;0;0;0;0;0;0;0;0;0;0;0;0;0;0;0;0;0;0;0;0;0;0;0;0;0;0;0;0;0;0;0;0;0;100;0;100;0;0;0;15;0;15;0;0;0;115;0;115;0;0;0;115;0;115;0;0;0;-420;-586;0;0;-1006;0;0;0;0;31;0;0;0;0;0;0;1090;0;1121;0;115;30;0;0;0;0;0;0;0;0;0;0;0;0;0;100;130;0;0;0;0;0;0;0;0;0;0;600;0;116;0;0;0;0;0;0;0;0;716;-586;0;0;0;0;0;0;0;0;0;0;0;-586;0;0;0;0;0;0;0;0;0;0;0;0;130;716;-586
1412;ASELAS;EUR;2024;0;0;0;0;0;0;0;0;0;0;0;0;0;0;0;0;0;0;0;0;0;0;0;0;0;0;0;0;0;0;0;0;0;0;0;0;0;0;0;0;0;0;0;0;0;0;0;0;0;0;0;0;0;0;0;0;0;12536;0;12536;0;0;0;12536;0;12536;0;0;0;12536;0;12536;9888;0;0;0;2648;0;0;12536;0;0;0;0;0;0;0;0;0;0;0;0;0;0;0;12536;400;917;0;0;0;24253;0;0;0;0;0;0;0;0;15;25585;0;0;0;0;0;513;0;17810;846;2479;720;0;15;0;0;0;0;0;0;0;554;22937;2648;0;0;0;0;0;0;0;0;0;0;0;2648;0;0;0;0;0;0;0;0;0;0;0;0;25585;22937;2648
1413;JE M'ENGAGE POUR TOURS;EUR;2024;0;0;0;0;0;0;0;0;0;0;0;0;0;0;0;0;0;0;0;0;0;0;0;0;0;0;0;0;0;0;0;0;0;0;0;0;0;0;0;0;0;0;0;0;0;0;0;0;0;0;0;0;0;0;0;0;0;3708,79;0;3708,79;1830;0;1830;5538,79;0;5538,79;0;0;0;5538,79;0;5538,79;0;0;0;3036,53;1872,64;0;0;4909,17;0;0;0;0;0;0;0;629,62;0;0;0;0;0;629,62;0;5538,79;1500;0;0;0;0;7100;0;0;0;0;0;0;0;0;0;8600;0;0;0;0;0;0;0;4313,12;657,79;952,86;360;0;443,59;0;0;0;0;0;0;0;0;6727,36;1872,64;0;0;0;0;0;0;0;0;0;0;0;1872,64;0;0;0;0;0;0;0;0;0;0;0;0;8600;6727,36;1872,64
1415;L'ÉCOLOGIE AUTREMENT;EUR;2024;0;0;0;0;0;0;0;0;0;0;0;0;0;0;0;0;0;0;0;0;0;0;0;0;0;0;0;0;0;0;0;0;0;0;0;0;0;0;0;0;0;0;0;0;0;0;0;0;0;0;0;0;0;0;0;0;0;3354,14;0;3354,14;0;0;0;3354,14;0;3354,14;0;0;0;3354,14;0;3354,14;0;0;0;-2357,86;3192;0;0;834,14;0;0;0;0;0;0;0;2520;0;0;0;0;0;2520;0;3354,14;0;0;0;0;0;245;0;0;40785,62;0;0;0;0;0;0;41030,62;0;0;26511,07;0;0;0;0;0;0;2174,56;3888;0;5264,99;0;0;0;0;0;0;0;0;37838,62;3192;0;0;0;0;0;0;0;0;0;0;0;3192;0;0;0;0;0;0;0;0;0;0;0;0;41030,62;37838,62;3192
1416;OISE AU COEUR;EUR;2024;0;0;0;0;0;0;0;0;0;2001;263;1738;0;0;0;0;0;0;0;0;0;0;0;0;0;0;0;0;0;0;0;0;0;0;0;0;2001;263;1738;0;0;0;0;0;0;0;0;0;0;0;0;1530;0;1530;0;0;0;7633;0;7633;92;0;92;9255;0;9255;0;0;0;11256;263;10994;0;0;0;8775;-1214;0;0;7561;0;0;0;0;0;0;0;3433;0;0;0;0;0;3433;0;10994;460;0;0;0;0;55020;9513;0;0;0;810;0;0;0;0;65803;0;0;0;0;0;0;0;0;9743;35295;5620;0;11668;0;0;0;263;0;0;0;57;62646;3157;0;0;0;0;0;0;0;0;0;0;0;3157;0;0;0;0;4371;0;0;4371;-4371;0;0;0;65803;67017;-1214
1417;ASSEMBLAGES;EUR;2024;0;0;0;0;0;0;0;0;0;0;0;0;0;0;0;0;0;0;0;0;0;0;0;0;0;0;0;0;0;0;0;0;0;0;0;0;0;0;0;0;0;0;0;0;0;0;0;0;0;0;0;0;0;0;0;0;0;27670;0;27670;0;0;0;27670;0;27670;0;0;0;27670;0;27670;0;0;0;37223;-12773;0;0;24450;0;0;0;0;0;0;0;3220;0;0;0;0;0;3220;0;27670;0;0;0;0;0;0;0;0;0;0;0;0;0;0;98;98;9028;0;0;0;0;0;0;0;0;1010;2032;0;801;0;0;0;0;0;0;0;0;12871;-12773;0;0;0;0;0;0;0;0;0;0;0;-12773;0;0;0;0;0;0;0;0;0;0;0;0;98;12871;-12773
1418;TERRITOIRES EN PERSPECTIVES;EUR;2024;0;0;0;0;0;0;0;0;0;0;0;0;0;0;0;0;0;0;0;0;0;0;0;0;0;0;0;0;0;0;0;0;0;0;0;0;0;0;0;0;0;0;0;0;0;0;0;0;0;0;0;0;0;0;0;0;0;22807,33;0;22807,33;257,59;0;257,59;23064,92;0;23064,92;0;0;0;23064,92;0;23064,92;0;0;0;13597,04;6743,88;0;0;20340,92;0;0;0;0;0;0;0;1704;0;0;0;1020;0;2724;0;23064,92;1795;0;0;0;0;14765;0;0;0;0;0;0;11965;0;0,03;28525,03;0;0;0;0;0;0;5924,41;0;0;11998,33;1704;0;2150,41;0;0;0;0;0;0;0;4;21781,15;6743,88;0;0;0;0;0;0;0;0;0;0;0;6743,88;0;0;0;0;0;0;0;0;0;0;0;0;28525,03;21781,15;6743,88
1419;LE PRINTEMPS DES PAYS DE LA LOIRE;EUR;2024;0;0;0;0;0;0;0;0;0;0;0;0;0;0;0;28;0;28;0;0;0;0;0;0;0;0;0;0;0;0;0;0;0;0;0;0;28;0;28;0;0;0;0;0;0;0;0;0;0;0;0;0;0;0;0;0;0;5504,28;0;5504,28;0;0;0;5504,28;0;5504,28;0;0;0;5532,28;0;5532,28;2532,32;0;0;0;1679,96;0;0;4212,28;0;0;0;0;0;0;0;1320;0;0;0;0;0;1320;0;5532,28;320;4274;0;0;0;60;0;0;0;0;0;0;0;0;0;4654;0;0;0;0;0;0;0;487,2;90;529,63;1320;0;547,91;0;0;0;0;0;0;0;0;2974,74;1679,26;0;0,7;0;0;0;0,7;0;0;0;0;0,7;1679,96;0;0;0;0;0;0;0;0;0;0;0;0;4654,7;2974,74;1679,96
1420;FONTENAY EN COMMUN;EUR;2024;0;0;0;0;0;0;0;0;0;0;0;0;0;0;0;0;0;0;0;0;0;0;0;0;0;0;0;0;0;0;0;0;0;0;0;0;0;0;0;0;0;0;0;0;0;0;0;0;0;0;0;0;0;0;0;0;0;0;0;0;0;0;0;0;0;0;0;0;0;0;0;0;0;0;0;32112;-32112;0;0;0;0;0;0;0;0;0;0;0;0;0;0;0;0;0;0;0;0;0;0;0;0;0;0;0;0;0;0;0;0;0;0;0;0;0;31157;0;0;0;0;0;0;0;1008;0;124;0;0;0;0;0;0;0;0;32288;-32288;177;0;0;0;0;177;0;0;0;0;177;-32112;0;0;0;0;0;0;0;0;0;0;0;0;177;32288;-32112
1422;COURBEVOIE AU COEUR;EUR;2024;0;0;0;0;0;0;0;0;0;0;0;0;0;0;0;0;0;0;0;0;0;0;0;0;0;0;0;0;0;0;0;0;0;0;0;0;0;0;0;0;0;0;0;0;0;0;0;0;0;0;0;0;0;0;0;0;0;5466;0;5466;0;0;0;5466;0;5466;0;0;0;5466;0;5466;0;0;0;-350;3416;0;0;3066;0;0;0;0;0;0;0;2400;0;0;0;0;0;2400;0;5466;0;0;0;0;0;10520;0;0;0;0;0;0;0;0;0;10520;0;0;0;0;0;0;360;0;0;148;2400;0;4196;0;0;0;0;0;0;0;0;7104;3416;0;0;0;0;0;0;0;0;0;0;0;3416;0;0;0;0;0;0;0;0;0;0;0;0;10520;7104;3416
1423;DEBOUT LES SOCIALISTES ! - COURANT DU PARTI SOCIALISTE (D.L.S. !);EUR;2024;0;0;0;0;0;0;0;0;0;0;0;0;0;0;0;0;0;0;0;0;0;0;0;0;0;0;0;0;0;0;0;0;0;0;0;0;0;0;0;0;0;0;0;0;0;0;0;0;55710;0;55710;0;0;0;0;0;0;26824;0;26824;0;0;0;82534;0;82534;0;0;0;82534;0;82534;0;0;0;57788;18486;0;0;76274;0;0;0;0;0;0;0;6261;0;0;0;0;0;6261;0;82534;0;0;0;0;0;9950;0;0;55710;0;0;0;0;0;0;65660;0;0;0;0;0;0;29190;5059;0;5859;6979;0;87;0;0;0;0;0;0;0;0;47174;18486;0;0;0;0;0;0;0;0;0;0;0;18486;0;0;0;0;0;0;0;0;0;0;0;0;65660;47174;18486
1424;A HERE IA PORINETIA;EUR;2024;0;0;0;0;0;0;0;0;0;0;0;0;0;0;0;0;0;0;0;0;0;0;0;0;0;0;0;0;0;0;0;0;0;1550;0;1550;1550;0;1550;0;0;0;0;0;0;0;0;0;0;0;0;0;0;0;0;0;0;1626;0;1626;0;0;0;1626;0;1626;0;0;0;3176;0;3176;0;0;0;12372;-18569;0;0;-6197;0;0;0;0;0;0;0;3767;5607;0;0;0;0;9374;0;3176;26631;0;18814;0;0;16714;0;0;0;880;0;0;20188;0;3175;86402;0;419;0;0;0;12610;0;0;20855;2114;4551;0;1457;326;40394;19124;0;0;0;0;3120;104971;-18569;0;0;0;0;0;0;0;0;0;0;0;-18569;0;0;0;0;0;0;0;0;0;0;0;0;86402;104971;-18569
1425;FÉDÉRATION PROGRESSISTE;EUR;2024;0;0;0;0;0;0;0;0;0;0;0;0;0;0;0;0;0;0;0;0;0;0;0;0;0;0;0;0;0;0;0;0;0;0;0;0;0;0;0;0;0;0;0;0;0;0;0;0;0;0;0;0;0;0;0;0;0;32807,65;0;32807,65;0;0;0;32807,65;0;32807,65;0;0;0;32807,65;0;32807,65;0;0;0;2287,39;29156,29;0;0;31443,68;0;0;0;0;0;0;0;1363,97;0;0;0;0;0;1363,97;0;32807,65;2070;0;0;0;0;1665;0;0;29700;0;0;0;0;0;0;33435;0;0;0;0;0;0;179,88;2307,36;0;127;1230;0;424,49;0;0;0;0;0;0;0;9,98;4278,71;29156,29;0;0;0;0;0;0;0;0;0;0;0;29156,29;0;0;0;0;0;0;0;0;0;0;0;0;33435;4278,71;29156,29
1426;TESTEAVENIR;EUR;2024;0;0;0;0;0;0;0;0;0;0;0;0;0;0;0;0;0;0;0;0;0;0;0;0;0;0;0;0;0;0;0;0;0;0;0;0;0;0;0;0;0;0;0;0;0;0;0;0;0;0;0;0;0;0;0;0;0;3995;0;3995;0;0;0;3995;0;3995;0;0;0;3995;0;3995;0;0;0;737;1703;0;0;2440;0;0;0;0;0;0;0;1500;0;0;0;0;55;1555;0;3995;2375;680;0;0;0;0;0;0;12020;10342;0;0;0;0;0;25417;0;0;12020;0;0;0;0;0;306;9783;1500;0;106;0;0;0;0;0;0;0;0;23714;1703;0;0;0;0;0;0;0;0;0;0;0;1703;0;0;0;0;0;0;0;0;0;0;0;0;25417;23714;1703
1427;POUR UNE FRANCE POPULAIRE;EUR;2024;0;0;0;0;0;0;0;0;0;0;0;0;0;0;0;0;0;0;0;0;0;0;0;0;0;0;0;0;0;0;0;0;0;0;0;0;0;0;0;0;0;0;0;0;0;0;0;0;0;0;0;0;0;0;0;0;0;45;0;45;0;0;0;45;0;45;0;0;0;45;0;45;0;0;0;-258;-228;0;0;-485;0;0;0;0;0;0;0;235;0;0;0;295;0;530;0;45;0;0;0;0;0;0;0;0;0;0;0;0;0;0;0;0;0;0;0;0;0;0;0;0;0;0;211;0;17;0;0;0;0;0;0;0;0;228;-228;0;0;0;0;0;0;0;0;0;0;0;-228;0;0;0;0;0;0;0;0;0;0;0;0;0;228;-228
1430;AVEC-NANTES ASSOCIATION DE VEILLE ECOLOGISTE ET CITOYENNE-NANTES;EUR;2024;0;0;0;0;0;0;0;0;0;0;0;0;91,25;0;91,25;0;0;0;0;0;0;0;0;0;0;0;0;0;0;0;0;0;0;0;0;0;91,25;0;91,25;0;0;0;0;0;0;0;0;0;0;0;0;0;0;0;0;0;0;16324,25;0;16324,25;0;0;0;16324,25;0;16324,25;0;0;0;16415,5;0;16415,5;0;0;0;3816,79;8397,88;555,15;0;12769,82;0;0;0;0;0;0;0;0;0;0;0;3645,68;0;3645,68;0;16415,5;70;11720;0;0;0;0;0;0;0;0;0;0;0;0;0;11790;0;0;0;0;0;0;0;0;24;82,52;630;0;2657,13;0;0;0;0;0;0;0;0;3393,65;8396,35;0;0;1,53;0;0;1,53;0;0;0;0;1,53;8397,88;0;0;0;0;0;0;0;0;0;0;0;0;11791,53;3393,65;8397,88
1431;L'AVENIR;EUR;2024;0;0;0;0;0;0;0;0;0;0;0;0;0;0;0;0;0;0;0;0;0;0;0;0;0;0;0;0;0;0;0;0;0;0;0;0;0;0;0;0;0;0;0;0;0;0;0;0;0;0;0;0;0;0;0;0;0;717;0;717;0;0;0;717;0;717;0;0;0;717;0;717;785;0;0;0;-2048;0;0;-1263;0;0;0;0;0;200;0;1780;0;0;0;0;0;1980;0;717;90;0;0;0;0;0;0;0;0;0;0;0;0;0;0;90;0;0;0;0;0;0;0;996;0;0;1140;0;0;0;0;0;0;0;0;0;0;2136;-2046;0;0;0;0;0;0;0;2;0;2;-2;-2048;0;0;0;0;0;0;0;0;0;0;0;0;90;2138;-2048
1432;NOUVEL ESSOR FRANÇAIS;EUR;2024;0;0;0;0;0;0;0;0;0;0;0;0;0;0;0;0;0;0;0;0;0;0;0;0;0;0;0;0;0;0;0;0;0;0;0;0;0;0;0;0;0;0;0;0;0;0;0;0;0;0;0;30;0;30;0;0;0;1139,92;0;1139,92;273,18;0;273,18;1443,1;0;1443,1;0;0;0;1443,1;0;1443,1;0;0;0;1215;-851,9;0;0;363,1;0;0;0;0;0;0;0;1080;0;0;0;0;0;1080;0;1443,1;2150;560;0;0;0;1460;0;0;0;0;0;0;722,01;0;0;4892,01;0;0;0;0;0;0;0;0;0;331,2;1320;0;3240,29;0;0;0;0;0;0;0;852,42;5743,91;-851,9;0;0;0;0;0;0;0;0;0;0;0;-851,9;0;0;0;0;0;0;0;0;0;0;0;0;4892,01;5743,91;-851,9
1433;UNE FORCE POUR LE VIVANT;EUR;2024;0;0;0;0;0;0;0;0;0;0;0;0;0;0;0;30;0;30;0;0;0;0;0;0;0;0;0;0;0;0;0;0;0;0;0;0;30;0;30;0;0;0;0;0;0;0;0;0;0;0;0;0;0;0;0;0;0;90;0;90;59;0;59;149;0;149;0;0;0;179;0;179;0;0;0;-366;545;0;0;179;0;0;0;0;0;0;0;0;0;0;0;0;0;0;0;179;25;0;0;0;0;1212;0;0;0;0;0;0;0;0;0;1237;0;0;0;0;0;0;0;169;0;0;420;0;103;0;0;0;0;0;0;0;0;692;545;0;0;0;0;0;0;0;0;0;0;0;545;0;0;0;0;0;0;0;0;0;0;0;0;1237;692;545
1436;LA RÉUNION PLUS VERTE;EUR;2024;0;0;0;0;0;0;0;0;0;0;0;0;0;0;0;0;0;0;0;0;0;0;0;0;0;0;0;0;0;0;0;0;0;0;0;0;0;0;0;0;0;0;0;0;0;0;0;0;0;0;0;23;0;23;0;0;0;171,7;0;171,7;0;0;0;194,7;0;194,7;0;0;0;194,7;0;194,7;0;0;0;-1049,8;-524,5;0;0;-1574,3;0;0;0;0;0;0;0;1769;0;0;0;0;0;1769;0;194,7;80;0;0;0;0;1201;0;0;0;0;0;0;0;0;0;1281;0;0;0;0;0;0;0;0;0;0;1768,55;0;36,95;0;0;0;0;0;0;0;0;1805,5;-524,5;0;0;0;0;0;0;0;0;0;0;0;-524,5;0;0;0;0;0;0;0;0;0;0;0;0;1281;1805,5;-524,5
1438;EUROPE ÉGALITÉ ÉCOLOGIE !;EUR;2024;0;0;0;0;0;0;0;0;0;0;0;0;0;0;0;0;0;0;0;0;0;0;0;0;0;0;0;0;0;0;0;0;0;0;0;0;0;0;0;0;0;0;0;0;0;0;0;0;0;0;0;37413;0;37413;0;0;0;293;0;293;0;0;0;37706;0;37706;0;0;0;37706;0;37706;0;0;0;3122;-926;0;0;2196;0;0;0;0;0;31955;0;2400;0;1155;0;0;0;35511;0;37706;0;0;0;0;0;76810;-1155;0;15000;0;0;0;0;0;0;90655;80995;0;0;0;0;0;0;7794;0;0;2400;0;392;0;0;0;0;0;0;0;0;91581;-926;0;0;0;0;0;0;0;0;0;0;0;-926;0;0;0;0;0;0;0;0;0;0;0;0;90655;91581;-926
1439;IA ORA TE NUNA'A;EUR;2024;0;0;0;0;0;0;0;0;0;0;0;0;0;0;0;0;0;0;0;0;0;0;0;0;0;0;0;0;0;0;0;0;0;0;0;0;0;0;0;0;0;0;0;0;0;0;0;0;0;0;0;0;0;0;0;0;0;40585;0;40585;0;0;0;40585;0;40585;0;0;0;40585;0;40585;0;0;0;18086;19532;0;0;37617;0;0;0;0;0;0;0;2968;0;0;0;0;0;2968;0;40585;934;8;0;0;0;4426;0;33407;0;0;0;0;349;0;0;39124;0;0;1257;0;0;0;0;0;11650;0;2910;0;3776;0;0;0;0;0;0;0;0;19593;19532;0;0;0;0;0;0;0;0;0;0;0;19532;0;0;0;0;0;0;0;0;0;0;0;0;39124;19593;19532
1440;LE VAL-DE-MARNE NOUS UNIT;EUR;2024;0;0;0;0;0;0;0;0;0;0;0;0;0;0;0;0;0;0;0;0;0;0;0;0;0;0;0;0;0;0;0;0;0;0;0;0;0;0;0;0;0;0;0;0;0;0;0;0;0;0;0;0;0;0;0;0;0;12784,71;0;12784,71;0;0;0;12784,71;0;12784,71;0;0;0;12784,71;0;12784,71;0;0;0;7018,44;3606,27;0;0;10624,71;0;0;0;0;0;0;0;2160;0;0;0;0;0;2160;0;12784,71;0;12450;0;0;0;0;0;0;0;0;0;0;0;0;4,1;12454,1;0;0;0;0;0;0;0;0;0;316,12;3120;0;5085,27;0;0;0;0;0;0;0;326,44;8847,83;3606,27;0;0;0;0;0;0;0;0;0;0;0;3606,27;0;0;0;0;0;0;0;0;0;0;0;0;12454,1;8847,83;3606,27
1441;SAINT-PAUL À COEUR;EUR;2024;0;0;;0;0;0;0;0;0;0;0;0;0;0;0;0;0;0;0;0;0;0;0;0;0;0;0;0;0;0;0;0;0;0;0;0;0;0;0;0;0;0;0;0;0;0;0;0;0;0;0;0;0;0;0;0;0;1650;0;1650;50;0;50;1700;0;1700;0;0;0;1700;0;1700;0;0;0;-288;1028;0;0;740;0;0;0;0;0;0;0;960;0;0;0;0;0;960;0;1700;875;1000;0;0;0;6405;0;0;0;0;0;0;0;0;0;8280;0;0;0;0;0;0;0;5808;245;0;960;0;0;0;0;0;0;0;0;0;239;7252;1028;0;0;0;0;0;0;0;0;0;0;0;1028;0;0;0;0;0;0;0;0;0;0;0;0;8280;7252;1028
1442;ENSEMBLE, LA SEINE-MARITIME !;EUR;2024;0;0;0;0;0;0;0;0;0;1191;228;964;0;0;0;0;0;0;0;0;0;0;0;0;0;0;0;0;0;0;0;0;0;0;0;0;1191;228;964;0;0;0;0;0;0;0;0;0;0;0;0;14880;0;14880;0;0;0;10809;0;10809;0;0;0;25689;0;25689;0;0;0;26881;228;26653;14207;0;0;0;8629;0;0;22836;0;0;0;0;0;0;0;3817;0;0;0;0;0;3817;0;26653;1080;11800;0;0;0;1460;0;0;0;0;0;0;0;0;0;14340;0;0;0;0;0;0;0;0;0;1883;3060;0;540;0;0;0;228;0;0;0;0;5711;8629;0;0;0;0;0;0;0;0;0;0;0;8629;0;0;0;0;0;0;0;0;0;0;0;0;14340;5711;8629
1443;POUR LES PRADETANS (PLP);EUR;2024;0;0;0;0;0;0;0;0;0;0;0;0;0;0;0;0;0;0;0;0;0;0;0;0;0;0;0;0;0;0;0;0;0;0;0;0;0;0;0;0;0;0;0;0;0;0;0;0;0;0;0;0;0;0;0;0;0;-78;0;-78;0;0;0;-78;0;-78;0;0;0;-78;0;-78;0;0;0;0;-78;0;0;-78;0;0;0;0;0;0;0;0;0;0;0;0;0;0;0;-78;5291;9000;0;0;0;0;0;0;0;0;0;0;0;0;0;14291;0;0;0;0;0;0;0;1445;9822;0;0;0;3101;0;0;0;0;0;0;0;0;14369;-78;0;0;0;0;0;0;0;0;0;0;0;-78;0;0;0;0;0;0;0;0;0;0;0;0;14291;14369;-78
1445;UPSGF - UNION POUR SAINT-GERMAIN FOURQUEUX;EUR;2024;0;0;0;0;0;0;0;0;0;0;0;0;0;0;0;0;0;0;0;0;0;0;0;0;0;0;0;0;0;0;0;0;0;0;0;0;0;0;0;0;0;0;0;0;0;0;0;0;0;0;0;0;0;0;0;0;0;1234,34;0;1234,34;0;0;0;1234,34;0;1234,34;0;0;0;1234,34;0;1234,34;0;0;0;-1640,4;-1331,26;0;0;-2971,66;0;0;0;0;0;0;0;4206;0;0;0;0;0;4206;0;1234,34;0;2175;0;0;0;2235;0;0;0;0;0;0;0;0;0;4410;0;0;0;0;0;0;0;0;0;900;4206;0;635,26;0;0;0;0;0;0;0;0;5741,26;-1331,26;0;0;0;0;0;0;0;0;0;0;0;-1331,26;0;0;0;0;0;0;0;0;0;0;0;0;4410;5741,26;-1331,26
1446;GAUCHE ÉCOSOCIALISTE;EUR;2024;0;0;0;0;0;0;0;0;0;4555,89;1324,3;3231,59;0;0;0;0;0;0;0;0;0;76210,32;0;76210,32;0;0;0;0;0;0;0;0;0;570;0;570;81336,21;1324,3;80011,91;0;0;0;352,66;0;352,66;0;0;0;0;0;0;335,5;0;335,5;0;0;0;192713,82;0;192713,82;434,74;0;434,74;193836,72;0;193836,72;0;0;0;275172,93;1324,3;273848,63;0;184947,16;0;0;82973,14;0;0;267920,3;0;0;0;0;0;0;0;4006,8;1528,95;0;0;392,58;0;5928,33;0;273848,63;144891;30046,51;0;0;0;18139,51;0;0;15019;0;0;2835,5;2618,5;0;19,85;213569,87;0;2835,5;0;0;930;0;13174,96;2756;22192,6;20429,57;18470,28;0;24611,43;95,94;17686;5739,86;1024,51;0;0;0;652,62;130599,27;82970,6;0;0;2,54;0;0;2,54;0;0;0;0;2,54;82973,14;0;0;0;0;0;0;0;0;0;0;0;0;213572,41;130599,27;82973,14
1447;L'OBSERVATOIRE DE CASTELNAU-LE-LEZ - URBANISME ET QUALITÉ DE VIE;EUR;2024;0;0;0;0;0;0;0;0;0;0;0;0;0;0;0;0;0;0;0;0;0;0;0;0;0;0;0;0;0;0;0;0;0;0;0;0;0;0;0;0;0;0;0;0;0;0;0;0;0;0;0;0;0;0;0;0;0;9154,31;0;9154,31;835,2;0;835,2;9989,51;0;9989,51;0;0;0;9989,51;0;9989,51;0;0;0;1771,38;4284,25;0;0;6055,63;0;0;0;0;0;0;0;3933,88;0;0;0;0;0;3933,88;0;9989,51;4340;0;0;0;0;17030;0;0;0;0;0;0;0;0;0;21370;0;0;0;0;0;0;0;0;0;2668,75;2820;0;11597;0;0;0;0;0;0;0;0;17085,75;4284,25;0;0;0;0;0;0;0;0;0;0;0;4284,25;0;0;0;0;0;0;0;0;0;0;0;0;21370;17085,75;4284,25
1448;NATURELLEMENT ENSEMBLE;EUR;2024;0;0;0;0;0;0;0;0;0;0;0;0;0;0;0;0;0;0;0;0;0;0;0;0;0;0;0;0;0;0;0;0;0;0;0;0;0;0;0;0;0;0;0;0;0;0;0;0;0;0;0;0;0;0;0;0;0;15543;0;15543;0;0;0;15543;0;15543;0;0;0;15543;0;15543;0;0;0;0;8722;2501;0;11223;0;0;0;0;0;0;0;4320;0;0;0;0;0;4320;0;15543;0;13920;0;0;0;0;0;0;0;0;0;0;0;0;0;13920;0;0;0;0;0;0;0;0;0;1015;3600;0;584;0;0;0;0;0;0;0;0;5199;8722;0;0;0;0;0;0;0;0;0;0;0;8722;0;0;0;0;0;0;0;0;0;0;0;0;13920;5199;8722
1449;AIMER LE GARD, SERVIR LA FRANCE !;EUR;2024;0;0;0;0;0;0;0;0;0;0;0;0;0;0;0;0;0;0;0;0;0;0;0;0;0;0;0;0;0;0;0;0;0;0;0;0;0;0;0;0;0;0;0;0;0;0;0;0;0;0;0;0;0;0;0;0;0;0;0;0;0;0;0;0;0;0;0;0;0;0;0;0;0;0;0;-200;-200;0;0;-400;0;0;0;0;0;0;0;400;0;0;0;0;0;400;0;0;0;0;0;0;0;0;0;0;0;0;0;0;0;0;0;0;0;0;0;0;0;0;0;0;0;0;200;0;0;0;0;0;0;0;0;0;0;200;-200;0;0;0;0;0;0;0;0;0;0;0;-200;0;0;0;0;0;0;0;0;0;0;0;0;0;200;-200
1450;DROITE LYONNAISE ET MÉTROPOLITAINE;EUR;2024;0;0;0;0;0;0;0;0;0;0;0;0;0;0;0;0;0;0;0;0;0;0;0;0;0;0;0;0;0;0;0;0;0;0;0;0;0;0;0;0;0;0;0;0;0;0;0;0;0;0;0;0;0;0;0;0;0;0;0;0;0;0;0;0;0;0;0;0;0;0;0;0;0;0;0;-480;-143;0;0;-623;0;0;0;23;0;0;0;600;0;0;0;0;0;623;0;0;0;0;0;0;0;0;0;0;600;0;0;0;0;0;0;600;0;0;0;0;0;0;0;0;0;0;600;0;143;0;0;0;0;0;0;0;0;743;-143;0;0;0;0;0;0;0;0;0;0;0;-143;0;0;0;0;0;0;0;0;0;0;0;0;600;743;-143
1451;DÉFI DUNKERQUOIS;EUR;2024;0;0;0;0;0;0;0;0;0;0;0;0;0;0;0;0;0;0;0;0;0;0;0;0;0;0;0;0;0;0;0;0;0;0;0;0;0;0;0;0;0;0;0;0;0;0;0;0;0;0;0;0;0;0;0;0;0;236;0;236;0;0;0;236;0;236;0;0;0;236;0;236;;0;0;2618;-5262;0;0;-2644;0;0;0;0;0;0;0;2880;0;0;0;0;0;2880;0;236;1645;80;0;0;0;1090;0;0;0;4807;0;0;0;0;0;7622;0;0;0;0;0;0;315;0;370;7199;3360;0;1640;0;0;0;0;0;0;0;0;12884;-5262;0;0;0;0;0;0;0;0;0;0;0;-5262;0;0;0;0;0;0;0;0;0;0;0;0;7622;12884;-5262
1452;ASSOCIATION DES ÉLUS SOCIALISTES DE LA RÉGION AUVERGNE-RHÔNE-ALPES;EUR;2024;0;0;0;0;0;0;0;0;0;0;0;0;0;0;0;0;0;0;0;0;0;0;0;0;0;0;0;0;0;0;0;0;0;0;0;0;0;0;0;0;0;0;0;0;0;0;0;0;0;0;0;0;0;0;0;0;0;22463,39;0;22463,39;0;0;0;22463,39;0;22463,39;0;0;0;22463,39;0;22463,39;0;0;0;4023,15;17702,24;0;0;21725,39;0;0;0;0;0;0;0;738;0;0;0;0;0;738;0;22463,39;11340;0;0;0;0;0;0;8511,43;0;0;0;0;0;0;0;19851,43;0;0;0;0;0;0;0;666,24;0;632,51;738;0;299,94;0;0;0;0;0;0;0;0;2336,69;17514,74;0;0;187,5;0;0;187,5;0;0;0;0;187,5;17702,24;0;0;0;0;0;0;0;0;0;0;0;0;20038,93;2336,69;17702,24
1453;CHANGEMENT CITOYEN;EUR;2024;0;0;0;0;0;0;0;0;0;0;0;0;0;0;0;0;0;0;0;0;0;0;0;0;0;0;0;0;0;0;0;0;0;0;0;0;0;0;0;0;0;0;0;0;0;0;0;0;0;0;0;0;0;0;0;0;0;125,3;0;125,3;0;0;0;125,3;0;125,3;0;0;0;125,3;0;125,3;0;0;0;287,65;-642,35;0;0;-354,7;0;0;0;0;0;0;0;480;0;0;0;0;0;480;0;125,3;471,16;0;0;0;0;1230,18;0;0;0;0;0;0;0;0;0;1701,34;0;0;0;0;0;0;0;1540,2;0;0;300;0;503,49;0;0;0;0;0;0;0;0;2343,69;-642,35;0;0;0;0;0;0;0;0;0;0;0;-642,35;0;0;0;0;0;0;0;0;0;0;0;0;1701,34;2343,69;-642,35
1454;POUR UNE RÉPUBLIQUE SOCIALE;EUR;2024;0;0;0;0;0;0;0;0;0;0;0;0;0;0;0;0;0;0;0;0;0;0;0;0;0;0;0;0;0;0;0;0;0;0;0;0;0;0;0;0;0;0;0;0;0;0;0;0;0;0;0;0;0;0;0;0;0;318,52;0;318,52;0;0;0;318,52;0;318,52;0;0;0;318,52;0;318,52;0;0;0;-180;18,52;0;0;-161,48;0;0;0;0;0;0;0;480;0;0;0;0;0;480;0;318,52;880;0;0;0;0;0;0;0;0;0;0;0;0;0;0;880;0;0;0;0;0;0;0;0;0;0;480;0;250,54;0;0;0;0;0;0;0;130,94;861,48;18,52;0;0;0;0;0;0;0;0;0;0;0;18,52;0;0;0;0;0;0;0;0;0;0;0;0;880;861,48;18,52
1455;TERRE D'AVENIR;EUR;2024;0;0;0;0;0;0;0;0;0;0;0;0;0;0;0;0;0;0;0;0;0;0;0;0;0;0;0;0;0;0;0;0;0;0;0;0;0;0;0;0;0;0;0;0;0;0;0;0;0;0;0;1055;0;1055;0;0;0;15971,92;0;15971,92;0;0;0;17026,92;0;17026,92;1644,7;0;1644,7;18671,62;0;18671,62;0;0;0;5447,68;4696,78;3829,56;0;13974,02;0;0;0;0;0;0;0;2172,6;0;0;0;2525;0;4697,6;0;18671,62;13320;0;0;0;0;2872,2;0;0;0;0;0;0;0;0;10,41;16202,61;0;0;0;0;0;0;0;1785,57;0;5130,89;2172,6;0;311,77;0;0;0;0;0;0;0;2105;11505,83;4696,78;0;0;0;0;0;0;0;0;0;0;0;4696,78;0;0;0;0;0;0;0;0;0;0;0;0;16202,61;11505,83;4696,78
1457;100% VESOUL;EUR;2024;0;0;0;0;0;0;0;0;0;0;0;0;0;0;0;0;0;0;0;0;0;0;0;0;0;0;0;0;0;0;0;0;0;0;0;0;0;0;0;0;0;0;0;0;0;0;0;0;0;0;0;0;0;0;0;0;0;10319;0;10319;0;0;0;10319;0;10319;0;0;0;10319;0;10319;10970;0;0;0;-651;0;0;10319;0;0;0;0;0;0;0;0;0;0;0;0;0;0;0;10319;60;0;0;0;0;0;0;0;0;0;0;0;0;0;0;60;0;0;0;0;0;0;0;0;0;0;600;0;0;0;0;0;0;0;0;0;0;600;-540;0;0;0;0;0;0;0;111;0;111;-111;-651;0;0;0;0;0;0;0;0;0;0;0;0;60;711;-651
1458;RASSEMBLEMENT RÉUNION;EUR;2024;0;0;0;0;0;0;0;0;0;0;0;0;0;0;0;0;0;0;0;0;0;0;0;0;0;0;0;0;0;0;0;0;0;0;0;0;0;0;0;0;0;0;0;0;0;0;0;0;0;0;0;0;0;0;0;0;0;0;0;0;0;0;0;0;0;0;0;0;0;0;0;0;0;0;0;0;-120;0;0;-120;0;0;0;0;0;0;0;120;0;0;0;0;0;120;0;0;0;0;0;0;0;0;0;0;0;0;0;0;0;0;0;0;0;0;0;0;0;0;0;0;0;0;120;0;0;0;0;0;0;0;0;0;0;120;-120;0;0;0;0;0;0;0;0;0;0;0;-120;0;0;0;0;0;0;0;0;0;0;0;0;0;120;-120
1459;PARIS EN GRAND;EUR;2024;0;0;0;0;0;0;0;0;0;0;0;0;0;0;0;305;0;305;0;0;0;0;0;0;0;0;0;0;0;0;0;0;0;0;0;0;305;0;305;0;0;0;0;0;0;0;0;0;0;0;0;0;0;0;0;0;0;116033,51;0;116033,51;236,66;0;236,66;116270,17;0;116270,17;0;0;0;116575,17;0;116575,17;0;0;0;135160,38;-26640,21;0;0;108520,17;0;0;0;0;0;0;0;7440;615;0;0;0;0;8055;0;116575,17;0;0;0;0;0;11910;0;5984,03;0;0;0;0;0;0;0;17894,03;0;0;0;0;0;0;0;10,33;0;11178,51;7440;0;27814,92;0;0;0;0;0;0;0;0;46443,76;-28549,73;0;0;2512,52;0;0;2512,52;0;0;0;0;2512,52;-26037,21;0;0;0;0;0;0;0;0;0;603;0;0;20406,55;47046,76;-26640,21
1460;LA RÉPUBLIQUE EN COMMUN;EUR;2024;0;0;0;0;0;0;0;0;0;1030;177;853;15;0;15;0;0;0;0;0;0;7500;0;7500;0;0;0;0;0;0;0;0;0;0;0;0;8545;177;8368;0;0;0;122;0;122;0;0;0;152898;0;152898;0;0;0;0;0;0;181418;0;181418;0;0;0;334438;0;334438;0;0;0;342983;177;342805;300028;0;0;0;34354;0;0;334382;0;0;0;0;0;0;0;8423;0;0;0;0;0;8423;0;342805;0;0;0;0;0;183247;0;0;152898;39405;0;0;0;0;0;375550;0;0;0;0;0;0;147848;0;14793;62806;14040;0;100033;0;0;0;177;0;0;0;0;339696;35854;0;0;0;0;0;0;0;0;0;0;0;35854;0;0;0;0;0;1500;0;1500;-1500;0;0;0;375550;341196;34354
1462;ARCHIPEL CITOYEN;EUR;2024;0;0;0;0;0;0;0;0;0;0;0;0;0;0;0;0;0;0;0;0;0;0;0;0;0;0;0;0;0;0;0;0;0;0;0;0;0;0;0;0;0;0;0;0;0;0;0;0;0;0;0;0;0;0;0;0;0;7059;0;7059;280;0;280;7339;0;7339;0;0;0;7339;0;7339;0;0;0;199;4101;0;0;4300;0;0;0;0;0;0;0;3040;0;0;0;0;0;3040;0;7339;2510;0;0;0;0;7994;0;0;0;0;0;0;0;0;0;10504;0;0;0;0;46;0;0;565;60;218;3600;0;1666;0;0;0;0;0;0;0;247;6403;4101;0;0;0;0;0;0;0;0;0;0;0;4101;0;0;0;0;0;0;0;0;0;0;0;0;10504;6403;4101
1463;RÉUSSIR FORBACH;EUR;2024;0;0;0;0;0;0;0;0;0;0;0;0;0;0;0;0;0;0;0;0;0;0;0;0;0;0;0;0;0;0;0;0;0;0;0;0;0;0;0;0;0;0;0;0;0;0;0;0;0;0;0;0;0;0;0;0;0;22367;0;22367;0;0;0;22367;0;22367;0;0;0;22367;0;22367;0;0;0;12990;9377;0;0;22367;0;0;0;0;0;0;0;0;0;0;0;0;0;0;0;22367;3930;4140;0;0;0;3890;0;0;0;0;0;0;0;0;0;11960;0;0;0;0;0;0;0;0;0;454;900;0;1229;0;0;0;0;0;0;0;0;2583;9377;0;0;0;0;0;0;0;0;0;0;0;9377;0;0;0;0;0;0;0;0;0;0;0;0;11960;2583;9377
1466;NPA L'ANTICAPITALISTE;EUR;2024;0;0;0;30000;0;30000;180693;0;180693;110629;97949;12680;0;0;0;1952;0;1952;0;0;0;9856;0;9856;0;0;0;0;0;0;1000;0;1000;5850;0;5850;339980;97949;242031;59501;0;59501;0;0;0;3080;0;3080;0;0;0;26413;0;26413;0;0;0;2107216;0;2107216;13019;0;13019;2209230;0;2209230;0;0;0;2549210;97949;2451260;535480;0;0;993677;810286;0;-51775;2287668;0;3010;3010;0;0;0;0;115954;27722;0;0;5713;11194;160582;0;2451260;588247;0;0;0;0;488796;0;0;24480;164310;0;2414;481618;0;24;1749889;8144;2414;988834;0;5785;148989;175066;247020;77801;49383;58653;0;239489;27792;230689;73051;6861;0;3010;0;624;2343605;-593716;0;0;19;0;0;19;0;0;0;0;19;-593697;3076;2150000;0;2153076;2017;638918;0;640935;1512141;0;0;108157;3902983;3092697;810286
1467;POUR VILLIERS;EUR;2024;0;0;0;0;0;0;0;0;0;0;0;0;0;0;0;0;0;0;0;0;0;0;0;0;0;0;0;0;0;0;0;0;0;30;0;30;30;0;30;0;0;0;0;0;0;0;0;0;0;0;0;0;0;0;0;0;0;2033,3;0;2033,3;0;0;0;2033,3;0;2033,3;0;0;0;2063,3;0;2063,3;0;0;0;709,32;153,98;0;0;863,3;0;0;0;0;0;0;0;0;0;0;0;1200;0;1200;0;2063,3;500;0;0;0;0;5330;0;0;0;0;0;0;0;0;0;5830;0;0;0;0;0;0;0;0;2460;1823,39;1200;102;90,63;0;0;0;0;0;0;0;0;5676,02;153,98;0;0;0;0;0;0;0;0;0;0;0;153,98;0;0;0;0;0;0;0;0;0;0;0;0;5830;5676,02;153,98
1468;DEMAIN MONTMORENCY;EUR;2024;0;0;0;0;0;0;0;0;0;0;0;0;0;0;0;0;0;0;0;0;0;0;0;0;0;0;0;0;0;0;0;0;0;0;0;0;0;0;0;0;0;0;0;0;0;0;0;0;0;0;0;0;0;0;0;0;0;0;0;0;0;0;0;0;0;0;0;0;0;0;0;0;0;0;0;960;-960;0;0;0;0;0;0;0;0;0;0;-960;0;0;0;960;0;0;0;0;0;0;0;0;0;0;0;0;0;0;0;0;0;0;0;0;0;0;0;0;0;0;0;0;0;0;960;0;0;0;0;0;0;0;0;0;0;960;-960;0;0;0;0;0;0;0;0;0;0;0;-960;0;0;0;0;0;0;0;0;0;0;0;0;0;960;-960
1469;PARIS VILLAGE;EUR;2024;0;0;0;0;0;0;0;0;0;0;0;0;0;0;0;0;0;0;0;0;0;0;0;0;0;0;0;0;0;0;0;0;0;0;0;0;0;0;0;0;0;0;0;0;0;0;0;0;0;0;0;0;0;0;0;0;0;0;0;0;0;0;0;0;0;0;0;0;0;0;0;0;0;0;0;-360;-360;0;0;-720;0;0;0;0;0;0;0;720;0;0;0;0;0;720;0;0;0;0;0;0;0;0;0;0;0;0;0;0;0;0;0;0;0;0;0;0;0;0;0;0;0;0;360;0;0;0;0;0;0;0;0;0;0;360;-360;0;0;0;0;0;0;0;0;0;0;0;-360;0;0;0;0;0;0;0;0;0;0;0;0;0;360;-360
1470;REFONDATIONS;EUR;2024;0;0;0;0;0;0;0;0;0;0;0;0;0;0;0;0;0;0;0;0;0;0;0;0;0;0;0;0;0;0;0;0;0;0;0;0;0;0;0;0;0;0;0;0;0;0;0;0;0;0;0;0;0;0;0;0;0;0;0;0;0;0;0;0;0;0;0;0;0;0;0;0;0;0;0;0;-3984;0;0;-3984;0;0;0;0;0;0;0;3984;0;0;0;0;0;3984;0;0;0;0;0;0;0;0;0;0;0;0;0;0;0;0;0;0;0;0;0;0;0;0;0;0;0;0;3984;0;0;0;0;0;0;0;0;0;0;3984;-3984;0;0;0;0;0;0;0;0;0;0;0;-3984;0;0;0;0;0;0;0;0;0;0;0;0;0;3984;-3984
1471;L'AVEYRON POUR TOUS;EUR;2024;0;0;0;0;0;0;0;0;0;0;0;0;0;0;0;0;0;0;0;0;0;0;0;0;0;0;0;0;0;0;0;0;0;0;0;0;0;0;0;0;0;0;0;0;0;0;0;0;0;0;0;0;0;0;0;0;0;11890,58;0;11890,58;0;0;0;11890,58;0;11890,58;0;0;0;11890,58;0;11890,58;12424,08;0;0;0;-1383,5;0;0;11040,58;0;0;0;0;0;0;0;850;0;0;0;0;0;850;0;11890,58;240;6620;0;0;0;2240;0;0;0;2880;0;0;0;0;0;11980;0;0;0;0;0;0;11215,92;200,14;0;402,8;1082,8;0;461,84;0;0;0;0;0;0;0;0;13363,5;-1383,5;0;0;0;0;0;0;0;0;0;0;0;-1383,5;0;0;0;0;0;0;0;0;0;0;0;0;11980;13363,5;-1383,5
1472;LA GAUCHE QU'ON AIME;EUR;2024;0;0;0;0;0;0;0;0;0;0;0;0;0;0;0;0;0;0;0;0;0;0;0;0;0;0;0;0;0;0;0;0;0;0;0;0;0;0;0;0;0;0;0;0;0;0;0;0;0;0;0;0;0;0;0;0;0;529;0;529;124;0;124;653;0;653;0;0;0;653;0;653;0;0;0;0;-6562;0;;-6562;0;0;0;0;0;0;0;5945;1199;0;0;70;0;7214;0;653;6060;0;0;0;0;8900;0;0;0;0;0;0;0;0;0;14960;0;0;0;0;0;0;0;0;0;308;3984;0;10153;0;0;0;0;0;0;0;7077;21522;-6562;0;0;0;0;0;0;0;0;0;0;0;-6562;0;0;0;0;0;0;0;0;0;0;0;0;14960;21522;-6562
1473;LOIRE-ATLANTIQUE À GAUCHE;EUR;2024;0;0;0;0;0;0;0;0;0;0;0;0;0;0;0;15;0;15;0;0;0;0;0;0;0;0;0;0;0;0;0;0;0;0;0;0;15;0;15;0;0;0;0;0;0;0;0;0;0;0;0;0;0;0;0;0;0;30046,41;0;30046,41;0;0;0;30046,41;0;30046,41;0;0;0;30061,41;0;30061,41;3406,86;0;0;0;25364,55;0;0;28771,41;0;0;0;0;0;0;0;1290;0;0;0;0;0;1290;0;30061,41;0;4080;0;0;0;4720;0;0;25983,5;0;0;0;0;0;0;34783,5;0;0;0;0;0;0;0;6211,13;55;1035,62;1290;0;701,01;0;0;0;0;0;0;0;126,19;9418,95;25364,55;0;0;0;0;0;0;0;0;0;0;0;25364,55;0;0;0;0;0;0;0;0;0;0;0;0;34783,5;9418,95;25364,55
1475;LE RASSEMBLEMENT POUR LA RÉPUBLIQUE;EUR;2024;0;0;0;2078;566;1513;0;0;0;1784;201;1583;0;0;0;0;0;0;0;0;0;0;0;0;0;0;0;0;0;0;0;0;0;0;0;0;3862;766;3096;0;0;0;0;0;0;0;0;0;0;0;0;0;0;0;0;0;0;10907;0;10907;0;0;0;10907;0;10907;0;0;0;14769;766;14002;0;0;0;0;7926;0;0;7926;0;0;0;0;0;0;0;6077;0;0;0;0;0;6077;0;14002;20390;0;0;0;0;0;0;0;15000;0;0;0;0;0;0;35390;0;0;0;0;0;0;0;0;707;0;25680;0;311;0;0;0;766;0;0;0;0;27464;7926;0;0;0;0;0;0;0;0;0;0;0;7926;0;0;0;0;0;0;0;0;0;0;0;0;35390;27464;7926
1476;RÉSILIENCE - RURALE & HUMANISTE;EUR;2024;0;0;0;0;0;0;0;0;0;0;0;0;0;0;0;0;0;0;0;0;0;0;0;0;0;0;0;0;0;0;0;0;0;0;0;0;0;0;0;0;0;0;0;0;0;0;0;0;0;0;0;105;0;105;0;0;0;282;0;282;0;0;0;387;0;387;0;0;0;387;0;387;0;0;0;491;-104;0;0;387;0;0;0;0;0;0;0;0;0;0;0;0;0;0;0;387;790;0;0;0;0;0;0;0;0;0;0;0;0;0;0;790;0;0;0;0;0;0;0;0;894;0;0;0;0;0;0;0;0;0;0;0;0;894;-104;0;0;0;0;0;0;0;0;0;0;0;-104;0;0;0;0;0;0;0;0;0;0;0;0;790;894;-104
1477;UNITÉ NATIONALE CITOYENNE;EUR;2024;0;0;0;0;0;0;0;0;0;0;0;0;0;0;0;0;0;0;0;0;0;0;0;0;0;0;0;0;0;0;0;0;0;0;0;0;0;0;0;0;0;0;0;0;0;0;0;0;0;0;0;0;0;0;0;0;0;497;0;497;0;0;0;497;0;497;0;0;0;497;0;497;0;0;0;1897;-1399;0;0;497;0;0;0;0;0;0;0;0;0;0;0;0;0;0;0;497;839;0;0;0;0;2530;0;0;0;0;0;0;0;0;0;3369;0;0;0;0;0;0;0;0;0;0;4434;0;333;0;0;0;0;0;0;0;0;4768;-1399;0;0;0;0;0;0;0;0;0;0;0;-1399;0;0;0;0;0;0;0;0;0;0;0;0;3369;4768;-1399
1478;LA DÉMOCRATIE NOUVELLE-CALÉDONIE;EUR;2024;0;0;0;0;0;0;0;0;0;0;0;0;0;0;0;0;0;0;0;0;0;0;0;0;0;0;0;0;0;0;0;0;0;0;0;0;0;0;0;0;0;0;0;0;0;0;0;0;0;0;0;0;0;0;0;0;0;1955,392609;0;1955,392609;0;0;0;1955,392609;0;1955,392609;0;0;0;1955,392609;0;1955,392609;0;0;0;-1490,304198;1002,891142;0;0;-487,4130562;0;0;0;0;0;0;0;2442,805665;0;0;0;0;0;2442,805665;0;1955,392609;159,2223246;0;0;0;0;3467,77843;0;0;0;0;0;0;0;0;0;3627,000754;0;0;0;0;0;0;0;0;0;0;2442,805665;0;282,4101232;0;0;0;0;0;0;0;0;2725,215788;901,7849661;0;0;0;0;0;0;0;0;0;0;0;901,7849661;101,1061762;0;0;101,1061762;0;0;0;0;101,1061762;0;0;0;3728,10693;2725,215788;1002,891142
1479;GÉNÉRATIONS MANTES-LA-JOLIE;EUR;2024;0;0;0;0;0;0;0;0;0;0;0;0;0;0;0;0;0;0;0;0;0;0;0;0;0;0;0;0;0;0;0;0;0;0;0;0;0;0;0;0;0;0;0;0;0;0;0;0;0;0;0;0;0;0;0;0;0;8641;0;8641;0;0;0;8641;0;8641;0;0;0;8641;0;8641;0;0;0;0;8641;0;0;8641;0;0;0;0;0;0;0;0;0;0;0;0;0;0;0;8641;270;0;0;0;0;17920;0;0;0;0;0;0;0;0;0;18190;0;0;0;0;0;0;0;0;0;3900;0;0;5650;0;0;0;0;0;0;0;0;9550;8641;0;0;0;0;0;0;0;0;0;0;0;8641;0;0;0;0;0;0;0;0;0;0;0;0;18190;9550;8641
1480;ALLIANCE POUR LA FRANCE;EUR;2024;0;0;0;0;0;0;0;0;0;0;0;0;0;0;0;0;0;0;0;0;0;0;0;0;0;0;0;0;0;0;0;0;0;0;0;0;0;0;0;0;0;0;0;0;0;0;0;0;0;0;0;0;0;0;15;0;15;349,43;0;349,43;0;0;0;364,43;0;364,43;0;0;0;364,43;0;364,43;0;0;0;142,14;-11,71;0;0;130,43;0;0;0;0;0;0;0;234;0;0;0;0;0;234;0;364,43;4920;0;0;0;0;0;0;0;0;0;0;0;0;0;0;4920;0;0;0;0;0;0;0;0;1890,51;0;1500;0;1541,2;0;0;0;0;0;0;0;0;4931,71;-11,71;0;0;0;0;0;0;0;0;0;0;0;-11,71;0;0;0;0;0;0;0;0;0;0;0;0;4920;4931,71;-11,71
1481;HUMAINS ET DIGNES;EUR;2024;0;0;0;600;191;409;0;0;0;0;0;0;0;0;0;0;0;0;0;0;0;0;0;0;0;0;0;0;0;0;0;0;0;0;0;0;600;191;409;0;0;0;0;0;0;0;0;0;0;0;0;2234;0;2234;0;0;0;3527;0;3527;0;0;0;5761;0;5761;0;0;0;6361;191;6170;0;0;0;8953;-3983;0;0;4970;0;0;0;0;0;0;0;1200;0;0;0;0;0;1200;0;6170;0;0;0;0;0;0;0;0;0;0;0;0;0;0;0;0;0;0;2000;0;0;0;0;0;284;0;1200;0;379;0;0;0;120;0;0;0;0;3983;-3983;0;0;0;0;0;0;0;0;0;0;0;-3983;0;0;0;0;0;0;0;0;0;0;0;0;0;3983;-3983
1482;AGIR EN FRANCE ET EN EUROPE AVEC FRANCOIS-XAVIER BELLAMY;EUR;2024;0;0;0;0;0;0;0;0;0;0;0;0;0;0;0;0;0;0;0;0;0;0;0;0;0;0;0;0;0;0;0;0;0;0;0;0;0;0;0;0;0;0;0;0;0;0;0;0;0;0;0;22149;0;22149;0;0;0;75100,54;0;75100,54;0;0;0;97249,54;0;97249,54;0;0;0;97249,54;0;97249,54;0;0;0;-360;92119,54;0;0;91759,54;0;0;0;0;0;0;0;5340;0;0;0;150;0;5490;0;97249,54;0;0;0;0;0;101494;0;0;0;0;0;0;0;0;0;101494;0;0;0;0;0;0;0;0;0;4266,7;4980;0;127,76;0;0;0;0;0;0;0;0;9374,46;92119,54;0;0;0;0;0;0;0;0;0;0;0;92119,54;0;0;0;0;0;0;0;0;0;0;0;0;101494;9374,46;92119,54
1483;UTILES (ULTRA-MARINS, TERRITOIRES, INDÉPENDANTS, LIBERTÉ, ÉCOLOGIE ET SOLIDARITÉ);EUR;2024;0;0;0;0;0;0;0;0;0;4494,38;382,85;4111,53;0;0;0;0;0;0;0;0;0;0;0;0;0;0;0;0;0;0;0;0;0;590;0;590;5084,38;382,85;4701,53;0;0;0;0;0;0;0;0;0;0;0;0;68489,38;0;68489,38;0;0;0;10586,99;0;10586,99;479,01;0;479,01;79555,38;0;79555,38;-30,57;0;-30,57;84609,19;382,85;84226,34;0;0;0;-720;73067,07;0;0;72347,07;0;0;0;0;0;0;0;11848,7;0;0;0;30,57;0;11879,27;0;84226,34;0;0;0;0;0;0;0;0;110840,72;0;0;0;0;0;16,02;110856,74;5000;0;0;0;0;0;0;0;11805,81;6596,11;4490;0;8558,94;0;0;0;382,85;0;0;0;955,96;37789,67;73067,07;0;0;0;0;0;0;0;0;0;0;0;73067,07;0;0;0;0;0;0;0;0;0;0;0;0;110856,74;37789,67;73067,07
1484;DYNAMIQUE TRINITÉENNE;EUR;2024;0;0;0;0;0;0;0;0;0;649;120;529;0;0;0;0;0;0;0;0;0;0;0;0;0;0;0;0;0;0;0;0;0;0;0;0;649;120;529;0;0;0;0;0;0;0;0;0;0;0;0;0;0;0;0;0;0;28848;0;28848;0;0;0;28848;0;28848;0;0;0;29497;120;29377;0;0;0;18709;9366;0;0;28075;0;0;0;0;0;0;0;1302;0;0;0;0;0;1302;0;29377;0;706;0;0;0;0;0;0;36006;0;0;0;0;0;0;36712;0;0;24004;0;0;0;0;0;0;45;1302;0;1875;0;0;0;120;0;0;0;0;27346;9366;0;0;0;0;0;0;0;0;0;0;0;9366;0;0;0;0;0;0;0;0;0;0;0;0;36712;27346;9366
1485;LES AMIS D'ANTOINE VERMOREL-MARQUES;EUR;2024;0;0;0;0;0;0;0;0;0;0;0;0;0;0;0;0;0;0;0;0;0;0;0;0;0;0;0;0;0;0;0;0;0;0;0;0;0;0;0;0;0;0;0;0;0;0;0;0;0;0;0;6375;0;6375;0;0;0;8484,41;0;8484,41;0;0;0;14859,41;0;14859,41;0;0;0;14859,41;0;14859,41;0;0;0;0;14859,41;0;0;14859,41;0;0;0;0;0;0;0;0;0;0;0;0;0;0;0;14859,41;9060;0;0;0;0;51950;0;0;0;0;0;1306,41;9271,3;0;0;71587,71;17369;0;0;0;0;0;25344,1;804;0;1541,41;0;0;10287,62;0;0;0;0;0;0;0;1382,17;56728,3;14859,41;0;0;0;0;0;0;0;0;0;0;0;14859,41;0;0;0;0;0;0;0;0;0;0;0;0;71587,71;56728,3;14859,41
1486;RÉVÉLER RENNES;EUR;2024;0;0;0;0;0;0;0;0;0;0;0;0;0;0;0;0;0;0;0;0;0;0;0;0;0;0;0;0;0;0;0;0;0;30;0;30;30;0;30;0;0;0;0;0;0;0;0;0;0;0;0;0;0;0;0;0;0;2238;0;2238;43;0;43;2281;0;2281;0;0;0;2311;0;2311;0;0;0;2013;-301;0;0;1712;0;0;0;0;0;0;0;600;0;0;0;0;0;600;0;2311;550;50;0;0;0;0;0;0;0;0;0;0;0;0;0;600;0;0;0;0;0;0;0;0;0;90;600;0;211;0;0;0;0;0;0;0;0;901;-301;0;0;0;0;0;0;0;0;0;0;0;-301;0;0;0;0;0;0;0;0;0;0;0;0;600;901;-301
1487;TOULOUSE UNIE;EUR;2024;0;0;0;0;0;0;0;0;0;0;0;0;0;0;0;0;0;0;0;0;0;0;0;0;0;0;0;0;0;0;0;0;0;0;0;0;0;0;0;0;0;0;0;0;0;0;0;0;0;0;0;0;0;0;0;0;0;2313,14;0;2313,14;0;0;0;2313,14;0;2313,14;0;0;0;2313,14;0;2313,14;0;0;0;0;1833,14;0;0;1833,14;0;0;0;0;0;0;0;480;0;0;0;0;0;480;0;2313,14;490;0;0;0;0;2010;0;0;0;0;0;0;0;0;0;2500;0;0;0;0;0;0;0;41,33;0;72,53;480;0;73;0;0;0;0;0;0;0;0;666,86;1833,14;0;0;0;0;0;0;0;0;0;0;0;1833,14;0;0;0;0;0;0;0;0;0;0;0;0;2500;666,86;1833,14
1488;ALLIANCE POUR LA 8ème;EUR;2024;0;0;0;0;0;0;0;0;0;0;0;0;0;0;0;0;0;0;0;0;0;0;0;0;0;0;0;0;0;0;0;0;0;0;0;0;0;0;0;0;0;0;0;0;0;0;0;0;0;0;0;0;0;0;0;0;0;5081;0;5081;0;0;0;5081;0;5081;0;0;0;5081;0;5081;0;0;0;0;2481;0;0;2481;0;0;0;0;0;0;0;2600;0;0;0;0;0;2600;0;5081;0;0;0;0;0;5340;0;0;0;1430;0;0;0;0;0;6770;0;0;0;0;0;0;0;0;0;1615;2600;0;74;0;0;0;0;0;0;0;0;4289;2481;0;0;0;0;0;0;0;0;0;0;0;2481;0;0;0;0;0;0;0;0;0;0;0;0;6770;4289;2481
1489;L'ALLIANCE RURALE;EUR;2024;0;0;0;0;0;0;0;0;0;0;0;0;0;0;0;0;0;0;0;0;0;0;0;0;0;0;0;0;0;0;0;0;0;0;0;0;0;0;0;0;0;0;0;0;0;0;0;0;0;0;0;900;0;900;0;0;0;3036;0;3036;0;0;0;3936;0;3936;0;0;0;3936;0;3936;0;0;0;0;-111187;0;0;-111187;0;0;0;0;0;108243;0;6780;0;0;0;100;0;115123;0;3936;0;0;0;0;0;280879;0;0;0;0;0;320840;0;0;0;601719;34037;320840;0;0;0;0;0;0;0;4375;325980;0;24431;0;0;0;0;0;0;0;0;709663;-107944;0;0;0;0;0;0;0;3243;0;3243;-3243;-111187;0;0;0;0;0;0;0;0;0;0;0;0;601719;712906;-111187
1490;ANGERS EN COMMUN;EUR;2024;0;0;0;0;0;0;0;0;0;0;0;0;0;0;0;30;0;30;0;0;0;0;0;0;0;0;0;0;0;0;0;0;0;0;0;0;30;0;30;0;0;0;0;0;0;0;0;0;0;0;0;0;0;0;0;0;0;489,37;0;489,37;6;0;6;495,37;0;495,37;0;0;0;525,37;0;525,37;493,17;0;0;0;28,34;0;0;521,51;0;0;0;0;0;0;0;0;0;0;0;3,86;0;3,86;0;525,37;490,22;1400;0;0;0;0;0;0;0;0;0;0;0;0;0;1890,22;0;0;0;0;0;0;0;308,44;0;216,1;1145,7;0;0;0;0;0;0;0;0;0;191,64;1861,88;28,34;0;0;0;0;0;0;0;0;0;0;0;28,34;0;0;0;0;0;0;0;0;0;0;0;0;1890,22;1861,88;28,34
1491;IL EST CINQ HEURES;EUR;2024;0;0;0;0;0;0;0;0;0;0;0;0;0;0;0;0;0;0;0;0;0;0;0;0;0;0;0;0;0;0;0;0;0;0;0;0;0;0;0;0;0;0;0;0;0;0;0;0;0;0;0;11450;0;11450;0;0;0;75544,19;0;75544,19;9175,2;0;9175,2;96169,39;0;96169,39;0;0;0;96169,39;0;96169,39;0;0;0;0;-29406,88;0;0;-29406,88;0;0;0;0;0;122229,4;0;3346,87;0;0;0;0;0;125576,27;0;96169,39;0;0;0;0;0;10250;0;0;0;0;0;0;0;0;0;10250;0;0;0;0;0;0;0;0;10542,61;0;13680;0;13204,87;0;0;0;0;0;0;0;0;37427,48;-27177,48;0;0;0;0;0;0;0;2229,4;0;2229,4;-2229,4;-29406,88;0;0;0;0;0;0;0;0;0;0;0;0;10250;39656,88;-29406,88
1492;LYON AU COEUR;EUR;2024;0;0;0;0;0;0;0;0;0;0;0;0;15;0;15;0;0;0;0;0;0;0;0;0;0;0;0;0;0;0;0;0;0;0;0;0;15;0;15;0;0;0;0;0;0;0;0;0;0;0;0;4000;0;4000;0;0;0;5533,53;0;5533,53;0;0;0;9533,53;0;9533,53;-4000;0;-4000;5548,53;0;5548,53;0;0;0;0;-1331,47;0;0;-1331,47;0;0;0;0;0;0;0;2880;0;0;0;4000;0;6880;0;5548,53;12310;0;0;0;0;10600;0;0;0;0;0;0;104,63;0;1;23015,63;0;0;0;0;0;0;0;0;2913,6;0;7680;0;13753,5;0;0;0;0;0;0;0;0;24347,1;-1331,47;0;0;0;0;0;0;0;0;0;0;0;-1331,47;0;0;0;0;0;0;0;0;0;0;0;0;23015,63;24347,1;-1331,47
1493;EMANCIPATIONS;EUR;2024;0;0;0;0;0;0;0;0;0;0;0;0;0;0;0;0;0;0;20000;0;20000;0;0;0;0;0;0;0;0;0;0;0;0;305;0;305;20305;0;20305;0;0;0;0;0;0;0;0;0;0;0;0;0;0;0;0;0;0;8041;0;8041;0;0;0;8041;0;8041;0;0;0;28346;0;28346;0;0;0;0;6686;0;0;6686;0;0;0;0;0;0;20000;1260;0;0;0;400;0;21660;0;28346;0;9000;0;0;0;8530;0;0;0;0;0;0;0;0;0;17530;0;0;0;0;2700;0;0;0;2400;836;4620;0;288;0;0;0;0;0;0;0;0;10844;6686;0;0;0;0;0;0;0;0;0;0;0;6686;0;0;0;0;0;0;0;0;0;0;0;0;17530;10844;6686
1494;RÉINVENTONS ARCUEIL ENSEMBLE ! MOUVEMENT INDÉPENDANT D'INITIATIVES CITOYENNES ET POLITIQUES;EUR;2024;0;0;0;0;0;0;0;0;0;0;0;0;0;0;0;0;0;0;0;0;0;0;0;0;0;0;0;0;0;0;0;0;0;0;0;0;0;0;0;0;0;0;0;0;0;0;0;0;0;0;0;0;0;0;0;0;0;2834,71;0;2834,71;0;0;0;2834,71;0;2834,71;0;0;0;2834,71;0;2834,71;0;0;0;488,76;793,33;0;0;1282,09;0;0;0;0;0;0;0;1552,62;0;0;0;0;0;1552,62;0;2834,71;45;1560;0;0;0;3400;0;0;0;0;0;0;0;0;0;5005;0;0;0;0;0;0;0;2691,9;0;185,4;1200;0;134,37;0;0;0;0;0;0;0;0;4211,67;793,33;0;0;0;0;0;0;0;0;0;0;0;793,33;0;0;0;0;0;0;0;0;0;0;0;0;5005;4211,67;793,33
1495;INFINIMENT NANTES;EUR;2024;0;0;0;0;0;0;0;0;0;0;0;0;0;0;0;0;0;0;0;0;0;0;0;0;0;0;0;0;0;0;0;0;0;0;0;0;0;0;0;0;0;0;0;0;0;0;0;0;0;0;0;60;0;60;0;0;0;13659;0;13659;0;0;0;13719;0;13719;0;0;0;13719;0;13719;0;0;0;0;11586;0;0;11586;0;0;0;0;0;0;0;1912;0;0;0;221;0;2133;0;13719;0;0;0;0;0;18101;0;0;0;0;0;0;0;0;0;18101;0;0;0;0;0;0;0;101;100;829;1878;0;3608;0;0;0;0;0;0;0;0;6515;11586;0;0;0;0;0;0;0;0;0;0;0;11586;0;0;0;0;0;0;0;0;0;0;0;0;18101;6515;11586
1497;LES AMIS DE CATHERINE LECUYER;EUR;2024;0;0;0;0;0;0;0;0;0;0;0;0;0;0;0;0;0;0;0;0;0;0;0;0;0;0;0;0;0;0;0;0;0;0;0;0;0;0;0;0;0;0;0;0;0;0;0;0;0;0;0;2978;0;2978;0;0;0;303;0;303;0;0;0;3280;0;3280;0;0;0;3280;0;3280;0;0;0;0;2340;0;0;2340;0;0;0;0;0;0;0;600;0;340;0;0;0;940;0;3280;185;0;0;0;0;2801;0;0;0;0;0;0;0;0;0;2986;0;0;0;0;0;0;0;0;0;0;600;0;46;0;0;0;0;0;0;0;0;646;2340;0;0;0;0;0;0;0;0;0;0;0;2340;0;0;0;0;0;0;0;0;0;0;0;0;2986;646;2340
1498;PRINTEMPS RADICAL;EUR;2024;0;0;0;0;0;0;0;0;0;0;0;0;0;0;0;0;0;0;0;0;0;0;0;0;0;0;0;0;0;0;0;0;0;0;0;0;0;0;0;0;0;0;0;0;0;0;0;0;0;0;0;0;0;0;0;0;0;27401,69;0;27401,69;0;0;0;27401,69;0;27401,69;0;0;0;27401,69;0;27401,69;0;0;0;0;5450,09;0;0;5450,09;0;0;0;0;0;0;0;0;0;0;0;21951,6;0;21951,6;0;27401,69;330;0;0;0;0;69687,42;0;0;0;0;0;0;0;0;0;70017,42;0;0;60000;0;0;0;0;945,6;0;240,4;2760;0;574,53;0;0;0;0;0;0;0;0;64520,53;5496,89;0;0;0;0;0;0;0;46,8;0;46,8;-46,8;5450,09;0;0;0;0;0;0;0;0;0;0;0;0;70017,42;64567,33;5450,09
1499;LES AMIS DE LIES MESSATFA;EUR;2024;0;0;0;0;0;0;0;0;0;0;0;0;0;0;0;0;0;0;0;0;0;0;0;0;0;0;0;0;0;0;0;0;0;0;0;0;0;0;0;0;0;0;0;0;0;0;0;0;0;0;0;0;0;0;0;0;0;0;0;0;0;0;0;0;0;0;0;0;0;0;0;0;0;0;0;-200;-200;0;0;-400;0;0;0;0;0;0;0;400;0;0;0;0;0;400;0;0;0;0;0;0;0;0;0;0;0;0;0;0;0;0;0;0;0;0;0;0;0;0;0;0;0;0;200;0;0;0;0;0;0;0;0;0;0;200;-200;0;0;0;0;0;0;0;0;0;0;0;-200;0;0;0;0;0;0;0;0;0;0;0;0;0;200;-200
1501;HORIZON;EUR;2024;0;0;0;0;0;0;0;0;0;0;0;0;0;0;0;0;0;0;0;0;0;0;0;0;0;0;0;0;0;0;0;0;0;0;0;0;0;0;0;0;0;0;0;0;0;0;0;0;0;0;0;2000;0;2000;0;0;0;1199,47;0;1199,47;0;0;0;3199,47;0;3199,47;0;0;0;3199,47;0;3199,47;0;0;0;0;-658,87;0;0;-658,87;0;0;0;0;0;0;0;3858,34;0;0;0;0;0;3858,34;0;3199,47;0;0;0;0;0;7000;0;0;0;0;0;0;0;0;0;7000;0;0;0;0;3726,76;0;0;0;0;0;2880;0;1052,11;0;0;0;0;0;0;0;0;7658,87;-658,87;0;0;0;0;0;0;0;0;0;0;0;-658,87;0;0;0;0;0;0;0;0;0;0;0;0;7000;7658,87;-658,87
1502;MOSSA PALATINA;EUR;2024;0;0;0;0;0;0;0;0;0;0;0;0;0;0;0;0;0;0;0;0;0;0;0;0;0;0;0;0;0;0;0;0;0;0;0;0;0;0;0;0;0;0;0;0;0;0;0;0;0;0;0;0;0;0;0;0;0;689;0;689;0;0;0;689;0;689;0;0;0;689;0;689;0;0;0;0;689;0;0;689;0;0;0;0;0;0;0;0;0;0;0;0;0;0;0;689;850;0;0;0;0;13725;0;0;0;0;0;0;0;0;0;14575;0;9614;0;0;0;0;0;0;3295;0;0;0;977;0;0;0;0;0;0;0;0;13886;689;0;0;0;0;0;0;0;0;0;0;0;689;0;0;0;0;0;0;0;0;0;0;0;0;14575;13886;689
1503;AVEC SABRINA !;EUR;2024;0;0;0;0;0;0;0;0;0;0;0;0;0;0;0;15;0;15;0;0;0;3993,08;1884,08;2109;0;0;0;0;0;0;0;0;0;0;0;0;4008,08;1884,08;2124;0;0;0;0;0;0;0;0;0;0;0;0;0;0;0;0;0;0;6,76;0;6,76;0;0;0;6,76;0;6,76;0;0;0;4014,84;1884,08;2130,76;0;0;0;0;330,76;0;0;330,76;0;0;0;0;0;0;0;1800;0;0;0;0;0;1800;0;2130,76;0;0;0;0;0;11050;0;0;500;0;0;150;0;0;0;11700;0;150;0;0;0;0;0;0;0;2090,93;1800;0;5444,23;0;0;0;0;0;0;0;0;9485,16;2214,84;0;0;0;0;0;0;1884,08;0;0;1884,08;-1884,08;330,76;0;0;0;0;0;0;0;0;0;0;0;0;11700;11369,24;330,76
1504;LES AMIS DE BENJI;EUR;2024;0;0;0;0;0;0;0;0;0;0;0;0;0;0;0;0;0;0;0;0;0;0;0;0;0;0;0;0;0;0;0;0;0;0;0;0;0;0;0;0;0;0;0;0;0;0;0;0;0;0;0;0;0;0;0;0;0;151,33;0;151,33;0;0;0;151,33;0;151,33;0;0;0;151,33;0;151,33;0;0;0;0;151,33;0;0;151,33;0;0;0;0;0;0;0;0;0;0;0;0;0;0;0;151,33;0;160;0;0;0;0;0;0;0;0;0;0;0;0;0;160;0;0;0;0;0;0;0;0;0;0;0;0;0;0;0;0;0;0;0;0;8,67;8,67;151,33;0;0;0;0;0;0;0;0;0;0;0;151,33;0;0;0;0;0;0;0;0;0;0;0;0;160;8,67;151,33
1505;SOLUTION DÉMOCRATIQUE;EUR;2024;0;0;0;0;0;0;0;0;0;0;0;0;0;0;0;0;0;0;0;0;0;0;0;0;0;0;0;0;0;0;0;0;0;0;0;0;0;0;0;0;0;0;0;0;0;0;0;0;0;0;0;0;0;0;0;0;0;10453,61;0;10453,61;73,88;0;73,88;10527,49;0;10527,49;0;0;0;10527,49;0;10527,49;0;0;0;0;8227,49;0;0;8227,49;0;0;0;0;0;0;0;2268;0;0;0;32;0;2300;0;10527,49;2150;0;0;0;0;8472,8;0;0;0;0;0;0;0;0;0;10622,8;0;0;0;0;0;0;0;28,3;0;10,5;2268;0;88,51;0;0;0;0;0;0;0;0;2395,31;8227,49;0;0;0;0;0;0;0;0;0;0;0;8227,49;0;0;0;0;0;0;0;0;0;0;0;0;10622,8;2395,31;8227,49
1506;AGORA DAX-LANDES;EUR;2024;0;0;0;0;0;0;0;0;0;0;0;0;0;0;0;0;0;0;0;0;0;0;0;0;0;0;0;0;0;0;0;0;0;0;0;0;0;0;0;0;0;0;0;0;0;0;0;0;0;0;0;0;0;0;0;0;0;1045,32;0;1045,32;0;0;0;1045,32;0;1045,32;0;0;0;1045,32;0;1045,32;1483,82;0;0;-488,5;-350;0;0;645,32;0;0;0;0;0;0;0;400;0;0;0;0;0;400;0;1045,32;0;0;0;0;0;0;0;0;0;0;0;0;0;0;0;0;0;0;0;0;0;0;0;0;0;0;200;0;150;0;0;0;0;0;0;0;0;350;-350;0;0;0;0;0;0;0;0;0;0;0;-350;0;0;0;0;0;0;0;0;0;0;0;0;0;350;-350
1507;YONNE 2050, TERRITOIRES EN MOUVEMENT;EUR;2024;0;0;0;0;0;0;0;0;0;0;0;0;0;0;0;0;0;0;0;0;0;0;0;0;0;0;0;0;0;0;0;0;0;0;0;0;0;0;0;0;0;0;0;0;0;0;0;0;0;0;0;500;0;500;0;0;0;1231,72;0;1231,72;0;0;0;1731,72;0;1731,72;0;0;0;1731,72;0;1731,72;0;0;0;0;-147,27;0;0;-147,27;0;0;0;0;0;0;0;1378,99;0;0;0;500;0;1878,99;0;1731,72;180;0;0;0;0;3400;0;0;0;0;0;0;0;0;0;3580;0;0;0;0;0;0;2212,13;0;0;0;1200;0;311,14;0;0;0;0;0;0;0;4;3727,27;-147,27;0;0;0;0;0;0;0;0;0;0;0;-147,27;0;0;0;0;0;0;0;0;0;0;0;0;3580;3727,27;-147,27
1508;ENSEMBLE POUR NOS TERRITOIRES;EUR;2024;0;0;0;0;0;0;0;0;0;0;0;0;0;0;0;0;0;0;0;0;0;0;0;0;0;0;0;0;0;0;0;0;0;0;0;0;0;0;0;0;0;0;0;0;0;0;0;0;0;0;0;0;0;0;0;0;0;749;0;749;0;0;0;749;0;749;0;0;0;749;0;749;0;0;0;724;25;0;0;749;0;0;0;0;0;0;0;0;0;0;0;0;0;0;0;749;25;0;0;0;0;0;0;0;0;0;0;0;0;0;0;25;0;0;0;0;0;0;0;0;0;0;0;0;0;0;0;0;0;0;0;0;0;0;25;0;0;0;0;0;0;0;0;0;0;0;25;0;0;0;0;0;0;0;0;0;0;0;0;25;0;25
1509;EN AVANT BORDEAUX !;EUR;2024;0;0;0;0;0;0;0;0;0;0;0;0;0;0;0;0;0;0;0;0;0;0;0;0;0;0;0;0;0;0;0;0;0;0;0;0;0;0;0;0;0;0;0;0;0;0;0;0;0;0;0;1771;0;1771;0;0;0;37;0;37;0;0;0;1808;0;1808;0;0;0;1808;0;1808;0;0;0;0;-593;0;0;-593;0;0;0;0;0;0;0;2400;0;0;0;0;0;2400;0;1808;0;0;0;0;0;1880;0;0;0;0;0;0;0;0;0;1880;0;0;0;0;0;0;0;0;0;0;2400;0;73;0;0;0;0;0;0;0;0;2473;-593;0;0;0;0;0;0;0;0;0;0;0;-593;0;0;0;0;0;0;0;0;0;0;0;0;1880;2473;-593
1510;POUR UNE PRÉSIDENCE DU PEUPLE, PAR LE PEUPLE, POUR LES PEUPLES;EUR;2024;0;0;0;0;0;0;0;0;0;0;0;0;0;0;0;0;0;0;0;0;0;0;0;0;0;0;0;0;0;0;0;0;0;0;0;0;0;0;0;0;0;0;0;0;0;0;0;0;0;0;0;0;0;0;0;0;0;1105,42;0;1105,42;0;0;0;1105,42;0;1105,42;0;0;0;1105,42;0;1105,42;0;0;0;0;505,42;0;0;505,42;0;0;0;0;0;0;0;600;0;0;0;0;0;600;0;1105,42;360;0;0;0;0;1164;0;0;0;0;0;0;0;0;0;1524;0;0;0;0;0;0;0;0;0;0;600;0;47,88;0;0;0;0;0;0;0;370,7;1018,58;505,42;0;0;0;0;0;0;0;0;0;0;0;505,42;0;0;0;0;0;0;0;0;0;0;0;0;1524;1018,58;505,42
1511;PERPIGNAN, UNIS POUR 2026;EUR;2024;0;0;0;0;0;0;0;0;0;0;0;0;0;0;0;0;0;0;0;0;0;0;0;0;0;0;0;0;0;0;0;0;0;0;0;0;0;0;0;0;0;0;0;0;0;0;0;0;0;0;0;3195;0;3195;0;0;0;0;0;0;0;0;0;3195;0;3195;0;0;0;3195;0;3195;0;0;0;0;3185;0;0;3185;0;0;0;0;0;0;0;0;0;0;0;10;0;10;0;3195;0;0;0;0;0;6110;0;0;0;0;0;0;0;0;0;6110;0;0;0;0;0;0;0;0;0;0;2880;0;45;0;0;0;0;0;0;0;0;2925;3185;0;0;0;0;0;0;0;0;0;0;0;3185;0;0;0;0;0;0;0;0;0;0;0;0;6110;2925;3185
1512;ISTRES AUDACIEUSE !;EUR;2024;0;0;0;0;0;0;0;0;0;0;0;0;0;0;0;15;0;15;0;0;0;0;0;0;0;0;0;0;0;0;0;0;0;0;0;0;15;0;15;0;0;0;0;0;0;0;0;0;0;0;0;0;0;0;0;0;0;1576;0;1576;2242;0;2242;3818;0;3818;0;3833;0;3833;0;3833;0;0;0;0;3033;0;0;3033;0;0;0;0;0;0;0;800;0;0;0;0;0;800;0;3833;0;0;0;0;0;9910;0;0;0;0;0;0;0;0;0;9910;0;0;0;0;0;0;0;0;3172;142;800;0;2763;0;0;0;0;0;0;0;0;6877;3033;0;0;0;0;0;0;0;0;0;0;0;3033;0;0;0;0;0;0;0;0;0;0;0;0;9910;6877;3033
1513;POUR NOISY 2026;EUR;2024;0;0;0;0;0;0;0;0;0;0;0;0;0;0;0;0;0;0;0;0;0;0;0;0;0;0;0;0;0;0;0;0;0;0;0;0;0;0;0;0;0;0;0;0;0;0;0;0;0;0;0;0;0;0;0;0;0;3998,2;0;3998,2;0;0;0;3998,2;0;3998,2;0;0;0;3998,2;0;3998,2;0;0;0;0;2978,2;0;0;2978,2;0;0;0;0;0;0;0;1020;0;0;0;0;0;1020;0;3998,2;0;0;0;0;0;4010;0;0;0;0;0;0;0;0;0;4010;0;0;0;0;0;0;0;0;0;0;1020;0;11,8;0;0;0;0;0;0;0;0;1031,8;2978,2;0;0;0;0;0;0;0;0;0;0;0;2978,2;0;0;0;0;0;0;0;0;0;0;0;0;4010;1031,8;2978,2
1514;AVEC VOUS POUR SAINT-JEAN-DE-LUZ;EUR;2024;0;0;0;0;0;0;0;0;0;0;0;0;0;0;0;0;0;0;0;0;0;0;0;0;0;0;0;0;0;0;0;0;0;0;0;0;0;0;0;0;0;0;0;0;0;0;0;0;0;0;0;1200;0;1200;0;0;0;0;0;0;0;0;0;1200;0;1200;0;0;0;1200;0;1200;0;0;0;0;600;0;0;600;0;0;0;0;0;0;0;0;0;0;0;600;0;600;0;1200;0;0;0;0;0;1200;0;0;0;0;0;0;0;0;0;1200;0;0;0;0;0;0;0;0;0;0;600;0;0;0;0;0;0;0;0;0;0;600;600;0;0;0;0;0;0;0;0;0;0;0;600;0;0;0;0;0;0;0;0;0;0;0;0;1200;600;600
1515;HORIZON COMMUN RENNES, FORMATION POLITIQUE ET ASSOCIATION POUR UN DÉBAT D'IDÉES À LA RENNAISE;EUR;2024;0;0;0;0;0;0;0;0;0;0;0;0;0;0;0;0;0;0;0;0;0;0;0;0;0;0;0;0;0;0;0;0;0;0;0;0;0;0;0;0;0;0;0;0;0;0;0;0;0;0;0;0;0;0;0;0;0;0;0;0;0;0;0;0;0;0;0;0;0;0;0;0;0;0;0;0;0;0;0;0;0;0;0;0;0;0;0;0;0;0;0;0;0;0;0;0;0;0;0;0;0;0;0;0;0;0;0;0;0;0;0;0;0;0;0;0;0;0;0;0;0;0;0;0;0;0;0;0;0;0;0;0;0;0;0;0;0;0;0;0;0;0;0;0;0;0;0;0;0;0;0;0;0;0;0;0;0;0;0;0;0;0
1516;MULHOUSE AU COEUR;EUR;2024;0;0;0;0;0;0;0;0;0;0;0;0;0;0;0;0;0;0;0;0;0;0;0;0;0;0;0;0;0;0;0;0;0;0;0;0;0;0;0;0;0;0;0;0;0;0;0;0;0;0;0;0;0;0;0;0;0;4675;0;4675;0;0;0;4675;0;4675;0;0;0;4675;0;4675;0;0;0;0;4075;0;0;4075;0;0;0;0;0;0;0;600;0;0;0;0;0;600;0;4675;360;0;0;0;0;0;5305;0;0;0;0;0;0;0;0;5665;0;0;0;0;0;0;0;0;990;0;600;0;0;0;0;0;0;0;0;0;0;1590;4075;0;0;0;0;0;0;0;0;0;0;0;4075;0;0;0;0;0;0;0;0;0;0;0;0;5665;1590;4075
1517;TOUS UNIS POUR SAINT-MAXIMIN PARTI;EUR;2024;0;0;0;0;0;0;0;0;0;0;0;0;0;0;0;0;0;0;0;0;0;0;0;0;0;0;0;0;0;0;0;0;0;0;0;0;0;0;0;0;0;0;0;0;0;0;0;0;0;0;0;0;0;0;0;0;0;2928,5;0;2928,5;0;0;0;2928,5;0;2928,5;0;0;0;2928,5;0;2928,5;0;0;0;0;724,5;0;0;724,5;0;2204;2204;0;0;0;0;0;0;0;0;0;0;0;0;2928,5;1350;150;0;0;0;2400;0;0;0;0;0;0;0;0;0;3900;0;0;0;0;0;0;662,88;183,55;0;0;0;0;125,07;0;0;0;0;0;2204;0;0;3175,5;724,5;0;0;0;0;0;0;0;0;0;0;0;724,5;0;0;0;0;0;0;0;0;0;0;0;0;3900;3175,5;724,5
1518;AMIENS EN MOUVEMENT;EUR;2024;0;0;0;0;0;0;0;0;0;0;0;0;0;0;0;0;0;0;0;0;0;0;0;0;0;0;0;0;0;0;0;0;0;0;0;0;0;0;0;0;0;0;0;0;0;0;0;0;0;0;0;0;0;0;0;0;0;13026,65;0;13026,65;0;0;0;13026,65;0;13026,65;0;0;0;13026,65;0;13026,65;0;0;0;0;12426,65;0;0;12426,65;0;0;0;0;0;0;0;600;0;0;0;0;0;600;0;13026,65;0;0;0;0;0;23938;0;0;0;0;0;0;0;0;0;23938;0;0;0;0;0;0;3300;6679,6;585;0;600;0;346,75;0;0;0;0;0;0;0;0;11511,35;12426,65;0;0;0;0;0;0;0;0;0;0;0;12426,65;0;0;0;0;0;0;0;0;0;0;0;0;23938;11511,35;12426,65
1519;MOUVEMENT FRANCE LIBRE;EUR;2024;0;0;0;0;0;0;0;0;0;0;0;0;0;0;0;30;0;30;0;0;0;0;0;0;0;0;0;0;0;0;0;0;0;0;0;0;30;0;30;0;0;0;0;0;0;0;0;0;0;0;0;0;0;0;0;0;0;1452;0;1452;0;0;0;1452;0;1452;0;0;0;1482;0;1482;0;0;0;0;-2718;0;0;-2718;0;0;0;0;0;2200;0;2000;0;0;0;0;0;4200;0;1482;0;0;0;0;0;0;0;0;0;0;0;0;0;0;0;0;0;0;0;0;0;0;0;0;0;718;2000;0;0;0;0;0;0;0;0;0;0;2718;-2718;0;0;0;0;0;0;0;0;0;0;0;-2718;0;0;0;0;0;0;0;0;0;0;0;0;0;2718;-2718
1521;AIMER STRASBOURG;EUR;2024;0;0;0;0;0;0;0;0;0;1119;13;1105;0;0;0;15;0;15;0;0;0;0;0;0;0;0;0;0;0;0;0;0;0;0;0;0;1134;13;1120;0;0;0;0;0;0;0;0;0;0;0;0;12800;0;12800;0;0;0;71479;0;71479;0;0;0;84279;0;84279;0;0;0;85412;13;85399;0;0;0;0;75252;0;0;75252;0;0;0;0;0;0;0;4190;0;0;0;5956;0;10146;0;85399;0;0;0;0;0;80950;0;0;0;0;0;0;0;0;0;80950;0;0;0;0;0;0;0;0;0;451;3600;0;1633;0;0;0;13;0;0;0;0;5698;75252;0;0;0;0;0;0;0;0;0;0;0;75252;0;0;0;0;0;0;0;0;0;0;0;0;80950;5698;75252
1522;VOIX COMMUNE !;EUR;2024;0;0;0;0;0;0;0;0;0;0;0;0;0;0;0;0;0;0;0;0;0;0;0;0;0;0;0;0;0;0;0;0;0;0;0;0;0;0;0;0;0;0;0;0;0;0;0;0;0;0;0;0;0;0;0;0;0;1733,9;0;1733,9;0;0;0;1733,9;0;1733,9;0;0;0;1733,9;0;1733,9;0;0;0;0;667,01;0;0;667,01;0;0;0;0;0;0;0;1066,89;0;0;0;0;0;1066,89;0;1733,9;4220;4270;0;0;0;300;0;0;0;0;0;0;0;0;0;8790;0;0;0;0;0;0;4293,14;0;0;0;600;0;3229,4;0;0;0;0;0;0;0;0,45;8122,99;667,01;0;0;0;0;0;0;0;0;0;0;0;667,01;0;0;0;0;0;0;0;0;0;0;0;0;8790;8122,99;667,01
1523;VIVE TOURCOING;EUR;2024;0;0;0;0;0;0;0;0;0;0;0;0;0;0;0;0;0;0;0;0;0;0;0;0;0;0;0;0;0;0;0;0;0;0;0;0;0;0;0;0;0;0;0;0;0;0;0;0;0;0;0;0;0;0;0;0;0;9128;0;9128;0;0;0;9128;0;9128;0;0;0;9128;0;9128;2629;0;0;0;3429;0;0;6058;0;0;0;0;0;0;0;3070;0;0;0;0;0;3070;0;9128;1025;830;0;0;0;6265;0;0;0;0;0;0;0;0;0;8120;0;0;0;0;0;0;0;0;250;850;3070;0;521;0;0;0;0;0;0;0;0;4691;3429;0;0;0;0;0;0;0;0;0;0;0;3429;0;0;0;0;0;0;0;0;0;0;0;0;8120;4691;3429
1524;NOUVEL ÉLAN POUR MENTON;EUR;2024;0;0;0;0;0;0;0;0;0;0;0;0;0;0;0;0;0;0;0;0;0;0;0;0;0;0;0;0;0;0;0;0;0;0;0;0;0;0;0;0;0;0;0;0;0;0;0;0;0;0;0;0;0;0;0;0;0;10857;0;10857;0;0;0;10857;0;10857;0;0;0;10857;0;10857;0;0;0;0;9057;0;0;9057;0;0;0;0;0;0;0;1800;0;0;0;0;0;1800;0;10857;1611;0;0;0;0;9357;0;0;0;0;0;0;0;0;0;10968;0;0;0;0;0;0;0;0;0;0;1853;0;58;0;0;0;0;0;0;0;0;1911;9057;0;0;0;0;0;0;0;0;0;0;0;9057;0;0;0;0;0;0;0;0;0;0;0;0;10968;1911;9057
1525;S'ENGAGER !;EUR;2024;0;0;0;0;0;0;0;0;0;0;0;0;0;0;0;90;0;90;0;0;0;0;0;0;0;0;0;0;0;0;0;0;0;0;0;0;90;0;90;0;0;0;0;0;0;0;0;0;0;0;0;0;0;0;0;0;0;103;0;103;0;0;0;103;0;103;0;0;0;193;0;193;0;0;0;0;193;0;0;193;0;0;0;0;0;0;0;0;0;0;0;0;0;0;0;193;0;0;0;0;0;1950;0;0;0;0;0;0;0;0;0;1950;0;0;0;0;0;0;0;0;1350;0;0;0;400;0;0;0;0;0;0;0;0;1750;200;0;0;0;0;0;0;0;7;0;7;-7;193;0;0;0;0;0;0;0;0;0;0;0;0;1950;1757;193
1526;COLLECTIF CITOYEN SÉRENT 2026;EUR;2024;0;0;0;0;0;0;0;0;0;0;0;0;0;0;0;0;0;0;0;0;0;0;0;0;0;0;0;0;0;0;0;0;0;0;0;0;0;0;0;0;0;0;0;0;0;0;0;0;0;0;0;0;0;0;0;0;0;3442;0;3442;0;0;0;3442;0;3442;0;0;0;3442;0;3442;0;0;0;0;3442;0;0;3442;0;0;0;0;0;0;0;0;0;0;0;0;0;0;0;3442;0;0;0;0;0;3500;0;0;0;0;0;0;0;0;0;3500;0;0;0;0;0;0;0;0;58;0;0;0;0;0;0;0;0;0;0;0;0;58;3442;0;0;0;0;0;0;0;0;0;0;0;3442;0;0;0;0;0;0;0;0;0;0;0;0;3500;58;3442
1527;TERRITOIRES ET RÉPUBLIQUE;EUR;2024;0;0;0;0;0;0;0;0;0;0;0;0;0;0;0;0;0;0;0;0;0;0;0;0;0;0;0;0;0;0;0;0;0;0;0;0;0;0;0;0;0;0;0;0;0;0;0;0;0;0;0;0;0;0;0;0;0;2240;0;2240;0;0;0;2240;0;2240;0;0;0;2240;0;2240;0;0;0;0;2240;0;0;2240;0;0;0;0;0;0;0;0;0;0;0;0;0;0;0;2240;40;0;0;0;0;3180;0;0;0;0;0;0;0;0;0;3220;0;0;0;0;0;0;0;980;0;0;0;0;0;0;0;0;0;0;0;0;0;980;2240;0;0;0;0;0;0;0;0;0;0;0;2240;0;0;0;0;0;0;0;0;0;0;0;0;3220;980;2240
1528;LA FRANCE HUMAINE ET FORTE;EUR;2024;0;0;0;0;0;0;0;0;0;0;0;0;0;0;0;0;0;0;0;0;0;0;0;0;0;0;0;0;0;0;0;0;0;0;0;0;0;0;0;0;0;0;0;0;0;0;0;0;0;0;0;0;0;0;0;0;0;28878,53;0;28878,53;0;0;0;28878,53;0;28878,53;0;0;0;28878,53;0;28878,53;0;0;0;0;10976,57;0;0;10976,57;0;0;0;0;0;0;0;12901,96;0;0;0;5000;0;17901,96;0;28878,53;3129;0;0;0;0;58500;0;0;0;0;0;0;0;0;0;61629;0;0;0;0;0;0;46968,8;0;0;467;2280;0;481,63;0;0;0;0;0;0;0;455;50652,43;10976,57;0;0;0;0;0;0;0;0;0;0;0;10976,57;0;0;0;0;0;0;0;0;0;0;0;0;61629;50652,43;10976,57
1529;CÉRET AUTREMENT AUJOURD'HUI ET DEMAIN;EUR;2024;0;0;0;0;0;0;0;0;0;0;0;0;0;0;0;35,19;0;35,19;0;0;0;0;0;0;0;0;0;0;0;0;0;0;0;0;0;0;35,19;0;35,19;0;0;0;0;0;0;0;0;0;0;0;0;0;0;0;0;0;0;1298,29;0;1298,29;0;0;0;1298,29;0;1298,29;0;0;0;1333,48;0;1333,48;0;0;0;1204,63;128,85;0;0;1333,48;0;0;0;0;0;0;0;0;0;0;0;0;0;0;0;1333,48;60;0;0;0;0;90;0;0;0;0;0;0;0;0;0;150;0;0;0;0;0;0;0;0;0;0;0;0;0;0;0;0;0;0;0;0;21,15;21,15;128,85;0;0;0;0;0;0;0;0;0;0;0;128,85;0;0;0;0;0;0;0;0;0;0;0;0;150;21,15;128,85
1530;LA DÉMOCRATIE ENSEMBLE;EUR;2024;0;0;0;0;0;0;0;0;0;0;0;0;0;0;0;0;0;0;0;0;0;0;0;0;0;0;0;0;0;0;0;0;0;0;0;0;0;0;0;0;0;0;0;0;0;0;0;0;0;0;0;0;0;0;0;0;0;342,92;0;342,92;0;0;0;342,92;0;342,92;0;0;0;342,92;0;342,92;358,31;0;0;0;-15,39;0;0;342,92;0;0;0;0;0;0;0;0;0;0;0;0;0;0;0;342,92;0;0;0;0;0;0;0;0;0;0;0;0;0;0;0;0;0;0;0;0;0;0;0;0;0;0;0;0;15,39;0;0;0;0;0;0;0;0;15,39;-15,39;0;0;0;0;0;0;0;0;0;0;0;-15,39;0;0;0;0;0;0;0;0;0;0;0;0;0;15,39;-15,39
1531;ASSOCIATION MEAUX POUR TOUS;EUR;2024;0;0;0;0;0;0;0;0;0;0;0;0;0;0;0;0;0;0;0;0;0;0;0;0;0;0;0;0;0;0;0;0;0;0;0;0;0;0;0;0;0;0;0;0;0;0;0;0;0;0;0;0;0;0;0;0;0;5585;0;5585;0;0;0;5585;0;5585;0;0;0;5585;0;5585;0;0;0;0;4264;0;0;4264;0;0;0;1;0;0;0;1320;0;0;0;0;0;1321;0;5585;605;1600;0;0;0;3380;0;0;0;0;0;0;0;0;0;5585;0;0;0;0;0;0;0;0;0;0;1320;0;1;0;0;0;0;0;0;0;0;1321;4264;0;0;0;0;0;0;0;0;0;0;0;4264;0;0;0;0;0;0;0;0;0;0;0;0;5585;1321;4264
1532;UN NOUVEAU CAP POUR CASSIS;EUR;2024;0;0;0;0;0;0;0;0;0;0;0;0;0;0;0;0;0;0;0;0;0;0;0;0;0;0;0;0;0;0;0;0;0;15;0;15;15;0;15;0;0;0;0;0;0;0;0;0;0;0;0;0;0;0;0;0;0;106,56;0;106,56;504;0;504;610,56;0;610,56;0;0;0;625,56;0;625,56;0;0;0;2400,93;-1875,37;0;0;525,56;0;0;0;0;0;0;0;0;0;0;0;100;0;100;0;625,56;520;0;0;0;0;1880;0;0;0;0;0;0;0;0;0;2400;0;0;0;0;0;0;0;3526,18;0;0;0;0;646,4;0;0;0;0;0;0;0;102,79;4275,37;-1875,37;0;0;0;0;0;0;0;0;0;0;0;-1875,37;0;0;0;0;0;0;0;0;0;0;0;0;2400;4275,37;-1875,37
1533;L'APPEL AU PEUPLE;EUR;2024;0;0;0;0;0;0;0;0;0;0;0;0;0;0;0;0;0;0;0;0;0;0;0;0;0;0;0;0;0;0;0;0;0;0;0;0;0;0;0;0;0;0;0;0;0;0;0;0;0;0;0;220;0;220;0;0;0;24878;0;24878;0;0;0;25098;0;25098;0;0;0;25098;0;25098;0;0;0;18559;5289;0;0;23848;0;0;0;0;0;0;0;1250;0;0;0;0;0;1250;0;25098;2280;0;0;0;0;8525;0;0;0;990;0;0;0;0;0;11795;0;0;0;0;0;0;115;4643;592;506;650;0;0;0;0;0;0;0;0;0;0;6506;5289;0;0;0;0;0;0;0;0;0;0;0;5289;0;0;0;0;0;0;0;0;0;0;0;0;11795;6506;5289
1534;TOUS CHEVILLAIS !;EUR;2024;0;0;0;0;0;0;0;0;0;0;0;0;0;0;0;15;0;15;0;0;0;0;0;0;0;0;0;0;0;0;0;0;0;0;0;0;15;0;15;0;0;0;0;0;0;0;0;0;0;0;0;0;0;0;0;0;0;2150,36;0;2150,36;0;0;0;2150,36;0;2150,36;0;0;0;2165,36;0;2165,36;0;0;0;0;905,36;0;0;905,36;0;0;0;0;0;0;0;1260;0;0;0;0;0;1260;0;2165,36;0;0;0;0;0;2580;0;0;0;0;0;0;0;0;0;2580;0;0;0;0;0;0;0;0;0;0;1260;0;414,64;0;0;0;0;0;0;0;0;1674,64;905,36;0;0;0;0;0;0;0;0;0;0;0;905,36;0;0;0;0;0;0;0;0;0;0;0;0;2580;1674,64;905,36
1535;LA DIASPORA ET LES SANS VOIES;EUR;2024;0;0;0;0;0;0;0;0;0;0;0;0;0;0;0;0;0;0;0;0;0;0;0;0;0;0;0;0;0;0;0;0;0;0;0;0;0;0;0;0;0;0;0;0;0;0;0;0;0;0;0;0;0;0;0;0;0;659;0;659;0;0;0;659;0;659;0;0;0;659;0;659;407;0;0;0;252;0;0;659;0;0;0;0;0;0;0;0;0;0;0;0;0;0;0;659;33;0;0;0;0;260;0;0;0;0;0;0;0;0;0;293;0;0;0;0;0;0;0;0;0;0;0;0;41;0;0;0;0;0;0;0;0;41;252;0;0;0;0;0;0;0;0;0;0;0;252;0;0;0;0;0;0;0;0;0;0;0;0;293;41;252
1536;NOUVEAU PARTI ANTICAPITALISTE - RÉVOLUTIONNAIRES;EUR;2024;0;0;0;0;0;0;2150000;12143;2137857;0;0;0;0;0;0;0;0;0;0;0;0;0;0;0;0;0;0;0;0;0;0;0;0;0;0;0;2150000;12143;2137857;0;0;0;0;0;0;0;0;0;0;0;0;5732;0;5732;0;0;0;9951,21;0;9951,21;0;0;0;15683;0;15683;0;0;0;2165683;12143;2153540;0;0;0;0;282556;0;-71193;211363;0;0;0;570825;0;0;0;9044;969;0;0;1361339;0;1942176;0;2153540;0;0;0;0;0;0;0;0;0;0;0;0;3200;0;0;3200;0;0;0;0;0;0;0;0;3989;0;123168;0;29601;124884;0;0;9714;0;0;0;0;291356;-288156;0;0;0;0;0;0;0;4287;0;4287;-4287;-292444;575000;0;0;575000;0;0;0;0;575000;0;0;0;578200;295644;282556
1537;TOUS ORLÉANS;EUR;2024;0;0;0;0;0;0;0;0;0;0;0;0;0;0;0;15;0;15;0;0;0;0;0;0;0;0;0;0;0;0;0;0;0;0;0;0;15;0;15;0;0;0;0;0;0;0;0;0;0;0;0;0;0;0;0;0;0;65;0;65;0;0;0;65;0;65;0;0;0;80;0;80;0;0;0;0;-4041;0;0;-4041;0;0;0;0;0;0;0;0;0;3521;0;600;0;4121;0;80;90;0;0;0;0;0;0;0;0;0;0;0;0;0;0;90;0;0;0;0;0;0;3521;0;0;0;600;0;0;0;0;0;0;0;0;0;10;4131;-4041;0;0;0;0;0;0;0;0;0;0;0;-4041;0;0;0;0;0;0;0;0;0;0;0;0;90;4131;-4041
1538;LES GENNEVILLOIS;EUR;2024;0;0;0;0;0;0;0;0;0;0;0;0;0;0;0;0;0;0;0;0;0;0;0;0;0;0;0;0;0;0;0;0;0;1850;0;1850;1850;0;1850;0;0;0;0;0;0;0;0;0;0;0;0;0;0;0;0;0;0;287;0;287;0;0;0;287;0;287;0;0;0;2137;0;2137;0;0;0;661;-4221;0;0;-3560;0;0;0;0;0;0;0;3178;0;0;0;2520;0;5698;0;2137;30;0;0;0;0;1555;0;0;0;0;0;0;0;0;0;1585;0;0;0;0;0;0;0;0;3241;0;1860;0;705;0;0;0;0;0;0;0;0;5806;-4221;0;0;0;0;0;0;0;0;0;0;0;-4221;0;0;0;0;0;0;0;0;0;0;0;0;1585;5806;-4221
1539;LA NOUVELLE VOIE;EUR;2024;0;0;0;0;0;0;0;0;0;0;0;0;0;0;0;0;0;0;0;0;0;0;0;0;0;0;0;0;0;0;0;0;0;0;0;0;0;0;0;0;0;0;0;0;0;0;0;0;0;0;0;0;0;0;0;0;0;7168,95;0;7168,95;0;0;0;7168,95;0;7168,95;0;0;0;7168,95;0;7168,95;0;0;0;6233,27;-2163,77;0;0;4069,5;0;0;0;0;0;0;0;2916;0;0;0;183,45;0;3099,45;0;7168,95;0;0;0;0;0;22700;0;0;0;0;0;0;0;0;0;22700;0;0;0;0;0;0;0;0;0;21384,46;2916;0;563,31;0;0;0;0;0;0;0;0;24863,77;-2163,77;0;0;0;0;0;0;0;0;0;0;0;-2163,77;0;0;0;0;0;0;0;0;0;0;0;0;22700;24863,77;-2163,77
1540;TOUT POUR LYON AVEC CHRISTOPHE MARGUIN;EUR;2024;0;0;0;0;0;0;0;0;0;0;0;0;0;0;0;0;0;0;0;0;0;0;0;0;0;0;0;0;0;0;0;0;0;0;0;0;0;0;0;0;0;0;0;0;0;0;0;0;0;0;0;960;0;960;0;0;0;21690;0;21690;0;0;0;22650;0;22650;0;0;0;22650;0;22650;0;0;0;0;-150;0;0;-150;0;0;0;0;0;0;0;22800;0;0;0;0;0;22800;0;22650;0;0;0;0;0;26500;0;0;0;0;0;0;0;0;0;26500;0;0;0;0;0;0;0;25440;0;0;1200;0;10;0;0;0;0;0;0;0;0;26650;-150;0;0;0;0;0;0;0;0;0;0;0;-150;0;0;0;0;0;0;0;0;0;0;0;0;26500;26650;-150
1541;PARTI D'ANNECY ET DU TERRITOIRE SAVOYARD;EUR;2024;0;0;0;0;0;0;0;0;0;0;0;0;0;0;0;0;0;0;0;0;0;0;0;0;0;0;0;0;0;0;0;0;0;0;0;0;0;0;0;0;0;0;0;0;0;0;0;0;0;0;0;0;0;0;0;0;0;5385;0;5385;0;0;0;5385;0;5385;0;0;0;5385;0;5385;0;0;0;0;4838;0;0;4838;0;0;0;0;0;397;0;150;0;0;0;0;0;547;0;5385;0;0;0;0;0;5385;0;0;0;0;0;0;0;0;0;5385;0;0;0;0;0;0;0;224;0;323;0;0;0;0;0;0;0;0;0;0;0;547;4838;0;0;0;0;0;0;0;0;0;0;0;4838;0;0;0;0;0;0;0;0;0;0;0;0;5385;547;4838
1542;AVEC ALI RABEH;EUR;2024;0;0;0;0;0;0;0;0;0;0;0;0;0;0;0;0;0;0;0;0;0;0;0;0;0;0;0;0;0;0;0;0;0;0;0;0;0;0;0;0;0;0;0;0;0;0;0;0;0;0;0;0;0;0;0;0;0;0;0;0;0;0;0;0;0;0;0;0;0;0;0;0;0;0;0;0;0;0;0;0;0;0;0;0;0;0;0;0;0;0;0;0;0;0;0;0;0;0;0;0;0;0;0;0;0;0;0;0;0;0;0;0;0;0;0;0;0;0;0;0;0;0;0;0;0;0;0;0;0;0;0;0;0;0;0;0;0;0;0;0;0;0;0;0;0;0;0;0;0;0;0;0;0;0;0;0;0;0;0;0;0;0
1543;FRATERNITAT : LA CONCORDE POLITIQUE OCCITANE;EUR;2024;0;0;0;0;0;0;0;0;0;0;0;0;0;0;0;0;0;0;0;0;0;0;0;0;0;0;0;0;0;0;0;0;0;0;0;0;0;0;0;0;0;0;0;0;0;0;0;0;0;0;0;0;0;0;0;0;0;4400;0;4400;0;0;0;4400;0;4400;0;0;0;4400;0;4400;0;0;0;0;4250;0;0;4250;0;0;0;0;0;0;0;150;0;0;0;0;0;150;0;4400;0;0;0;0;0;4400;0;0;0;0;0;0;0;0;0;4400;0;0;0;0;0;0;0;0;0;0;150;0;0;0;0;0;0;0;0;0;0;150;4250;0;0;0;0;0;0;0;0;0;0;0;4250;0;0;0;0;0;0;0;0;0;0;0;0;4400;150;4250
1545;AVEC YANNICK NEUDER;EUR;2024;0;0;0;0;0;0;0;0;0;0;0;0;0;0;0;0;0;0;0;0;0;0;0;0;0;0;0;0;0;0;0;0;0;0;0;0;0;0;0;0;0;0;0;0;0;0;0;0;0;0;0;0;0;0;0;0;0;1870;0;1870;0;0;0;1870;0;1870;0;0;0;1870;0;1870;0;0;0;0;1070;0;0;1070;0;0;0;0;0;0;0;800;0;0;0;0;0;800;0;1870;0;0;0;0;0;1870;0;0;0;0;0;0;0;0;0;1870;0;0;0;0;0;0;0;0;0;0;800;0;0;0;0;0;0;0;0;0;0;800;1070;0;0;0;0;0;0;0;0;0;0;0;1070;0;0;0;0;0;0;0;0;0;0;0;0;1870;800;1070
1546;RASSEMBLER BÉZIERS;EUR;2024;0;0;0;0;0;0;0;0;0;0;0;0;0;0;0;0;0;0;0;0;0;0;0;0;0;0;0;0;0;0;0;0;0;0;0;0;0;0;0;0;0;0;0;0;0;0;0;0;0;0;0;1200;0;1200;0;0;0;10000;0;10000;0;0;0;11200;0;11200;0;0;0;11200;0;11200;0;0;0;0;10840;0;0;10840;0;0;0;0;0;0;0;360;0;0;0;0;0;360;0;11200;0;11200;0;0;0;0;0;0;0;0;0;0;0;0;0;11200;0;0;0;0;0;0;0;0;0;360;0;0;0;0;0;0;0;0;0;0;0;360;10840;0;0;0;0;0;0;0;0;0;0;0;10840;0;0;0;0;0;0;0;0;0;0;0;0;11200;360;10840
1547;UNIS POUR LEVALLOIS;EUR;2024;0;0;0;0;0;0;0;0;0;0;0;0;0;0;0;0;0;0;0;0;0;0;0;0;0;0;0;0;0;0;0;0;0;0;0;0;0;0;0;0;0;0;0;0;0;0;0;0;0;0;0;0;0;0;0;0;0;330;0;330;0;0;0;330;0;330;0;0;0;330;0;330;0;0;0;0;-600;0;0;-600;0;0;0;0;0;0;0;600;0;0;0;330;0;930;0;330;0;0;0;0;0;0;0;0;0;0;0;0;0;0;0;0;0;0;0;0;0;0;0;0;0;0;600;0;0;0;0;0;0;0;0;0;0;600;-600;0;0;0;0;0;0;0;0;0;0;0;-600;0;0;0;0;0;0;0;0;0;0;0;0;0;600;-600
1549;MOUVEMENT DE DÉCOLONISATION ET D'ÉMANCIPATION SOCIALE;EUR;2024;0;0;0;0;0;0;0;0;0;0;0;0;0;0;0;0;0;0;0;0;0;0;0;0;0;0;0;0;0;0;0;0;0;0;0;0;0;0;0;0;0;0;0;0;0;0;0;0;0;0;0;0;0;0;0;0;0;41550;0;41550;0;0;0;41550;0;41550;330;0;330;41880;0;41880;0;0;0;1691;33209;0;0;34900;0;0;0;0;0;0;0;6980;0;0;0;0;0;6980;0;41880;16979;0;70527;0;0;0;0;0;0;0;0;0;0;0;0;87506;0;0;0;0;0;0;28056;1240;7913;6862;2850;0;6896;0;0;0;0;0;0;0;480;54297;33209;0;0;0;0;0;0;0;0;0;0;0;33209;0;0;0;0;0;0;0;0;0;0;0;0;87506;54297;33209
1551;NOTRE PARTI, C'EST FRÉJUS;EUR;2024;0;0;0;0;0;0;0;0;0;698,09;10,18;687,91;0;0;0;0;0;0;0;0;0;0;0;0;0;0;0;0;0;0;0;0;0;0;0;0;698,09;10,18;687,91;0;0;0;0;0;0;0;0;0;0;0;0;0;0;0;0;0;0;3133,47;0;3133,47;0;0;0;3133,47;0;3133,47;0;0;0;3831,56;10,18;3821,38;2993,8;0;0;0;827,58;0;0;3821,38;0;0;0;0;0;0;0;0;0;0;0;0;0;0;0;3821,38;0;0;0;0;0;1670;0;0;0;0;0;0;0;0;0;1670;0;0;0;0;0;0;0;0;640;0;0;0;274,23;0;0;0;10,18;0;0;0;0;924,41;745,59;0;0;0;0;0;0;0;0;0;0;0;745,59;81,99;0;0;81,99;0;0;0;0;81,99;0;0;0;1751,99;924,41;827,58
1552;POPULAIRES;EUR;2024;0;0;0;0;0;0;0;0;0;0;0;0;0;0;0;0;0;0;0;0;0;0;0;0;0;0;0;0;0;0;0;0;0;0;0;0;0;0;0;0;0;0;0;0;0;0;0;0;0;0;0;810;0;810;0;0;0;1929;0;1929;267;0;267;3005;0;3005;0;0;0;3005;0;3005;0;0;0;0;-9975;0;0;-9975;0;0;0;0;0;0;0;4740;0;0;0;8241;0;12981;0;3005;520;0;0;0;0;2240;0;0;0;0;0;0;0;0;0;2760;0;0;0;0;0;0;0;0;0;7295;2280;0;2573;0;0;0;0;0;0;0;587;12735;-9975;0;0;0;0;0;0;0;0;0;0;0;-9975;0;0;0;0;0;0;0;0;0;0;0;0;2760;12735;-9975
1554;TDM;EUR;2024;0;0;0;0;0;0;0;0;0;0;0;0;0;0;0;0;0;0;0;0;0;0;0;0;0;0;0;0;0;0;0;0;0;0;0;0;0;0;0;0;0;0;0;0;0;0;0;0;0;0;0;0;0;0;0;0;0;14150;0;14150;0;0;0;14150;0;14150;0;0;0;14150;0;14150;0;0;0;0;11870;0;0;11870;0;0;0;0;0;0;0;2280;0;0;0;0;0;2280;0;14150;0;0;0;0;0;14150;0;0;0;0;0;0;0;0;0;14150;0;0;0;0;0;0;0;0;0;0;2280;0;0;0;0;0;0;0;0;0;0;2280;11870;0;0;0;0;0;0;0;0;0;0;0;11870;0;0;0;0;0;0;0;0;0;0;0;0;14150;2280;11870
1555;FLORÉAL;EUR;2024;0;0;0;0;0;0;0;0;0;0;0;0;0;0;0;0;0;0;0;0;0;0;0;0;0;0;0;0;0;0;0;0;0;0;0;0;0;0;0;0;0;0;0;0;0;0;0;0;0;0;0;0;0;0;0;0;0;0;0;0;0;0;0;0;0;0;0;0;0;0;0;0;0;0;0;0;0;0;0;0;0;0;0;0;0;0;0;0;0;0;0;0;0;0;0;0;0;0;0;0;0;0;0;0;0;0;0;0;0;0;0;0;0;0;0;0;0;0;0;0;0;0;0;0;0;0;0;0;0;0;0;0;0;0;0;0;0;0;0;0;0;0;0;0;0;0;0;0;0;0;0;0;0;0;0;0;0;0;0;0;0;0
1557;POITIERS EN GRAND;EUR;2024;0;0;0;0;0;0;0;0;0;0;0;0;0;0;0;0;0;0;0;0;0;0;0;0;0;0;0;0;0;0;0;0;0;0;0;0;0;0;0;0;0;0;0;0;0;0;0;0;0;0;0;0;0;0;0;0;0;0;0;0;0;0;0;0;0;0;0;0;0;0;0;0;0;0;0;0;-200;0;0;-200;0;0;0;0;0;0;0;200;0;0;0;0;0;200;0;0;0;0;0;0;0;0;0;0;0;0;0;0;0;0;0;0;0;0;0;0;0;0;0;0;0;0;200;0;0;0;0;0;0;0;0;0;0;200;-200;0;0;0;0;0;0;0;0;0;0;0;-200;0;0;0;0;0;0;0;0;0;0;0;0;0;200;-200
1558;ASSOCIATION POUR LA RÉPUBLIQUE ÉCOLOGIQUE ET SOCIALE (APRÈS);EUR;2024;0;0;0;6600;597,67;6002,33;0;0;0;0;0;0;0;0;0;0;0;0;0;0;0;0;0;0;0;0;0;0;0;0;0;0;0;15;0;15;6615;597,67;6017,33;0;0;0;0;0;0;0;0;0;0;0;0;0;0;0;0;0;0;21242,88;0;21242,88;0;0;0;21242,88;0;21242,88;0;0;0;27857,88;597,67;27260,21;0;0;0;1412,11;-2361,1;0;0;-948,99;0;0;0;0;0;0;20000;7819,2;0;0;0;390;0;28209,2;0;27260,21;0;990;0;0;0;4535;0;0;0;0;0;0;0;0;0;5525;0;0;0;0;0;0;0;0;0;0;2520;0;5311,2;0;0;0;55;0;0;0;0;7886,2;-2361,2;0;0;0,1;0;0;0,1;0;0;0;0;0,1;-2361,1;0;0;0;0;0;0;0;0;0;0;0;0;5525,1;7886,2;-2361,1
1559;DEMAIN PARIS;EUR;2024;0;0;0;0;0;0;0;0;0;0;0;0;0;0;0;0;0;0;0;0;0;0;0;0;0;0;0;0;0;0;0;0;0;0;0;0;0;0;0;0;0;0;0;0;0;0;0;0;0;0;0;0;0;0;0;0;0;0;0;0;0;0;0;0;0;0;0;0;0;0;0;0;0;0;0;0;-1800;0;0;-1800;0;0;0;0;0;0;0;1800;0;0;0;0;0;1800;0;0;0;0;0;0;0;0;0;0;0;0;0;0;0;0;0;0;0;0;0;0;0;0;0;0;0;0;1800;0;0;0;0;0;0;0;0;0;0;1800;-1800;0;0;0;0;0;0;0;0;0;0;0;-1800;0;0;0;0;0;0;0;0;0;0;0;0;0;1800;-1800
1560;RAYONNEMENT RÉPUBLICAIN;EUR;2024;0;0;0;0;0;0;0;0;0;0;0;0;0;0;0;0;0;0;0;0;0;0;0;0;0;0;0;0;0;0;0;0;0;0;0;0;0;0;0;0;0;0;0;0;0;0;0;0;0;0;0;0;0;0;0;0;0;0;0;0;0;0;0;0;0;0;0;0;0;0;0;0;0;0;0;0;-150;0;0;-150;0;0;0;0;0;0;0;150;0;0;0;0;0;150;0;0;0;0;0;0;0;0;0;0;0;0;0;0;0;0;0;0;0;0;0;0;0;0;0;0;0;0;150;0;0;0;0;0;0;0;0;0;0;150;-150;0;0;0;0;0;0;0;0;0;0;0;-150;0;0;0;0;0;0;0;0;0;0;0;0;0;150;-150
1561;LA FRANCE ÉTERNELLE;EUR;2024;0;0;0;0;0;0;0;0;0;0;0;0;0;0;0;0;0;0;0;0;0;0;0;0;0;0;0;0;0;0;0;0;0;0;0;0;0;0;0;0;0;0;0;0;0;0;0;0;0;0;0;0;0;0;0;0;0;15000;0;15000;0;0;0;15000;0;15000;0;0;0;15000;0;15000;0;0;0;0;-1800;0;0;-1800;0;0;0;0;0;0;0;1800;0;0;0;15000;0;16800;0;15000;0;0;0;0;0;0;0;0;0;0;0;0;0;0;0;0;0;0;0;0;0;0;0;0;0;0;1800;0;0;0;0;0;0;0;0;0;0;1800;-1800;0;0;0;0;0;0;0;0;0;0;0;-1800;0;0;0;0;0;0;0;0;0;0;0;0;0;1800;-1800
1562;ALTERNATIVE ALSACIENNE-'S LÍNKE ELSÀSS;EUR;2024;0;0;0;0;0;0;0;0;0;0;0;0;0;0;0;0;0;0;0;0;0;0;0;0;0;0;0;0;0;0;0;0;0;0;0;0;0;0;0;0;0;0;0;0;0;0;0;0;0;0;0;0;0;0;0;0;0;182,36;0;182,36;0;0;0;182,36;0;182,36;0;0;0;182,36;0;182,36;0;0;0;182,04;-599,68;0;0;-417,64;0;0;0;0;0;0;0;600;0;0;0;0;0;600;0;182,36;0;0;0;0;0;0;0;0;0;0;0;0;0;0;0;0;0;0;0;0;0;0;0;0;0;0;600;0;0;0;0;0;0;0;0;0;0;600;-600;0;0;0,32;0;0;0,32;0;0;0;0;0,32;-599,68;0;0;0;0;0;0;0;0;0;0;0;0;0,32;600;-599,68
1563;ON EST ENSEMBLE AVEC STÉPHANE BEAUDET;EUR;2024;0;0;0;0;0;0;0;0;0;0;0;0;0;0;0;0;0;0;0;0;0;0;0;0;0;0;0;0;0;0;0;0;0;0;0;0;0;0;0;0;0;0;0;0;0;0;0;0;0;0;0;0;0;0;0;0;0;6312,57;0;6312,57;0;0;0;6312,57;0;6312,57;0;0;0;6312,57;0;6312,57;3967,95;0;0;0;1209,62;0;0;5177,57;0;0;0;0;0;0;0;720;0;0;0;415;0;1135;0;6312,57;0;0;0;0;0;2210;0;0;0;0;0;0;0;0;0;2210;0;0;0;0;0;0;0;0;0;23,56;720;0;256,82;0;0;0;0;0;0;0;0;1000,38;1209,62;0;0;0;0;0;0;0;0;0;0;0;1209,62;0;0;0;0;0;0;0;0;0;0;0;0;2210;1000,38;1209,62
1564;AUX ACTES !;EUR;2024;0;0;0;0;0;0;0;0;0;0;0;0;0;0;0;0;0;0;0;0;0;0;0;0;0;0;0;0;0;0;0;0;0;0;0;0;0;0;0;0;0;0;0;0;0;0;0;0;0;0;0;0;0;0;0;0;0;0;0;0;0;0;0;0;0;0;0;0;0;0;0;0;0;0;0;0;0;0;0;0;0;0;0;0;0;0;0;0;0;0;0;0;0;0;0;0;0;0;0;0;0;0;0;0;0;0;0;0;0;0;0;0;0;0;0;0;0;0;0;0;0;0;0;0;0;0;0;0;0;0;0;0;0;0;0;0;0;0;0;0;0;0;0;0;0;0;0;0;0;0;0;0;0;0;0;0;0;0;0;0;0;0
1573;FORCE LORRAINE;EUR;2024;0;0;0;0;0;0;0;0;0;0;0;0;0;0;0;0;0;0;0;0;0;0;0;0;0;0;0;0;0;0;0;0;0;0;0;0;0;0;0;0;0;0;0;0;0;0;0;0;0;0;0;0;0;0;0;0;0;0;0;0;0;0;0;0;0;0;0;0;0;0;0;0;0;0;0;0;0;0;0;0;0;0;0;0;0;0;0;0;0;0;0;0;0;0;0;0;0;0;0;0;0;0;0;0;0;0;0;0;0;0;0;0;0;0;0;0;0;0;0;0;0;0;0;0;0;0;0;0;0;0;0;0;0;0;0;0;0;0;0;0;0;0;0;0;0;0;0;0;0;0;0;0;0;0;0;0;0;0;0;0;0;0
1584;100% PERPIGNAN;EUR;2024;0;0;0;0;0;0;0;0;0;0;0;0;0;0;0;0;0;0;0;0;0;0;0;0;0;0;0;0;0;0;0;0;0;0;0;0;0;0;0;0;0;0;0;0;0;4460;0;4460;0;0;0;0;0;0;0;0;0;3170,53;0;3170,53;0;0;0;7630,53;0;7630,53;0;0;0;7630,53;0;7630,53;0;0;0;0;-3811,39;0;0;-3811,39;0;0;0;0;0;9933,92;0;1508;0;0;0;0;0;11441,92;0;7630,53;130;0;0;0;0;6330;0;0;0;0;0;0;0;0;0;6460;0;0;0;0;0;0;0;8718,2;0;0;1508;0;45,19;0;0;0;0;0;0;0;0;10271,39;-3811,39;0;0;0;0;0;0;0;0;0;0;0;-3811,39;0;0;0;0;0;0;0;0;0;0;0;0;6460;10271,39;-3811,39
