✔ empty, malformed and observer snapshots cannot masquerade as a healthy player (3.242ms)
✔ real annual renewal takes priority and null treasury does not become zero (0.6779ms)
✔ treasury accepts only actual finite numbers and invents no low-cash threshold (0.6947ms)
✔ construction requires a matching dated production snapshot and valid calendar (0.5115ms)
✔ funding and blocked projects precede recommendations without inventing blocked causes (0.5748ms)
✔ only exact eligible suggestion evidence and province permissions permit a review (0.8118ms)
✔ sized workshop uses the server exact-size preview and preserves server order (1.1795ms)
✔ bad funding numbers cannot support a new building recommendation (0.3407ms)
✔ optional industry allocation zero is distinct from cash and blocks expansion advice (0.3665ms)
✔ building status is not a guarantee and completed facilities retain the industry destination (0.3621ms)
✔ unavailable construction details can use only explicit state attention (0.1945ms)
✔ government warnings use open server routes, not stability thresholds or aggregate disabled routes (0.2576ms)
✔ research options in the future are not presented as current projects (0.3403ms)
✔ a paid calendar wait is never a funding stall (0.1917ms)
✔ research funding stall requires unpaid effort and actual zero rate (0.2048ms)
✔ monthly acquisition allowance and priority are separate research reviews (0.1685ms)
✔ disjoint enemy wars and foreign operations do not become player conflicts (0.33ms)
✔ deployment advice requires an active player conflict and valid requested/deployed values (0.2457ms)
✔ incoming agency requests are distinct from possible action menus and are deadline checked (1.0812ms)
✔ incoming resource offer requires counterpart, deadline and an actual political cost (0.771ms)
✔ advice is deterministic, immutable, bounded and attention is always first (0.6814ms)
✔ browser UMD loads without DOM, timers, network, commands or global state (1.7395ms)
﹣ archived real API reading identifies renewal without disabled takeover alarms (0.0778ms) # SKIP
✔ inbox opens a dated native review and cancellation sends no command (9.5827ms)
✔ one confirmation posts the exact nested command and native token once (3.2656ms)
✔ late success and failure cannot revive a cancelled or reopened dialog (5.5653ms)
✔ a newer review wins and stale world or session replacement cannot confirm (3.4702ms)
✔ mismatched command, nation, session or missing token never enables confirmation (7.8356ms)
✔ refused or locally altered reviewed commands do not spend and display native reasons (3.1352ms)
✔ server stale-review refusal adopts current state and demands a fresh review (3.3634ms)
✔ command errors refresh by reading state without retrying the order (2.252ms)
✔ an uncertain command envelope leaves the shared receipt available for recovery (3.7101ms)
✔ a command response from an older closed dialog cannot replace a newer world (2.3007ms)
✔ nested key order is immaterial, unsupported commands and unsafe labels stay inert (1.2241ms)
✔ standing policy, currency and aim controls all review before any order (27.8343ms)
✔ existing pending receipts block new or already-reviewed orders (2.9426ms)
✔ dated native history names remain escaped and original request identity is retained (0.923ms)
✔ pending requests precede optional aims and sort by the native deadline without mutating the inbox (1.3662ms)
✔ reply dates are exclusive, the final day is singular, and closed windows never say today (0.9838ms)
✔ overdue requests retain exact deadline order when native days remaining is clamped to zero (1.6561ms)
✔ blocked acceptance retains a decline review and both request and quoted identities remain escaped (7.5725ms)
✔ aircraft close-up bounds use real cockpit glass and finite end zones of the actual engine meshes (1046.9715ms)
✔ cockpit falls back to real avionics bounds without glass; malformed and missing semantic ranges are unavailable (4.0348ms)
✔ Cockpit, Engines and Intakes buttons point the camera at contained component detail, with selection synchronized (15.7582ms)
✔ intake inspection looks into an outboard engine before hitting the fuselage, without hiding any mesh (1730.4767ms)
✔ ordinary views restore overview zoom, Reset fits the full model and focused picking uses the close-up camera (29.1824ms)
✔ focus survives context restoration but resets safely when model geometry changes (35.6693ms)
✔ unavailable graphics keeps close-up controls disabled and avoids false ready messages (5.2083ms)
✔ default and loaded aircraft meet the 100k inspection contract and bounded cheaper LODs (2659.6705ms)
✔ aircraft LOD clamps malformed requests and never edits the design (795.8563ms)
✔ all tactical exhaust choices reveal a deep interior beyond the old casing cap (1749.7392ms)
✔ both intakes contain separate solid swept fan blades instead of flat spokes (2743.1306ms)
✔ recessed exhaust turbines also retain solid vanes in both close detail levels (2119.2325ms)
✔ tactical nozzle petals taper toward the outlet rather than forming a straight drum (1255.4039ms)
✔ cockpit side controls sit visibly inside the glass with space above the consoles (1105.3872ms)
✔ light aircraft and tactical map meshes are unchanged by inspection detail work (1015.7282ms)
✔ all engine and cockpit combinations retain inspection and catalogue budgets (3023.7234ms)
✔ every tactical engine option has two physically open, recessed intake throats (1868.0368ms)
✔ both tactical seats remain visible through glass above a real cockpit cavity (841.3941ms)
✔ all tactical wing choices have distinct flaps, ailerons and open hinge seams (133.8096ms)
✔ tactical payloads clear wing undersides and both main wings retain mirrored geometry (64.5126ms)
✔ opaque and glass ranges partition the mesh once and preserve selectable part ownership (3.834ms)
✔ invalid surfaces fail closed in both display and GLB export (3.4815ms)
✔ aircraft GLB keeps global buffers and adds bounded glass accessors with portable alpha materials (21.4342ms)
✔ nonaircraft export bytes and opaque ranges remain unchanged even with unrelated metadata (1.0367ms)
✔ glass draws after opaque with blending and no depth writes, then restores all owned GL state (9.6572ms)
✔ selection highlights opaque intersections and glass without drawing an opaque canopy overlay (1.333ms)
✔ canopy is excluded from both cached depth shadows and fallback projected shadows (2.4914ms)
✔ restoration preserves glass, selection and exports; bad replacement never retains stale geometry (3.7817ms)
✔ unavailable WebGL retains downloadable transparent geometry and a clear fallback (1.2968ms)
✔ top-room selection follows visual priority without changing any open state (974.7645ms)
✔ explicit map-view operations remain non-modal while other rooms still win (301.5026ms)
✔ Tab wraps at room boundaries, enters from outside, and leaves middle controls native (213.9217ms)
✔ Tab ignores hidden, inert, disabled and negative-tabindex descendants (188.6282ms)
✔ an empty or loading room contains keyboard focus on itself (71.7642ms)
✔ nation tabs reveal exactly one page and preserve drafts and game state (499.1921ms)
✔ non-native action rows gain Enter and Space activation without swallowing other keys (49.0829ms)
✔ nation tabs maintain exactly one tab stop when selection changes (144.0057ms)
✔ all three arcade stylesheets are local, embedded and served as CSS (33.0943ms)
✔ help contains time shortcuts but leaves its native close button usable (1.9904ms)
✔ ten distinct local paintings have immutable keys and accessible decorative markup (18.745ms)
✔ untrusted paths and layout values cannot enter image markup (0.2481ms)
✔ declarative campaign mounting uses the same allowlist and preserves its host (0.3985ms)
✔ production, arms manufacturing and logistics render the matching paintings (1.3399ms)
✔ Exchange keeps industry, resources and diplomacy visually distinct (2.1108ms)
✔ military overview has one painting and a focused allocation retains its compact controls (1.0493ms)
✔ workshop defaults and every displayed component label match the native specialist definitions (6.0038ms)
✔ weapon choice lists match each native platform armament, mount and ammunition branch (2.5128ms)
✔ all common choices preserve native family isolation and cannot introduce tank components (6.526ms)
✔ recon edits through each of its three paired selectors produce matching mounts and loads (0.2267ms)
✔ missile and guided-artillery changes constrain required sensors and release choices when reversed (0.586ms)
✔ actual workshop preserves each family draft, announces paired changes and restores focus (1276.9741ms)
✔ real part selection survives detail and same-slot edits, then clears on family or preset changes (528.1143ms)
✔ downloaded GLB contains the current paired vehicle, current LOD and actual painted vertex colors (802.5946ms)
✔ download failures preserve the specialist draft and clean up all allocated browser handles (595.6944ms)
✔ persisted visual records normalize unknown and obsolete values and restore required component pairings (0.9545ms)
✔ visual draft validation ignores inherited keys and accessors without invoking their code (0.4731ms)
✔ stored schema validation rejects corrupt or future payloads and removes unknown families without prototype effects (0.5021ms)
✔ actual page reload restores separate components, finish, condition and detail for each family before mounting (906.3336ms)
✔ startup repairs incompatible saved weapons before the first model and never writes while repairing (28.1338ms)
✔ missing, denied or corrupt storage keeps a functional session without startup writes (3742.3673ms)
✔ quota failure preserves live per-family drafts, reports session-only status and does not overwrite the last saved bytes (247.963ms)
✔ an unsupported future schema is preserved byte-for-byte while edits and preset reset remain session-only (756.2477ms)
✔ resetting one family persists its default components while retaining its finish/detail and every other family draft (90.0387ms)
✔ the fake context is real enough for the module to run at all (1221.3893ms)
✔ the cache never exceeds its cap, however much is asked of it (40888.7956ms)
✔ evicting frees the vertex array AND its three buffers (0.6109ms)
✔ nothing ever binds a vertex array that was freed (11382.5851ms)
✔ losing the context resets the accounting, not just the map (157.2752ms)
✔ an entry reachable under two names is released under both (3724.8862ms)
✔ every shipped model has a frame, and the deck is not silently skipped (508.9671ms)
✔ nothing leaves the frame at rest (1808.4934ms)
✔ nothing leaves the frame at ANY angle a card can turn to (7173.4363ms)
✔ a card uses the frame it was given (1306.4578ms)
✔ the model is centred in the frame, which is the whole point (1380.1246ms)
✔ the pivot is shared, and a fixed pivot is honoured exactly (184.2392ms)
✔ only mechanised infantry near changes; all 46 far meshes and catalogue identities are byte-identical (2169.8176ms)
✔ new formation shape stays within existing budgets while replacing small hardware with structural geometry (0.581ms)
✔ six paired road-wheel stations are connected to hull-mounted suspension arms (0.4766ms)
✔ a continuous rear crew bay sits behind the low turret and front engine bank (0.2826ms)
✔ rear ramp and troop roof exits are exposed physical faces, not buried intersecting boxes (2.7665ms)
✔ the redesigned near model has no collapsed faces or reversed smoothed normals (8.1625ms)
✔ all 46 IDs retain their catalogue metadata, exact near envelope and exact far buffers (2183.1248ms)
✔ every catalogue recipe gains close-up geometry within the 16k card and 40MiB total buffer budget (1.1307ms)
✔ fasteners have a recessed socket with an inward wall instead of a cap across the opening (14.3617ms)
✔ track hinges bridge the belt width and retain hard planar end caps under smooth pin sides (0.9233ms)
✔ aircraft exhaust opens aft with visible recessed internals, while compressors are explicitly selected (289.8024ms)
✔ joint grooves replace a continuous band surface without changing its mounting envelope (36.983ms)
✔ the mechanised AFV engine grille contains a spread bank, not coincident copies (246.7167ms)
✔ each arsenal model has finite render buffers, unit normals and usable spatial bounds (2535.6499ms)
✔ no triangle is degenerate and no vertex normal contradicts the face it sits on (227.505ms)
✔ loft winds outward only for an increasing z run, which is the convention every model here is authored to (0.5639ms)
✔ arsenal recipes are deterministic across fresh loads and reuse cached meshes (1483.9733ms)
✔ OBJ exports retain every triangle and carry the mesh position, colour and per-vertex normal of each corner (12918.6667ms)
✔ the far level of detail is optional, cheaper, deterministic and never displaces the detailed mesh (305.8657ms)
✔ no two models collapse into the same shape at either level of detail (35.3931ms)
✔ every model in the deck holds the catalogue and map budgets, and no class can opt out (0.5131ms)
✔ unknown catalog ids fail cleanly or resolve only through an explicit known class (0.3147ms)
✔ the eleven air/naval changes and explicitly pinned later mechanised revision retain their bounded scope (1826.7314ms)
✔ ship forebody waterlines narrow below the unchanged deck while amidships stays fixed (41.5494ms)
✔ the weather deck has a crown through the quarter beam, not two planar roof slopes (0.6647ms)
✔ bridge panes are the first visible surfaces through framed openings on side and end walls (4.0923ms)
✔ boarding boats have open wells, raised seats and rounded inflatable collars (6.1917ms)
✔ fighter fairing preserves authored frames and extrema without padding straight barrels (0.5895ms)
✔ fighter canopy glass sits above a flat sill and has a separate raked forward screen (3.9369ms)
✔ the bench renders every view, and every view has cards (2.2765ms)
✔ every caption is the count of the mesh that card actually draws (3489.1929ms)
✔ no band on the bench is looser than the roadmap section 4 row it cites (1.3216ms)
✔ art with no section 4 row says so instead of inventing a bar (0.2905ms)
✔ overview routes annual renewal, building counts and advice without changing the draft (9.2767ms)
✔ overview reflects enacted plans and does not invent a construction count when unavailable (359.1874ms)
✔ annual drafts adopt the current fiscal year without changing the saved draft (208.5923ms)
✔ Welfare keeps the existing Pensions budget key and changes only its own allocation (295.6787ms)
✔ ministry presses preserve tax, rate and unrelated orders and one atomic annual draft (406.1535ms)
✔ revert discards every queued order and redraws the live budget (165.4305ms)
✔ closing the cabinet preserves drafts, removes modality and restores focus (128.2709ms)
✔ cabinet keyboard navigation wraps tabs and traps focus without consuming native range keys (668.9053ms)
✔ cabinet is an accessible modal with industry and a gameplay-shortcut guard (4.2519ms)
✔ tab selection changes visibility and roving focus, never the pending budget (183.3376ms)
✔ industry tab delegates opening, mounts once and closes its read lifecycle on departure (208.1709ms)
✔ cash-flow lifecycle follows overview visibility and preserves drafts (268.6485ms)
✔ cash-flow shortcuts navigate to financial controls without changing the plan or issuing orders (563.6456ms)
✔ an explicit cash-flow link reveals the summary after reopening the overview (84.8589ms)
✔ industry actions reach specific existing controls without making economic orders (449.1315ms)
✔ draft summary reacts to queued tax and includes interest exactly once (174.431ms)
✔ enacting an untouched first budget queues the inherited plan and advances exactly one day (196.207ms)
✔ a failed enact preserves the mixed draft and releases the busy guard for retry (687.8448ms)
✔ all draft controls are inert only while the asynchronous enact is pending (295.9412ms)
✔ dated command refusals are surfaced in the footer and live region after advance (220.2906ms)
✔ the cabinet painting is local and the original vector remains available (11.2756ms)
✔ effect previews index the served reference-anchored curve and respect its limits (239.0599ms)
✔ budget cost distinguishes first enactment, cuts and reopening an enacted year (178.1356ms)
✔ the treasury card distinguishes absent books from zero money and preserves annual units (123.9768ms)
✔ theatre report shows supplied values, meaningful units and readable dates (2.7124ms)
✔ missing intelligence, force and delivery data stay unknown rather than becoming zero (0.2403ms)
✔ remote names, summaries, identifiers and saved stale targets are escaped (0.4498ms)
✔ support mission constraints show the served explanation and escape remote text (0.4226ms)
✔ operation submit preserves exact basis points and sends authenticated intent only (1.3596ms)
✔ automatic target, withdrawal, all mission enums and reserve endpoints dispatch correctly (18.6937ms)
✔ malformed operations are refused before sending anything (0.5397ms)
✔ one in-flight decision is allowed across operation and peace forms; failure recovers (0.7528ms)
✔ a returned server refusal never claims an applied order (0.295ms)
✔ peace reports expose only actionable offers and authoritative prices (0.4855ms)
✔ aim commands preserve a district only for territorial recovery (0.4788ms)
✔ peace terms dispatch exact demand payloads without stale hidden fields (0.3194ms)
✔ reparations honor served bounds and an absent quote cannot authorize a default (0.2022ms)
✔ accept and reject require the explicitly chosen response (0.145ms)
✔ garrisons have their own bounded allocation and policy (0.3499ms)
✔ editing can pause the host clock without storing drafts across campaigns (0.2243ms)
✔ late Advisor success cannot replace a newly opened Research dialog (3.4138ms)
✔ late Advisor and About failures cannot replace newer dialog content (3.1051ms)
✔ late About success cannot replace newer dialog content (0.945ms)
✔ advice does not mix old projects with a newer adopted campaign state (0.9172ms)
✔ actual Advisor renders stability and opens only explicitly chosen policy rooms (3.6379ms)
✔ Advisor leads with exact server suggestion effects and never starts work when following it (1.954ms)
✔ Advisor budget and growth actions reach explicit tabs regardless of the previous Cabinet view (1.1406ms)
✔ Advisor keeps a suggestion open while the same world has a pending turn or construction order (2.6156ms)
✔ Advisor diagnostics remain optional and paid project progress keeps its first decimal (0.943ms)
✔ completed-industry advice opens the shared Industry desk and rejects stale navigation (0.8962ms)
✔ loaded Advisor actions refuse a changed world, replaced campaign or superseding dialog (26.8687ms)
✔ Advisor escapes suggestion names, reasons, evidence and cautions (2.1644ms)
✔ normal sending leaves rooms open; uncertain response exposes reachable recovery without losing intent (2.8986ms)
✔ an explicit non-applied refusal leaves its form open for correction (1.352ms)
✔ HTML confirmation stays pending, defaults to Cancel and safely renders its description (8.3734ms)
✔ Escape and external close cancel; only the explicit confirmation button grants consent (19.9472ms)
✔ confirmation cannot authorize an action against a newly adopted campaign (1.687ms)
✔ the actual load action preserves the live campaign until explicit HTML consent (7.9661ms)
✔ government waits for explicit consent, blocks duplicate clicks and cancels without sending (30.1704ms)
✔ government sends only the captured reviewed command after confirmation (17.2134ms)
✔ government refuses a changed campaign, target or pending order after confirmation (71.5572ms)
✔ government cannot adopt an old response into a replacement campaign (58.4223ms)
✔ covert waits for explicit consent, blocks duplicate clicks and cancels without sending (28.7924ms)
✔ covert sends only the captured reviewed command after confirmation (72.139ms)
✔ covert refuses a changed campaign, target or pending order after confirmation (104.8877ms)
✔ covert cannot adopt an old response into a replacement campaign (16.229ms)
✔ Government reset clears campaign readers and late reads cannot repopulate the closed room (145.8275ms)
✔ Government shares room navigation and Tab trapping while reopening retains its launcher (78.6721ms)
✔ covert readers cannot attach old actions after campaign replacement (63.8619ms)
✔ shipped game actions have no blocking browser confirm calls (72.4954ms)
✔ a government review reads exact consequences without sending an order; confirmation sends once without another dialog (32.3472ms)
✔ government preview confirms the captured command at its original action index after filtering (40.3695ms)
✔ late government reviews cannot attach after a world, nation, data or review replacement (191.1475ms)
✔ government confirms neither stale nor invalid reviews and rejects mismatched session or command responses (284.0505ms)
✔ government refuses foreign, blocked, malformed, refused or stale action reviews without ordering (165.1637ms)
✔ government navigation reaches explicit game rooms and never accepts an arbitrary route (38.1845ms)
✔ government party and decision searches stay independent when switching tabs (34.4003ms)
✔ immediate response loss/reload/retry charges exactly once and preserves original command (3.3544ms)
✔ a second click while in flight cannot submit a second action (0.3106ms)
✔ certain malformed rejection releases write lane; unknown outcome and stale campaign do not (1.5627ms)
✔ external commerce receipt identity is preserved by the common mutation channel (0.2215ms)
✔ history deltas append exact data and compaction resets replace old indices (1.3696ms)
✔ history only asks for chosen series; a new selection gets a complete window (0.4052ms)
✔ save names cannot express paths (0.3336ms)
✔ the real immediate API wraps legacy panel failures and retries the same committed receipt (9.6879ms)
✔ a failed visible history read has no render or retry loop (19.2231ms)
✔ campaign and chronicle classic scripts parse alongside the actual page without duplicate globals (16.3754ms)
✔ financial priorities preserve server order, evidence amounts and periods with at most three cards (38.0353ms)
✔ missing priorities produce no invented diagnosis and unknown evidence remains unknown (5.9164ms)
✔ priority buttons navigate to the exact server control and reject stale or replaced readings (8.7605ms)
✔ annual ministry rows expose exact ministry review actions without adding a table column (4.0313ms)
✔ priority text and periods are escaped and only exactly duplicated alerts are removed (2.8569ms)
✔ only alerts represented by a displayed priority ID are suppressed (2.7324ms)
✔ dated government spending is separate from current balances and the enacted annual plan (2.5244ms)
✔ server totals and net position are displayed unchanged, never reconstructed from component sums (14.8724ms)
✔ construction and prepaid usage are disclosed once without adding a second cash charge (8.4148ms)
✔ income split belongs only to current annual estimates, with the oil fiscal source named precisely (3.1483ms)
✔ missing receipts and unknown balances or actual expenses never become fabricated zeroes (1.7976ms)
✔ construction affordability comes from the server with authority distinct from cash (3.6059ms)
✔ navigation is concise, strictly read-only, and retains exact ministry targets (1.814ms)
✔ draft notice updates without writes, requests, discarded edits or a false navigation lock (4.9151ms)
✔ stale readings and pending orders cannot navigate, while captured actions reject replaced payloads (32.6019ms)
✔ GET is session-bound and accepted readings belong to the exact world object (39.008ms)
✔ late responses cannot survive state adoption, a closed Cabinet, another tab or a newer request (14.2703ms)
✔ new campaign immediately removes old nation balances and view state before its read completes (4.6141ms)
✔ failed refresh retains a dated disabled reading and exposes a working explicit retry (6.1496ms)
✔ expanded annual plan, scroll and keyboard focus survive repaint but hidden tabs cannot overwrite them (15.6023ms)
✔ refresh restores keyboard focus after success and failure without duplicate event binding (46.5639ms)
✔ explicit cash-flow reveal resets deep overview scroll and keeps title focused after async refresh (5.111ms)
✔ ordinary tab activation makes one request and never polls while closed (7.7647ms)
✔ external text and attributes are escaped, and standalone assets parse with scoped responsive styles (2.9467ms)
✔ money reconciliation displays authoritative cash debt and financing without recomputing a receipt (4.5783ms)
✔ commitments and approved decisions remain distinct from paid money and cannot create orders (44.2952ms)
✔ unavailable money coverage and unknown future bills remain explicit without fabricated zeroes (17.0168ms)
✔ empty commitment categories stay hidden while recorded items and nonzero totals remain visible (2.534ms)
✔ reconciliation distinguishes a day still in progress from a completed recorded day (8.2508ms)
✔ selected retained day disclosures and action focus survive refresh but never a campaign replacement (39.9153ms)
✔ discarded or malformed retained days cannot become selectable fabricated receipts (24.9573ms)
✔ a same-session reading with a mismatched calendar date is refused before enabling navigation (4.5204ms)
✔ signed net interest and recovery placement preserve the served model and suppress only duplicate recovery (26.1463ms)
✔ money labels and retained-day options cannot inject markup or financial commands (18.2215ms)
✔ six metric descriptions and their delta rules are deeply immutable (2.5319ms)
✔ date labels use real UTC days, accept legacy months, and reject rollover dates (0.5194ms)
✔ daily windows include end-minus-days-plus-one with leap and month-end boundaries (0.3924ms)
✔ 30/365/1825-day views are calendar windows rather than counts of irregular observations (0.2354ms)
✔ the first recorded day is usable and an extinct nation ends at its final observation (0.2923ms)
✔ series spans intersect the world history and fall back only when GDP is missing (0.2779ms)
✔ missing or invalid date labels never turn into made-up daily observations (0.1136ms)
✔ points preserve null, nonfinite, undefined and sparse holes without coercing strings (0.2099ms)
✔ delta distinguishes percent changes, percentage points and raw stability points (0.2133ms)
✔ infographic values distinguish real zero from missing and keep displayed rate units (49.3199ms)
✔ trend axes distinguish narrow real GDP spans with a common compact currency unit (16.1373ms)
✔ adaptive rate and score axes retain nonzero signs, small spans and scientific extremes (4.7627ms)
✔ infographic changes distinguish direction, no change, unavailable and percentage points (2.4189ms)
✔ trace thinning preserves endpoints, local extrema, order and data gaps (8.9137ms)
✔ sparkline geometry uses actual dates across irregular month ends and leap years (2.9058ms)
✔ sparklines break at null observations and show one truthful dot on day one (6.899ms)
✔ late and extinct national charts label only their recorded lifespan (5.7906ms)
✔ classic-script order and global names remain safe and all Chronicle assets are served (73.8613ms)
✔ renderer pins the selected date through history trimming and follows latest only when requested (2.6564ms)
✔ renderer uses one coherent fallback time axis and explains retained history and smoothed rates (19.4702ms)
✔ first-day and empty retained histories have truthful interaction states (1.4404ms)
✔ all 1,249 shipped settlements retain their exact source location and metadata (22.3091ms)
✔ city IDs distinguish duplicate names and normalized ordering is deterministic (5.5898ms)
✔ missing names or invalid coordinates never create invented map points (0.261ms)
✔ rank bands progressively reveal settlements and selected cities remain findable (1.391ms)
✔ capital stars and close settlement symbols have bounded screen-space size (3.7859ms)
✔ only focused or selected cities display source-population captions (1.1545ms)
✔ an absent source population is disclosed rather than fabricated from size or rank (0.265ms)
✔ shared label collisions suppress names while settlement symbols stay pickable (0.261ms)
✔ names try alternate sides to avoid another settlement marker (1.0926ms)
✔ projector coordinates remain authoritative for terrain placement (0.3095ms)
✔ hidden, offscreen and invalid projected locations have no draw or hit target (0.2374ms)
✔ labels stay wholly within the backing viewport at either pixel ratio (0.2945ms)
✔ hiding labels preserves city targets; hiding cities returns a fresh empty hit frame (0.2452ms)
✔ symbol and label clicks select the original source facts exactly once (0.188ms)
✔ overlapping hit padding chooses the closest symbol and exact symbols beat nearby labels (0.139ms)
✔ Find matches accents, exact names and duplicate names while returning source coordinates (0.447ms)
✔ label count remains sparse on a narrow viewport without dropping source points (0.1626ms)
✔ canvas state is restored even when label measurement fails (0.4832ms)
✔ close isometric skylines stay grounded and their entire artwork is clickable at every pixel ratio (0.9793ms)
✔ close labels and population captions reserve the whole skyline height (0.2294ms)
✔ city collision boxes use the measured active font at either device pixel ratio (111.591ms)
✔ a measured name blocked by an existing map label keeps its city marker (30.6925ms)
✔ source rank still decides colliding city names while both markers remain (24.3851ms)
✔ hiding labels keeps markers without measuring text or reserving label space (37.2519ms)
✔ rank eligibility and globe projection still determine which markers are drawn (44.351ms)
✔ disabling cities hides both markers and names and resets the count (35.4658ms)
✔ the constants are still the terrain surface's own, read from its source (3.8924ms)
✔ every vertex lands where the terrain formula says it should (161.1173ms)
✔ the city sits ON its ground, not through it and not above it (127.4997ms)
✔ +Z is south, and getting it backwards is caught (87.3228ms)
✔ normals come out unit length and pointing away from the ground (83.1039ms)
✔ selection is a screen question, and the budget is a hard stop (4.9339ms)
✔ the relief the host is drawing is the relief the city is seated at (221.849ms)
✔ a re-seat moves the city and touches nothing else (274.5492ms)
✔ a bad record is refused rather than placed at the origin (39.8399ms)
✔ the area model matches the one city-mesh declares (1.1721ms)
✔ a coastal city loses ground to the sea when a land sampler says so (189.6907ms)
    worst close 69,036 (Sao Paulo), worst map 3,988 (San Francisco), leanest metropolis 48,188 (Abidjan)
    Tokyo 35,676,000: 63,866/3,516 tris, 4,628 masses on 1,587 blocks, 32.4 km at 400 m cells
    Toronto 5,213,000: 53,440/3,934 tris, 3,296 masses on 1,731 blocks, 14.2 km at 175.5 m cells
    Hong Kong 7,206,000: 52,948/3,682 tris, 3,392 masses on 1,747 blocks, 16.4 km at 202 m cells
    Kazan 1,115,000: 54,030/1,404 tris, 3,147 masses on 1,601 blocks, 7.5 km at 99.5 m cells
    Reykjavik 166,212: 8,776/730 tris, 413 masses on 213 blocks, 3.3 km at 100 m cells
    Bombo 75,000: 6,290/582 tris, 317 masses on 156 blocks, 2.4 km at 94 m cells
    Anadyr 10,332: 3,628/546 tris, 133 masses on 133 blocks, 1.0 km at 41 m cells
✔ the render contract holds for a town, a city, a capital, a coast and both levels (447.0988ms)
✔ every face points out and every mass stands on its own plot (95.5716ms)
✔ extent scales with population, from a hamlet to Tokyo (156.152ms)
✔ the map level is the same city for a third of the triangles or better (244.7058ms)
✔ the land mask is authoritative: a coastal city stops at its coastline (114.1467ms)
✔ relief is the host's elevation sampler at 1:1, and no data degrades to flat (183.1469ms)
✔ the same record builds a byte-identical city, and a different record does not (298.3595ms)
✔ character comes from population, scale rank and the capital flag (211.5073ms)
✔ the street grid is continuous and is a quarter of the city at most (65.9088ms)
✔ the description states what is modelled rather than sourced (258.8368ms)
✔ a built cell carries one to four masses, the largest fronting the road (119.8782ms)
✔ the road hierarchy is three widths, parks have an edge and a coast has a quay (78.2535ms)
✔ heights step by district, spike in outliers and pitch on the edge (120.7303ms)
✔ the declared budget holds on the headline records (317.218ms)
✔ the declared budget holds for every one of the 1,249 real records (18683.8009ms)
✔ a fresh process builds the same buffers, byte for byte (335.8302ms)
✔ the browser global exports the same contract and builds the identical city (878.2491ms)
✔ no wall clock, no entropy source, no DOM and no transcendental arithmetic (9.3999ms)
✔ options and records are read, never written (18.6318ms)
✔ the area model is the closed form it says it is (0.4813ms)
✔ every bar above goes red against a deliberately broken city generator (122276.1252ms)
✔ headline measurements (218.1969ms)
✔ terrain river channels and their casings continue shrinking through zoom1500 (1.4579ms)
✔ rendered coast decode and lake encode filtering own water even above sea level (0.2554ms)
✔ Paris keeps dry blocks but no generated lot intersects the displayed Seine corridor (1629.6258ms)
✔ Singapore blocks follow rendered ocean and globe mesh adds no second water plate (941.5671ms)
✔ default card geometry remains exactly unchanged when optional water support is unused (6.4563ms)
✔ rendered PAUSE stays clickable during a day while mutation controls remain locked (9.5447ms)
✔ rendered PLAY remains locked for unresolved receipts, immediate commands and campaign transitions (5.3748ms)
✔ clicking Pause immediately locks the resulting PLAY when a receipt needs review (0.9567ms)
✔ pause and play during a held day leave one timer and one request chain (2.4664ms)
✔ a busy refusal waits before retrying while a failed turn stops the clock (1.4262ms)
✔ an interrupt pauses a completed day and keeps its reason visible (1.3503ms)
✔ a retired request error does not pause a newly started chain (1.0404ms)
✔ the clock cannot start while the app is hidden by its stylesheet (0.8882ms)
✔ qualified company identities keep supplier property and contractor fees separate (24.7181ms)
✔ role, sector and available-work filters use the correct company account (1.1441ms)
✔ supplier operating readings preserve unknowns, shortage quantities and actual receipt distinction (2.4133ms)
✔ supplier deep links cannot resolve a service contractor with the same numeric ID (1.0688ms)
✔ assignment review makes no purchase and confirmation sends the exact returned quote once (1.1695ms)
✔ a replaced campaign, intervening state or pending command invalidates open review (1.9635ms)
✔ wrong action or campaign in a quote cannot become a command (2.5317ms)
✔ refused quotes and refused commands do not adopt or automatically retry (1.4051ms)
✔ company-network adoption uses the same explicit review and command lane (13.623ms)
✔ late directory or command responses cannot replace another campaign (1.437ms)
✔ designer review honors selected manufacturer and refuses unavailable deep links (4.0416ms)
✔ company panel is reachable and all shipped inline JavaScript remains parseable (24.4003ms)
✔ Every Exchange snapshot and quote read carries the active campaign identity (23.5818ms)
✔ Materials dashboard renders authoritative capacity, output, demand and GDP boundaries (17.4597ms)
✔ Materials is optional for legacy worlds and does not invent missing figures (1.1993ms)
✔ Materials quote keeps server totals, fractional inputs, eligibility and blockers distinct (2.834ms)
✔ Materials purchase sends exact quote through the existing idempotent receipt barrier (1.7103ms)
✔ A Materials draft, stale quote or pending turn cannot send a purchase (3.4815ms)
✔ Delayed Materials quotes cannot overwrite another draft, turn or campaign (2.175ms)
✔ Materials cancellation selects only a live displayed order and preserves completed deliveries (27.196ms)
✔ Inherited industry renders five served groups without turning estimated capacity into packs (3.2591ms)
✔ Inherited Exchange estimate is optional and safely displays incomplete data (1.3697ms)
✔ Inherited source names and modeled location text are escaped in the actual Exchange view (1.2205ms)
✔ Inherited-sector context passes through funded, queued and uncovered annual capacity without pack math (6.63ms)
✔ Exchange delegates workshops to the shared construction queue and preserves coverage limits (5.5964ms)
✔ Exchange workshop actions route to Construction without issuing a competing purchase (1.3231ms)
✔ Stale or forbidden module quotes never place an order (2.7361ms)
✔ A delayed module quote cannot survive a state change or replace the new campaign (0.9456ms)
✔ Exchange assets, semantic tabs and modal shortcut barrier are shipped (0.6759ms)
✔ All four actual view renderers handle an empty campaign (1.2792ms)
✔ Industry distinguishes settled receipts from forecasts and an unsettled start (6.0219ms)
✔ Exchange links to the Industry desk with a dated summary instead of duplicate production-site cards (8.2571ms)
✔ the Industry desk remains reachable when Economic Competition is disabled without enabling it (1.3184ms)
✔ industry navigation preserves stale and pending Exchange guards without issuing orders (3.4758ms)
✔ Capacity planning paints both server-authored balances without inventing demand or output (2.1093ms)
✔ A missing capacity plan stays unknown rather than displaying zero demand (1.0122ms)
✔ Supply forecast paints two authoritative Need Covered Gap cards without recomputing coverage (11.9789ms)
✔ Missing or partial supply forecasts stay unknown rather than inventing zero coverage (1.4549ms)
✔ Contracted Materials remain distinct from installed capacity and already delivered stock (1.5052ms)
✔ Server country names, status reasons and input values are escaped (1.4312ms)
✔ World decisions expose saved supply snapshots, next target and funding under compact disclosure (1.485ms)
✔ World view filters actual server tiers and names, without claiming guaranteed growth (1.0621ms)
✔ Purchase uses the exact served affordable quote, never the larger form request (3.1815ms)
✔ an Exchange quote changed during asynchronous consent cannot submit its old terms (2.5882ms)
✔ Lost response keeps the exact receipt for retry, and blocks a new order (1.8224ms)
✔ A pending economic order cannot be rebound to a new campaign (2.008ms)
✔ Reopening Exchange preserves a live uncertain receipt when browser storage fails (1.2058ms)
✔ State changes invalidate in-flight supplier queries and unstick the search button (1.0032ms)
✔ An invalidated snapshot cannot overwrite a newer server state (0.8537ms)
✔ A pending turn blocks an immediate economic purchase (0.7273ms)
✔ Quota wait overrides a paid project next-day promise without discarding funded work (2.8208ms)
✔ Counteroffer acceptance is shown only to its buyer, never its seller (1.2127ms)
✔ A delayed economic receipt cannot race a newer day into the displayed campaign (4.2547ms)
✔ Uncertain economic receipts block every mutation route but permit read-only Continue (4.9577ms)
✔ The exact economic receipt may still reach the protected command API (2.3209ms)
✔ A stored receipt blocks the first post-reload mutation before Exchange opens (10.4393ms)
✔ An economic receipt retry waits for an already in-flight turn to finish (5.6193ms)
✔ A previous-server receipt requires explicit dismissal before an empty server can Load (9.9539ms)
✔ relocated recovery and population controls both bind once and share current-state guards (2.6764ms)
✔ economy adoption awaits review and sends one order through the normal command lane (2.9007ms)
✔ cancelled review and a preexisting pending command cannot enact economy rules (1.0416ms)
✔ a changed campaign or intervening order invalidates an open confirmation (1.0743ms)
✔ an old response cannot replace a newly loaded campaign (10.8249ms)
✔ a refused command is shown without adopting a success state or automatic retry (10.1481ms)
✔ policy and upgrade bindings respect server availability, stale snapshots and cleanup (0.6839ms)
✔ connected presentation escapes names, preserves dated output and avoids fabricated output from readiness (15.5908ms)
✔ every shipped inline script parses after connected economy integration (21.5663ms)
✔ fiscal stability keeps the model native 0-to-100 point scale (1.2154ms)
✔ a partly adopted campaign still offers the complete upgrade in the compact budget view (1.118ms)
✔ a shipyard-only site can be selected for a server-eligible naval programme (33.2963ms)
✔ shipyard capacity stays separate and makes the ordinary catalogue entry action available (1.8666ms)
✔ map construction sprites resolve coarse geometry separately from close cards (160.2324ms)
✔ suggestions show at most three reason-first cards with served costs, lead times and evidence (107.7632ms)
✔ suggestions respect province scope and useful empty states without inventing a recommendation (67.5256ms)
✔ suggestion fields are escaped and unavailable timing and costs remain unavailable (59.37ms)
✔ suggestion selection is disabled while stale, loading, busy or tied to another world or scope (706.0328ms)
✔ reviewing a suggestion sends its exact project, province and frozen size only to the read-only preview (174.8308ms)
✔ a suggestion button captures the current ledger and cannot select a replacement payload (37.1388ms)
✔ the production fetch binds suggestions to the state used for its request (43.7783ms)
✔ suggestions appear only on the queue between funding and the project list (46.0408ms)
✔ all shipped inline scripts and companion UI scripts parse (65.9969ms)
✔ funding form formats the served daily target in millions and preserves a zero draft (80.0047ms)
✔ unknown funding is not rendered as zero and blocked funding keeps the server reason (36.3497ms)
✔ setting a daily budget converts display units only and zero sends an explicit pause (35.9057ms)
✔ empty, negative and nonfinite budgets cannot place a financial order (390.4266ms)
✔ failed and uncertain commands preserve a budget draft and do not report success (134.6471ms)
✔ a pending turn or in-flight project command blocks duplicate financial orders (64.812ms)
✔ project rows display served money, progress and ETA without construction inputs or slots (96.1339ms)
✔ project names, reasons and quoted attributes cannot inject HTML (74.3187ms)
✔ service fees remain separate from frozen construction base work and the daily total (84.5969ms)
✔ the first paid work remains visible below one percent without inventing progress on unstarted projects (61.6918ms)
✔ mines share the construction queue with map access and no unsupported management actions (70.8743ms)
✔ project start requires a matching current preview and retains served eligibility (47.6823ms)
✔ catalog removes construction recipes and political cost while preserving project effects (53.4849ms)
✔ province search matches names and codes, preserves eligible scope and reports useful no-results text (46.6018ms)
✔ province context uses real upgrades, fractional workshops and active projects without predicting output (83.0566ms)
✔ unavailable provinces and scoped catalog cards show exact served prerequisites without a start action (52.2088ms)
✔ search clear and unavailable controls update only display state (115.5185ms)
✔ workshop placement never narrows the national queue and explicit Build here scope stays fixed (68.6419ms)
✔ changing workshop location invalidates an earlier pending quote without issuing an order (51.8914ms)
✔ monthly transition notice explains all chooser screens and disables effect review without changing eligibility (56.5571ms)
✔ an explicit project link waits for its card, then reveals it once without stealing focus on refresh (57.7514ms)
✔ workshop quotes send campaign identity and ignore a delayed previous campaign (57.8687ms)
✔ workshop selection reviews impacts first and confirms the exact frozen size through the command channel (64.1308ms)
✔ stale and wrong-province workshop quotes cannot place a project or select a different impact review (204.8466ms)
✔ cancel explains sunk spending and respects server permission; priorities require allowed transitions (51.8288ms)
✔ cancellation refuses a replacement campaign project or ledger after its review awaited confirmation (281.7337ms)
✔ pending receipts and stale construction readings disable funding priority and reviewed starts (260.2738ms)
✔ construction date or identity mismatch cannot authorize a project while exact old-state responses are discarded (226.3622ms)
✔ completed province outcomes keep exact facility targets and never execute unreviewed commands (64.0242ms)
✔ shared construction route carries province/project intent and resets previous-campaign drafts (74.5105ms)
✔ impact review shows separate province and national before/after effects, timing and operating needs (55.0836ms)
✔ impact money uses the shared dollar scale and preserves periods, signs, zero and unknown values (73.2374ms)
✔ effect comparisons use the server timing label and keep completion as the default (58.3069ms)
✔ effects, model notes and requirements are escaped and missing estimates do not become invented gains (84.3806ms)
✔ province selection makes one read-only impact request; only confirmation starts the reviewed project (48.7781ms)
✔ a blocked preview remains informative but cannot enqueue work (51.5557ms)
✔ state adoption or campaign replacement invalidates preview permission even on the same calendar date (237.6969ms)
✔ a delayed effect response cannot overwrite a later project or an adopted state (46.1085ms)
✔ a mismatched province, project, frozen size or commodity never creates a usable preview (271.3738ms)
✔ mine effects are reviewed without a resource command, then commit the exact commodity and district (57.8437ms)
✔ loading, pending commands and read failures keep the final action unavailable and recoverable (59.769ms)
✔ shared labels reserve the entire text rectangle across layers (0.8201ms)
✔ finder finds owned provinces without requiring a globe hit (0.5173ms)
✔ advisor distinguishes annual renewal, unopened funding and an intentional daily pause (2.3936ms)
✔ advisor fixes blocked work before the server suggestion and uses that suggestion before healthy work or old assets (1.2544ms)
✔ advisor preserves server suggestion order and exact workshop size without scoring candidates (0.2124ms)
✔ advisor falls through to healthy work, operation and exploration only after funding and suggestions (0.2209ms)
✔ advisor progress matches the construction queue without hiding small paid work (0.1701ms)
✔ research list keeps full names, filters available prerequisites, and sorts focus first (0.7402ms)
✔ Advisor growth drags keep the subtraction used by the simulation (0.3539ms)
✔ stability explains served signed points and scope without calculating a second economic formula (1.2656ms)
✔ stability display handles missing data and escapes labels without trusting action names (0.5683ms)
✔ all inline JavaScript remains syntactically valid (13.916ms)
✔ resource selection cards retain daily quantities and provenance caveats (42.6847ms)
✔ monthly-compatible server rows render explicit daily forecasts without touching stocks (5.0827ms)
✔ strategic supply cards trust actual-block status from the served window, not a legacy prospective red (4.5967ms)
✔ strategic supply summary leads with one server-owned mission and one primary action (4.4559ms)
✔ the mission action only navigates to a served resource or returns to command (10.1489ms)
✔ resources use separate overview and resource-action screens (5.0504ms)
✔ horizon selection is presentation state and restores focus after rerender (3.5368ms)
✔ selected supply brief shows served Need Covered Gap, reason, sources and action (10.359ms)
✔ supply command CSS keeps large controls, responsive cards and red exclusive to stalled (4.1075ms)
✔ native controls keep Enter, Space, text and arrows in both rooms (3.685ms)
✔ discovery layout does not enlarge or recalculate the technology graph (1.5885ms)
✔ expanded quote/contract details survive resource rerenders and offers stay actionable (2.7422ms)
✔ trade draft shape and server-evaluated negotiation controls stay intact (12.9721ms)
✔ technology inspector keeps sim effects, daily research and focus commands (1.2636ms)
✔ discovery rooms enter with focus inside and restore their opener (9.5776ms)
✔ negotiations retain focus through asynchronous verdicts and bound the partner list (1.5459ms)
✔ technology tabs rove, wrap, and remain selected without changing the graph (2.4738ms)
✔ research chooser blocks blind time while preserving native activation and Escape (4.2435ms)
✔ resource tooltips retire on close, reopen and scrolling and ignore touch hover (5.5564ms)
✔ designer starts from the server balanced preset and renders supplied ratings and costs without recalculating (36.788ms)
✔ starting from a legacy model uses its supplied separate specifications and preserves the original (16.6879ms)
✔ independent new specifications are submitted separately and grouped for review (19.7908ms)
✔ aviation family uses supplied defaults, clears ground slots and groups all eight independent specifications (1141.4594ms)
✔ aircraft part inspection focuses its group and payload edits submit all eight slots to a pure fresh review (787.9724ms)
✔ aviation readiness precedes maintenance, preserves server loadout readings and navigates through captured actions (47.4693ms)
✔ 3D preview retains one live host and camera across pricing responses, typing, and component changes (13.9725ms)
✔ model controls retain focus across a repaint and expose keyboard, camera, finish, and download actions (11.2007ms)
✔ leaving the designer and closing release the model exactly once while returning remounts it (11.0696ms)
✔ same campaign state refresh keeps the preview but switching nations disposes before the new response arrives (45.6452ms)
✔ an unavailable or failed renderer leaves the configuration and priced review usable (8.7243ms)
✔ component choice permits a future draft but invalidates old effects and uses a pure server review (7.0907ms)
✔ name and search edits preserve caret and never create orders or discard the draft on tab navigation (21.6318ms)
✔ development, manufacturing and service show dated receipts, preserved platform age and real funding labels (5.4035ms)
✔ unknown supplied metrics and costs remain unknown; all unsafe names, notes and attributes are escaped (2.0183ms)
✔ research links navigate to exact technology without acquiring it or changing allocations (7.7472ms)
✔ save and programme actions require an explicit review confirmation and send exactly the supplied command (21.098ms)
✔ quantity, site and daily funding changes request a new quote before an exact committed order (53.1543ms)
✔ late order quotes cannot re-enable a commit after input edits, tab navigation or closing (5.7448ms)
✔ an invalid order quote or unknown number never falls back to a zero-cost accepted order (5.3387ms)
✔ stale state, pending orders and replacement payloads block captured buttons and direct confirmations (43.0493ms)
✔ reads and previews validate session identity and rejected previews cannot expose a legal action (18.7265ms)
✔ new campaign removes old drafts and holdings immediately while same-campaign refresh preserves work (11.49ms)
✔ an old design quote loses to the latest draft and cannot survive closing (8.0528ms)
✔ refresh failures remain explicit and retryable without losing a draft or creating a polling loop (11.3826ms)
✔ tabs support roving keyboard focus and details, scroll and refresh focus survive repaint (10.5797ms)
✔ explicit opening uses root visibility, respects requested tabs and makes one snapshot read (7.7655ms)
✔ published assets parse and retain scoped responsive controls without an alternative command channel (1.8035ms)
✔ order review reveals itself from a long catalogue and retains its raw-input requirements through requotes (6.1899ms)
✔ active equipment campaigns expose supplied funding and plant navigation without inventing orders (2.2551ms)
✔ fullscreen bridge mounts outside the inert game, closes other rooms, and preserves the draft on return (35.0846ms)
✔ shell commands use the existing channel and adopted response while preserving local drafts and policy queues (19.5022ms)
✔ reviewed retirement reaches the real command bridge and reports immediate fleet changes (7.4957ms)
✔ refused, uncertain and cross-campaign command responses never adopt or announce a successful order (16.8629ms)
✔ research navigation keeps equipment-only integrations local and pins a genuine prerequisite in its real domain (9.0092ms)
✔ funding and plant shortcuts retain exact backend targets and never issue equipment commands (4.5624ms)
✔ fullscreen equipment consumes world shortcuts, permits native input, pauses a running clock and closes on Escape (8.8384ms)
✔ raw-input navigation opens Resources without orders or loss of an unsaved equipment draft (5.0905ms)
✔ the published shell includes reachable research and manufacturing entrances plus session and modal hooks (23.0422ms)
✔ legacy manufacturing holdings distinguish complete vehicles from legacy equipment equivalents (3.1237ms)
✔ research branches expose real prerequisites, unlocks and four states with independent filters (13.7304ms)
✔ research review buttons and prerequisite links retain campaign freshness guards after filtering (3.0953ms)
✔ research connectors represent only actual visible prerequisite edges (2.5457ms)
✔ vehicle family changes preserve compatible parts and discard incompatible slots and source revisions (21.8662ms)
✔ platform changes update untouched starting names while retaining typed and saved names (91.24ms)
✔ fractional ratings display at most three decimals while preserving precise server comparison data (2.7707ms)
✔ comparison uses supplied numbers, directional tradeoffs and component changes with a persistent baseline (22.5238ms)
✔ late comparison responses cannot price a different baseline or enable its old actions (8.5299ms)
✔ modernization gives reasons and tradeoffs and opens a local proposal without issuing an order (8.0152ms)
✔ model part events open and focus their specification without repricing or remounting the camera (4.7061ms)
✔ production supply precedes project cards and shows server quantities with separate physical units (3.9384ms)
✔ per-project supply expands and keeps its exact resource target without placing an order (51.2989ms)
✔ optional supply data preserves old responses and explicit empty stages without inventing requirements (8.5439ms)
✔ supply navigation rejects stale data, replaced readings, pending orders and command-shaped actions (54.7777ms)
✔ order supply appears before confirmation and invalid orders may review resources without submitting (7.7833ms)
✔ quoted supply links require the captured quote and current order settings even when campaign data is fresh (57.8173ms)
✔ supply text and attributes escape unsafe server content while small physical requirements remain visible (1.4225ms)
✔ commodity navigation reaches the exact resource and preserves unsaved designs while refusing pending navigation (3.0251ms)
✔ material tables contain horizontal scrolling and retain readable narrow controls (1.6597ms)
✔ service overview precedes modernization and displays supplied fleet counts and role capabilities (2.6192ms)
✔ service navigation preserves a local design and refuses stale readings or command-shaped shortcuts (14.2121ms)
✔ retirement effects and permanent loss are reviewed before any command and quantity edits require a new captured quote (14.7965ms)
✔ invalid retirement reviews keep effects visible but cannot remove vehicles (5.1187ms)
✔ retirement confirmation from a dismissed review cannot confirm another current review (9.2775ms)
✔ fleet shortcuts switch only recognized equipment tabs while preserving the open room and unsaved design (11.8468ms)
✔ service overview and effects escape labels, role detail and attributes while optional responses stay usable (3.245ms)
✔ maintenance, supply and target confirmations use the real command bridge with accurate outcomes (54.1651ms)
✔ maintenance and target planning show authoritative figures without issuing orders on navigation (19.1676ms)
✔ supply horizon keeps its numeric type and editing the cash cap invalidates the previous purchase review (12.7355ms)
✔ ammunition is a separate keyboard workflow with server figures, action paths and one search (7.1555ms)
✔ ammunition order edits require a new captured quote before submitting the server command (33.2993ms)
✔ ammunition activation and batch controls remain reviewed and reject stale board actions (16.0161ms)
✔ all ammunition bridge commands report their own result and preserve unrelated drafts and queues (24.6511ms)
✔ ammunition empty states, filtering and server text stay usable and escaped (5.0212ms)
✔ ammunition reserve cards share search counts and retain authoritative values and original action indexes (13.6417ms)
✔ reserve target and Boolean automation edits invalidate captured quotes before exact confirmation (31.0725ms)
✔ reserve removal requires its own fresh quote and stale reserve cards cannot send commands (18.0167ms)
✔ reserve bridge distinguishes manual, automatic and removal outcomes and returns to ammunition only on success (25.5039ms)
✔ material purchasing policy precedes manual purchases and shows three recent receipts with preserved history paths (49.2963ms)
✔ optional material purchasing data keeps old payloads usable, escapes receipt text and avoids duplicated ammunition history (5.5972ms)
✔ material purchasing authorization uses exact edited Boolean and numeric values only after a fresh quote (45.2566ms)
✔ material purchasing reviews reject stale or pending confirmations and invalid authorization quotes (57.2065ms)
✔ clearing the material purchasing policy requires a fresh explicit review (22.0606ms)
✔ material purchasing bridge distinguishes disabled, enabled and cleared policies and returns to Production (44.8575ms)
✔ supplier market leads with actual foreign stock and separates company administration and paid arrivals (15.0501ms)
✔ supplier location and affordable filters use native quantities and retain original offer action paths (49.9258ms)
✔ foreign model inspection uses the seller specification without unlocking parts or replacing the draft (43.6563ms)
✔ supplier commissioning is shown as paid work rather than invented ready inventory or dates (5.5487ms)
✔ import cancellation reviews blocked access and dated refund terms before issuing the exact command (163.533ms)
✔ import filters and reviews cannot act across replaced campaigns, stale dates or pending receipts (48.2036ms)
✔ market zero matches keeps an explicit route to unavailable offers and restores focused filters (14.5892ms)
✔ domestic and foreign paid deliveries retain separate original action paths outside the offer filters (50.1315ms)
✔ import ammunition preserves exact family and store units without a guessed vehicle or researched components (84.088ms)
✔ paused supplier programmes link to existing Exchange enrollment without adopting rules or spending (10.9211ms)
✔ new import commands use the existing transaction channel without modifying drafts or research (20.2286ms)
✔ companies explain separate ownership and show server-priced stock, delivery and fleet need without issuing orders (7.8846ms)
✔ company model inspection uses frozen specifications while preserving an unfinished design and one live renderer (21.035ms)
✔ company establishment name, facility and paid capital remain editable and are sent only after a fresh review (30.8325ms)
✔ manufacturer selection keeps numeric identity and quotes development separately from stock purchases (11.5175ms)
✔ company purchase quantity changes invalidate the old sale quote and show delivery and upkeep before confirmation (80.0491ms)
✔ company purchases cannot commit insufficient stock or funding and old inputs cannot alter another review (22.5038ms)
✔ company buttons and reviewed purchase reject replaced state, old campaigns and pending orders (128.5479ms)
✔ company renderers escape all supplier, specification, milestone and offer text and tolerate old payloads (3.8025ms)
✔ company command bridge uses the existing transaction channel and returns to procurement only after success (61.5388ms)
✔ companies navigation stays in the equipment room, preserves drafts and has visible entry points (4.4345ms)
✔ a tank draft survives the no-manufacturer route and returns to the same editable specifications (7.7787ms)
✔ establishment with no eligible plant shows an explained unavailable select and keeps the server refusal visible (8.1571ms)
✔ company family filters use supplied categories and keep accounts and paid deliveries visible (1134.0015ms)
✔ mixed supplier 3D inspection retains exact aircraft and specialist specs without touching the local tank draft (1031.0298ms)
✔ filtered aircraft purchases retain original action identity and require a new review after changing model family (1004.5146ms)
✔ company search combines with family filtering while empty results remove a previous 3D model and preserve the draft (816.653ms)
✔ family fallback requires known catalogue metadata and campaign changes reset the filter and selected model (832.4486ms)
✔ ammunition supplier shelf shows authoritative stock, reserve reasons and arrivals ahead of preserved public batches (863.8577ms)
✔ ammunition supplier search keeps original offer paths and combines supplier, family and paid-delivery records (874.7552ms)
✔ reviewed ammunition stock quantity invalidates previous quotes and confirms only the exact fresh supplier command (1040.3561ms)
✔ supplier ammunition commissioning and failed purchases use standard review guards without replacing old public batch controls (921.2485ms)
✔ company ammunition filtering never fabricates a vehicle preview and rejects captured hidden vehicle controls (1012.1068ms)
✔ supplier ammunition empty and unavailable records retain explanations, escape text and invent no prices or model units (11.1702ms)
✔ all company ammunition bridge commands preserve payloads and drafts and return to the ammunition shelf only on success (2463.5792ms)
✔ converted ammunition reserve plans follow served manual controls while existing public batches remain separately controllable (846.1448ms)
✔ a supplier reserve preserves the actual suspended automatic preference and confirms without claiming replenishment was enabled (961.6789ms)
✔ manufacturer refit contracts render in both service and companies with original action paths and retained public work (1158.226ms)
✔ refit contracts are optional for old saves and empty state guides the available fleet without inventing work (3.0991ms)
✔ manufacturer refit review shows authoritative escrow, readiness, queue and exact profile comparison before spending (812.4988ms)
✔ source and target inspection keep one exact aircraft or ground model and preserve unfinished designer specifications (1707.4474ms)
✔ changing refit target or quantity hides stale identity and rejects old model controls and confirmation (891.3683ms)
✔ refit cancellation reviews released and finishing quantities plus deferred refunds without a daily funding control (779.4105ms)
✔ unavailable refit offers and changed campaigns block spending while unknown or ammunition specs never get a guessed vehicle model (2007.122ms)
✔ company refit bridge retains reviewed fixed-price commands, pending refunds and drafts through the transaction channel (1334.5592ms)
✔ s09 guidance displays native conditions and costs and replacement is a cancellable local review (16.2281ms)
✔ s09 captured recommendation and replacement controls reject stale campaign, preview and draft identities (44.7084ms)
✔ s09 presets and exact saved library rows ask before discarding an unsaved design (20.3753ms)
✔ s09 save status is exact native identity, never a local acknowledgement or automatic save (27.71ms)
✔ s09 accepted save becomes saved only when its exact name and specification appear in the refreshed native library (19.7483ms)
✔ s09 research effects explore an actual compatible part without teaching it or replacing edits before confirmation (18.6115ms)
✔ s09 unlock exploration refuses invented compatibility and stale buttons while future preview blockers remain authoritative (16.717ms)
✔ s09 named saved drafts reopen by actual ID after load while unsaved memory and replacement proposals are cleared (32.6534ms)
✔ s09 guidance and research details escape supplied text and keep optional older payloads usable (18.8904ms)
✔ s09 rich research lists disclose five parts first and retain every later component identity and expanded state (15.2697ms)
✔ s09 current-design costs have a separate escaped heading and guidance uses the served art route (7.8201ms)
✔ GLB contains aligned embedded geometry, matte material, and preserved colors (8.2909ms)
✔ normalizes normals without changing the source mesh (1.4091ms)
✔ derives accessor bounds from exported positions instead of stale display bounds (0.3273ms)
✔ preserves Unicode names and deterministic export bytes (0.3103ms)
✔ rejects non-finite positions rather than writing an invalid model (0.4746ms)
✔ rejects non-finite normals rather than writing an invalid model (0.2179ms)
✔ rejects non-finite colors rather than writing an invalid model (0.1066ms)
✔ rejects incomplete geometry, mismatched counts, and non-float attributes (0.2494ms)
✔ rejects impossible colors, zero normals, and invalid semantic ranges (0.4321ms)
✔ browser UMD API exports the same binary as the Node API (2.2678ms)
✔ generated models for every vehicle type contain complete portable meshes and all twelve specifications (1544.5682ms)
✔ specialist GLB assets preserve complete geometry, all thirteen slots and pickable semantic parts (696.7214ms)
✔ an upgraded specialist exports its current mission components and semantic slot labels (198.9649ms)
✔ both aircraft GLBs preserve generated geometry, eight specifications and semantic picking ranges (4481.4337ms)
✔ spheres-tank-balanced.glb imports as a complete, self-consistent runtime mesh (64.876ms)
✔ spheres-tank-balanced.glb rebuilds bitwise from the specification it carries (266.1179ms)
✔ spheres-tank-balanced.glb survives a further export and import unchanged (184.8585ms)
✔ spheres-tank-mobile.glb imports as a complete, self-consistent runtime mesh (37.9892ms)
✔ spheres-tank-mobile.glb rebuilds bitwise from the specification it carries (203.9909ms)
✔ spheres-tank-mobile.glb survives a further export and import unchanged (102.0023ms)
✔ spheres-tank-heavy.glb imports as a complete, self-consistent runtime mesh (104.4292ms)
✔ spheres-tank-heavy.glb rebuilds bitwise from the specification it carries (148.0263ms)
✔ spheres-tank-heavy.glb survives a further export and import unchanged (78.9364ms)
✔ spheres-tank-light.glb imports as a complete, self-consistent runtime mesh (119.9435ms)
✔ spheres-tank-light.glb rebuilds bitwise from the specification it carries (225.8395ms)
✔ spheres-tank-light.glb survives a further export and import unchanged (114.4067ms)
✔ spheres-tank-destroyer.glb imports as a complete, self-consistent runtime mesh (60.2518ms)
✔ spheres-tank-destroyer.glb rebuilds bitwise from the specification it carries (152.8948ms)
✔ spheres-tank-destroyer.glb survives a further export and import unchanged (87.6193ms)
✔ spheres-ground-ifv.glb imports as a complete, self-consistent runtime mesh (38.6232ms)
✔ spheres-ground-ifv.glb rebuilds bitwise from the specification it carries (196.675ms)
✔ spheres-ground-ifv.glb survives a further export and import unchanged (88.7732ms)
✔ spheres-ground-apc.glb imports as a complete, self-consistent runtime mesh (21.4208ms)
✔ spheres-ground-apc.glb rebuilds bitwise from the specification it carries (62.7499ms)
✔ spheres-ground-apc.glb survives a further export and import unchanged (53.51ms)
✔ spheres-ground-recon.glb imports as a complete, self-consistent runtime mesh (25.0052ms)
✔ spheres-ground-recon.glb rebuilds bitwise from the specification it carries (30.1483ms)
✔ spheres-ground-recon.glb survives a further export and import unchanged (21.8794ms)
✔ spheres-ground-artillery.glb imports as a complete, self-consistent runtime mesh (28.0051ms)
✔ spheres-ground-artillery.glb rebuilds bitwise from the specification it carries (134.3257ms)
✔ spheres-ground-artillery.glb survives a further export and import unchanged (48.3541ms)
✔ spheres-ground-air-defense.glb imports as a complete, self-consistent runtime mesh (19.558ms)
✔ spheres-ground-air-defense.glb rebuilds bitwise from the specification it carries (49.8152ms)
✔ spheres-ground-air-defense.glb survives a further export and import unchanged (61.924ms)
✔ spheres-air-light-attack.glb imports as a complete, self-consistent runtime mesh (109.9413ms)
✔ spheres-air-light-attack.glb rebuilds bitwise from the specification it carries (405.9361ms)
✔ spheres-air-light-attack.glb survives a further export and import unchanged (254.507ms)
✔ spheres-air-tactical-strike.glb imports as a complete, self-consistent runtime mesh (325.6013ms)
✔ spheres-air-tactical-strike.glb rebuilds bitwise from the specification it carries (722.2271ms)
✔ spheres-air-tactical-strike.glb survives a further export and import unchanged (380.5999ms)
✔ a freshly generated mesh exports and imports without loss (741.0812ms)
✔ an imported model picks the same component as the mesh it came from (190.9734ms)
✔ the fixture and its repack import cleanly, so a refusal below is the mutation talking (1.5601ms)
✔ refuses an indexed primitive rather than importing part of it (1.3105ms)
✔ refuses a second primitive rather than importing part of it (0.2926ms)
✔ refuses a second material rather than importing part of it (0.8374ms)
✔ refuses a second mesh rather than importing part of it (1.6704ms)
✔ refuses an interleaved buffer view rather than importing part of it (0.4283ms)
✔ refuses a non-VEC3 accessor rather than importing part of it (0.8904ms)
✔ refuses a non-FLOAT accessor rather than importing part of it (3.3284ms)
✔ refuses a normalized accessor rather than importing part of it (0.2545ms)
✔ refuses a sparse accessor rather than importing part of it (0.2456ms)
✔ refuses a node matrix rather than importing part of it (0.2629ms)
✔ refuses a node translation rather than importing part of it (0.4469ms)
✔ refuses a node rotation rather than importing part of it (0.283ms)
✔ refuses a node scale rather than importing part of it (0.2511ms)
✔ refuses a node hierarchy rather than importing part of it (0.2322ms)
✔ refuses a parented node rather than importing part of it (0.2253ms)
✔ refuses a scene that draws something else rather than importing part of it (0.4757ms)
✔ refuses texture coordinates rather than importing part of it (0.1949ms)
✔ refuses tangents rather than importing part of it (0.1908ms)
✔ refuses skinning attributes rather than importing part of it (1.6004ms)
✔ refuses a missing attribute rather than importing part of it (0.1743ms)
✔ refuses an image rather than importing part of it (0.1746ms)
✔ refuses a texture rather than importing part of it (0.1448ms)
✔ refuses a sampler rather than importing part of it (0.3037ms)
✔ refuses an animation rather than importing part of it (0.2181ms)
✔ refuses a skin rather than importing part of it (0.3497ms)
✔ refuses a required extension rather than importing part of it (12.1456ms)
✔ refuses a used extension rather than importing part of it (4.8372ms)
✔ refuses a root extension block rather than importing part of it (10.0045ms)
✔ refuses a primitive extension block rather than importing part of it (0.3775ms)
✔ refuses a part range that is not whole triangles rather than importing part of it (0.3965ms)
✔ refuses a part count that is not whole triangles rather than importing part of it (10.141ms)
✔ refuses a part running past the vertices rather than importing part of it (2.735ms)
✔ refuses a negative part range rather than importing part of it (0.3022ms)
✔ refuses an unnamed part rather than importing part of it (0.5768ms)
✔ refuses a triangle strip rather than importing part of it (0.3391ms)
✔ refuses mismatched attribute counts rather than importing part of it (0.1681ms)
✔ refuses an external buffer rather than importing part of it (0.1249ms)
✔ refuses a buffer view past the chunk rather than importing part of it (0.1048ms)
✔ refuses missing POSITION bounds rather than importing part of it (0.1615ms)
✔ refuses bounds that exclude the geometry rather than importing part of it (0.1453ms)
✔ refuses a stale triangle count rather than importing part of it (0.1068ms)
✔ refuses a non-finite position rather than importing part of it (0.1667ms)
✔ refuses a colour outside the unit range rather than importing part of it (0.1316ms)
✔ refuses a normal with no direction rather than importing part of it (0.7524ms)
✔ refuses a glTF 1.0 container rather than importing part of it (0.2891ms)
✔ refuses a missing BIN chunk rather than importing part of it (0.2221ms)
✔ refuses an unpadded chunk rather than importing part of it (0.2495ms)
✔ refuses a wrong declared length rather than importing part of it (0.1826ms)
✔ refuses a file that is not a GLB rather than importing part of it (0.1717ms)
✔ refuses a truncated file and anything that is not GLB bytes (0.3898ms)
✔ reads an ArrayBuffer and a view that does not start on a 4-byte boundary (0.6481ms)
✔ browser UMD API reads the same model as the Node API (6.5708ms)
✔ tactical inspection and cheaper aircraft meshes round trip with their original arrays and glass (1461.4302ms)
✔ aircraft partitions preserve shared and distinct glass opacities without concatenating draw slices (3.8222ms)
✔ aircraft import refuses missing aircraft marker (0.4389ms)
✔ aircraft import refuses missing game-art marker (0.2368ms)
✔ aircraft import refuses foreign generator dialect (0.1696ms)
✔ aircraft import refuses missing surface metadata (0.2324ms)
✔ aircraft import refuses non-array surface metadata (0.1833ms)
✔ aircraft import refuses unsupported surface material (0.1905ms)
✔ aircraft import refuses surface extension metadata (0.1768ms)
✔ aircraft import refuses negative surface first (0.1422ms)
✔ aircraft import refuses partial triangle surface (0.1336ms)
✔ aircraft import refuses empty glass surface (0.2709ms)
✔ aircraft import refuses surface beyond global arrays (0.2107ms)
✔ aircraft import refuses overlapping surfaces (0.2475ms)
✔ aircraft import refuses glass crossing semantic parts (0.2435ms)
✔ aircraft import refuses unowned glass (0.1934ms)
✔ aircraft import refuses fully opaque glass metadata (0.1841ms)
✔ aircraft import refuses invisible glass metadata (0.1673ms)
✔ aircraft import refuses missing draw slice (0.1728ms)
✔ aircraft import refuses extra accessor (0.1449ms)
✔ aircraft import refuses shifted draw slice (0.1422ms)
✔ aircraft import refuses wrong slice count (0.1476ms)
✔ aircraft import refuses mispaired primitive attribute (0.1432ms)
✔ aircraft import refuses unsupported draw attribute (0.144ms)
✔ aircraft import refuses indexed glass primitive (0.1423ms)
✔ aircraft import refuses glass primitive morph targets (0.1758ms)
✔ aircraft import refuses paint assigned to glass slice (0.1835ms)
✔ aircraft import refuses glass opacity disagreement (0.1653ms)
✔ aircraft import refuses opaque glass draw material (0.1781ms)
✔ aircraft import refuses unsupported material texture (0.2882ms)
✔ aircraft import refuses unsupported material extension (0.2729ms)
✔ aircraft import refuses unused material (0.2073ms)
✔ aircraft import refuses wrong slice bounds (0.2579ms)
✔ aircraft import refuses extra global buffer view (0.2077ms)
✔ aircraft import refuses overlapping global arrays (0.2002ms)
✔ aircraft import refuses negative slice byte offset (0.2083ms)
✔ browser aircraft import preserves the same continuous arrays and surface metadata as Node (5.4864ms)
PASS baseline is bounded finite geometry with normalized winding and semantic parts
PASS mesh is deterministic and does not mutate a draft
PASS standard chassis has full track loops, individual links, wheels, muzzle and fittings
PASS drive_mobile visibly changes geometry in its named component part
PASS protection_heavy visibly changes geometry in its named component part
PASS protection_active visibly changes geometry in its named component part
PASS armament_heavy visibly changes geometry in its named component part
PASS sensors_integrated visibly changes geometry in its named component part
PASS comms_data visibly changes geometry in its named component part
PASS heavy chassis has larger width, longer hull and additional running gear
PASS fully upgraded concept stays inside the renderer geometry budget
PASS missing and unsupported values use stable safe visual defaults
PASS browser global exports the same build contract without dependencies
PASS every independent catalogue specification survives model resolution and GLB metadata
PASS light chassis, casemate and separate exterior upgrades produce different valid meshes
PASS reinforced armor and independent active protection are both represented
PASS all five specialist chassis are distinct complete geometry with their thirteen role specifications
PASS every new simulation component resolves and exterior choices change the actual triangles
PASS every tank ammunition load draws its own stowage, at the card level too
PASS mission upgrades alter observable silhouette, running gear and weapons
PASS build(spec) still returns the inspection mesh, and lod selects a coarser one
PASS every level keeps the same parts, slots, labels and order so picking survives the swap
PASS a coarse level still answers every component choice with different geometry
PASS every catalogue option holds the coarse triangle bands on every platform that fields it
PASS the coarse bands survive a fully loaded vehicle, not only one changed slot
PASS a wheeled platform pays for its extra road tyres inside the coarse budget
PASS the reference exports stay under the byte cap check_equipment_export.cjs enforces
PASS a specialist that fields two ammunition loads shows which one it carries
PASS the committed component coverage report still matches the geometry
PASS light attack and tactical strike are distinct complete aircraft with eight pickable specifications
PASS every aviation component resolves from the live catalogue and every selectable upgrade changes its own visible assembly
PASS light aircraft reject heavy-only visuals and omit stale ground slots
32 equipment mesh checks passed; baseline 68,872 triangles, 34.9% of its vertices smoothed, LOD1 8,050, LOD2 1,168.
✔ C:\Users\ridge\Documents\Codex\2026-09-05\pick-up-the-spheres-game-on\work\campaign-certification\integration\tools\ui\check_equipment_mesh.cjs (166372.944ms)
✔ all18 ground coarse meshes match their reviewed baselines and preserve part identities (211.7853ms)
✔ paired tank road wheels leave a real central rubber-free guide channel (105.6763ms)
✔ tracked specialists use paired tyres while wheeled families keep single road tires (4.448ms)
✔ tank guide horns taper toward their tips instead of hiding rectangular blocks between wheels (7.6859ms)
✔ aircraft wings have curved span-varying airfoil volume rather than flat slabs (107.3922ms)
✔ aircraft fuselage and canopy normals are shared curved surfaces (0.303ms)
✔ every inspection triangle is finite, nondegenerate, grounded and faces its declared normals (3174.9549ms)
✔ inspection detail preserves immutable specifications and deterministic geometry (3442.8503ms)
✔ extra detail respects meter scale and the light tank remains the scaled platform (5.9256ms)
✔ hydropneumatic tanks remain visibly distinct under the unchanged component coverage metric (7438.8352ms)
✔ perspective views contain a complete tank at normal zoom without clipping across aspect ratios (3.0513ms)
✔ model identity follows configuration rather than display names or property insertion order (0.286ms)
✔ cosmetic paint preserves unpainted materials and never mutates original colors (7.5334ms)
✔ changing detail level replaces the displayed and exported geometry; equivalent detail reuses it (13.4622ms)
✔ material readiness redraws the designer and paint/geometry updates reuse its texture pack (6.6627ms)
✔ designer context loss abandons old material handles and restoration owns a fresh pack (7.6814ms)
✔ repainting/name edits reuse geometry, a component edit replaces buffers, disposal releases all GPU resources and listeners (2.0478ms)
✔ idle preview is demand-rendered and rotation suspends while hidden or outside the viewport (3.3146ms)
✔ WebGL loss pauses rendering and restores current geometry, rather than creating a second renderer (1.9059ms)
✔ partial context restoration releases GPU allocations while preserving the selected part and downloadable finish (4.2905ms)
✔ unavailable graphics retain a clear fallback and a downloadable actual mesh (0.9349ms)
✔ downloads follow the selected finish even when WebGL is unavailable (0.669ms)
✔ changing finish during context loss updates downloads and the restored GPU colors (1.0377ms)
✔ failed rebuild clears stale imagery and exports, releases model buffers, and allows the same specification to retry (1.5015ms)
✔ a partial GPU upload failure releases newly allocated model buffers and can recover (2.8013ms)
✔ ray picking returns the nearest actual triangle and respects empty space and occlusion (0.4628ms)
✔ a canvas click picks visible geometry, bubbles its slot, and preserves camera and exported finish (16.3055ms)
✔ orbit drags, cancelled gestures and two-pointer gestures do not select parts (10.0366ms)
✔ all specialist hulls, tall radar and extended barrels fit the unchanged camera views (507.2468ms)
✔ projected visible mission installations and weapons ray-pick their true specification slots (477.7963ms)
✔ native keyboard part selection works without graphics and selection survives context restoration (3.3734ms)
✔ aircraft fit all camera views and expose each specification through visible triangle picking (1409.8825ms)
✔ named views preserve an explicit user zoom while Reset returns to the complete-model fit (8.091ms)
✔ tank nose armor stays below its deck instead of bulging over it as a cylindrical casting (398.5481ms)
✔ specialist frontal armor is composed of flat folded plates instead of a curved cross-hull drum (371.9932ms)
✔ tank headlamps have compact neutral faces carried by the upper deck brackets (314.7038ms)
✔ rotating turret roofs taper into a narrow gun opening while keeping a broad crew compartment (592.4913ms)
✔ casemate armor has an intermediate shoulder within the redesigned tank envelope (151.5771ms)
✔ aircraft root fairings rise off the wing into the fuselage instead of using flat join plates (1785.8731ms)
✔ forebody shapes contain curved intermediate sections rather than only linearly joined endpoints (1851.8759ms)
✔ every engine choice exposes two actual inlet throats with unobstructed depth to the fan (2141.4729ms)
✔ changed profiles remain inside existing shipping geometry allowances (2088.105ms)
✔ affected armor, duct and curved shell configurations retain the full existing normal contract (33312.2859ms)
✔ one RGBA depth target renders actual mesh once and replaces projected floor shadow (16.4812ms)
✔ camera, paint, name and selection reuse light depth; geometry changes invalidate it without allocating another target (7.8384ms)
✔ 512 targets work on smaller devices while missing capabilities use the unchanged projected-shadow path (7.2297ms)
✔ every partial shadow allocation, shader and link failure releases resources and leaves a functioning fallback (60.9542ms)
✔ a failing optional depth draw returns to the default framebuffer and replaces its sampling shader (2.168ms)
✔ context loss discards shadow handles without GL calls and restores the latest geometry on the same canvas (2.6917ms)
✔ failed context restoration cleans both renderer and shadow resources before a successful retry (3.2926ms)
✔ mesh corners and their ground projections fit a stable light volume across vehicle sizes (1.5112ms)
✔ packed depth preserves ordering and receiver shaders share the correct precision and material visibility (3.1305ms)
✔ terrain tilt and camera height derive from one live view and return to overhead when disabled (3.1194ms)
✔ tilted projection and picking round-trip sourced coordinates at close zoom and multiple pixel ratios (198.0838ms)
✔ smooth synthetic valleys and peaks retain terrain-aware picking at city zoom (1.8584ms)
✔ raised terrain above the base-globe horizon stays pickable (0.6041ms)
✔ overhead picking retains camera precision after leaving Terrain despite the small marker lift (0.4877ms)
✔ actual horizontal drag preserves screen travel while its angular rate shrinks with close zoom (1.1315ms)
✔ at the ceiling the relief is 1x and picking still lands on the flattened ground (19.6394ms)
✔ the relief ramp and the zoom ceiling are one derivation, and the camera clears the rock at every zoom (6.1054ms)
✔ UMD exposes a frozen pure renderer in Node and a browser global (3.1822ms)
✔ rendering every section preserves frozen server data and caller state (101.8684ms)
✔ hero uses the council artwork and the actual served country and leader (5.6843ms)
✔ unnamed office holders stay unnamed and preserve their actual described office (0.8484ms)
✔ leadership retains succession, native names and other served offices (0.925ms)
✔ briefing uses exact server statistics and policy explanations (0.5975ms)
✔ server attention/good/info tones map to visible accessible treatments (0.4277ms)
✔ only allowlisted short policy routes become navigation controls (0.891ms)
✔ foreign governments retain inspection with only return-to-mine navigation (0.8869ms)
✔ tabs have one selected keyboard stop and a matching active panel (3.3321ms)
✔ unrecognized tab state safely defaults to overview (0.4826ms)
✔ default available filter retains original action IDs and discloses refusal reasons (1.2253ms)
✔ all decisions includes disabled review controls with the original index and reason (0.37ms)
✔ decision search does not reindex commands and can find refusal conditions (0.3838ms)
✔ missing commands or prices remain unavailable instead of becoming zero-cost orders (0.3992ms)
✔ busy state disables all decision reviews without hiding their effects (0.3069ms)
✔ foreign decision inspection never offers an enabled order (0.3176ms)
✔ party tables distinguish public support from parliamentary seat shares (0.7787ms)
✔ party search supports native names without changing political totals (0.7292ms)
✔ foreign backing keeps domestic support distinct and protects unexposed sponsors (0.6864ms)
✔ regimes show actual institutions, loyalty and dormant party records (0.6733ms)
✔ ideology-off electoral campaigns keep parliament and cabinet mechanics visible (0.6098ms)
✔ ideology-off regimes retain ordinary institutional loyalty and coup pressure (0.4054ms)
✔ ideology-off overview preserves supplied leadership and ordinary fallback metrics (0.1992ms)
✔ ideology-off watch explains its scope without declaring ordinary government disabled (0.0923ms)
✔ watch preserves served route status, gauges and progress without inferring chance (0.9938ms)
✔ missing watch routes report missing readings without inventing conditions (0.1222ms)
✔ valid review uses actual cost, exact before/after strings and one confirmation (0.5002ms)
✔ financial preview displays authoritative money units including small actual payments (1.1394ms)
✔ refused review shows the live reason and cannot confirm (0.3234ms)
✔ loading reviews hide stale effects and disable other decision reviews (0.3323ms)
✔ failed reviews hide stale effects and offer a separately identified retry (0.42ms)
✔ busy, missing and mismatched-index review states cannot confirm (1.9021ms)
✔ missing statistics are unknown, while explicit zero remains zero (0.6074ms)
✔ labels, search, errors and before/after values are HTML escaped (5.2355ms)
✔ untrusted styling metadata cannot become inline CSS or event attributes (1.0363ms)
✔ loading and read failure offer honest states without decisions (0.4137ms)
✔ search and disclosures expose stable hooks for host focus and open-state restoration (5.6372ms)
✔ future organization disclosures preserve counterfactual play and escape research notes (6.8069ms)
✔ party-only offices stay distinct from national office eligibility (0.6284ms)
✔ future paired leadership explains vacancies without replacing existing single chairs (1.0935ms)
✔ explicit contenders use the supplied national role without scheduling election outcomes (0.5674ms)
✔ a future party successor does not gain national eligibility from age or biography (0.8301ms)
✔ older payloads do not invent missing executive eligibility (0.5726ms)
✔ government-role explanations retain campaign appointments and escape sourced prose (1.0591ms)
✔ 1990 campaign offers a separate fictional future preview without filling its historical gap (0.3749ms)
✔ future biography, pending cartoon and researched background have distinct honest labels (0.3782ms)
✔ future preview does not show a misleading age calculated at the 1990 campaign date (0.5706ms)
✔ a registered fictional cartoon is labelled as an imagined appearance rather than historical likeness (0.4327ms)
✔ historical reference controls remain bounded and exclude fictional previews (0.4651ms)
✔ future names are searchable in campaign mode without entering historical search results (0.3525ms)
✔ actual future eligibility is taken from the server and never inferred from the biography (0.4572ms)
✔ rule-off campaigns expose future cast previews without claiming active succession eligibility (0.3081ms)
✔ seated fictional leaders stay visibly fictional in leadership and executive overview (0.6742ms)
✔ future coalition previews retain separate component identities (0.6098ms)
✔ archived sequential organizations do not appear as current future successors or search matches (0.2623ms)
✔ future text and research links are escaped and rendering does not mutate the catalogue (0.3555ms)
✔ leadership gets an accessible active tab when the API supplies its read model (0.2685ms)
✔ older government payloads keep their existing four sections (0.3528ms)
✔ every party is represented, including a zero-share small partner and explicit gaps (0.2279ms)
✔ combined game rows retain each component leader instead of inventing a joint person (0.1869ms)
✔ campaign holders preserve supplied identities, dates, roles and divergence (0.1571ms)
✔ reference browsing displays reference identities without leaking current campaign holders (0.2675ms)
✔ the year list covers 1990–2026 while exact dates stop at the verified cutoff (0.1429ms)
✔ reference controls expose distinct host hooks and never an order or confirmation (0.2254ms)
✔ loading reference hides a previous successful response (0.2026ms)
✔ failed reference hides stale data and retries the reference only (0.149ms)
✔ stale nation and date responses are not presented as the selected reference (0.6918ms)
✔ campaign mode ignores an unrelated pending or failed historical response (0.3173ms)
✔ campaigns with the rule off label historical identities as references (0.5749ms)
✔ unknown dates remain unknown; month and year precision stay visible (0.2919ms)
✔ acting and co-leadership are preserved with separate person identities (0.2263ms)
✔ candidate evidence is a disclosure, not a promised election outcome (0.284ms)
✔ known people without art keep names and explicit avatar placeholders (0.2417ms)
✔ cartoon artwork is uncropped, compact and explicitly labelled (17.0946ms)
✔ overview displays only the exact bound executive cartoon and preserves the person name (1.1512ms)
✔ untrusted image URLs cannot become avatar requests (18.4983ms)
✔ source disclosures keep HTTPS evidence and reject executable or local links (1.355ms)
✔ search includes people, native names and small component parties (0.4775ms)
✔ search does not mutate dates, terms, candidates or caller state (0.4848ms)
✔ person ages are served labels rather than a browser-derived number (0.5879ms)
✔ foreign views retain the same read-only leadership browsing controls (1.6985ms)
✔ missing leadership payload and backend errors remain explicit (0.2336ms)
✔ unknown person references do not fabricate a name, face or biography (0.4433ms)
✔ party, person, component, image credits and search text are HTML escaped (0.5216ms)
✔ empty and filtered-out catalogues explain the distinction (0.1855ms)
✔ avatar attribution distinguishes generated artwork from a licensed reference image (0.3647ms)
✔ a supplied artwork license gets its own safe link and unsafe license URLs stay plain text (0.4213ms)
✔ generated cartoons expose a separate derivative artwork license without conflating the reference (1.1304ms)
✔ uncertain historical people are disclosed separately from verified holders and eligible candidates (0.3171ms)
✔ a person known only through an uncertain date can still be found without making them eligible (0.1213ms)
✔ leadership browsing does not expose a retained decision confirmation from another section (16.3273ms)
✔ actual historical host uses a GET read without a command, session receipt or world adoption (13.9499ms)
✔ out-of-order historical responses cannot overwrite a later selected date (11.9064ms)
✔ same-date retries use request identity so an older error cannot replace new data (17.0486ms)
✔ closing Government invalidates an in-flight reference without a late redraw (9.03ms)
✔ switching nation clears the reference and its search before an old response returns (14.9435ms)
✔ leaving Leadership invalidates pending references without clearing other tab searches (19.5428ms)
✔ switching to campaign mode rejects the old reference result (9.0374ms)
✔ reference host reports API errors and rejects wrong nation/date success payloads (33.7989ms)
✔ invalid and unresearched calendar dates never reach the API (70.0857ms)
✔ opening historical mode defaults to the campaign date bounded by researched coverage (25.6026ms)
✔ historical cache can be reused only for the same nation and date (7.0746ms)
✔ selector art credit no longer invents a verified portrait source (0.5784ms)
✔ index host preserves its CRLF line endings and every inline script parses (33.8287ms)
✔ actual tab keyboard routing follows rendered tabs, including five-tab and legacy four-tab layouts (30.6817ms)
✔ actual redraw preserves leadership search selection and filtered disclosures, scoped to the nation (28.6412ms)
✔ campaign mount uses its standard guidance navigation and suppresses the redundant floating launcher (6.3952ms)
✔ every actual guidance route opens its existing review and preserves routing details without orders (870.511ms)
✔ unknown routes, pending work and absent campaigns return before closing or navigating anything (1619.1687ms)
✔ actual document keyboard listener keeps N, speed keys and Space inert behind open guidance (57.6882ms)
✔ guidance scripts, styles and artwork are referenced and served, and every inline script parses (96.26ms)
✔ missing saved progress begins fresh and persists only the tutorial preference key (10.7791ms)
✔ corrupted and future-schema storage recover without restoring invented completions (0.5636ms)
✔ missing or denied storage uses memory and explicitly discloses visit-only progress (0.9803ms)
✔ failed preference writes retain the latest learning state in memory (1.0887ms)
✔ fresh advice evaluates exactly the validated snapshot using the actual advisor model (1.771ms)
✔ all four snapshot identity fields must match exactly before advice becomes ready (0.498ms)
✔ replacing the state object while loading rejects even an otherwise matching old response (0.2368ms)
✔ in-place session, player, turn or date mutation cannot keep ready advice actionable (0.5628ms)
✔ a response matching a mutated request object cannot bypass the original request identity (0.2021ms)
✔ changed invalidates loading requests and late success or failure cannot replace stale state (0.3168ms)
✔ cancel discards late refresh responses without repainting closed guidance (0.2807ms)
✔ out-of-order refresh completion cannot replace the latest success or latest error (0.3049ms)
✔ a failed refresh is retryable and successful retry clears the old error (0.242ms)
✔ navigation requires a campaign and readiness for advice, but tutorial reading is independent (0.2235ms)
✔ busy state blocks tutorial and advice navigation without calling the adapter (0.2689ms)
✔ tutorial navigation is explicit, read-only routing and never marks a lesson complete (0.1948ms)
✔ reading choices survive refresh, campaign switches, filters and view changes (0.3964ms)
✔ hide and restore affect advice visibility only, and a new campaign clears hidden advice (0.3845ms)
✔ render distinguishes unavailable, loading, stale and empty ready briefings (0.254ms)
✔ render escapes untrusted advice, attributes, snapshot names and notices without routing injection (0.3742ms)
✔ filters, invalid view input and glossary queries remain presentation choices (0.2045ms)
✔ rendered tutorial completion excludes skips and keeps skipped chapters replayable (0.2601ms)
✔ subscriptions unsubscribe cleanly without affecting model progress (0.0983ms)
✔ mount opens a paused tutorial and routes only after an explicit lesson click (2.1641ms)
✔ hosts can suppress the floating launcher without disabling guidance or tutorial return progress (3.0524ms)
✔ refresh and hiding the focused last card retain enabled focus inside the guidance dialog (1.931ms)
✔ packed elevation decodes exact byte order, endpoints and high-byte rollover (21.999ms)
✔ 4800x2036 detail uploads unfiltered packed RGB then stores one R16F channel with mips (3.0025ms)
✔ decode covers its own viewport with blending/scissor discarded and restores caller GPU state (1.2955ms)
✔ unsupported texture or viewport dimensions fall back before fetching or allocating (1.9909ms)
✔ dimension mismatch closes the bitmap without touching existing GPU textures (1.4363ms)
✔ fetch or shader failure uses base relief with no leaked resources (1.3412ms)
✔ incomplete float framebuffer falls back and deletes every partial allocation (0.7567ms)
✔ failed framebuffer allocation cannot accidentally draw height bytes into the main canvas (0.7483ms)
✔ decode errors are checked before mipmaps instead of accepting a blank elevation texture (0.8345ms)
✔ half-float mipmap failure discards optional detail and restores all caller bindings (1.2765ms)
✔ actual shader keeps detail disabled outside Terrain or when optional GPU loading failed (15.0022ms)
✔ height samples get their own half-sized minimum step without changing coast or water sampling (29.243ms)
✔ detail texture has its own sampler unit and fallback never replaces base physics (5.6035ms)
✔ daily chart labels retain the year and position observations by real dates (64.6489ms)
✔ mixed monthly and daily observations occupy their elapsed calendar time (61.0065ms)
✔ leap-day and month-boundary intervals remain one actual day each (181.574ms)
✔ a multi-year daily chart uses years, not the month word from daily labels (42.9638ms)
✔ truncated history starts at its retained date and excludes out-of-window events (81.7583ms)
✔ same-month events use their exact date between sparse observations (87.9813ms)
✔ legacy event months work, invalid dates fall back, and absent logs are harmless (62.1935ms)
✔ hover uses nearest calendar observation and never extends dead or unborn series (107.863ms)
✔ existing chart hover retains its own date labels if the history payload refreshes (41.1773ms)
✔ ended nation labels remain at their own chronological endpoint without extending the path (36.3174ms)
✔ empty histories remain empty and unusable time axes fall back without NaN paths (115.9103ms)
✔ industry renders served inventories and modeled power separately from dated operations (30.4814ms)
✔ component inventory retains its own units beside industrial packs (4.5806ms)
✔ the power summary preserves its native receipt date and limited scope (4.8529ms)
✔ unknown operation receipts never become zero output or zero spending (5.9324ms)
✔ support facilities explain their effect once and are never zero-output alarms (1.4294ms)
✔ research receipts keep acquisition-cost research units distinct from actual cash spending and packs (1.4475ms)
✔ site search supports province names, codes and facility names with server attention semantics (1.7358ms)
✔ empty completed industry bridges exact queued projects and inherited economic context (2.1438ms)
✔ construction bridge uses the same one-decimal progress and visible tiny-work rule as Construction (7.8732ms)
✔ all user-visible strings and action attributes are escaped; unknown metrics stay unknown (1.6386ms)
✔ navigation sends only exact existing navigation targets, never commands (0.9702ms)
✔ stale, loading, changed-world and pending-order guards reject navigation (12.6984ms)
✔ a bound action cannot operate a replacement payload even on the same campaign state (5.0384ms)
✔ GET industry is session-bound, validates identity and binds accepted readings to the exact state (6.2867ms)
✔ industry rejects same-session readings from another date before enabling facility navigation (4.8955ms)
✔ facility stages distinguish installed capacity assigned qualified and actually used workers from dated paid output (11.2867ms)
✔ installed but unstaffed facilities retain unknown employment and no invented first operating receipt (2.8216ms)
✔ lifecycle labels and units are escaped while unknown effects never become zero (2.0451ms)
✔ an exact completed facility link resets old filters and preserves its stable identity (2.7779ms)
✔ facility deep links wait for a current matching card then focus it only once (3.1777ms)
✔ expanded workforce requirements and summary focus survive a refreshed native reading (30.3332ms)
✔ late reads are rejected after state adoption, close, tab switch and newer request (34.0214ms)
✔ new campaign adoption immediately clears old nation data and view without waiting for a response (4.6859ms)
✔ refresh failure keeps prior dated reading disabled and exposes a real retry (4.9417ms)
✔ search caret, scroll and expanded facility role survive repaint while background tabs cannot overwrite them (3.4293ms)
✔ filter selection keeps keyboard focus on its replacement button after each repaint (3.2639ms)
✔ refresh focus returns after success or failure and repeated binding adds no duplicate handlers (22.0679ms)
✔ opening the page uses the root Cabinet entry, preserves same-campaign filters and makes one read (2.4568ms)
✔ the shipped standalone script parses and the desk styles are scoped and responsive (0.9584ms)
✔ a company receipt appearing during load confirmation is retained and blocks replacement at the real API boundary (3.8044ms)
✔ explicit backup load preserves slot and backup intent and adopts the replacement once (18.6831ms)
✔ cancelled backup review leaves the live campaign and write lane untouched (1.5304ms)
✔ an unconfirmed paid company order blocks saving through the real common API boundary (1.7683ms)
✔ persisted typed contractor review retains the exact quote and cannot replay into a loaded campaign (1.4817ms)
✔ historical review removes campaign and future records without mutating native snapshot (2.5416ms)
✔ future review keeps fictional source data but cannot masquerade as a campaign appointment (2.5999ms)
✔ generated campaign view remains a labeled sample with original bindings (0.651ms)
✔ static art route mapper is confined to explicit repo directories (17.3843ms)
✔ menu navigation displays one view, resets scroll and ignores unknown destinations (4.3168ms)
✔ menu focus reaches a usable heading for empty saves and touch nation selection (1.2705ms)
✔ leaving and reopening nation choice preserves the selection, search, sorting and seed (3.7603ms)
✔ an unavailable roster remains navigable without inventing a selected nation (1.0969ms)
✔ save rendering distinguishes unknown, empty and populated inventories (3.8474ms)
✔ load actions stay locked for active work and unconfirmed receipts without losing the selected slot (7.1479ms)
✔ binding reserves the measured command dock height, bottom offset and an eight pixel gap (28.8015ms)
✔ body-mounted Guidance inherits measured clearance through desktop, wrapped mobile and inset changes (23.3197ms)
✔ repeated binding and map redraw share one observer and one dock observation (28.8142ms)
✔ dock observer updates a wrapped height and leaves identical measurements untouched (45.0248ms)
✔ window resizing remeasures the dock bottom inset and clamps a negative inset to zero (43.8073ms)
✔ a hidden dock preserves the CSS fallback until a visible size can be measured (14.3324ms)
✔ switching from History to Terrain changes only the view even while a day is in flight (9.1072ms)
✔ unknown shading cannot replace the active mode or repaint the map (4.6932ms)
✔ each detail toggle changes exactly its own flag and repaints without simulation commands (140.9175ms)
✔ unknown detail keys cannot introduce state or repaint the map (4.5692ms)
✔ the optional coordinate grid starts off and preserves its choice through map rebuilds (13.3851ms)
✔ sync exposes current shading and every toggle state through native controls (13.2786ms)
✔ zoom buttons reflect both camera limits and immediately refresh after a click (33.9847ms)
✔ pending days and busy campaign transport leave every view control available (8.9222ms)
✔ World, Home and turn buttons use only their existing camera handlers (24.7465ms)
✔ repeated installation binds one action and restores focus to the rebuilt mode button (56.89ms)
✔ detail selection survives redraw and Escape returns focus without reaching game shortcuts (29.6854ms)
✔ ordinary redraw restores map focus but never steals focus from another screen control (36.7943ms)
✔ missing legacy detail preferences default on while explicit false remains off (11.1659ms)
✔ unmounted controls allow harmless sync and install calls (8.2728ms)
✔ political painting keeps transferred ownership and data overlays independent of scenery (105.5032ms)
✔ the optional grid draws lightly in Terrain and never changes geographic fills (83.1306ms)
✔ detail switches suppress decorative boundaries while preserving country ownership, water, and fronts (76.0917ms)
✔ Terrain boundaries reveal smoothly and become finer through a regional dive (632.83ms)
✔ regional Terrain zoom refreshes cached borders between the old bands and reuses stationary frames (294.7645ms)
✔ the political texture composites at full strength in every shading mode (141.3204ms)
✔ Terrain sharpening resets when changing to any other map shading (161.7892ms)
✔ header modes, resource overlay and commodity selection return to their replacement button (17.6108ms)
✔ ordinary map refresh leaves focus in an unrelated room control (2.1158ms)
✔ missing or disabled commodities never receive focus (3.0801ms)
✔ a removed or disabled header choice falls back to More layers summary (13.9198ms)
✔ a closed disclosure cannot receive focus inside its concealed buttons (7.4535ms)
✔ a room that acquires focus during replacement keeps it despite a saved map target (10.7524ms)
✔ Escape closes the disclosure containing its target before another open menu (7.187ms)
✔ Escape uses active menu focus, then falls back to the first open global menu (3.1723ms)
✔ unrelated keys and closed navigation leave focus and event propagation alone (4.4165ms)
✔ resource filters are native buttons with an explicit single pressed choice (2.7434ms)
✔ resource labels and commodity identifiers cannot escape their HTML text or attributes (2.0053ms)
✔ renderMap preserves auxiliary focus around DOM replacement and resPanel uses native chips (1.2979ms)
✔ the global Escape path handles navigation before closing a province and respects active rooms (0.3287ms)
✔ the shipped map focus, disclosure and commodity helpers exist and parse (1.4551ms)
✔ live national totals, per-theatre ceilings and peaceful reserves remain visible (1.5435ms)
✔ zero and automatic allocations send distinct exact commands (0.9498ms)
✔ invalid input is rejected before dispatch (0.2676ms)
✔ one in-flight order, with recoverable failure feedback (1.1477ms)
✔ military meshes use the new material response while portraits and civil geometry keep their lighting (14.8977ms)
✔ reinstalling a civil surface keeps military uniforms active (1.7911ms)
✔ the embedded game and art bench load the material module before either renderer (4.5319ms)
✔ civil-only cards and cached sprites never create the military texture pack (2.3441ms)
✔ all military cards and sprites share one pack and one WebGL context (2.8022ms)
✔ texture readiness repaints connected mounted cards and invalidates previously baked sprites (3.6152ms)
✔ surface-program replacement rebinds the existing ready pack and repaints without downloading again (2.1683ms)
✔ context loss discards the pack and restoration creates one replacement on the original GL canvas (2.0832ms)
✔ a real texture allocation failure cannot repaint a city over an in-progress military sprite draw (2.0257ms)
✔ texture paths are local and relative to the module in both embedded and inspection routes (14.4435ms)
✔ a cross-origin module cannot trigger external texture downloads (6.0293ms)
✔ missing browser APIs and insufficient device limits remain allocation-free (4.5717ms)
✔ readiness requires both validated 1K images; placeholders are complete and never enable partial detail (2.8977ms)
✔ uploads preserve active unit, bindings and pixel-store state, and reserve units 1 and 2 without touching shadow unit 0 (1.0545ms)
✔ reusing the surface across shader programs allocates no new textures and caches locations per program (1.8637ms)
✔ allocation, upload and mipmap failures release the complete pair and restore prior GL state (3.6721ms)
✔ synchronous creation failures do not re-enter the caller while later load failures still request a redraw (2.0272ms)
✔ network errors or any dimension mismatch discard the pair even after one map succeeds (2.0907ms)
✔ late load and error callbacks after disposal or context loss never touch GPU resources or notify readiness (1.6925ms)
✔ late callbacks following a failed load cannot revive a half-loaded material (0.7873ms)
✔ runtime textures retain the verified original bytes, 1K dimensions and bounded transfer sizes (6.48ms)
✔ the entire shipped inline JavaScript remains syntactically valid (28.5433ms)
✔ manufacturing model markup uses the actual optional renderer bridge in catalog, lines and holdings (262.8798ms)
✔ logistics dock announces the same in-transit stock shown visually after refresh (184.7928ms)
✔ operations styling stays scoped, readable and touch-sized (1.4364ms)
✔ production overview keeps one clear start action and exact server progress (120.7134ms)
✔ financial construction keeps the full queue and add control beyond twelve projects (119.032ms)
✔ project catalogue and province choice retain eligibility and authored costs (160.755ms)
✔ an unavailable project shows the simulation refusal (170.954ms)
✔ completed fractional workshops stay visible without becoming full-site levels (131.5784ms)
✔ manufacturing displays actual daily draw without changing it to a monthly recipe (128.5532ms)
✔ empty manufacturing gives a useful next step and does not invent free plant capacity (147.3064ms)
✔ full manufacturing offers the physical path to another line (142.8244ms)
✔ freight cards preserve delivered quantities, date, holds and daily corridor units (199.7389ms)
✔ freight room shows cargo first and tucks the dispatch ledger away (106.5892ms)
✔ room selection never moves the globe until the explicit map button is pressed (249.6153ms)
✔ map mode tells the shared modal coordinator and back-to-room restores it (122.3724ms)
✔ expanded details survive daily repaint while selecting a new card can reveal it (228.3456ms)
✔ routing policy still posts only its existing command and no simulation arithmetic (130.949ms)
✔ opening and closing operations resets map mode, modality and launch focus (233.2698ms)
✔ cargo keeps escaped diversion information alongside its booked date (123.1478ms)
✔ every painted scene is a packaged local WebP rather than a remote dependency (31.6246ms)
✔ scene catalogue rejects arbitrary paths and prototype properties (0.2694ms)
✔ art is the final presentation stylesheet so existing room backdrops cannot mask it (20.3563ms)
✔ background choice follows existing accessible page state without new UI lifecycle work (4.6186ms)
✔ art includes narrow-screen and high-contrast treatments without new moving backgrounds (0.3364ms)
✔ physical character, identity, era and downloadable geometry: margaret_thatcher_1990_v2 (1148.1092ms)
✔ physical character, identity, era and downloadable geometry: neil_kinnock_1990_v2 (1054.1406ms)
✔ physical character, identity, era and downloadable geometry: paddy_ashdown_1990_v2 (1159.2008ms)
✔ physical character, identity, era and downloadable geometry: george_h_w_bush_1990_v2 (1285.059ms)
✔ unknown or malicious IDs never borrow a person or build a generic character (7.1689ms)
✔ camera is manually controlled, bounded and resettable without changing its input (0.7873ms)
✔ archived characters remain in the art studio but are not loaded by the active game (26.1093ms)
✔ Government ignores retired model payloads instead of reviving 3D controls (1.5781ms)
✔ north fallback leaves every sampled latitude and its composed highlights untouched (424.5358ms)
✔ north fallback blends continuously only beyond the last sampled parallel (7196.0883ms)
✔ the unsampled north cap uses the existing ocean palette without invented ice geometry (611.1903ms)
✔ the cap presentation preserves the real globe picking boundary (12.6892ms)
✔ allocation moves conserve exactly 10000 basis points across many rows and bounds (153.9193ms)
✔ rounding residue and zero-weight siblings are allocated deterministically (15.302ms)
✔ invalid allocations, sparse rows, indices and nonnumeric requested values are refused (6.1438ms)
✔ reading a programme draft deeply copies rows and prioritizes the queued programme plan (181.4905ms)
✔ programme command retains all ten annual ministry amounts and detaches its child rows (171.0214ms)
✔ a funding preview is used only for the exact player, date and draft that requested it (174.8773ms)
✔ invalidation discards an old response even when the new request has the same date and draft (288.0814ms)
✔ a failed draft B preview cannot relabel draft A money or political cost as current (360.9993ms)
✔ the real adopt path invalidates same-day programme previews before rendering new state (250.6822ms)
✔ money formatting preserves zero and refuses missing or nonfinite amounts (5.3523ms)
✔ automatic departments show a meter while editable departments expose a labeled basis-point control (59.6476ms)
✔ all redistributed basis points remain exactly representable by the rendered range controls (144.9634ms)
✔ project links reach Construction funding before enactment while deposit actions retain their permissions (181.3361ms)
✔ all project investment links open the same Construction destination without placing orders (46.2415ms)
✔ malicious department labels cannot escape text or quoted accessibility attributes (54.405ms)
✔ investment identifiers and board labels remain inert quoted text (106.9859ms)
✔ board status distinguishes drafts and pending previews without altering live spending (280.3932ms)
✔ ministry industry summary delegates operations to the shared desk without duplicate or invented readings (31.4992ms)
✔ the kit covers the piece list the assignment names, in both directions (8.3117ms)
✔ every piece builds at both LODs and at several variants, inside its budget (1642.1245ms)
✔ geometry is deterministic in process, across a fresh load, and in a separate process (852.8545ms)
✔ variety comes from the variant and from nothing else (2296.1869ms)
✔ curved surfaces are smoothed, flat ones are not, and hard edges stay hard (24.4809ms)
✔ a tractor and a trailer couple at one documented height and the rig still stands on the ground (146.8348ms)
✔ reuse is measured, and every shared part builder serves more than one piece (478.8744ms)
✔ a yard of forty props at map detail stays inside the scene budget (349.4016ms)
✔ road vehicles stay inside a 1990 road envelope and a trailer never oversails its tractor (49.5851ms)
✔ nothing in the kit claims a real vehicle, a measured dimension or a capability (207.139ms)
✔ no wall clock, no frame counter and no second RNG can reach this geometry (4.149ms)
✔ the browser global exports the same contract with no dependencies (244.1166ms)
✔ every added piece builds at both LODs, stands on Y=0, and is fixed in cost (178.0058ms)
✔ a piece costs the same triangles whatever variant it is drawn at (835.4579ms)
✔ the chassis the brief said to share is measurably shared, and nothing else is (101.811ms)
✔ a hull is a hull: it comes to a stem, it floats at Y=0 and it is not a raft (65.2795ms)
✔ a rail vehicle fits a rail gauge and a freighter is a freighter (56.6738ms)
✔ unknown and malformed input resolves to a stable, honest default (172.7752ms)
✔ Materials GDP bridge displays the served decomposition without adding observed output twice (36.9616ms)
✔ An observed inherited Materials project names the included GDP share without subtracting in JavaScript (1.364ms)
✔ All-country and province inherited estimates stay compact and expose location uncertainty (18.0096ms)
✔ Inherited counts retain tiny nonzero capacity and unknown amounts never become free zeros (2.1374ms)
✔ the real page loads the assets and refreshes selected economy readings from server state (27.7582ms)
✔ money and percentages keep missing amounts unknown, zero exact and small output visible (7.3679ms)
✔ province output, sectors and work amounts are served values, never added again in the browser (3.124ms)
✔ classification labels distinguish inherited activity, new value, enablers and undelivered orders (1.9656ms)
✔ hostile server labels cannot create HTML or break quoted province attributes (2ms)
✔ missing or legacy economic data gets an explicit fallback, not fabricated zeros (1.6575ms)
✔ the national ledger retains unallocated GDP and makes mapped provinces selectable for all countries (8.0255ms)
✔ expanded sections survive insertion, reorder and async rerender by stable keys (1.9711ms)
✔ actual adopt → full map rebuild → async province refresh keeps open sections and scroll (96.1109ms)
✔ province choices remain isolated and survive a loading-only drawer and another full rebuild (83.5939ms)
✔ a new campaign clears province choices and rejects previous DOM and pending readings (105.1799ms)
✔ national fetching is lazy, caches the exact reading and does not repaint another nation (84.5319ms)
✔ same-day adoption invalidation and daily changes cannot revive old national responses (43.6414ms)
✔ request failures are visible, cached without a retry loop and explicitly retryable (2.383ms)
✔ the existing province loader carries economy and rejects stale province responses (133.6005ms)
✔ styles keep narrow dossiers contained, large touch controls and reduced-motion support (0.8726ms)
✔ every piece builds at both detail levels, at every option the kit offers, inside its budget (765.9937ms)
✔ the shading contract this file checks against is the one the module smooths to (0.7225ms)
✔ the map level is cheaper than the near level for every piece, and both are authored not decimated (20.6997ms)
✔ every port is a well formed declaration and the geometry actually reaches it (386.8473ms)
✔ two compatible pieces join with no gap and no overlap, vertex for vertex (81.6609ms)
✔ a chain of pieces climbs to a bridge, crosses a railway and ends in a tunnel, meeting every seam within a millimetre (72.8586ms)
✔ a long chain does not drift: two hundred segments end where arithmetic says they should (34.7723ms)
✔ an incompatible join is refused rather than fudged (3.7207ms)
✔ a run laid along a polyline meets every seam and stays inside the kilometre budget (263.184ms)
✔ a run says how far it fell short instead of pretending it followed the path (16.0123ms)
✔ a run that goes DOWNHILL joins as exactly as one that goes up (656.8484ms)
✔ no piece is authored below the ground it stands on (251.0693ms)
✔ a level crossing is a surface a car can cross, not one buried in another (22.0143ms)
✔ the road cross-section is the same road on both sides of the centre line (29.0718ms)
✔ malformed input resolves to a stable, honest default and nothing is mutated (19.1665ms)
✔ geometry is deterministic in one process and across a fresh load (314.0356ms)
✔ variation comes only from the declared inputs (70.4413ms)
✔ no wall clock, no frame counter and no second source of entropy can reach this geometry (1.6889ms)
✔ the browser global exports the same contract with no dependencies (70.719ms)
✔ every piece says what it is and refuses to claim it is a real route (39.0661ms)
✔ a delayed save-list response keeps the choice made after its request began (12.9656ms)
✔ an older save-list success cannot replace newer inventory or user selection (1.4959ms)
✔ stale read errors cannot overwrite successful current status and current errors retain selection (1.7615ms)
✔ cancel then confirm retains the reviewed save even when a list response arrives inside the first review (1.3609ms)
✔ empty inventories keep their honest placeholder and removed choices fall back only to an available entry (2.4041ms)
✔ the kit covers every biome and family roadmap section G names (44.6101ms)
✔ the eight biomes are told apart by outline alone, not by colour (117.382ms)
✔ every kind builds sound geometry at both levels, in every biome (321.8077ms)
✔ the tree budget is roadmap section 4, and a thousand trees are priced from the meshes (11.8701ms)
✔ a scattered kind costs a fixed number of triangles, so a thousand of them is a number (256.9764ms)
✔ geometry is deterministic in-process and across a fresh load (262.7305ms)
✔ curved surfaces are smoothed, flat ones are not, and hard edges stay hard (21.9689ms)
✔ closed shapes are wound outward, and ground faces up (33.3286ms)
✔ a tile run is seamless: tile n right edge is tile n+1 left edge, vertex for vertex (37.2883ms)
✔ scatter places deterministically, and two seeds are visibly different arrangements (9.324ms)
✔ scatter refuses the ground the caller told it to refuse, and says what it refused (3.2048ms)
✔ a scatter field builds as one mesh, deterministically, from a small variant cache (49.6421ms)
✔ unknown and malformed input resolves to a stable, honest default (14.7681ms)
✔ no alpha and no billboard cards: every leaf mass is geometry (213.8943ms)
✔ no wall clock, no frame counter and no second entropy source can reach this geometry (3.5675ms)
✔ the browser global exports the same contract with no dependencies (22.6435ms)
✔ every bar above goes red against a deliberately broken generator (4650.8756ms)
✔ edits added and replacements made while an advance is in flight survive its response (4.9222ms)
✔ network failure is visible, retains the submitted draft, and never rejects unhandled (1.2033ms)
✔ save failure is surfaced instead of becoming an unhandled rejection (1.1693ms)
✔ boot offers explicit continue and load without starting a replacement campaign (3.4945ms)
✔ globe starts with an uninitialized center while real zero stays valid (5.9674ms)
✔ only unchanged submitted object references are removed, even if another command has the same value (1.3295ms)
✔ uncertain retry resends the identical frozen turn, never newly added draft orders (1.3985ms)
✔ an explicit non-advancing server refusal unlocks the retained draft for correction (0.9184ms)
✔ a display failure after acknowledgement cannot cause a committed turn to be retried (0.9936ms)
✔ reload restores the same pending receipt and only its still-matching draft references (3.8647ms)
✔ pending orders from a replaced campaign never enter the current queue or retry path (0.9883ms)
✔ API rejects a delayed old-campaign response and transmits identity on immediate mutations (1.9371ms)
✔ server refusal metadata distinguishes certain rejection from uncertain transport failure (4.4284ms)
✔ boot reads state and roster without mutating the campaign and reveals Continue (8.9087ms)
✔ older-sequence conflicts retain orders for explicit review instead of marking them safe to resend (18.47ms)
✔ delayed boot success and failure preserve the menu the player selected while discovery was pending (7.5185ms)
✔ review requires confirmation and never resubmits old orders, retaining newer draft edits (4.4244ms)
✔ campaign changes and modal entry close global More and Map menus without closing room disclosures (2.8149ms)
✔ starting a replacement campaign cannot reuse the previous named save target (4.0216ms)
✔ parallel compilation yields to menu tasks and polls only nonblocking completion until ready (22.7154ms)
✔ an already cached parallel program completes without scheduling unnecessary polls (3.273ms)
✔ without the extension the equivalent synchronous link path remains available (0.9613ms)
✔ failed linking reports both shader compile logs and the complete program log after completion (1.3514ms)
✔ a link-only failure retains its diagnostic and releases every resource (0.7042ms)
✔ missing driver logs use an explicit diagnostic instead of an empty error (0.7929ms)
✔ a context already lost fails before allocation (0.747ms)
✔ context loss during a pending poll cleans up without any blocking status query (0.6979ms)
✔ completion true caused by context loss is never accepted as success (1.5127ms)
✔ a stalled driver is bounded by elapsed time with only one scheduled poll at once (0.6989ms)
✔ partial allocation failures clean up all handles that were created (2.8783ms)
✔ unexpected compile or link exceptions also release temporary GPU resources (1.3031ms)
✔ the original thirteen facility meshes keep their exact geometry and semantics (24702.3055ms)
✔ the kind table is exactly PROJECT_KINDS, in both directions (6.8418ms)
✔ every kind builds at every stage and every level, at both detail levels, inside its budget (29845.7572ms)
✔ stage tables are ordered, cover 0..1 and describe the same five states for every kind (4.9154ms)
✔ the stage is a pure function of recorded server progress (11320.2422ms)
✔ geometry is deterministic across fresh loads and unaffected by anything outside its inputs (13665.6227ms)
✔ two node processes build byte-identical geometry, normals included (9313.7044ms)
✔ later stages are never less built than earlier ones (29589.3627ms)
✔ curved surfaces are smooth-shaded and flat ones are not (10452.7927ms)
✔ surfaces you stand on and surfaces it rains on face the sky (5804.3951ms)
✔ structure and envelope are modelled rather than boxed (1363.0555ms)
✔ paused and blocked sites stop work honestly, and nothing else does (5385.7551ms)
✔ a level upgrade extends the compound instead of cloning the building (13597.0235ms)
✔ the placeholder count is asserted, not described (1334.8643ms)
✔ the arms plant is realised and every kind declares what it is not (1111.3383ms)
✔ every kind is composed of what section E says it is (4587.4517ms)
✔ the five stages of every kind are structurally different, not just heavier (23051.9214ms)
✔ the two retrofits are installed in a host that already stands (192.7256ms)
✔ delivered wings stand on the fill they were built on (1590.5054ms)
✔ no wall clock, no frame counter and no second RNG can reach this geometry (2.2566ms)
✔ the browser global exports the same contract with no dependencies (117.6964ms)
✔ unknown and malformed input resolves to a stable, honest default (458.2728ms)
✔ approved tanks and aircraft retain exact geometry, colors and authored material classes (1785.2139ms)
✔ specialist primary hull proportions are long enough for their distinct vehicle roles at every LOD (586.938ms)
✔ IFV fighting compartment is a low continuous shell with converging cheeks (46.1736ms)
✔ tracked specialists have distinct belt return gears beyond their paired road wheels (539.7547ms)
✔ wheeled tire shoulder treads are rubber and open beads expose the actual painted wheel centers (539.6775ms)
✔ specialist bow plates remain flat at every LOD without a coarse cylindrical bumper (561.7357ms)
✔ air-defense guns sit in outboard cradles and radar panels are non-optical surfaces (398.7664ms)
✔ the module is the agreed shape and freezes what it hands out (3.8091ms)
✔ the GLSL is balanced and every bracket closes (1.5765ms)
✔ the documented entry point exists with the documented signature (0.2723ms)
✔ the GLSL contains nothing the brief bans (0.2581ms)
✔ global scope holds one documented uniform, constants and functions, and nothing else (0.5249ms)
✔ the constants the port uses are the constants the shader ships (0.1915ms)
✔ the hash is uniform, deterministic and never leaves 0..1 (61.1358ms)
✔ the noise is centred, band-limited and free of NaN over the whole model range (104.187ms)
✔ the four octaves are independent fields, so their amplitudes do not stack (137.8207ms)
✔ every live octave is under the Nyquist limit at every framing in the deck (0.7597ms)
✔ at map range the treatment is a bit-exact no-op (5.0243ms)
✔ the modulation stays inside the envelope it was designed for at every framing (260.3394ms)
✔ the treatment reads the same on any base hue, so the finish repaint survives it (91.0813ms)
✔ the colour temperature tilt opposes red against blue and leaves green alone (17.464ms)
✔ extreme and degenerate inputs produce finite, non-negative colour (8.6831ms)
✔ nothing about the result depends on call order or on a clock (0.5148ms)
✔ a GPU that rounds inversesqrt differently cannot change the picture (15.7472ms)
✔ the field does not crack at a cell boundary, and the rejected key scheme does (55.9116ms)
✔ the noise does not repeat at any lattice offset, and the rejected hash did (533.2032ms)
✔ on the real meshes, at the real framing, the excursion is small and never clips (6569.0492ms)
✔ the finish repaint changes the colour and not the grain, on real vertices (1244.7215ms)
✔ the shader still computes what the port computes (0.9092ms)
✔ the clamp is load-bearing, not decorative (1277.2419ms)
✔ the level of detail is honest at the sizes this renderer actually draws (13.1119ms)
✔ the module is the agreed shape and is frozen (1.8709ms)
✔ delimiters balance (2.3095ms)
✔ the documented entry point exists with exactly the documented signature (0.4772ms)
✔ no banned token survives comment stripping (0.4324ms)
✔ no uniform is declared, and only the documented host uniform is read (0.5591ms)
✔ the host contract this chunk is written against has not moved (0.3418ms)
✔ the JS port carries the same constants as the GLSL (2.4116ms)
✔ smWave: deterministic, bounded, unbiased, and the variance it was designed for (56.1531ms)
✔ smWave holds its statistics on a flat plane, which is what a panel is (118.4826ms)
✔ the field carries the broad panel-to-panel variation it is supposed to (60.8944ms)
✔ smWave decorrelates, averaged over directions rather than along one (79.9304ms)
✔ smHash is uniform on the cell lattice it is actually sampled on (15.9461ms)
✔ smHash does not correlate with its own neighbours, at near or far coordinates (20.6139ms)
✔ the speckle shapes both have mean zero, so neither shifts a model's tone (28.9205ms)
✔ every palette colour this check claims still exists in the generator that owns it (4.1096ms)
✔ the classifier puts every palette colour in the class its name says it is (13.8708ms)
✔ the classifier is continuous, so a palette landing between classes cannot pop (57.0525ms)
✔ the sand and winter repaints still land somewhere sane (1.256ms)
✔ the treatment never leaves the legal albedo range and never produces a NaN (557.9234ms)
✔ no albedo whatsoever can be driven outside [0,1] — the headroom bound is exact (155.6864ms)
✔ the headroom guard is free on every shipped colour but the one it is not (1.0413ms)
✔ each class gets the amplitude and the grain it was designed for (30.0606ms)
✔ steel is stroked along an axis and every other class is not (83.1172ms)
✔ screen-space frequency is invariant, which is the whole distance story (0.3614ms)
✔ the pattern is locked to the model, not to the eye, so nothing pumps or crawls (0.1492ms)
✔ the fragment shader the host would actually compile is well formed (1.006ms)
✔ on real geometry at the real framing distance, nothing clips and nothing is NaN (3198.2496ms)
✔ a fragment never moves far enough from its albedo to change what colour it is (5886.8225ms)
✔ the winter repaint is the case the palette sweep could not see, and it is contained (917.4648ms)
✔ the treatment ignores the normal and the view vector, which is why it cannot draw a wireframe (12.9246ms)
✔ the card sizes this treatment is tuned against are the ones arsenal3d.css declares (0.8788ms)
✔ world-space frequency, measured on a real tank rather than an assumed camera (3.4795ms)
✔ undersampling costs grain, not moire — measured, because the difference is the whole question (268.1318ms)
✔ the map sprite is baked larger than it is drawn, which is the only filtering there is (4.2361ms)
✔ the module exports a frozen, interchangeable chunk (12.3972ms)
✔ the chunk is a chunk: no directives, no declarations, no entry function of its own (0.6413ms)
✔ no identifier in the chunk is a word some GLSL front end has taken (0.3999ms)
✔ every bracket in the chunk closes (13.4704ms)
✔ the declared entry point is present, exactly once, with the exact signature (0.4195ms)
✔ everything except the entry point is namespaced, so two proposals can share a page (0.4587ms)
✔ gl_FragCoord is the only built-in read, and only inside surface() (0.4508ms)
✔ the shader has not changed under the port without anyone looking (2.2527ms)
✔ the port is a literal-for-literal transcription, in order (0.4382ms)
✔ the noise axes are orthonormal and clear of every direction the models use (0.4249ms)
✔ SW_SOURCE_LIFT really is the coarse coordinate lifted 0.55 m (0.2357ms)
✔ SW_PERIOD is derived from the warp rate, not chosen (0.2424ms)
✔ the fold is an identity THROUGH the field, not merely through a sine (78.4862ms)
✔ every octave is band limited: no step a continuous field could not make (242.5409ms)
✔ each octave repeats further apart than the model it sits on (0.315ms)
✔ the field is deterministic, bounded, zero-mean and unclipped (50.8577ms)
✔ the field returns the same numbers it returned when it was tuned (2.6384ms)
✔ the two coarse octaves do not share a period (0.1885ms)
✔ soft saturation is the identity where it should be and never flattens (0.9953ms)
✔ the treatment stays in range, stays finite, and stays restrained (922.378ms)
✔ no fragment of a real tank moves further than the finish selector moves it (3340.3445ms)
✔ the upward black grille lip stays black under a strong low dust patch (0.3176ms)
✔ the final clamp never fires, and no layer pins flat against a bound (2916.8543ms)
✔ dirt goes down: a hull is grubbier at its foot than at its roof (107.0146ms)
✔ the gravity gradient does not fight the host contact shading (38.1428ms)
✔ dust goes up: sky-facing is lighter than ground-facing, and a flat side is neutral (105.8011ms)
✔ detail collapses with distance and the gravity gradient does not (192.6089ms)
✔ what the distance fade cannot do: a sprite and a card are the same depth (55.2193ms)
✔ the treatment is band limited enough for the smallest pixel it is drawn at (2250.8785ms)
✔ it reads as surface on any base hue, including both repaints (328.0406ms)
✔ the same fragment is the same colour every time it is asked (24.3396ms)
✔ the degenerate inputs a real frame will hand it (0.7411ms)
✔ every aircraft and specialist default matches its reviewed geometry and colors at every LOD (1561.2914ms)
✔ tank hulls have a long chassis envelope at all three LODs (608.5547ms)
✔ rotating turrets form a broad continuous low body instead of a tall narrow stack (1140.9978ms)
✔ each main gun is a slender continuous barrel with a recessed compact mount (543.7871ms)
✔ heavy cheek armor has a single wedge top and a sloped face instead of repeated staircase ledges (1626.0083ms)
✔ road wheels fill the track envelope and end gears share the belt return centers (168.9356ms)
✔ tank material classes are explicit aligned deterministic metadata across selected configurations and LODs (1497.3921ms)
✔ every tank level carries authored classes including steel, rubber, glazing and canvas without unknown tokens (669.0397ms)
✔ sand, winter and woodland repaint only authored paint even when steel and tracks are green-biased (4.992ms)
✔ painted bevels stay close to the plate tone and sand cannot become pale cream (0.6971ms)
✔ service and field deposits affect running gear and paint but retain clear optics and lamps (0.9233ms)
✔ authoritative roughness and metalness remain separate from finish colors (0.5214ms)
✔ contact bake detects neighboring faces instead of applying a world-height shadow (0.9797ms)
✔ baking is deterministic, cached per geometry, and cannot mutate pick/export buffers (156.415ms)
✔ inspection contact bake has explicit memory and raster work limits (664.6131ms)
✔ missing or malformed metadata never selects the armour path for another equipment family (14.8149ms)
✔ baked finishes remain ordinary GLB colors while exact semantic ranges and positions survive (13.0079ms)
✔ tank viewer uploads authored attributes, routes fragment finish/wear, and exports without rebuilding geometry (11.4345ms)
✔ the same viewer disables armour treatment and extra buffers for aircraft and unrecognised vehicle families (7.6129ms)
✔ context loss preserves paint/wear and restoration recreates the authored tank attribute (1.8601ms)
✔ one controller releases the tank material attribute when switching to aircraft and restores it when returning (2.1981ms)
✔ repainting and orbiting reuse geometry, material parameters, and GPU allocations (1.877ms)
✔ a failed extra material-buffer upload clears stale tank geometry and a retry recovers without leaking (5.4622ms)
✔ all five specialist armoured platforms have complete authored materials at every detail level (475.0222ms)
✔ each specialist repaint leaves steel, tyres, optics, cables and canvas unchanged (594.0641ms)
✔ specialist field wear changes painted bodies and running gear while optics and lamps stay clear (310.396ms)
✔ real specialist meshes activate native finish controls, export their selected condition and preserve material data on restore (683.942ms)
✔ missing armour module or malformed specialist metadata retains the ordinary usable viewer and hides unavailable controls (21.5871ms)
✔ switching between specialist armour and aircraft hides controls and releases the extra attribute without changing aircraft finishes (2.3374ms)
✔ approved tank shader and representative four-platform appearance buffers remain byte-identical through the specialist extension (1732.7113ms)
✔ workshop selection follows a part across LOD and component edits and clears on explicit preset or vehicle reset (454.9265ms)
✔ the actual controller emits a part name string and the workshop accepts only current real parts (355.5853ms)
✔ workshop export failures preserve the design and always clean up an attached anchor and created URL (568.8542ms)
✔ shipped geography builds only sourced named features at actual district members (422.7049ms)
✔ medoids stay on actual ground, including disconnected and world-seam features (4.9569ms)
✔ build is deterministic for reversed input order, with frozen output and immutable sources (1.8964ms)
✔ missing names or finite district centroids cannot invent a terrain feature (0.6202ms)
✔ feature extent determines the major, regional and local reveal thresholds (5.7488ms)
✔ disabled, missing and world-scale terrain labels produce no canvas or collision changes (8.6808ms)
✔ draw rejects hidden hemisphere, missing projections and labels outside the viewport (5.5579ms)
✔ a visible regional center takes priority over a fringe member closer to the camera (0.2775ms)
✔ one feature can use an unobstructed alternate anchor without drawing twice (0.4193ms)
✔ terrain labels share measured collision boxes with existing labels and each other (0.3683ms)
✔ label budgets cap sparse features at twelve by default and respect a smaller explicit cap (0.6077ms)
✔ labels use italic text and pixel-ratio-scaled measured fonts while restoring canvas state (0.509ms)
✔ regional names fade in above their threshold and reach stable opacity after six tenths of zoom (0.2536ms)
✔ major, regional and local features reveal in that order as the camera approaches (0.4351ms)
✔ drawing the same view selects the same member anchor and reserves the same boxes (0.4027ms)
✔ duplicate feature entries still draw at most one name (0.1384ms)
✔ screen density uses CSS area consistently across pixel ratios and caps large budgets (4.4448ms)
✔ missing canvas, globe or view dimensions are harmless before drawing starts (0.2221ms)
✔ RG16 decode preserves signed metres, byte rollovers and dimension checks (7.2281ms)
✔ tile coordinates use north-up cell centres and wrap the dateline (1.5747ms)
✔ shared gutters interpolate a continuous surface across longitude and latitude seams (30.5963ms)
✔ mesh vertices physically rise for peaks and fall into valleys (1.8379ms)
✔ native slope retains east/south signs and latitude-dependent ground distance (13.8113ms)
✔ ocean bathymetry stays at sea level without inverted seafloor geometry (27.8792ms)
✔ mesh triangles face outward and share their edges (6.5165ms)
✔ native spacing is retained nearby and geometry allocation is capped for broad views (181.8321ms)
✔ missing elevation or gradient coverage declines the complete mesh (0.6286ms)
✔ tilted camera footprint includes the skyline where screen corners see sky (2.4077ms)
✔ dateline footprints stay regional and request both neighbouring tile columns (2.2442ms)
✔ cache bounds concurrent requests, replaces stale queues and disposes pending loads (26.6892ms)
✔ cache evicts older regions and never exceeds its decoded memory budget (22.3737ms)
✔ failed tiles retain ordinary globe fallback without repeated request storms (1.6786ms)
✔ mesh becomes drawable only after coverage and restores caller GL bindings (471.4809ms)
✔ constant manifest tiles decode locally without fetching nonexistent PNGs (4.864ms)
✔ mesh shader projects actual displaced coordinates through the shared camera (32.8296ms)
✔ water planes match six transcribed HydroLAKES records and exact existing shorelines (231.1747ms)
✔ Baikal surface replaces its bed in geometry, slope and picking height together (350.4959ms)
✔ a changed lake path cannot silently apply a water height to another feature (620.6228ms)
PASS the kit covers the fifteen building kinds roadmap section G names
PASS every kind builds sound geometry at all three LODs
PASS every kind, at every frontage and storey count it offers, lands inside the section 4 budget
PASS curved surfaces are smooth shaded, and flat ones are not
PASS a pitched roof is laid in courses, not drawn as one grey sheet
PASS a window is a hole in the wall, not a pane buried behind one
PASS a back addition is behind the house, not in its front garden
PASS the map LOD is the same building seen small, not a different one
PASS every district assembles a populated block inside the scene budget
PASS the budgets hold at every tile size the API accepts, not only the default one
PASS a block is assembled from shared building meshes, not from unique buildings
PASS lots tile the block without overlapping each other or leaving the tile
PASS the card and the map lay the same town out as the close view does
PASS what is drawn stays on its own lot and out of its neighbour
PASS a baked variant reports the footprint it drew, not the one it was asked for
PASS the same block id builds the same town, in this process and in a fresh load
PASS a second node process builds the same town, byte for byte
PASS two different block ids really do build different towns
PASS variety comes from a hash of the id and the lot, with no clock and no entropy source in the file
PASS art claims stay inside roadmap section 3 — original, representative, and granting nothing
PASS unknown kinds and junk options fail cleanly instead of inventing a building
PASS options are read, never written
PASS the browser global exports the same contract with no module system present
23 town mesh checks passed; representative temperate block 16 lots / 10 shared meshes, 198,462 triangles close / 57,784 card / 3,422 map, 12.1% of them smooth shaded, 148m x 104m.
✔ C:\Users\ridge\Documents\Codex\2026-09-05\pick-up-the-spheres-game-on\work\campaign-certification\integration\tools\ui\check_town_mesh.cjs (33057.8757ms)
✔ nine frozen lessons describe real reading workflows and navigation only (1.7193ms)
✔ UMD browser export works without a DOM, localStorage or campaign services (2.6904ms)
✔ corrupted values and future or missing schema versions recover to a fresh preference (0.4465ms)
✔ normalization deduplicates known IDs in lesson order and completion wins overlap (0.1858ms)
✔ prototype pollution, inherited fields and getters cannot supply progress or events (0.4746ms)
✔ large sparse arrays recover within bounded work and do not accept inherited entries (0.2019ms)
✔ start and selecting a lesson never complete it; unknown events and IDs are no-ops (0.208ms)
✔ completion and skipping are separate, navigate to unresolved lessons and wrap (0.1908ms)
✔ end of the reading list preserves skipped status and supports replay and restart (0.2365ms)
✔ normalization and every event are immutable and do not retain caller arrays (0.4546ms)
✔ operations adoption is reviewed before one normal command is sent (11.4459ms)
✔ cancelling or changing the campaign while reviewing cannot adopt warfare (2.9781ms)
✔ unavailable or already enabled adoption is inert and escapes its explanation (1.1054ms)
✔ uncertain receipt and stale response are never adopted or retried automatically (2.9244ms)
✔ campaign order bindings refuse forms from a replaced world before calling transport (1.4677ms)
✔ staged inline JavaScript remains syntactically valid (12.0497ms)
✔ all shipped courses are preserved verbatim at regional zoom; no source mutation (50.7934ms)
✔ course-length tiers progressively reveal secondary rivers without losing majors (0.5791ms)
✔ every shipped course is visible by zoom 4, with a quieter actual world view (1.1441ms)
✔ long named reaches share a tier but unnamed tiny courses do not combine (0.3681ms)
✔ separate M commands never manufacture length across disconnected reaches (0.2469ms)
✔ political modes preserve the old opacity, color, width and single strokes (0.2534ms)
✔ terrain widths and alpha remain bounded through maximum camera zoom (0.3406ms)
✔ painter restores the canvas when a path resolver throws (0.766ms)
✔ disabled or invalid paint inputs are a no-op (0.1326ms)
✔ shipped river names are sourced and all bounded alternate anchors are actual exported vertices (16.669ms)
✔ unsupported curves and missing names never produce invented labels (13.8142ms)
✔ labels are deterministic for unchanged source data and preserve source names (1.1297ms)
✔ river names appear only at regional zoom and respect enable and density limits (27.6881ms)
✔ facing and invalid projections reject labels before they reserve a collision box (30.3692ms)
✔ label collision uses shared boxes and tries an alternate actual river vertex (0.7516ms)
✔ measured italic overhang and viewport edges reject clipped names at multiple pixel ratios (0.3462ms)
✔ small screens keep a sparse name layer and global collision boxes prevent repeated names (0.2032ms)
✔ the plan contract holds and every instance is inside the extent it was asked for (100.2178ms)
✔ the same extent and seed plan the same field twice, and in a fresh load (236.3592ms)
✔ an instance survives a pan byte-identical: position, kind, yaw and scale (183.4504ms)
✔ an instance survives a zoom too: a coarse rung is a subset of a fine one (56.5347ms)
✔ the budget is a hard cap and the cull is a stable prefix (40.8663ms)
✔ water, steep ground and the host exclusion are all actually refused (68.0807ms)
✔ nothing at all is emitted above the zoom-out threshold (0.7862ms)
✔ every instance carries the elevation the terrain sampler gave it (7.1168ms)
✔ the biome is the documented classification of cover, latitude and elevation (4.5017ms)
✔ every kind and biome exists in the live scatter-mesh, with its weights and footprints (37.673ms)
✔ a missing sampler degrades to a stated default rather than throwing (29.9762ms)
✔ an extent across the antimeridian works and normalises its longitudes (6.1318ms)
✔ the cell grid is a whole-degree power of two and the stride lattice wraps (0.3959ms)
✔ a view too wide for the walk guard thins instead of stalling, and thins stably (51.1137ms)
✔ no wall clock, no entropy source and no browser can reach this placement (1.1542ms)
✔ the browser global exports the same contract and plans the identical field (162.6ms)
✔ every bar above goes red against a deliberately broken placement engine (14671.761ms)
ℹ tests 1538
ℹ suites 0
ℹ pass 1537
ℹ fail 0
ℹ cancelled 0
ℹ skipped 1
ℹ todo 0
ℹ duration_ms 203757.8659
