TAP version 13
# Subtest: empty, malformed and observer snapshots cannot masquerade as a healthy player
ok 1 - empty, malformed and observer snapshots cannot masquerade as a healthy player
  ---
  duration_ms: 2.825904
  type: 'test'
  ...
# Subtest: real annual renewal takes priority and null treasury does not become zero
ok 2 - real annual renewal takes priority and null treasury does not become zero
  ---
  duration_ms: 0.432157
  type: 'test'
  ...
# Subtest: treasury accepts only actual finite numbers and invents no low-cash threshold
ok 3 - treasury accepts only actual finite numbers and invents no low-cash threshold
  ---
  duration_ms: 0.613584
  type: 'test'
  ...
# Subtest: construction requires a matching dated production snapshot and valid calendar
ok 4 - construction requires a matching dated production snapshot and valid calendar
  ---
  duration_ms: 0.444233
  type: 'test'
  ...
# Subtest: funding and blocked projects precede recommendations without inventing blocked causes
ok 5 - funding and blocked projects precede recommendations without inventing blocked causes
  ---
  duration_ms: 1.308968
  type: 'test'
  ...
# Subtest: only exact eligible suggestion evidence and province permissions permit a review
ok 6 - only exact eligible suggestion evidence and province permissions permit a review
  ---
  duration_ms: 0.886227
  type: 'test'
  ...
# Subtest: sized workshop uses the server exact-size preview and preserves server order
ok 7 - sized workshop uses the server exact-size preview and preserves server order
  ---
  duration_ms: 1.216541
  type: 'test'
  ...
# Subtest: bad funding numbers cannot support a new building recommendation
ok 8 - bad funding numbers cannot support a new building recommendation
  ---
  duration_ms: 0.164342
  type: 'test'
  ...
# Subtest: optional industry allocation zero is distinct from cash and blocks expansion advice
ok 9 - optional industry allocation zero is distinct from cash and blocks expansion advice
  ---
  duration_ms: 0.441674
  type: 'test'
  ...
# Subtest: building status is not a guarantee and completed facilities retain the industry destination
ok 10 - building status is not a guarantee and completed facilities retain the industry destination
  ---
  duration_ms: 0.600179
  type: 'test'
  ...
# Subtest: unavailable construction details can use only explicit state attention
ok 11 - unavailable construction details can use only explicit state attention
  ---
  duration_ms: 0.52259
  type: 'test'
  ...
# Subtest: government warnings use open server routes, not stability thresholds or aggregate disabled routes
ok 12 - government warnings use open server routes, not stability thresholds or aggregate disabled routes
  ---
  duration_ms: 0.204777
  type: 'test'
  ...
# Subtest: research options in the future are not presented as current projects
ok 13 - research options in the future are not presented as current projects
  ---
  duration_ms: 0.380056
  type: 'test'
  ...
# Subtest: a paid calendar wait is never a funding stall
ok 14 - a paid calendar wait is never a funding stall
  ---
  duration_ms: 0.145299
  type: 'test'
  ...
# Subtest: research funding stall requires unpaid effort and actual zero rate
ok 15 - research funding stall requires unpaid effort and actual zero rate
  ---
  duration_ms: 0.272054
  type: 'test'
  ...
# Subtest: monthly acquisition allowance and priority are separate research reviews
ok 16 - monthly acquisition allowance and priority are separate research reviews
  ---
  duration_ms: 0.144289
  type: 'test'
  ...
# Subtest: disjoint enemy wars and foreign operations do not become player conflicts
ok 17 - disjoint enemy wars and foreign operations do not become player conflicts
  ---
  duration_ms: 0.153656
  type: 'test'
  ...
# Subtest: deployment advice requires an active player conflict and valid requested/deployed values
ok 18 - deployment advice requires an active player conflict and valid requested/deployed values
  ---
  duration_ms: 0.152986
  type: 'test'
  ...
# Subtest: incoming agency requests are distinct from possible action menus and are deadline checked
ok 19 - incoming agency requests are distinct from possible action menus and are deadline checked
  ---
  duration_ms: 0.344769
  type: 'test'
  ...
# Subtest: incoming resource offer requires counterpart, deadline and an actual political cost
ok 20 - incoming resource offer requires counterpart, deadline and an actual political cost
  ---
  duration_ms: 0.136482
  type: 'test'
  ...
# Subtest: advice is deterministic, immutable, bounded and attention is always first
ok 21 - advice is deterministic, immutable, bounded and attention is always first
  ---
  duration_ms: 0.650701
  type: 'test'
  ...
# Subtest: browser UMD loads without DOM, timers, network, commands or global state
ok 22 - browser UMD loads without DOM, timers, network, commands or global state
  ---
  duration_ms: 16.281847
  type: 'test'
  ...
# Subtest: archived real API reading identifies renewal without disabled takeover alarms
ok 23 - archived real API reading identifies renewal without disabled takeover alarms # SKIP
  ---
  duration_ms: 0.053881
  type: 'test'
  ...
# Subtest: inbox opens a dated native review and cancellation sends no command
ok 24 - inbox opens a dated native review and cancellation sends no command
  ---
  duration_ms: 8.6658
  type: 'test'
  ...
# Subtest: one confirmation posts the exact nested command and native token once
ok 25 - one confirmation posts the exact nested command and native token once
  ---
  duration_ms: 3.017497
  type: 'test'
  ...
# Subtest: late success and failure cannot revive a cancelled or reopened dialog
ok 26 - late success and failure cannot revive a cancelled or reopened dialog
  ---
  duration_ms: 4.179137
  type: 'test'
  ...
# Subtest: a newer review wins and stale world or session replacement cannot confirm
ok 27 - a newer review wins and stale world or session replacement cannot confirm
  ---
  duration_ms: 3.514697
  type: 'test'
  ...
# Subtest: mismatched command, nation, session or missing token never enables confirmation
ok 28 - mismatched command, nation, session or missing token never enables confirmation
  ---
  duration_ms: 8.389971
  type: 'test'
  ...
# Subtest: refused or locally altered reviewed commands do not spend and display native reasons
ok 29 - refused or locally altered reviewed commands do not spend and display native reasons
  ---
  duration_ms: 3.1152
  type: 'test'
  ...
# Subtest: server stale-review refusal adopts current state and demands a fresh review
ok 30 - server stale-review refusal adopts current state and demands a fresh review
  ---
  duration_ms: 1.784656
  type: 'test'
  ...
# Subtest: command errors refresh by reading state without retrying the order
ok 31 - command errors refresh by reading state without retrying the order
  ---
  duration_ms: 2.621995
  type: 'test'
  ...
# Subtest: an uncertain command envelope leaves the shared receipt available for recovery
ok 32 - an uncertain command envelope leaves the shared receipt available for recovery
  ---
  duration_ms: 6.760388
  type: 'test'
  ...
# Subtest: a command response from an older closed dialog cannot replace a newer world
ok 33 - a command response from an older closed dialog cannot replace a newer world
  ---
  duration_ms: 2.43955
  type: 'test'
  ...
# Subtest: nested key order is immaterial, unsupported commands and unsafe labels stay inert
ok 34 - nested key order is immaterial, unsupported commands and unsafe labels stay inert
  ---
  duration_ms: 1.268263
  type: 'test'
  ...
# Subtest: standing policy, currency and aim controls all review before any order
ok 35 - standing policy, currency and aim controls all review before any order
  ---
  duration_ms: 17.276001
  type: 'test'
  ...
# Subtest: existing pending receipts block new or already-reviewed orders
ok 36 - existing pending receipts block new or already-reviewed orders
  ---
  duration_ms: 1.665793
  type: 'test'
  ...
# Subtest: dated native history names remain escaped and original request identity is retained
ok 37 - dated native history names remain escaped and original request identity is retained
  ---
  duration_ms: 0.922985
  type: 'test'
  ...
# Subtest: aircraft close-up bounds use real cockpit glass and finite end zones of the actual engine meshes
ok 38 - aircraft close-up bounds use real cockpit glass and finite end zones of the actual engine meshes
  ---
  duration_ms: 1293.551433
  type: 'test'
  ...
# Subtest: cockpit falls back to real avionics bounds without glass; malformed and missing semantic ranges are unavailable
ok 39 - cockpit falls back to real avionics bounds without glass; malformed and missing semantic ranges are unavailable
  ---
  duration_ms: 3.122316
  type: 'test'
  ...
# Subtest: Cockpit, Engines and Intakes buttons point the camera at contained component detail, with selection synchronized
ok 40 - Cockpit, Engines and Intakes buttons point the camera at contained component detail, with selection synchronized
  ---
  duration_ms: 36.050537
  type: 'test'
  ...
# Subtest: intake inspection looks into an outboard engine before hitting the fuselage, without hiding any mesh
ok 41 - intake inspection looks into an outboard engine before hitting the fuselage, without hiding any mesh
  ---
  duration_ms: 1873.267448
  type: 'test'
  ...
# Subtest: ordinary views restore overview zoom, Reset fits the full model and focused picking uses the close-up camera
ok 42 - ordinary views restore overview zoom, Reset fits the full model and focused picking uses the close-up camera
  ---
  duration_ms: 11.657923
  type: 'test'
  ...
# Subtest: focus survives context restoration but resets safely when model geometry changes
ok 43 - focus survives context restoration but resets safely when model geometry changes
  ---
  duration_ms: 33.364251
  type: 'test'
  ...
# Subtest: unavailable graphics keeps close-up controls disabled and avoids false ready messages
ok 44 - unavailable graphics keeps close-up controls disabled and avoids false ready messages
  ---
  duration_ms: 7.376637
  type: 'test'
  ...
# Subtest: default and loaded aircraft meet the 100k inspection contract and bounded cheaper LODs
ok 45 - default and loaded aircraft meet the 100k inspection contract and bounded cheaper LODs
  ---
  duration_ms: 3177.08741
  type: 'test'
  ...
# Subtest: aircraft LOD clamps malformed requests and never edits the design
ok 46 - aircraft LOD clamps malformed requests and never edits the design
  ---
  duration_ms: 1083.173732
  type: 'test'
  ...
# Subtest: all tactical exhaust choices reveal a deep interior beyond the old casing cap
ok 47 - all tactical exhaust choices reveal a deep interior beyond the old casing cap
  ---
  duration_ms: 2130.323116
  type: 'test'
  ...
# Subtest: both intakes contain separate solid swept fan blades instead of flat spokes
ok 48 - both intakes contain separate solid swept fan blades instead of flat spokes
  ---
  duration_ms: 3031.172114
  type: 'test'
  ...
# Subtest: recessed exhaust turbines also retain solid vanes in both close detail levels
ok 49 - recessed exhaust turbines also retain solid vanes in both close detail levels
  ---
  duration_ms: 1969.956128
  type: 'test'
  ...
# Subtest: tactical nozzle petals taper toward the outlet rather than forming a straight drum
ok 50 - tactical nozzle petals taper toward the outlet rather than forming a straight drum
  ---
  duration_ms: 2102.396628
  type: 'test'
  ...
# Subtest: cockpit side controls sit visibly inside the glass with space above the consoles
ok 51 - cockpit side controls sit visibly inside the glass with space above the consoles
  ---
  duration_ms: 1421.111788
  type: 'test'
  ...
# Subtest: light aircraft and tactical map meshes are unchanged by inspection detail work
ok 52 - light aircraft and tactical map meshes are unchanged by inspection detail work
  ---
  duration_ms: 1372.598546
  type: 'test'
  ...
# Subtest: all engine and cockpit combinations retain inspection and catalogue budgets
ok 53 - all engine and cockpit combinations retain inspection and catalogue budgets
  ---
  duration_ms: 4235.521491
  type: 'test'
  ...
# Subtest: every tactical engine option has two physically open, recessed intake throats
ok 54 - every tactical engine option has two physically open, recessed intake throats
  ---
  duration_ms: 2193.051642
  type: 'test'
  ...
# Subtest: both tactical seats remain visible through glass above a real cockpit cavity
ok 55 - both tactical seats remain visible through glass above a real cockpit cavity
  ---
  duration_ms: 1396.478615
  type: 'test'
  ...
# Subtest: all tactical wing choices have distinct flaps, ailerons and open hinge seams
ok 56 - all tactical wing choices have distinct flaps, ailerons and open hinge seams
  ---
  duration_ms: 118.320242
  type: 'test'
  ...
# Subtest: tactical payloads clear wing undersides and both main wings retain mirrored geometry
ok 57 - tactical payloads clear wing undersides and both main wings retain mirrored geometry
  ---
  duration_ms: 96.130762
  type: 'test'
  ...
# Subtest: opaque and glass ranges partition the mesh once and preserve selectable part ownership
ok 58 - opaque and glass ranges partition the mesh once and preserve selectable part ownership
  ---
  duration_ms: 2.194476
  type: 'test'
  ...
# Subtest: invalid surfaces fail closed in both display and GLB export
ok 59 - invalid surfaces fail closed in both display and GLB export
  ---
  duration_ms: 1.871621
  type: 'test'
  ...
# Subtest: aircraft GLB keeps global buffers and adds bounded glass accessors with portable alpha materials
ok 60 - aircraft GLB keeps global buffers and adds bounded glass accessors with portable alpha materials
  ---
  duration_ms: 2.052827
  type: 'test'
  ...
# Subtest: nonaircraft export bytes and opaque ranges remain unchanged even with unrelated metadata
ok 61 - nonaircraft export bytes and opaque ranges remain unchanged even with unrelated metadata
  ---
  duration_ms: 0.720437
  type: 'test'
  ...
# Subtest: glass draws after opaque with blending and no depth writes, then restores all owned GL state
ok 62 - glass draws after opaque with blending and no depth writes, then restores all owned GL state
  ---
  duration_ms: 11.116081
  type: 'test'
  ...
# Subtest: selection highlights opaque intersections and glass without drawing an opaque canopy overlay
ok 63 - selection highlights opaque intersections and glass without drawing an opaque canopy overlay
  ---
  duration_ms: 1.184892
  type: 'test'
  ...
# Subtest: canopy is excluded from both cached depth shadows and fallback projected shadows
ok 64 - canopy is excluded from both cached depth shadows and fallback projected shadows
  ---
  duration_ms: 2.766885
  type: 'test'
  ...
# Subtest: restoration preserves glass, selection and exports; bad replacement never retains stale geometry
ok 65 - restoration preserves glass, selection and exports; bad replacement never retains stale geometry
  ---
  duration_ms: 1.768846
  type: 'test'
  ...
# Subtest: unavailable WebGL retains downloadable transparent geometry and a clear fallback
ok 66 - unavailable WebGL retains downloadable transparent geometry and a clear fallback
  ---
  duration_ms: 1.066124
  type: 'test'
  ...
# Subtest: top-room selection follows visual priority without changing any open state
ok 67 - top-room selection follows visual priority without changing any open state
  ---
  duration_ms: 22.266033
  type: 'test'
  ...
# Subtest: explicit map-view operations remain non-modal while other rooms still win
ok 68 - explicit map-view operations remain non-modal while other rooms still win
  ---
  duration_ms: 7.425843
  type: 'test'
  ...
# Subtest: Tab wraps at room boundaries, enters from outside, and leaves middle controls native
ok 69 - Tab wraps at room boundaries, enters from outside, and leaves middle controls native
  ---
  duration_ms: 8.816422
  type: 'test'
  ...
# Subtest: Tab ignores hidden, inert, disabled and negative-tabindex descendants
ok 70 - Tab ignores hidden, inert, disabled and negative-tabindex descendants
  ---
  duration_ms: 9.255373
  type: 'test'
  ...
# Subtest: an empty or loading room contains keyboard focus on itself
ok 71 - an empty or loading room contains keyboard focus on itself
  ---
  duration_ms: 2.392182
  type: 'test'
  ...
# Subtest: nation tabs reveal exactly one page and preserve drafts and game state
ok 72 - nation tabs reveal exactly one page and preserve drafts and game state
  ---
  duration_ms: 8.619977
  type: 'test'
  ...
# Subtest: non-native action rows gain Enter and Space activation without swallowing other keys
ok 73 - non-native action rows gain Enter and Space activation without swallowing other keys
  ---
  duration_ms: 2.523751
  type: 'test'
  ...
# Subtest: nation tabs maintain exactly one tab stop when selection changes
ok 74 - nation tabs maintain exactly one tab stop when selection changes
  ---
  duration_ms: 5.214358
  type: 'test'
  ...
# Subtest: all three arcade stylesheets are local, embedded and served as CSS
ok 75 - all three arcade stylesheets are local, embedded and served as CSS
  ---
  duration_ms: 321.545141
  type: 'test'
  ...
# Subtest: help contains time shortcuts but leaves its native close button usable
ok 76 - help contains time shortcuts but leaves its native close button usable
  ---
  duration_ms: 7.711682
  type: 'test'
  ...
# Subtest: ten distinct local paintings have immutable keys and accessible decorative markup
ok 77 - ten distinct local paintings have immutable keys and accessible decorative markup
  ---
  duration_ms: 1.948693
  type: 'test'
  ...
# Subtest: untrusted paths and layout values cannot enter image markup
ok 78 - untrusted paths and layout values cannot enter image markup
  ---
  duration_ms: 0.173768
  type: 'test'
  ...
# Subtest: declarative campaign mounting uses the same allowlist and preserves its host
ok 79 - declarative campaign mounting uses the same allowlist and preserves its host
  ---
  duration_ms: 0.556134
  type: 'test'
  ...
# Subtest: production, arms manufacturing and logistics render the matching paintings
ok 80 - production, arms manufacturing and logistics render the matching paintings
  ---
  duration_ms: 1.724153
  type: 'test'
  ...
# Subtest: Exchange keeps industry, resources and diplomacy visually distinct
ok 81 - Exchange keeps industry, resources and diplomacy visually distinct
  ---
  duration_ms: 44.916504
  type: 'test'
  ...
# Subtest: military overview has one painting and a focused allocation retains its compact controls
ok 82 - military overview has one painting and a focused allocation retains its compact controls
  ---
  duration_ms: 8.249607
  type: 'test'
  ...
# Subtest: workshop defaults and every displayed component label match the native specialist definitions
ok 83 - workshop defaults and every displayed component label match the native specialist definitions
  ---
  duration_ms: 3.278295
  type: 'test'
  ...
# Subtest: weapon choice lists match each native platform armament, mount and ammunition branch
ok 84 - weapon choice lists match each native platform armament, mount and ammunition branch
  ---
  duration_ms: 0.525365
  type: 'test'
  ...
# Subtest: all common choices preserve native family isolation and cannot introduce tank components
ok 85 - all common choices preserve native family isolation and cannot introduce tank components
  ---
  duration_ms: 15.779189
  type: 'test'
  ...
# Subtest: recon edits through each of its three paired selectors produce matching mounts and loads
ok 86 - recon edits through each of its three paired selectors produce matching mounts and loads
  ---
  duration_ms: 0.3111
  type: 'test'
  ...
# Subtest: missile and guided-artillery changes constrain required sensors and release choices when reversed
ok 87 - missile and guided-artillery changes constrain required sensors and release choices when reversed
  ---
  duration_ms: 0.745277
  type: 'test'
  ...
# Subtest: actual workshop preserves each family draft, announces paired changes and restores focus
ok 88 - actual workshop preserves each family draft, announces paired changes and restores focus
  ---
  duration_ms: 1916.399371
  type: 'test'
  ...
# Subtest: real part selection survives detail and same-slot edits, then clears on family or preset changes
ok 89 - real part selection survives detail and same-slot edits, then clears on family or preset changes
  ---
  duration_ms: 772.265541
  type: 'test'
  ...
# Subtest: downloaded GLB contains the current paired vehicle, current LOD and actual painted vertex colors
ok 90 - downloaded GLB contains the current paired vehicle, current LOD and actual painted vertex colors
  ---
  duration_ms: 1209.729106
  type: 'test'
  ...
# Subtest: download failures preserve the specialist draft and clean up all allocated browser handles
ok 91 - download failures preserve the specialist draft and clean up all allocated browser handles
  ---
  duration_ms: 753.85259
  type: 'test'
  ...
# Subtest: persisted visual records normalize unknown and obsolete values and restore required component pairings
ok 92 - persisted visual records normalize unknown and obsolete values and restore required component pairings
  ---
  duration_ms: 1.151085
  type: 'test'
  ...
# Subtest: visual draft validation ignores inherited keys and accessors without invoking their code
ok 93 - visual draft validation ignores inherited keys and accessors without invoking their code
  ---
  duration_ms: 0.355527
  type: 'test'
  ...
# Subtest: stored schema validation rejects corrupt or future payloads and removes unknown families without prototype effects
ok 94 - stored schema validation rejects corrupt or future payloads and removes unknown families without prototype effects
  ---
  duration_ms: 0.512463
  type: 'test'
  ...
# Subtest: actual page reload restores separate components, finish, condition and detail for each family before mounting
ok 95 - actual page reload restores separate components, finish, condition and detail for each family before mounting
  ---
  duration_ms: 1095.985902
  type: 'test'
  ...
# Subtest: startup repairs incompatible saved weapons before the first model and never writes while repairing
ok 96 - startup repairs incompatible saved weapons before the first model and never writes while repairing
  ---
  duration_ms: 182.561424
  type: 'test'
  ...
# Subtest: missing, denied or corrupt storage keeps a functional session without startup writes
ok 97 - missing, denied or corrupt storage keeps a functional session without startup writes
  ---
  duration_ms: 4262.087113
  type: 'test'
  ...
# Subtest: quota failure preserves live per-family drafts, reports session-only status and does not overwrite the last saved bytes
ok 98 - quota failure preserves live per-family drafts, reports session-only status and does not overwrite the last saved bytes
  ---
  duration_ms: 382.401246
  type: 'test'
  ...
# Subtest: an unsupported future schema is preserved byte-for-byte while edits and preset reset remain session-only
ok 99 - an unsupported future schema is preserved byte-for-byte while edits and preset reset remain session-only
  ---
  duration_ms: 879.644173
  type: 'test'
  ...
# Subtest: resetting one family persists its default components while retaining its finish/detail and every other family draft
ok 100 - resetting one family persists its default components while retaining its finish/detail and every other family draft
  ---
  duration_ms: 321.851385
  type: 'test'
  ...
# Subtest: the fake context is real enough for the module to run at all
ok 101 - the fake context is real enough for the module to run at all
  ---
  duration_ms: 1405.476142
  type: 'test'
  ...
# Subtest: the cache never exceeds its cap, however much is asked of it
ok 102 - the cache never exceeds its cap, however much is asked of it
  ---
  duration_ms: 42215.975934
  type: 'test'
  ...
# Subtest: evicting frees the vertex array AND its three buffers
ok 103 - evicting frees the vertex array AND its three buffers
  ---
  duration_ms: 0.582192
  type: 'test'
  ...
# Subtest: nothing ever binds a vertex array that was freed
ok 104 - nothing ever binds a vertex array that was freed
  ---
  duration_ms: 10501.539492
  type: 'test'
  ...
# Subtest: losing the context resets the accounting, not just the map
ok 105 - losing the context resets the accounting, not just the map
  ---
  duration_ms: 176.586079
  type: 'test'
  ...
# Subtest: an entry reachable under two names is released under both
ok 106 - an entry reachable under two names is released under both
  ---
  duration_ms: 3613.772283
  type: 'test'
  ...
# Subtest: every shipped model has a frame, and the deck is not silently skipped
ok 107 - every shipped model has a frame, and the deck is not silently skipped
  ---
  duration_ms: 460.288827
  type: 'test'
  ...
# Subtest: nothing leaves the frame at rest
ok 108 - nothing leaves the frame at rest
  ---
  duration_ms: 1656.80276
  type: 'test'
  ...
# Subtest: nothing leaves the frame at ANY angle a card can turn to
ok 109 - nothing leaves the frame at ANY angle a card can turn to
  ---
  duration_ms: 7145.801341
  type: 'test'
  ...
# Subtest: a card uses the frame it was given
ok 110 - a card uses the frame it was given
  ---
  duration_ms: 1446.106217
  type: 'test'
  ...
# Subtest: the model is centred in the frame, which is the whole point
ok 111 - the model is centred in the frame, which is the whole point
  ---
  duration_ms: 1345.421884
  type: 'test'
  ...
# Subtest: the pivot is shared, and a fixed pivot is honoured exactly
ok 112 - the pivot is shared, and a fixed pivot is honoured exactly
  ---
  duration_ms: 203.41668
  type: 'test'
  ...
# Subtest: only mechanised infantry near changes; all 46 far meshes and catalogue identities are byte-identical
ok 113 - only mechanised infantry near changes; all 46 far meshes and catalogue identities are byte-identical
  ---
  duration_ms: 1842.903169
  type: 'test'
  ...
# Subtest: new formation shape stays within existing budgets while replacing small hardware with structural geometry
ok 114 - new formation shape stays within existing budgets while replacing small hardware with structural geometry
  ---
  duration_ms: 0.997512
  type: 'test'
  ...
# Subtest: six paired road-wheel stations are connected to hull-mounted suspension arms
ok 115 - six paired road-wheel stations are connected to hull-mounted suspension arms
  ---
  duration_ms: 0.483599
  type: 'test'
  ...
# Subtest: a continuous rear crew bay sits behind the low turret and front engine bank
ok 116 - a continuous rear crew bay sits behind the low turret and front engine bank
  ---
  duration_ms: 0.302276
  type: 'test'
  ...
# Subtest: rear ramp and troop roof exits are exposed physical faces, not buried intersecting boxes
ok 117 - rear ramp and troop roof exits are exposed physical faces, not buried intersecting boxes
  ---
  duration_ms: 8.752389
  type: 'test'
  ...
# Subtest: the redesigned near model has no collapsed faces or reversed smoothed normals
ok 118 - the redesigned near model has no collapsed faces or reversed smoothed normals
  ---
  duration_ms: 69.115743
  type: 'test'
  ...
# Subtest: all 46 IDs retain their catalogue metadata, exact near envelope and exact far buffers
ok 119 - all 46 IDs retain their catalogue metadata, exact near envelope and exact far buffers
  ---
  duration_ms: 1809.402224
  type: 'test'
  ...
# Subtest: every catalogue recipe gains close-up geometry within the 16k card and 40MiB total buffer budget
ok 120 - every catalogue recipe gains close-up geometry within the 16k card and 40MiB total buffer budget
  ---
  duration_ms: 3.330914
  type: 'test'
  ...
# Subtest: fasteners have a recessed socket with an inward wall instead of a cap across the opening
ok 121 - fasteners have a recessed socket with an inward wall instead of a cap across the opening
  ---
  duration_ms: 2.269479
  type: 'test'
  ...
# Subtest: track hinges bridge the belt width and retain hard planar end caps under smooth pin sides
ok 122 - track hinges bridge the belt width and retain hard planar end caps under smooth pin sides
  ---
  duration_ms: 0.709829
  type: 'test'
  ...
# Subtest: aircraft exhaust opens aft with visible recessed internals, while compressors are explicitly selected
ok 123 - aircraft exhaust opens aft with visible recessed internals, while compressors are explicitly selected
  ---
  duration_ms: 296.938207
  type: 'test'
  ...
# Subtest: joint grooves replace a continuous band surface without changing its mounting envelope
ok 124 - joint grooves replace a continuous band surface without changing its mounting envelope
  ---
  duration_ms: 3.033057
  type: 'test'
  ...
# Subtest: the mechanised AFV engine grille contains a spread bank, not coincident copies
ok 125 - the mechanised AFV engine grille contains a spread bank, not coincident copies
  ---
  duration_ms: 311.105754
  type: 'test'
  ...
# Subtest: each arsenal model has finite render buffers, unit normals and usable spatial bounds
ok 126 - each arsenal model has finite render buffers, unit normals and usable spatial bounds
  ---
  duration_ms: 2436.349018
  type: 'test'
  ...
# Subtest: no triangle is degenerate and no vertex normal contradicts the face it sits on
ok 127 - no triangle is degenerate and no vertex normal contradicts the face it sits on
  ---
  duration_ms: 421.384898
  type: 'test'
  ...
# Subtest: loft winds outward only for an increasing z run, which is the convention every model here is authored to
ok 128 - loft winds outward only for an increasing z run, which is the convention every model here is authored to
  ---
  duration_ms: 0.688978
  type: 'test'
  ...
# Subtest: arsenal recipes are deterministic across fresh loads and reuse cached meshes
ok 129 - arsenal recipes are deterministic across fresh loads and reuse cached meshes
  ---
  duration_ms: 1493.298021
  type: 'test'
  ...
# Subtest: OBJ exports retain every triangle and carry the mesh position, colour and per-vertex normal of each corner
ok 130 - OBJ exports retain every triangle and carry the mesh position, colour and per-vertex normal of each corner
  ---
  duration_ms: 12556.364298
  type: 'test'
  ...
# Subtest: the far level of detail is optional, cheaper, deterministic and never displaces the detailed mesh
ok 131 - the far level of detail is optional, cheaper, deterministic and never displaces the detailed mesh
  ---
  duration_ms: 455.403002
  type: 'test'
  ...
# Subtest: no two models collapse into the same shape at either level of detail
ok 132 - no two models collapse into the same shape at either level of detail
  ---
  duration_ms: 51.829948
  type: 'test'
  ...
# Subtest: every model in the deck holds the catalogue and map budgets, and no class can opt out
ok 133 - every model in the deck holds the catalogue and map budgets, and no class can opt out
  ---
  duration_ms: 0.646575
  type: 'test'
  ...
# Subtest: unknown catalog ids fail cleanly or resolve only through an explicit known class
ok 134 - unknown catalog ids fail cleanly or resolve only through an explicit known class
  ---
  duration_ms: 0.348581
  type: 'test'
  ...
# Subtest: the eleven air/naval changes and explicitly pinned later mechanised revision retain their bounded scope
ok 135 - the eleven air/naval changes and explicitly pinned later mechanised revision retain their bounded scope
  ---
  duration_ms: 1672.444848
  type: 'test'
  ...
# Subtest: ship forebody waterlines narrow below the unchanged deck while amidships stays fixed
ok 136 - ship forebody waterlines narrow below the unchanged deck while amidships stays fixed
  ---
  duration_ms: 6.285469
  type: 'test'
  ...
# Subtest: the weather deck has a crown through the quarter beam, not two planar roof slopes
ok 137 - the weather deck has a crown through the quarter beam, not two planar roof slopes
  ---
  duration_ms: 0.532165
  type: 'test'
  ...
# Subtest: bridge panes are the first visible surfaces through framed openings on side and end walls
ok 138 - bridge panes are the first visible surfaces through framed openings on side and end walls
  ---
  duration_ms: 12.116422
  type: 'test'
  ...
# Subtest: boarding boats have open wells, raised seats and rounded inflatable collars
ok 139 - boarding boats have open wells, raised seats and rounded inflatable collars
  ---
  duration_ms: 10.814256
  type: 'test'
  ...
# Subtest: fighter fairing preserves authored frames and extrema without padding straight barrels
ok 140 - fighter fairing preserves authored frames and extrema without padding straight barrels
  ---
  duration_ms: 1.19246
  type: 'test'
  ...
# Subtest: fighter canopy glass sits above a flat sill and has a separate raked forward screen
ok 141 - fighter canopy glass sits above a flat sill and has a separate raked forward screen
  ---
  duration_ms: 3.577508
  type: 'test'
  ...
# Subtest: the bench renders every view, and every view has cards
ok 142 - the bench renders every view, and every view has cards
  ---
  duration_ms: 1.610558
  type: 'test'
  ...
# Subtest: every caption is the count of the mesh that card actually draws
ok 143 - every caption is the count of the mesh that card actually draws
  ---
  duration_ms: 4360.719738
  type: 'test'
  ...
# Subtest: no band on the bench is looser than the roadmap section 4 row it cites
ok 144 - no band on the bench is looser than the roadmap section 4 row it cites
  ---
  duration_ms: 35.44419
  type: 'test'
  ...
# Subtest: art with no section 4 row says so instead of inventing a bar
ok 145 - art with no section 4 row says so instead of inventing a bar
  ---
  duration_ms: 0.477045
  type: 'test'
  ...
# Subtest: overview routes annual renewal, building counts and advice without changing the draft
ok 146 - overview routes annual renewal, building counts and advice without changing the draft
  ---
  duration_ms: 16.102595
  type: 'test'
  ...
# Subtest: overview reflects enacted plans and does not invent a construction count when unavailable
ok 147 - overview reflects enacted plans and does not invent a construction count when unavailable
  ---
  duration_ms: 12.901184
  type: 'test'
  ...
# Subtest: annual drafts adopt the current fiscal year without changing the saved draft
ok 148 - annual drafts adopt the current fiscal year without changing the saved draft
  ---
  duration_ms: 9.141769
  type: 'test'
  ...
# Subtest: Welfare keeps the existing Pensions budget key and changes only its own allocation
ok 149 - Welfare keeps the existing Pensions budget key and changes only its own allocation
  ---
  duration_ms: 10.616658
  type: 'test'
  ...
# Subtest: ministry presses preserve tax, rate and unrelated orders and one atomic annual draft
ok 150 - ministry presses preserve tax, rate and unrelated orders and one atomic annual draft
  ---
  duration_ms: 33.016194
  type: 'test'
  ...
# Subtest: revert discards every queued order and redraws the live budget
ok 151 - revert discards every queued order and redraws the live budget
  ---
  duration_ms: 8.521158
  type: 'test'
  ...
# Subtest: closing the cabinet preserves drafts, removes modality and restores focus
ok 152 - closing the cabinet preserves drafts, removes modality and restores focus
  ---
  duration_ms: 9.450474
  type: 'test'
  ...
# Subtest: cabinet keyboard navigation wraps tabs and traps focus without consuming native range keys
ok 153 - cabinet keyboard navigation wraps tabs and traps focus without consuming native range keys
  ---
  duration_ms: 23.218452
  type: 'test'
  ...
# Subtest: cabinet is an accessible modal with industry and a gameplay-shortcut guard
ok 154 - cabinet is an accessible modal with industry and a gameplay-shortcut guard
  ---
  duration_ms: 3.228152
  type: 'test'
  ...
# Subtest: tab selection changes visibility and roving focus, never the pending budget
ok 155 - tab selection changes visibility and roving focus, never the pending budget
  ---
  duration_ms: 9.510099
  type: 'test'
  ...
# Subtest: industry tab delegates opening, mounts once and closes its read lifecycle on departure
ok 156 - industry tab delegates opening, mounts once and closes its read lifecycle on departure
  ---
  duration_ms: 39.282387
  type: 'test'
  ...
# Subtest: cash-flow lifecycle follows overview visibility and preserves drafts
ok 157 - cash-flow lifecycle follows overview visibility and preserves drafts
  ---
  duration_ms: 20.127059
  type: 'test'
  ...
# Subtest: cash-flow shortcuts navigate to financial controls without changing the plan or issuing orders
ok 158 - cash-flow shortcuts navigate to financial controls without changing the plan or issuing orders
  ---
  duration_ms: 61.062663
  type: 'test'
  ...
# Subtest: an explicit cash-flow link reveals the summary after reopening the overview
ok 159 - an explicit cash-flow link reveals the summary after reopening the overview
  ---
  duration_ms: 4.942745
  type: 'test'
  ...
# Subtest: industry actions reach specific existing controls without making economic orders
ok 160 - industry actions reach specific existing controls without making economic orders
  ---
  duration_ms: 11.250703
  type: 'test'
  ...
# Subtest: draft summary reacts to queued tax and includes interest exactly once
ok 161 - draft summary reacts to queued tax and includes interest exactly once
  ---
  duration_ms: 4.671189
  type: 'test'
  ...
# Subtest: enacting an untouched first budget queues the inherited plan and advances exactly one day
ok 162 - enacting an untouched first budget queues the inherited plan and advances exactly one day
  ---
  duration_ms: 3.303977
  type: 'test'
  ...
# Subtest: a failed enact preserves the mixed draft and releases the busy guard for retry
ok 163 - a failed enact preserves the mixed draft and releases the busy guard for retry
  ---
  duration_ms: 39.732349
  type: 'test'
  ...
# Subtest: all draft controls are inert only while the asynchronous enact is pending
ok 164 - all draft controls are inert only while the asynchronous enact is pending
  ---
  duration_ms: 51.014794
  type: 'test'
  ...
# Subtest: dated command refusals are surfaced in the footer and live region after advance
ok 165 - dated command refusals are surfaced in the footer and live region after advance
  ---
  duration_ms: 4.74343
  type: 'test'
  ...
# Subtest: the cabinet painting is local and the original vector remains available
ok 166 - the cabinet painting is local and the original vector remains available
  ---
  duration_ms: 325.087581
  type: 'test'
  ...
# Subtest: effect previews index the served reference-anchored curve and respect its limits
ok 167 - effect previews index the served reference-anchored curve and respect its limits
  ---
  duration_ms: 6.036029
  type: 'test'
  ...
# Subtest: budget cost distinguishes first enactment, cuts and reopening an enacted year
ok 168 - budget cost distinguishes first enactment, cuts and reopening an enacted year
  ---
  duration_ms: 7.059022
  type: 'test'
  ...
# Subtest: the treasury card distinguishes absent books from zero money and preserves annual units
ok 169 - the treasury card distinguishes absent books from zero money and preserves annual units
  ---
  duration_ms: 17.112431
  type: 'test'
  ...
# Subtest: theatre report shows supplied values, meaningful units and readable dates
ok 170 - theatre report shows supplied values, meaningful units and readable dates
  ---
  duration_ms: 11.356812
  type: 'test'
  ...
# Subtest: missing intelligence, force and delivery data stay unknown rather than becoming zero
ok 171 - missing intelligence, force and delivery data stay unknown rather than becoming zero
  ---
  duration_ms: 0.246303
  type: 'test'
  ...
# Subtest: remote names, summaries, identifiers and saved stale targets are escaped
ok 172 - remote names, summaries, identifiers and saved stale targets are escaped
  ---
  duration_ms: 0.402028
  type: 'test'
  ...
# Subtest: support mission constraints show the served explanation and escape remote text
ok 173 - support mission constraints show the served explanation and escape remote text
  ---
  duration_ms: 0.173378
  type: 'test'
  ...
# Subtest: operation submit preserves exact basis points and sends authenticated intent only
ok 174 - operation submit preserves exact basis points and sends authenticated intent only
  ---
  duration_ms: 1.137349
  type: 'test'
  ...
# Subtest: automatic target, withdrawal, all mission enums and reserve endpoints dispatch correctly
ok 175 - automatic target, withdrawal, all mission enums and reserve endpoints dispatch correctly
  ---
  duration_ms: 5.288501
  type: 'test'
  ...
# Subtest: malformed operations are refused before sending anything
ok 176 - malformed operations are refused before sending anything
  ---
  duration_ms: 0.872738
  type: 'test'
  ...
# Subtest: one in-flight decision is allowed across operation and peace forms; failure recovers
ok 177 - one in-flight decision is allowed across operation and peace forms; failure recovers
  ---
  duration_ms: 0.318228
  type: 'test'
  ...
# Subtest: a returned server refusal never claims an applied order
ok 178 - a returned server refusal never claims an applied order
  ---
  duration_ms: 0.289028
  type: 'test'
  ...
# Subtest: peace reports expose only actionable offers and authoritative prices
ok 179 - peace reports expose only actionable offers and authoritative prices
  ---
  duration_ms: 0.585038
  type: 'test'
  ...
# Subtest: aim commands preserve a district only for territorial recovery
ok 180 - aim commands preserve a district only for territorial recovery
  ---
  duration_ms: 1.185998
  type: 'test'
  ...
# Subtest: peace terms dispatch exact demand payloads without stale hidden fields
ok 181 - peace terms dispatch exact demand payloads without stale hidden fields
  ---
  duration_ms: 0.412415
  type: 'test'
  ...
# Subtest: reparations honor served bounds and an absent quote cannot authorize a default
ok 182 - reparations honor served bounds and an absent quote cannot authorize a default
  ---
  duration_ms: 2.501054
  type: 'test'
  ...
# Subtest: accept and reject require the explicitly chosen response
ok 183 - accept and reject require the explicitly chosen response
  ---
  duration_ms: 0.349696
  type: 'test'
  ...
# Subtest: garrisons have their own bounded allocation and policy
ok 184 - garrisons have their own bounded allocation and policy
  ---
  duration_ms: 0.33917
  type: 'test'
  ...
# Subtest: editing can pause the host clock without storing drafts across campaigns
ok 185 - editing can pause the host clock without storing drafts across campaigns
  ---
  duration_ms: 0.190053
  type: 'test'
  ...
# Subtest: late Advisor success cannot replace a newly opened Research dialog
ok 186 - late Advisor success cannot replace a newly opened Research dialog
  ---
  duration_ms: 61.921122
  type: 'test'
  ...
# Subtest: late Advisor and About failures cannot replace newer dialog content
ok 187 - late Advisor and About failures cannot replace newer dialog content
  ---
  duration_ms: 49.344749
  type: 'test'
  ...
# Subtest: late About success cannot replace newer dialog content
ok 188 - late About success cannot replace newer dialog content
  ---
  duration_ms: 17.512382
  type: 'test'
  ...
# Subtest: advice does not mix old projects with a newer adopted campaign state
ok 189 - advice does not mix old projects with a newer adopted campaign state
  ---
  duration_ms: 20.786894
  type: 'test'
  ...
# Subtest: actual Advisor renders stability and opens only explicitly chosen policy rooms
ok 190 - actual Advisor renders stability and opens only explicitly chosen policy rooms
  ---
  duration_ms: 87.445778
  type: 'test'
  ...
# Subtest: Advisor leads with exact server suggestion effects and never starts work when following it
ok 191 - Advisor leads with exact server suggestion effects and never starts work when following it
  ---
  duration_ms: 72.867462
  type: 'test'
  ...
# Subtest: Advisor budget and growth actions reach explicit tabs regardless of the previous Cabinet view
ok 192 - Advisor budget and growth actions reach explicit tabs regardless of the previous Cabinet view
  ---
  duration_ms: 16.931738
  type: 'test'
  ...
# Subtest: Advisor keeps a suggestion open while the same world has a pending turn or construction order
ok 193 - Advisor keeps a suggestion open while the same world has a pending turn or construction order
  ---
  duration_ms: 56.044453
  type: 'test'
  ...
# Subtest: Advisor diagnostics remain optional and paid project progress keeps its first decimal
ok 194 - Advisor diagnostics remain optional and paid project progress keeps its first decimal
  ---
  duration_ms: 18.479061
  type: 'test'
  ...
# Subtest: completed-industry advice opens the shared Industry desk and rejects stale navigation
ok 195 - completed-industry advice opens the shared Industry desk and rejects stale navigation
  ---
  duration_ms: 28.997481
  type: 'test'
  ...
# Subtest: loaded Advisor actions refuse a changed world, replaced campaign or superseding dialog
ok 196 - loaded Advisor actions refuse a changed world, replaced campaign or superseding dialog
  ---
  duration_ms: 118.220299
  type: 'test'
  ...
# Subtest: Advisor escapes suggestion names, reasons, evidence and cautions
ok 197 - Advisor escapes suggestion names, reasons, evidence and cautions
  ---
  duration_ms: 32.683764
  type: 'test'
  ...
# Subtest: normal sending leaves rooms open; uncertain response exposes reachable recovery without losing intent
ok 198 - normal sending leaves rooms open; uncertain response exposes reachable recovery without losing intent
  ---
  duration_ms: 14.34412
  type: 'test'
  ...
# Subtest: an explicit non-applied refusal leaves its form open for correction
ok 199 - an explicit non-applied refusal leaves its form open for correction
  ---
  duration_ms: 9.54456
  type: 'test'
  ...
# Subtest: HTML confirmation stays pending, defaults to Cancel and safely renders its description
ok 200 - HTML confirmation stays pending, defaults to Cancel and safely renders its description
  ---
  duration_ms: 21.083143
  type: 'test'
  ...
# Subtest: Escape and external close cancel; only the explicit confirmation button grants consent
ok 201 - Escape and external close cancel; only the explicit confirmation button grants consent
  ---
  duration_ms: 88.638019
  type: 'test'
  ...
# Subtest: confirmation cannot authorize an action against a newly adopted campaign
ok 202 - confirmation cannot authorize an action against a newly adopted campaign
  ---
  duration_ms: 12.599921
  type: 'test'
  ...
# Subtest: the actual load action preserves the live campaign until explicit HTML consent
ok 203 - the actual load action preserves the live campaign until explicit HTML consent
  ---
  duration_ms: 203.452944
  type: 'test'
  ...
# Subtest: government waits for explicit consent, blocks duplicate clicks and cancels without sending
ok 204 - government waits for explicit consent, blocks duplicate clicks and cancels without sending
  ---
  duration_ms: 588.618223
  type: 'test'
  ...
# Subtest: government sends only the captured reviewed command after confirmation
ok 205 - government sends only the captured reviewed command after confirmation
  ---
  duration_ms: 718.300706
  type: 'test'
  ...
# Subtest: government refuses a changed campaign, target or pending order after confirmation
ok 206 - government refuses a changed campaign, target or pending order after confirmation
  ---
  duration_ms: 1780.211027
  type: 'test'
  ...
# Subtest: government cannot adopt an old response into a replacement campaign
ok 207 - government cannot adopt an old response into a replacement campaign
  ---
  duration_ms: 374.324746
  type: 'test'
  ...
# Subtest: covert waits for explicit consent, blocks duplicate clicks and cancels without sending
ok 208 - covert waits for explicit consent, blocks duplicate clicks and cancels without sending
  ---
  duration_ms: 378.228136
  type: 'test'
  ...
# Subtest: covert sends only the captured reviewed command after confirmation
ok 209 - covert sends only the captured reviewed command after confirmation
  ---
  duration_ms: 397.936218
  type: 'test'
  ...
# Subtest: covert refuses a changed campaign, target or pending order after confirmation
ok 210 - covert refuses a changed campaign, target or pending order after confirmation
  ---
  duration_ms: 837.169453
  type: 'test'
  ...
# Subtest: covert cannot adopt an old response into a replacement campaign
ok 211 - covert cannot adopt an old response into a replacement campaign
  ---
  duration_ms: 1065.250051
  type: 'test'
  ...
# Subtest: Government reset clears campaign readers and late reads cannot repopulate the closed room
ok 212 - Government reset clears campaign readers and late reads cannot repopulate the closed room
  ---
  duration_ms: 2262.362759
  type: 'test'
  ...
# Subtest: Government shares room navigation and Tab trapping while reopening retains its launcher
ok 213 - Government shares room navigation and Tab trapping while reopening retains its launcher
  ---
  duration_ms: 1582.200447
  type: 'test'
  ...
# Subtest: covert readers cannot attach old actions after campaign replacement
ok 214 - covert readers cannot attach old actions after campaign replacement
  ---
  duration_ms: 1290.996103
  type: 'test'
  ...
# Subtest: shipped game actions have no blocking browser confirm calls
ok 215 - shipped game actions have no blocking browser confirm calls
  ---
  duration_ms: 205.818068
  type: 'test'
  ...
# Subtest: a government review reads exact consequences without sending an order; confirmation sends once without another dialog
ok 216 - a government review reads exact consequences without sending an order; confirmation sends once without another dialog
  ---
  duration_ms: 883.45905
  type: 'test'
  ...
# Subtest: government preview confirms the captured command at its original action index after filtering
ok 217 - government preview confirms the captured command at its original action index after filtering
  ---
  duration_ms: 882.908317
  type: 'test'
  ...
# Subtest: late government reviews cannot attach after a world, nation, data or review replacement
ok 218 - late government reviews cannot attach after a world, nation, data or review replacement
  ---
  duration_ms: 5190.280624
  type: 'test'
  ...
# Subtest: government confirms neither stale nor invalid reviews and rejects mismatched session or command responses
ok 219 - government confirms neither stale nor invalid reviews and rejects mismatched session or command responses
  ---
  duration_ms: 6993.017562
  type: 'test'
  ...
# Subtest: government refuses foreign, blocked, malformed, refused or stale action reviews without ordering
ok 220 - government refuses foreign, blocked, malformed, refused or stale action reviews without ordering
  ---
  duration_ms: 3505.157715
  type: 'test'
  ...
# Subtest: government navigation reaches explicit game rooms and never accepts an arbitrary route
ok 221 - government navigation reaches explicit game rooms and never accepts an arbitrary route
  ---
  duration_ms: 448.730253
  type: 'test'
  ...
# Subtest: government party and decision searches stay independent when switching tabs
ok 222 - government party and decision searches stay independent when switching tabs
  ---
  duration_ms: 505.386619
  type: 'test'
  ...
# Subtest: immediate response loss/reload/retry charges exactly once and preserves original command
ok 223 - immediate response loss/reload/retry charges exactly once and preserves original command
  ---
  duration_ms: 1.412924
  type: 'test'
  ...
# Subtest: a second click while in flight cannot submit a second action
ok 224 - a second click while in flight cannot submit a second action
  ---
  duration_ms: 0.286261
  type: 'test'
  ...
# Subtest: certain malformed rejection releases write lane; unknown outcome and stale campaign do not
ok 225 - certain malformed rejection releases write lane; unknown outcome and stale campaign do not
  ---
  duration_ms: 1.490835
  type: 'test'
  ...
# Subtest: external commerce receipt identity is preserved by the common mutation channel
ok 226 - external commerce receipt identity is preserved by the common mutation channel
  ---
  duration_ms: 0.200743
  type: 'test'
  ...
# Subtest: history deltas append exact data and compaction resets replace old indices
ok 227 - history deltas append exact data and compaction resets replace old indices
  ---
  duration_ms: 4.512389
  type: 'test'
  ...
# Subtest: history only asks for chosen series; a new selection gets a complete window
ok 228 - history only asks for chosen series; a new selection gets a complete window
  ---
  duration_ms: 1.650774
  type: 'test'
  ...
# Subtest: save names cannot express paths
ok 229 - save names cannot express paths
  ---
  duration_ms: 0.26399
  type: 'test'
  ...
# Subtest: the real immediate API wraps legacy panel failures and retries the same committed receipt
ok 230 - the real immediate API wraps legacy panel failures and retries the same committed receipt
  ---
  duration_ms: 2.285323
  type: 'test'
  ...
# Subtest: a failed visible history read has no render or retry loop
ok 231 - a failed visible history read has no render or retry loop
  ---
  duration_ms: 31.022233
  type: 'test'
  ...
# Subtest: campaign and chronicle classic scripts parse alongside the actual page without duplicate globals
ok 232 - campaign and chronicle classic scripts parse alongside the actual page without duplicate globals
  ---
  duration_ms: 91.956921
  type: 'test'
  ...
# Subtest: financial priorities preserve server order, evidence amounts and periods with at most three cards
ok 233 - financial priorities preserve server order, evidence amounts and periods with at most three cards
  ---
  duration_ms: 27.98749
  type: 'test'
  ...
# Subtest: missing priorities produce no invented diagnosis and unknown evidence remains unknown
ok 234 - missing priorities produce no invented diagnosis and unknown evidence remains unknown
  ---
  duration_ms: 1.299617
  type: 'test'
  ...
# Subtest: priority buttons navigate to the exact server control and reject stale or replaced readings
ok 235 - priority buttons navigate to the exact server control and reject stale or replaced readings
  ---
  duration_ms: 6.151636
  type: 'test'
  ...
# Subtest: annual ministry rows expose exact ministry review actions without adding a table column
ok 236 - annual ministry rows expose exact ministry review actions without adding a table column
  ---
  duration_ms: 4.596901
  type: 'test'
  ...
# Subtest: priority text and periods are escaped and only exactly duplicated alerts are removed
ok 237 - priority text and periods are escaped and only exactly duplicated alerts are removed
  ---
  duration_ms: 6.556973
  type: 'test'
  ...
# Subtest: only alerts represented by a displayed priority ID are suppressed
ok 238 - only alerts represented by a displayed priority ID are suppressed
  ---
  duration_ms: 5.36787
  type: 'test'
  ...
# Subtest: dated government spending is separate from current balances and the enacted annual plan
ok 239 - dated government spending is separate from current balances and the enacted annual plan
  ---
  duration_ms: 2.103392
  type: 'test'
  ...
# Subtest: server totals and net position are displayed unchanged, never reconstructed from component sums
ok 240 - server totals and net position are displayed unchanged, never reconstructed from component sums
  ---
  duration_ms: 1.935526
  type: 'test'
  ...
# Subtest: construction and prepaid usage are disclosed once without adding a second cash charge
ok 241 - construction and prepaid usage are disclosed once without adding a second cash charge
  ---
  duration_ms: 1.388284
  type: 'test'
  ...
# Subtest: income split belongs only to current annual estimates, with the oil fiscal source named precisely
ok 242 - income split belongs only to current annual estimates, with the oil fiscal source named precisely
  ---
  duration_ms: 4.748174
  type: 'test'
  ...
# Subtest: missing receipts and unknown balances or actual expenses never become fabricated zeroes
ok 243 - missing receipts and unknown balances or actual expenses never become fabricated zeroes
  ---
  duration_ms: 8.652033
  type: 'test'
  ...
# Subtest: construction affordability comes from the server with authority distinct from cash
ok 244 - construction affordability comes from the server with authority distinct from cash
  ---
  duration_ms: 3.19009
  type: 'test'
  ...
# Subtest: navigation is concise, strictly read-only, and retains exact ministry targets
ok 245 - navigation is concise, strictly read-only, and retains exact ministry targets
  ---
  duration_ms: 2.967424
  type: 'test'
  ...
# Subtest: draft notice updates without writes, requests, discarded edits or a false navigation lock
ok 246 - draft notice updates without writes, requests, discarded edits or a false navigation lock
  ---
  duration_ms: 9.80717
  type: 'test'
  ...
# Subtest: stale readings and pending orders cannot navigate, while captured actions reject replaced payloads
ok 247 - stale readings and pending orders cannot navigate, while captured actions reject replaced payloads
  ---
  duration_ms: 23.586894
  type: 'test'
  ...
# Subtest: GET is session-bound and accepted readings belong to the exact world object
ok 248 - GET is session-bound and accepted readings belong to the exact world object
  ---
  duration_ms: 34.18402
  type: 'test'
  ...
# Subtest: late responses cannot survive state adoption, a closed Cabinet, another tab or a newer request
ok 249 - late responses cannot survive state adoption, a closed Cabinet, another tab or a newer request
  ---
  duration_ms: 51.696575
  type: 'test'
  ...
# Subtest: new campaign immediately removes old nation balances and view state before its read completes
ok 250 - new campaign immediately removes old nation balances and view state before its read completes
  ---
  duration_ms: 4.539478
  type: 'test'
  ...
# Subtest: failed refresh retains a dated disabled reading and exposes a working explicit retry
ok 251 - failed refresh retains a dated disabled reading and exposes a working explicit retry
  ---
  duration_ms: 9.349034
  type: 'test'
  ...
# Subtest: expanded annual plan, scroll and keyboard focus survive repaint but hidden tabs cannot overwrite them
ok 252 - expanded annual plan, scroll and keyboard focus survive repaint but hidden tabs cannot overwrite them
  ---
  duration_ms: 7.68923
  type: 'test'
  ...
# Subtest: refresh restores keyboard focus after success and failure without duplicate event binding
ok 253 - refresh restores keyboard focus after success and failure without duplicate event binding
  ---
  duration_ms: 8.307825
  type: 'test'
  ...
# Subtest: explicit cash-flow reveal resets deep overview scroll and keeps title focused after async refresh
ok 254 - explicit cash-flow reveal resets deep overview scroll and keeps title focused after async refresh
  ---
  duration_ms: 5.616312
  type: 'test'
  ...
# Subtest: ordinary tab activation makes one request and never polls while closed
ok 255 - ordinary tab activation makes one request and never polls while closed
  ---
  duration_ms: 8.73979
  type: 'test'
  ...
# Subtest: external text and attributes are escaped, and standalone assets parse with scoped responsive styles
ok 256 - external text and attributes are escaped, and standalone assets parse with scoped responsive styles
  ---
  duration_ms: 6.684563
  type: 'test'
  ...
# Subtest: money reconciliation displays authoritative cash debt and financing without recomputing a receipt
ok 257 - money reconciliation displays authoritative cash debt and financing without recomputing a receipt
  ---
  duration_ms: 5.545646
  type: 'test'
  ...
# Subtest: commitments and approved decisions remain distinct from paid money and cannot create orders
ok 258 - commitments and approved decisions remain distinct from paid money and cannot create orders
  ---
  duration_ms: 5.270567
  type: 'test'
  ...
# Subtest: unavailable money coverage and unknown future bills remain explicit without fabricated zeroes
ok 259 - unavailable money coverage and unknown future bills remain explicit without fabricated zeroes
  ---
  duration_ms: 1.164291
  type: 'test'
  ...
# Subtest: empty commitment categories stay hidden while recorded items and nonzero totals remain visible
ok 260 - empty commitment categories stay hidden while recorded items and nonzero totals remain visible
  ---
  duration_ms: 1.005575
  type: 'test'
  ...
# Subtest: reconciliation distinguishes a day still in progress from a completed recorded day
ok 261 - reconciliation distinguishes a day still in progress from a completed recorded day
  ---
  duration_ms: 12.187112
  type: 'test'
  ...
# Subtest: selected retained day disclosures and action focus survive refresh but never a campaign replacement
ok 262 - selected retained day disclosures and action focus survive refresh but never a campaign replacement
  ---
  duration_ms: 8.760002
  type: 'test'
  ...
# Subtest: discarded or malformed retained days cannot become selectable fabricated receipts
ok 263 - discarded or malformed retained days cannot become selectable fabricated receipts
  ---
  duration_ms: 25.605355
  type: 'test'
  ...
# Subtest: a same-session reading with a mismatched calendar date is refused before enabling navigation
ok 264 - a same-session reading with a mismatched calendar date is refused before enabling navigation
  ---
  duration_ms: 9.682734
  type: 'test'
  ...
# Subtest: signed net interest and recovery placement preserve the served model and suppress only duplicate recovery
ok 265 - signed net interest and recovery placement preserve the served model and suppress only duplicate recovery
  ---
  duration_ms: 99.138295
  type: 'test'
  ...
# Subtest: money labels and retained-day options cannot inject markup or financial commands
ok 266 - money labels and retained-day options cannot inject markup or financial commands
  ---
  duration_ms: 3.153168
  type: 'test'
  ...
# Subtest: six metric descriptions and their delta rules are deeply immutable
ok 267 - six metric descriptions and their delta rules are deeply immutable
  ---
  duration_ms: 3.595381
  type: 'test'
  ...
# Subtest: date labels use real UTC days, accept legacy months, and reject rollover dates
ok 268 - date labels use real UTC days, accept legacy months, and reject rollover dates
  ---
  duration_ms: 1.087403
  type: 'test'
  ...
# Subtest: daily windows include end-minus-days-plus-one with leap and month-end boundaries
ok 269 - daily windows include end-minus-days-plus-one with leap and month-end boundaries
  ---
  duration_ms: 0.39411
  type: 'test'
  ...
# Subtest: 30/365/1825-day views are calendar windows rather than counts of irregular observations
ok 270 - 30/365/1825-day views are calendar windows rather than counts of irregular observations
  ---
  duration_ms: 0.366671
  type: 'test'
  ...
# Subtest: the first recorded day is usable and an extinct nation ends at its final observation
ok 271 - the first recorded day is usable and an extinct nation ends at its final observation
  ---
  duration_ms: 0.461699
  type: 'test'
  ...
# Subtest: series spans intersect the world history and fall back only when GDP is missing
ok 272 - series spans intersect the world history and fall back only when GDP is missing
  ---
  duration_ms: 0.639923
  type: 'test'
  ...
# Subtest: missing or invalid date labels never turn into made-up daily observations
ok 273 - missing or invalid date labels never turn into made-up daily observations
  ---
  duration_ms: 0.141486
  type: 'test'
  ...
# Subtest: points preserve null, nonfinite, undefined and sparse holes without coercing strings
ok 274 - points preserve null, nonfinite, undefined and sparse holes without coercing strings
  ---
  duration_ms: 0.534837
  type: 'test'
  ...
# Subtest: delta distinguishes percent changes, percentage points and raw stability points
ok 275 - delta distinguishes percent changes, percentage points and raw stability points
  ---
  duration_ms: 0.59347
  type: 'test'
  ...
# Subtest: infographic values distinguish real zero from missing and keep displayed rate units
ok 276 - infographic values distinguish real zero from missing and keep displayed rate units
  ---
  duration_ms: 29.813877
  type: 'test'
  ...
# Subtest: trend axes distinguish narrow real GDP spans with a common compact currency unit
ok 277 - trend axes distinguish narrow real GDP spans with a common compact currency unit
  ---
  duration_ms: 14.519363
  type: 'test'
  ...
# Subtest: adaptive rate and score axes retain nonzero signs, small spans and scientific extremes
ok 278 - adaptive rate and score axes retain nonzero signs, small spans and scientific extremes
  ---
  duration_ms: 6.763794
  type: 'test'
  ...
# Subtest: infographic changes distinguish direction, no change, unavailable and percentage points
ok 279 - infographic changes distinguish direction, no change, unavailable and percentage points
  ---
  duration_ms: 1.629917
  type: 'test'
  ...
# Subtest: trace thinning preserves endpoints, local extrema, order and data gaps
ok 280 - trace thinning preserves endpoints, local extrema, order and data gaps
  ---
  duration_ms: 16.329536
  type: 'test'
  ...
# Subtest: sparkline geometry uses actual dates across irregular month ends and leap years
ok 281 - sparkline geometry uses actual dates across irregular month ends and leap years
  ---
  duration_ms: 4.017456
  type: 'test'
  ...
# Subtest: sparklines break at null observations and show one truthful dot on day one
ok 282 - sparklines break at null observations and show one truthful dot on day one
  ---
  duration_ms: 7.202003
  type: 'test'
  ...
# Subtest: late and extinct national charts label only their recorded lifespan
ok 283 - late and extinct national charts label only their recorded lifespan
  ---
  duration_ms: 1.433591
  type: 'test'
  ...
# Subtest: classic-script order and global names remain safe and all Chronicle assets are served
ok 284 - classic-script order and global names remain safe and all Chronicle assets are served
  ---
  duration_ms: 515.998967
  type: 'test'
  ...
# Subtest: renderer pins the selected date through history trimming and follows latest only when requested
ok 285 - renderer pins the selected date through history trimming and follows latest only when requested
  ---
  duration_ms: 8.284363
  type: 'test'
  ...
# Subtest: renderer uses one coherent fallback time axis and explains retained history and smoothed rates
ok 286 - renderer uses one coherent fallback time axis and explains retained history and smoothed rates
  ---
  duration_ms: 5.142731
  type: 'test'
  ...
# Subtest: first-day and empty retained histories have truthful interaction states
ok 287 - first-day and empty retained histories have truthful interaction states
  ---
  duration_ms: 0.998639
  type: 'test'
  ...
# Subtest: all 1,249 shipped settlements retain their exact source location and metadata
ok 288 - all 1,249 shipped settlements retain their exact source location and metadata
  ---
  duration_ms: 58.248126
  type: 'test'
  ...
# Subtest: city IDs distinguish duplicate names and normalized ordering is deterministic
ok 289 - city IDs distinguish duplicate names and normalized ordering is deterministic
  ---
  duration_ms: 1.800571
  type: 'test'
  ...
# Subtest: missing names or invalid coordinates never create invented map points
ok 290 - missing names or invalid coordinates never create invented map points
  ---
  duration_ms: 0.212454
  type: 'test'
  ...
# Subtest: rank bands progressively reveal settlements and selected cities remain findable
ok 291 - rank bands progressively reveal settlements and selected cities remain findable
  ---
  duration_ms: 5.229643
  type: 'test'
  ...
# Subtest: capital stars and close settlement symbols have bounded screen-space size
ok 292 - capital stars and close settlement symbols have bounded screen-space size
  ---
  duration_ms: 2.38043
  type: 'test'
  ...
# Subtest: only focused or selected cities display source-population captions
ok 293 - only focused or selected cities display source-population captions
  ---
  duration_ms: 0.637042
  type: 'test'
  ...
# Subtest: an absent source population is disclosed rather than fabricated from size or rank
ok 294 - an absent source population is disclosed rather than fabricated from size or rank
  ---
  duration_ms: 0.260669
  type: 'test'
  ...
# Subtest: shared label collisions suppress names while settlement symbols stay pickable
ok 295 - shared label collisions suppress names while settlement symbols stay pickable
  ---
  duration_ms: 0.254371
  type: 'test'
  ...
# Subtest: names try alternate sides to avoid another settlement marker
ok 296 - names try alternate sides to avoid another settlement marker
  ---
  duration_ms: 0.472163
  type: 'test'
  ...
# Subtest: projector coordinates remain authoritative for terrain placement
ok 297 - projector coordinates remain authoritative for terrain placement
  ---
  duration_ms: 11.360067
  type: 'test'
  ...
# Subtest: hidden, offscreen and invalid projected locations have no draw or hit target
ok 298 - hidden, offscreen and invalid projected locations have no draw or hit target
  ---
  duration_ms: 0.380471
  type: 'test'
  ...
# Subtest: labels stay wholly within the backing viewport at either pixel ratio
ok 299 - labels stay wholly within the backing viewport at either pixel ratio
  ---
  duration_ms: 0.242954
  type: 'test'
  ...
# Subtest: hiding labels preserves city targets; hiding cities returns a fresh empty hit frame
ok 300 - hiding labels preserves city targets; hiding cities returns a fresh empty hit frame
  ---
  duration_ms: 0.217313
  type: 'test'
  ...
# Subtest: symbol and label clicks select the original source facts exactly once
ok 301 - symbol and label clicks select the original source facts exactly once
  ---
  duration_ms: 0.281912
  type: 'test'
  ...
# Subtest: overlapping hit padding chooses the closest symbol and exact symbols beat nearby labels
ok 302 - overlapping hit padding chooses the closest symbol and exact symbols beat nearby labels
  ---
  duration_ms: 0.172796
  type: 'test'
  ...
# Subtest: Find matches accents, exact names and duplicate names while returning source coordinates
ok 303 - Find matches accents, exact names and duplicate names while returning source coordinates
  ---
  duration_ms: 0.540092
  type: 'test'
  ...
# Subtest: label count remains sparse on a narrow viewport without dropping source points
ok 304 - label count remains sparse on a narrow viewport without dropping source points
  ---
  duration_ms: 0.177695
  type: 'test'
  ...
# Subtest: canvas state is restored even when label measurement fails
ok 305 - canvas state is restored even when label measurement fails
  ---
  duration_ms: 0.408104
  type: 'test'
  ...
# Subtest: close isometric skylines stay grounded and their entire artwork is clickable at every pixel ratio
ok 306 - close isometric skylines stay grounded and their entire artwork is clickable at every pixel ratio
  ---
  duration_ms: 2.311181
  type: 'test'
  ...
# Subtest: close labels and population captions reserve the whole skyline height
ok 307 - close labels and population captions reserve the whole skyline height
  ---
  duration_ms: 1.097596
  type: 'test'
  ...
# Subtest: city collision boxes use the measured active font at either device pixel ratio
ok 308 - city collision boxes use the measured active font at either device pixel ratio
  ---
  duration_ms: 15.203062
  type: 'test'
  ...
# Subtest: a measured name blocked by an existing map label keeps its city marker
ok 309 - a measured name blocked by an existing map label keeps its city marker
  ---
  duration_ms: 1.814006
  type: 'test'
  ...
# Subtest: source rank still decides colliding city names while both markers remain
ok 310 - source rank still decides colliding city names while both markers remain
  ---
  duration_ms: 1.06413
  type: 'test'
  ...
# Subtest: hiding labels keeps markers without measuring text or reserving label space
ok 311 - hiding labels keeps markers without measuring text or reserving label space
  ---
  duration_ms: 0.910137
  type: 'test'
  ...
# Subtest: rank eligibility and globe projection still determine which markers are drawn
ok 312 - rank eligibility and globe projection still determine which markers are drawn
  ---
  duration_ms: 12.056238
  type: 'test'
  ...
# Subtest: disabling cities hides both markers and names and resets the count
ok 313 - disabling cities hides both markers and names and resets the count
  ---
  duration_ms: 1.178443
  type: 'test'
  ...
# Subtest: the constants are still the terrain surface's own, read from its source
ok 314 - the constants are still the terrain surface's own, read from its source
  ---
  duration_ms: 29.702912
  type: 'test'
  ...
# Subtest: every vertex lands where the terrain formula says it should
ok 315 - every vertex lands where the terrain formula says it should
  ---
  duration_ms: 261.736852
  type: 'test'
  ...
# Subtest: the city sits ON its ground, not through it and not above it
ok 316 - the city sits ON its ground, not through it and not above it
  ---
  duration_ms: 226.348756
  type: 'test'
  ...
# Subtest: +Z is south, and getting it backwards is caught
ok 317 - +Z is south, and getting it backwards is caught
  ---
  duration_ms: 243.883488
  type: 'test'
  ...
# Subtest: normals come out unit length and pointing away from the ground
ok 318 - normals come out unit length and pointing away from the ground
  ---
  duration_ms: 176.637613
  type: 'test'
  ...
# Subtest: selection is a screen question, and the budget is a hard stop
ok 319 - selection is a screen question, and the budget is a hard stop
  ---
  duration_ms: 0.702631
  type: 'test'
  ...
# Subtest: the relief the host is drawing is the relief the city is seated at
ok 320 - the relief the host is drawing is the relief the city is seated at
  ---
  duration_ms: 283.36259
  type: 'test'
  ...
# Subtest: a re-seat moves the city and touches nothing else
ok 321 - a re-seat moves the city and touches nothing else
  ---
  duration_ms: 336.492193
  type: 'test'
  ...
# Subtest: a bad record is refused rather than placed at the origin
ok 322 - a bad record is refused rather than placed at the origin
  ---
  duration_ms: 113.278047
  type: 'test'
  ...
# Subtest: the area model matches the one city-mesh declares
ok 323 - the area model matches the one city-mesh declares
  ---
  duration_ms: 19.724845
  type: 'test'
  ...
# Subtest: a coastal city loses ground to the sea when a land sampler says so
ok 324 - a coastal city loses ground to the sea when a land sampler says so
  ---
  duration_ms: 254.633611
  type: 'test'
  ...
#     worst close 69,036 (Sao Paulo), worst map 3,988 (San Francisco), leanest metropolis 48,188 (Abidjan)
#     Tokyo 35,676,000: 63,866/3,516 tris, 4,628 masses on 1,587 blocks, 32.4 km at 400 m cells
#     Toronto 5,213,000: 53,440/3,934 tris, 3,296 masses on 1,731 blocks, 14.2 km at 175.5 m cells
#     Hong Kong 7,206,000: 52,948/3,682 tris, 3,392 masses on 1,747 blocks, 16.4 km at 202 m cells
#     Kazan 1,115,000: 54,030/1,404 tris, 3,147 masses on 1,601 blocks, 7.5 km at 99.5 m cells
#     Reykjavik 166,212: 8,776/730 tris, 413 masses on 213 blocks, 3.3 km at 100 m cells
#     Bombo 75,000: 6,290/582 tris, 317 masses on 156 blocks, 2.4 km at 94 m cells
#     Anadyr 10,332: 3,628/546 tris, 133 masses on 133 blocks, 1.0 km at 41 m cells
# Subtest: the render contract holds for a town, a city, a capital, a coast and both levels
ok 325 - the render contract holds for a town, a city, a capital, a coast and both levels
  ---
  duration_ms: 841.339797
  type: 'test'
  ...
# Subtest: every face points out and every mass stands on its own plot
ok 326 - every face points out and every mass stands on its own plot
  ---
  duration_ms: 210.58062
  type: 'test'
  ...
# Subtest: extent scales with population, from a hamlet to Tokyo
ok 327 - extent scales with population, from a hamlet to Tokyo
  ---
  duration_ms: 208.648857
  type: 'test'
  ...
# Subtest: the map level is the same city for a third of the triangles or better
ok 328 - the map level is the same city for a third of the triangles or better
  ---
  duration_ms: 417.708225
  type: 'test'
  ...
# Subtest: the land mask is authoritative: a coastal city stops at its coastline
ok 329 - the land mask is authoritative: a coastal city stops at its coastline
  ---
  duration_ms: 133.462668
  type: 'test'
  ...
# Subtest: relief is the host's elevation sampler at 1:1, and no data degrades to flat
ok 330 - relief is the host's elevation sampler at 1:1, and no data degrades to flat
  ---
  duration_ms: 219.366039
  type: 'test'
  ...
# Subtest: the same record builds a byte-identical city, and a different record does not
ok 331 - the same record builds a byte-identical city, and a different record does not
  ---
  duration_ms: 563.096498
  type: 'test'
  ...
# Subtest: character comes from population, scale rank and the capital flag
ok 332 - character comes from population, scale rank and the capital flag
  ---
  duration_ms: 218.235369
  type: 'test'
  ...
# Subtest: the street grid is continuous and is a quarter of the city at most
ok 333 - the street grid is continuous and is a quarter of the city at most
  ---
  duration_ms: 19.65068
  type: 'test'
  ...
# Subtest: the description states what is modelled rather than sourced
ok 334 - the description states what is modelled rather than sourced
  ---
  duration_ms: 144.158101
  type: 'test'
  ...
# Subtest: a built cell carries one to four masses, the largest fronting the road
ok 335 - a built cell carries one to four masses, the largest fronting the road
  ---
  duration_ms: 134.404978
  type: 'test'
  ...
# Subtest: the road hierarchy is three widths, parks have an edge and a coast has a quay
ok 336 - the road hierarchy is three widths, parks have an edge and a coast has a quay
  ---
  duration_ms: 115.232161
  type: 'test'
  ...
# Subtest: heights step by district, spike in outliers and pitch on the edge
ok 337 - heights step by district, spike in outliers and pitch on the edge
  ---
  duration_ms: 53.710835
  type: 'test'
  ...
# Subtest: the declared budget holds on the headline records
ok 338 - the declared budget holds on the headline records
  ---
  duration_ms: 364.271559
  type: 'test'
  ...
# Subtest: the declared budget holds for every one of the 1,249 real records
ok 339 - the declared budget holds for every one of the 1,249 real records
  ---
  duration_ms: 26764.166077
  type: 'test'
  ...
# Subtest: a fresh process builds the same buffers, byte for byte
ok 340 - a fresh process builds the same buffers, byte for byte
  ---
  duration_ms: 297.358494
  type: 'test'
  ...
# Subtest: the browser global exports the same contract and builds the identical city
ok 341 - the browser global exports the same contract and builds the identical city
  ---
  duration_ms: 705.616755
  type: 'test'
  ...
# Subtest: no wall clock, no entropy source, no DOM and no transcendental arithmetic
ok 342 - no wall clock, no entropy source, no DOM and no transcendental arithmetic
  ---
  duration_ms: 0.969299
  type: 'test'
  ...
# Subtest: options and records are read, never written
ok 343 - options and records are read, never written
  ---
  duration_ms: 3.545658
  type: 'test'
  ...
# Subtest: the area model is the closed form it says it is
ok 344 - the area model is the closed form it says it is
  ---
  duration_ms: 2.955666
  type: 'test'
  ...
# Subtest: every bar above goes red against a deliberately broken city generator
ok 345 - every bar above goes red against a deliberately broken city generator
  ---
  duration_ms: 73539.667154
  type: 'test'
  ...
# Subtest: headline measurements
ok 346 - headline measurements
  ---
  duration_ms: 196.922897
  type: 'test'
  ...
# Subtest: terrain river channels and their casings continue shrinking through zoom1500
ok 347 - terrain river channels and their casings continue shrinking through zoom1500
  ---
  duration_ms: 1.789135
  type: 'test'
  ...
# Subtest: rendered coast decode and lake encode filtering own water even above sea level
ok 348 - rendered coast decode and lake encode filtering own water even above sea level
  ---
  duration_ms: 22.792499
  type: 'test'
  ...
# Subtest: Paris keeps dry blocks but no generated lot intersects the displayed Seine corridor
ok 349 - Paris keeps dry blocks but no generated lot intersects the displayed Seine corridor
  ---
  duration_ms: 1635.970362
  type: 'test'
  ...
# Subtest: Singapore blocks follow rendered ocean and globe mesh adds no second water plate
ok 350 - Singapore blocks follow rendered ocean and globe mesh adds no second water plate
  ---
  duration_ms: 529.045529
  type: 'test'
  ...
# Subtest: default card geometry remains exactly unchanged when optional water support is unused
ok 351 - default card geometry remains exactly unchanged when optional water support is unused
  ---
  duration_ms: 19.681276
  type: 'test'
  ...
# Subtest: rendered PAUSE stays clickable during a day while mutation controls remain locked
ok 352 - rendered PAUSE stays clickable during a day while mutation controls remain locked
  ---
  duration_ms: 9.954989
  type: 'test'
  ...
# Subtest: rendered PLAY remains locked for unresolved receipts, immediate commands and campaign transitions
ok 353 - rendered PLAY remains locked for unresolved receipts, immediate commands and campaign transitions
  ---
  duration_ms: 8.93566
  type: 'test'
  ...
# Subtest: clicking Pause immediately locks the resulting PLAY when a receipt needs review
ok 354 - clicking Pause immediately locks the resulting PLAY when a receipt needs review
  ---
  duration_ms: 0.760092
  type: 'test'
  ...
# Subtest: pause and play during a held day leave one timer and one request chain
ok 355 - pause and play during a held day leave one timer and one request chain
  ---
  duration_ms: 6.308577
  type: 'test'
  ...
# Subtest: a busy refusal waits before retrying while a failed turn stops the clock
ok 356 - a busy refusal waits before retrying while a failed turn stops the clock
  ---
  duration_ms: 2.181216
  type: 'test'
  ...
# Subtest: an interrupt pauses a completed day and keeps its reason visible
ok 357 - an interrupt pauses a completed day and keeps its reason visible
  ---
  duration_ms: 6.061538
  type: 'test'
  ...
# Subtest: a retired request error does not pause a newly started chain
ok 358 - a retired request error does not pause a newly started chain
  ---
  duration_ms: 1.162189
  type: 'test'
  ...
# Subtest: the clock cannot start while the app is hidden by its stylesheet
ok 359 - the clock cannot start while the app is hidden by its stylesheet
  ---
  duration_ms: 0.87736
  type: 'test'
  ...
# Subtest: qualified company identities keep supplier property and contractor fees separate
ok 360 - qualified company identities keep supplier property and contractor fees separate
  ---
  duration_ms: 78.175739
  type: 'test'
  ...
# Subtest: role, sector and available-work filters use the correct company account
ok 361 - role, sector and available-work filters use the correct company account
  ---
  duration_ms: 1.21603
  type: 'test'
  ...
# Subtest: supplier operating readings preserve unknowns, shortage quantities and actual receipt distinction
ok 362 - supplier operating readings preserve unknowns, shortage quantities and actual receipt distinction
  ---
  duration_ms: 5.136125
  type: 'test'
  ...
# Subtest: supplier deep links cannot resolve a service contractor with the same numeric ID
ok 363 - supplier deep links cannot resolve a service contractor with the same numeric ID
  ---
  duration_ms: 1.734546
  type: 'test'
  ...
# Subtest: assignment review makes no purchase and confirmation sends the exact returned quote once
ok 364 - assignment review makes no purchase and confirmation sends the exact returned quote once
  ---
  duration_ms: 2.728022
  type: 'test'
  ...
# Subtest: a replaced campaign, intervening state or pending command invalidates open review
ok 365 - a replaced campaign, intervening state or pending command invalidates open review
  ---
  duration_ms: 13.089628
  type: 'test'
  ...
# Subtest: wrong action or campaign in a quote cannot become a command
ok 366 - wrong action or campaign in a quote cannot become a command
  ---
  duration_ms: 12.557845
  type: 'test'
  ...
# Subtest: refused quotes and refused commands do not adopt or automatically retry
ok 367 - refused quotes and refused commands do not adopt or automatically retry
  ---
  duration_ms: 5.890139
  type: 'test'
  ...
# Subtest: company-network adoption uses the same explicit review and command lane
ok 368 - company-network adoption uses the same explicit review and command lane
  ---
  duration_ms: 1.069313
  type: 'test'
  ...
# Subtest: late directory or command responses cannot replace another campaign
ok 369 - late directory or command responses cannot replace another campaign
  ---
  duration_ms: 1.124832
  type: 'test'
  ...
# Subtest: designer review honors selected manufacturer and refuses unavailable deep links
ok 370 - designer review honors selected manufacturer and refuses unavailable deep links
  ---
  duration_ms: 27.827005
  type: 'test'
  ...
# Subtest: company panel is reachable and all shipped inline JavaScript remains parseable
ok 371 - company panel is reachable and all shipped inline JavaScript remains parseable
  ---
  duration_ms: 11.796671
  type: 'test'
  ...
# Subtest: Every Exchange snapshot and quote read carries the active campaign identity
ok 372 - Every Exchange snapshot and quote read carries the active campaign identity
  ---
  duration_ms: 24.173182
  type: 'test'
  ...
# Subtest: Materials dashboard renders authoritative capacity, output, demand and GDP boundaries
ok 373 - Materials dashboard renders authoritative capacity, output, demand and GDP boundaries
  ---
  duration_ms: 39.533185
  type: 'test'
  ...
# Subtest: Materials is optional for legacy worlds and does not invent missing figures
ok 374 - Materials is optional for legacy worlds and does not invent missing figures
  ---
  duration_ms: 6.209221
  type: 'test'
  ...
# Subtest: Materials quote keeps server totals, fractional inputs, eligibility and blockers distinct
ok 375 - Materials quote keeps server totals, fractional inputs, eligibility and blockers distinct
  ---
  duration_ms: 2.533926
  type: 'test'
  ...
# Subtest: Materials purchase sends exact quote through the existing idempotent receipt barrier
ok 376 - Materials purchase sends exact quote through the existing idempotent receipt barrier
  ---
  duration_ms: 1.477154
  type: 'test'
  ...
# Subtest: A Materials draft, stale quote or pending turn cannot send a purchase
ok 377 - A Materials draft, stale quote or pending turn cannot send a purchase
  ---
  duration_ms: 3.237648
  type: 'test'
  ...
# Subtest: Delayed Materials quotes cannot overwrite another draft, turn or campaign
ok 378 - Delayed Materials quotes cannot overwrite another draft, turn or campaign
  ---
  duration_ms: 3.605044
  type: 'test'
  ...
# Subtest: Materials cancellation selects only a live displayed order and preserves completed deliveries
ok 379 - Materials cancellation selects only a live displayed order and preserves completed deliveries
  ---
  duration_ms: 0.944924
  type: 'test'
  ...
# Subtest: Inherited industry renders five served groups without turning estimated capacity into packs
ok 380 - Inherited industry renders five served groups without turning estimated capacity into packs
  ---
  duration_ms: 7.151237
  type: 'test'
  ...
# Subtest: Inherited Exchange estimate is optional and safely displays incomplete data
ok 381 - Inherited Exchange estimate is optional and safely displays incomplete data
  ---
  duration_ms: 1.055084
  type: 'test'
  ...
# Subtest: Inherited source names and modeled location text are escaped in the actual Exchange view
ok 382 - Inherited source names and modeled location text are escaped in the actual Exchange view
  ---
  duration_ms: 0.842572
  type: 'test'
  ...
# Subtest: Inherited-sector context passes through funded, queued and uncovered annual capacity without pack math
ok 383 - Inherited-sector context passes through funded, queued and uncovered annual capacity without pack math
  ---
  duration_ms: 0.921301
  type: 'test'
  ...
# Subtest: Exchange delegates workshops to the shared construction queue and preserves coverage limits
ok 384 - Exchange delegates workshops to the shared construction queue and preserves coverage limits
  ---
  duration_ms: 0.825127
  type: 'test'
  ...
# Subtest: Exchange workshop actions route to Construction without issuing a competing purchase
ok 385 - Exchange workshop actions route to Construction without issuing a competing purchase
  ---
  duration_ms: 1.044314
  type: 'test'
  ...
# Subtest: Stale or forbidden module quotes never place an order
ok 386 - Stale or forbidden module quotes never place an order
  ---
  duration_ms: 2.27887
  type: 'test'
  ...
# Subtest: A delayed module quote cannot survive a state change or replace the new campaign
ok 387 - A delayed module quote cannot survive a state change or replace the new campaign
  ---
  duration_ms: 1.171726
  type: 'test'
  ...
# Subtest: Exchange assets, semantic tabs and modal shortcut barrier are shipped
ok 388 - Exchange assets, semantic tabs and modal shortcut barrier are shipped
  ---
  duration_ms: 1.804324
  type: 'test'
  ...
# Subtest: All four actual view renderers handle an empty campaign
ok 389 - All four actual view renderers handle an empty campaign
  ---
  duration_ms: 4.753616
  type: 'test'
  ...
# Subtest: Industry distinguishes settled receipts from forecasts and an unsettled start
ok 390 - Industry distinguishes settled receipts from forecasts and an unsettled start
  ---
  duration_ms: 4.060067
  type: 'test'
  ...
# Subtest: Exchange links to the Industry desk with a dated summary instead of duplicate production-site cards
ok 391 - Exchange links to the Industry desk with a dated summary instead of duplicate production-site cards
  ---
  duration_ms: 3.561797
  type: 'test'
  ...
# Subtest: the Industry desk remains reachable when Economic Competition is disabled without enabling it
ok 392 - the Industry desk remains reachable when Economic Competition is disabled without enabling it
  ---
  duration_ms: 1.397151
  type: 'test'
  ...
# Subtest: industry navigation preserves stale and pending Exchange guards without issuing orders
ok 393 - industry navigation preserves stale and pending Exchange guards without issuing orders
  ---
  duration_ms: 3.281094
  type: 'test'
  ...
# Subtest: Capacity planning paints both server-authored balances without inventing demand or output
ok 394 - Capacity planning paints both server-authored balances without inventing demand or output
  ---
  duration_ms: 3.057377
  type: 'test'
  ...
# Subtest: A missing capacity plan stays unknown rather than displaying zero demand
ok 395 - A missing capacity plan stays unknown rather than displaying zero demand
  ---
  duration_ms: 1.026464
  type: 'test'
  ...
# Subtest: Supply forecast paints two authoritative Need Covered Gap cards without recomputing coverage
ok 396 - Supply forecast paints two authoritative Need Covered Gap cards without recomputing coverage
  ---
  duration_ms: 6.440399
  type: 'test'
  ...
# Subtest: Missing or partial supply forecasts stay unknown rather than inventing zero coverage
ok 397 - Missing or partial supply forecasts stay unknown rather than inventing zero coverage
  ---
  duration_ms: 3.432564
  type: 'test'
  ...
# Subtest: Contracted Materials remain distinct from installed capacity and already delivered stock
ok 398 - Contracted Materials remain distinct from installed capacity and already delivered stock
  ---
  duration_ms: 1.354809
  type: 'test'
  ...
# Subtest: Server country names, status reasons and input values are escaped
ok 399 - Server country names, status reasons and input values are escaped
  ---
  duration_ms: 2.101389
  type: 'test'
  ...
# Subtest: World decisions expose saved supply snapshots, next target and funding under compact disclosure
ok 400 - World decisions expose saved supply snapshots, next target and funding under compact disclosure
  ---
  duration_ms: 14.299662
  type: 'test'
  ...
# Subtest: World view filters actual server tiers and names, without claiming guaranteed growth
ok 401 - World view filters actual server tiers and names, without claiming guaranteed growth
  ---
  duration_ms: 1.709011
  type: 'test'
  ...
# Subtest: Purchase uses the exact served affordable quote, never the larger form request
ok 402 - Purchase uses the exact served affordable quote, never the larger form request
  ---
  duration_ms: 1.944045
  type: 'test'
  ...
# Subtest: an Exchange quote changed during asynchronous consent cannot submit its old terms
ok 403 - an Exchange quote changed during asynchronous consent cannot submit its old terms
  ---
  duration_ms: 13.603243
  type: 'test'
  ...
# Subtest: Lost response keeps the exact receipt for retry, and blocks a new order
ok 404 - Lost response keeps the exact receipt for retry, and blocks a new order
  ---
  duration_ms: 1.259158
  type: 'test'
  ...
# Subtest: A pending economic order cannot be rebound to a new campaign
ok 405 - A pending economic order cannot be rebound to a new campaign
  ---
  duration_ms: 1.413892
  type: 'test'
  ...
# Subtest: Reopening Exchange preserves a live uncertain receipt when browser storage fails
ok 406 - Reopening Exchange preserves a live uncertain receipt when browser storage fails
  ---
  duration_ms: 1.029708
  type: 'test'
  ...
# Subtest: State changes invalidate in-flight supplier queries and unstick the search button
ok 407 - State changes invalidate in-flight supplier queries and unstick the search button
  ---
  duration_ms: 1.787564
  type: 'test'
  ...
# Subtest: An invalidated snapshot cannot overwrite a newer server state
ok 408 - An invalidated snapshot cannot overwrite a newer server state
  ---
  duration_ms: 3.291169
  type: 'test'
  ...
# Subtest: A pending turn blocks an immediate economic purchase
ok 409 - A pending turn blocks an immediate economic purchase
  ---
  duration_ms: 8.067927
  type: 'test'
  ...
# Subtest: Quota wait overrides a paid project next-day promise without discarding funded work
ok 410 - Quota wait overrides a paid project next-day promise without discarding funded work
  ---
  duration_ms: 1.292301
  type: 'test'
  ...
# Subtest: Counteroffer acceptance is shown only to its buyer, never its seller
ok 411 - Counteroffer acceptance is shown only to its buyer, never its seller
  ---
  duration_ms: 1.216544
  type: 'test'
  ...
# Subtest: A delayed economic receipt cannot race a newer day into the displayed campaign
ok 412 - A delayed economic receipt cannot race a newer day into the displayed campaign
  ---
  duration_ms: 3.578381
  type: 'test'
  ...
# Subtest: Uncertain economic receipts block every mutation route but permit read-only Continue
ok 413 - Uncertain economic receipts block every mutation route but permit read-only Continue
  ---
  duration_ms: 15.261557
  type: 'test'
  ...
# Subtest: The exact economic receipt may still reach the protected command API
ok 414 - The exact economic receipt may still reach the protected command API
  ---
  duration_ms: 2.460494
  type: 'test'
  ...
# Subtest: A stored receipt blocks the first post-reload mutation before Exchange opens
ok 415 - A stored receipt blocks the first post-reload mutation before Exchange opens
  ---
  duration_ms: 2.337359
  type: 'test'
  ...
# Subtest: An economic receipt retry waits for an already in-flight turn to finish
ok 416 - An economic receipt retry waits for an already in-flight turn to finish
  ---
  duration_ms: 2.228137
  type: 'test'
  ...
# Subtest: A previous-server receipt requires explicit dismissal before an empty server can Load
ok 417 - A previous-server receipt requires explicit dismissal before an empty server can Load
  ---
  duration_ms: 10.963743
  type: 'test'
  ...
# Subtest: relocated recovery and population controls both bind once and share current-state guards
ok 418 - relocated recovery and population controls both bind once and share current-state guards
  ---
  duration_ms: 2.921234
  type: 'test'
  ...
# Subtest: economy adoption awaits review and sends one order through the normal command lane
ok 419 - economy adoption awaits review and sends one order through the normal command lane
  ---
  duration_ms: 11.767526
  type: 'test'
  ...
# Subtest: cancelled review and a preexisting pending command cannot enact economy rules
ok 420 - cancelled review and a preexisting pending command cannot enact economy rules
  ---
  duration_ms: 1.417366
  type: 'test'
  ...
# Subtest: a changed campaign or intervening order invalidates an open confirmation
ok 421 - a changed campaign or intervening order invalidates an open confirmation
  ---
  duration_ms: 1.41158
  type: 'test'
  ...
# Subtest: an old response cannot replace a newly loaded campaign
ok 422 - an old response cannot replace a newly loaded campaign
  ---
  duration_ms: 3.334136
  type: 'test'
  ...
# Subtest: a refused command is shown without adopting a success state or automatic retry
ok 423 - a refused command is shown without adopting a success state or automatic retry
  ---
  duration_ms: 2.07826
  type: 'test'
  ...
# Subtest: policy and upgrade bindings respect server availability, stale snapshots and cleanup
ok 424 - policy and upgrade bindings respect server availability, stale snapshots and cleanup
  ---
  duration_ms: 0.530123
  type: 'test'
  ...
# Subtest: connected presentation escapes names, preserves dated output and avoids fabricated output from readiness
ok 425 - connected presentation escapes names, preserves dated output and avoids fabricated output from readiness
  ---
  duration_ms: 34.365873
  type: 'test'
  ...
# Subtest: every shipped inline script parses after connected economy integration
ok 426 - every shipped inline script parses after connected economy integration
  ---
  duration_ms: 24.52276
  type: 'test'
  ...
# Subtest: fiscal stability keeps the model native 0-to-100 point scale
ok 427 - fiscal stability keeps the model native 0-to-100 point scale
  ---
  duration_ms: 0.763995
  type: 'test'
  ...
# Subtest: a partly adopted campaign still offers the complete upgrade in the compact budget view
ok 428 - a partly adopted campaign still offers the complete upgrade in the compact budget view
  ---
  duration_ms: 8.094921
  type: 'test'
  ...
# Subtest: a shipyard-only site can be selected for a server-eligible naval programme
ok 429 - a shipyard-only site can be selected for a server-eligible naval programme
  ---
  duration_ms: 2.627044
  type: 'test'
  ...
# Subtest: shipyard capacity stays separate and makes the ordinary catalogue entry action available
ok 430 - shipyard capacity stays separate and makes the ordinary catalogue entry action available
  ---
  duration_ms: 1.025144
  type: 'test'
  ...
# Subtest: map construction sprites resolve coarse geometry separately from close cards
ok 431 - map construction sprites resolve coarse geometry separately from close cards
  ---
  duration_ms: 254.534882
  type: 'test'
  ...
# Subtest: suggestions show at most three reason-first cards with served costs, lead times and evidence
ok 432 - suggestions show at most three reason-first cards with served costs, lead times and evidence
  ---
  duration_ms: 91.680242
  type: 'test'
  ...
# Subtest: suggestions respect province scope and useful empty states without inventing a recommendation
ok 433 - suggestions respect province scope and useful empty states without inventing a recommendation
  ---
  duration_ms: 45.020917
  type: 'test'
  ...
# Subtest: suggestion fields are escaped and unavailable timing and costs remain unavailable
ok 434 - suggestion fields are escaped and unavailable timing and costs remain unavailable
  ---
  duration_ms: 70.170611
  type: 'test'
  ...
# Subtest: suggestion selection is disabled while stale, loading, busy or tied to another world or scope
ok 435 - suggestion selection is disabled while stale, loading, busy or tied to another world or scope
  ---
  duration_ms: 675.689652
  type: 'test'
  ...
# Subtest: reviewing a suggestion sends its exact project, province and frozen size only to the read-only preview
ok 436 - reviewing a suggestion sends its exact project, province and frozen size only to the read-only preview
  ---
  duration_ms: 101.848853
  type: 'test'
  ...
# Subtest: a suggestion button captures the current ledger and cannot select a replacement payload
ok 437 - a suggestion button captures the current ledger and cannot select a replacement payload
  ---
  duration_ms: 54.45349
  type: 'test'
  ...
# Subtest: the production fetch binds suggestions to the state used for its request
ok 438 - the production fetch binds suggestions to the state used for its request
  ---
  duration_ms: 48.208519
  type: 'test'
  ...
# Subtest: suggestions appear only on the queue between funding and the project list
ok 439 - suggestions appear only on the queue between funding and the project list
  ---
  duration_ms: 67.297164
  type: 'test'
  ...
# Subtest: all shipped inline scripts and companion UI scripts parse
ok 440 - all shipped inline scripts and companion UI scripts parse
  ---
  duration_ms: 104.506431
  type: 'test'
  ...
# Subtest: funding form formats the served daily target in millions and preserves a zero draft
ok 441 - funding form formats the served daily target in millions and preserves a zero draft
  ---
  duration_ms: 65.439877
  type: 'test'
  ...
# Subtest: unknown funding is not rendered as zero and blocked funding keeps the server reason
ok 442 - unknown funding is not rendered as zero and blocked funding keeps the server reason
  ---
  duration_ms: 41.472385
  type: 'test'
  ...
# Subtest: setting a daily budget converts display units only and zero sends an explicit pause
ok 443 - setting a daily budget converts display units only and zero sends an explicit pause
  ---
  duration_ms: 53.876363
  type: 'test'
  ...
# Subtest: empty, negative and nonfinite budgets cannot place a financial order
ok 444 - empty, negative and nonfinite budgets cannot place a financial order
  ---
  duration_ms: 244.39852
  type: 'test'
  ...
# Subtest: failed and uncertain commands preserve a budget draft and do not report success
ok 445 - failed and uncertain commands preserve a budget draft and do not report success
  ---
  duration_ms: 107.566482
  type: 'test'
  ...
# Subtest: a pending turn or in-flight project command blocks duplicate financial orders
ok 446 - a pending turn or in-flight project command blocks duplicate financial orders
  ---
  duration_ms: 49.652818
  type: 'test'
  ...
# Subtest: project rows display served money, progress and ETA without construction inputs or slots
ok 447 - project rows display served money, progress and ETA without construction inputs or slots
  ---
  duration_ms: 39.781093
  type: 'test'
  ...
# Subtest: project names, reasons and quoted attributes cannot inject HTML
ok 448 - project names, reasons and quoted attributes cannot inject HTML
  ---
  duration_ms: 42.004392
  type: 'test'
  ...
# Subtest: service fees remain separate from frozen construction base work and the daily total
ok 449 - service fees remain separate from frozen construction base work and the daily total
  ---
  duration_ms: 47.762355
  type: 'test'
  ...
# Subtest: the first paid work remains visible below one percent without inventing progress on unstarted projects
ok 450 - the first paid work remains visible below one percent without inventing progress on unstarted projects
  ---
  duration_ms: 41.542709
  type: 'test'
  ...
# Subtest: mines share the construction queue with map access and no unsupported management actions
ok 451 - mines share the construction queue with map access and no unsupported management actions
  ---
  duration_ms: 38.986292
  type: 'test'
  ...
# Subtest: project start requires a matching current preview and retains served eligibility
ok 452 - project start requires a matching current preview and retains served eligibility
  ---
  duration_ms: 53.867603
  type: 'test'
  ...
# Subtest: catalog removes construction recipes and political cost while preserving project effects
ok 453 - catalog removes construction recipes and political cost while preserving project effects
  ---
  duration_ms: 48.371446
  type: 'test'
  ...
# Subtest: province search matches names and codes, preserves eligible scope and reports useful no-results text
ok 454 - province search matches names and codes, preserves eligible scope and reports useful no-results text
  ---
  duration_ms: 44.698777
  type: 'test'
  ...
# Subtest: province context uses real upgrades, fractional workshops and active projects without predicting output
ok 455 - province context uses real upgrades, fractional workshops and active projects without predicting output
  ---
  duration_ms: 48.147031
  type: 'test'
  ...
# Subtest: unavailable provinces and scoped catalog cards show exact served prerequisites without a start action
ok 456 - unavailable provinces and scoped catalog cards show exact served prerequisites without a start action
  ---
  duration_ms: 46.73477
  type: 'test'
  ...
# Subtest: search clear and unavailable controls update only display state
ok 457 - search clear and unavailable controls update only display state
  ---
  duration_ms: 47.840363
  type: 'test'
  ...
# Subtest: workshop placement never narrows the national queue and explicit Build here scope stays fixed
ok 458 - workshop placement never narrows the national queue and explicit Build here scope stays fixed
  ---
  duration_ms: 50.369615
  type: 'test'
  ...
# Subtest: changing workshop location invalidates an earlier pending quote without issuing an order
ok 459 - changing workshop location invalidates an earlier pending quote without issuing an order
  ---
  duration_ms: 48.082388
  type: 'test'
  ...
# Subtest: monthly transition notice explains all chooser screens and disables effect review without changing eligibility
ok 460 - monthly transition notice explains all chooser screens and disables effect review without changing eligibility
  ---
  duration_ms: 45.831395
  type: 'test'
  ...
# Subtest: an explicit project link waits for its card, then reveals it once without stealing focus on refresh
ok 461 - an explicit project link waits for its card, then reveals it once without stealing focus on refresh
  ---
  duration_ms: 45.870013
  type: 'test'
  ...
# Subtest: workshop quotes send campaign identity and ignore a delayed previous campaign
ok 462 - workshop quotes send campaign identity and ignore a delayed previous campaign
  ---
  duration_ms: 39.548831
  type: 'test'
  ...
# Subtest: workshop selection reviews impacts first and confirms the exact frozen size through the command channel
ok 463 - workshop selection reviews impacts first and confirms the exact frozen size through the command channel
  ---
  duration_ms: 50.159109
  type: 'test'
  ...
# Subtest: stale and wrong-province workshop quotes cannot place a project or select a different impact review
ok 464 - stale and wrong-province workshop quotes cannot place a project or select a different impact review
  ---
  duration_ms: 84.888992
  type: 'test'
  ...
# Subtest: cancel explains sunk spending and respects server permission; priorities require allowed transitions
ok 465 - cancel explains sunk spending and respects server permission; priorities require allowed transitions
  ---
  duration_ms: 43.534006
  type: 'test'
  ...
# Subtest: cancellation refuses a replacement campaign project or ledger after its review awaited confirmation
ok 466 - cancellation refuses a replacement campaign project or ledger after its review awaited confirmation
  ---
  duration_ms: 284.77103
  type: 'test'
  ...
# Subtest: pending receipts and stale construction readings disable funding priority and reviewed starts
ok 467 - pending receipts and stale construction readings disable funding priority and reviewed starts
  ---
  duration_ms: 267.456948
  type: 'test'
  ...
# Subtest: construction date or identity mismatch cannot authorize a project while exact old-state responses are discarded
ok 468 - construction date or identity mismatch cannot authorize a project while exact old-state responses are discarded
  ---
  duration_ms: 257.22095
  type: 'test'
  ...
# Subtest: completed province outcomes keep exact facility targets and never execute unreviewed commands
ok 469 - completed province outcomes keep exact facility targets and never execute unreviewed commands
  ---
  duration_ms: 75.65242
  type: 'test'
  ...
# Subtest: shared construction route carries province/project intent and resets previous-campaign drafts
ok 470 - shared construction route carries province/project intent and resets previous-campaign drafts
  ---
  duration_ms: 102.577771
  type: 'test'
  ...
# Subtest: impact review shows separate province and national before/after effects, timing and operating needs
ok 471 - impact review shows separate province and national before/after effects, timing and operating needs
  ---
  duration_ms: 84.233648
  type: 'test'
  ...
# Subtest: impact money uses the shared dollar scale and preserves periods, signs, zero and unknown values
ok 472 - impact money uses the shared dollar scale and preserves periods, signs, zero and unknown values
  ---
  duration_ms: 58.700566
  type: 'test'
  ...
# Subtest: effect comparisons use the server timing label and keep completion as the default
ok 473 - effect comparisons use the server timing label and keep completion as the default
  ---
  duration_ms: 59.791425
  type: 'test'
  ...
# Subtest: effects, model notes and requirements are escaped and missing estimates do not become invented gains
ok 474 - effects, model notes and requirements are escaped and missing estimates do not become invented gains
  ---
  duration_ms: 75.767285
  type: 'test'
  ...
# Subtest: province selection makes one read-only impact request; only confirmation starts the reviewed project
ok 475 - province selection makes one read-only impact request; only confirmation starts the reviewed project
  ---
  duration_ms: 58.919737
  type: 'test'
  ...
# Subtest: a blocked preview remains informative but cannot enqueue work
ok 476 - a blocked preview remains informative but cannot enqueue work
  ---
  duration_ms: 61.719005
  type: 'test'
  ...
# Subtest: state adoption or campaign replacement invalidates preview permission even on the same calendar date
ok 477 - state adoption or campaign replacement invalidates preview permission even on the same calendar date
  ---
  duration_ms: 177.712338
  type: 'test'
  ...
# Subtest: a delayed effect response cannot overwrite a later project or an adopted state
ok 478 - a delayed effect response cannot overwrite a later project or an adopted state
  ---
  duration_ms: 68.194128
  type: 'test'
  ...
# Subtest: a mismatched province, project, frozen size or commodity never creates a usable preview
ok 479 - a mismatched province, project, frozen size or commodity never creates a usable preview
  ---
  duration_ms: 284.945995
  type: 'test'
  ...
# Subtest: mine effects are reviewed without a resource command, then commit the exact commodity and district
ok 480 - mine effects are reviewed without a resource command, then commit the exact commodity and district
  ---
  duration_ms: 51.952426
  type: 'test'
  ...
# Subtest: loading, pending commands and read failures keep the final action unavailable and recoverable
ok 481 - loading, pending commands and read failures keep the final action unavailable and recoverable
  ---
  duration_ms: 43.801531
  type: 'test'
  ...
# Subtest: shared labels reserve the entire text rectangle across layers
ok 482 - shared labels reserve the entire text rectangle across layers
  ---
  duration_ms: 3.128668
  type: 'test'
  ...
# Subtest: finder finds owned provinces without requiring a globe hit
ok 483 - finder finds owned provinces without requiring a globe hit
  ---
  duration_ms: 0.295906
  type: 'test'
  ...
# Subtest: advisor distinguishes annual renewal, unopened funding and an intentional daily pause
ok 484 - advisor distinguishes annual renewal, unopened funding and an intentional daily pause
  ---
  duration_ms: 0.287939
  type: 'test'
  ...
# Subtest: advisor fixes blocked work before the server suggestion and uses that suggestion before healthy work or old assets
ok 485 - advisor fixes blocked work before the server suggestion and uses that suggestion before healthy work or old assets
  ---
  duration_ms: 8.456798
  type: 'test'
  ...
# Subtest: advisor preserves server suggestion order and exact workshop size without scoring candidates
ok 486 - advisor preserves server suggestion order and exact workshop size without scoring candidates
  ---
  duration_ms: 0.16671
  type: 'test'
  ...
# Subtest: advisor falls through to healthy work, operation and exploration only after funding and suggestions
ok 487 - advisor falls through to healthy work, operation and exploration only after funding and suggestions
  ---
  duration_ms: 0.231742
  type: 'test'
  ...
# Subtest: advisor progress matches the construction queue without hiding small paid work
ok 488 - advisor progress matches the construction queue without hiding small paid work
  ---
  duration_ms: 0.236882
  type: 'test'
  ...
# Subtest: research list keeps full names, filters available prerequisites, and sorts focus first
ok 489 - research list keeps full names, filters available prerequisites, and sorts focus first
  ---
  duration_ms: 0.656894
  type: 'test'
  ...
# Subtest: Advisor growth drags keep the subtraction used by the simulation
ok 490 - Advisor growth drags keep the subtraction used by the simulation
  ---
  duration_ms: 0.508826
  type: 'test'
  ...
# Subtest: stability explains served signed points and scope without calculating a second economic formula
ok 491 - stability explains served signed points and scope without calculating a second economic formula
  ---
  duration_ms: 0.88996
  type: 'test'
  ...
# Subtest: stability display handles missing data and escapes labels without trusting action names
ok 492 - stability display handles missing data and escapes labels without trusting action names
  ---
  duration_ms: 0.334764
  type: 'test'
  ...
# Subtest: all inline JavaScript remains syntactically valid
ok 493 - all inline JavaScript remains syntactically valid
  ---
  duration_ms: 23.325347
  type: 'test'
  ...
# Subtest: resource selection cards retain daily quantities and provenance caveats
ok 494 - resource selection cards retain daily quantities and provenance caveats
  ---
  duration_ms: 24.536823
  type: 'test'
  ...
# Subtest: monthly-compatible server rows render explicit daily forecasts without touching stocks
ok 495 - monthly-compatible server rows render explicit daily forecasts without touching stocks
  ---
  duration_ms: 10.811524
  type: 'test'
  ...
# Subtest: strategic supply cards trust actual-block status from the served window, not a legacy prospective red
ok 496 - strategic supply cards trust actual-block status from the served window, not a legacy prospective red
  ---
  duration_ms: 4.240435
  type: 'test'
  ...
# Subtest: strategic supply summary leads with one server-owned mission and one primary action
ok 497 - strategic supply summary leads with one server-owned mission and one primary action
  ---
  duration_ms: 3.776072
  type: 'test'
  ...
# Subtest: the mission action only navigates to a served resource or returns to command
ok 498 - the mission action only navigates to a served resource or returns to command
  ---
  duration_ms: 4.97956
  type: 'test'
  ...
# Subtest: resources use separate overview and resource-action screens
ok 499 - resources use separate overview and resource-action screens
  ---
  duration_ms: 13.881276
  type: 'test'
  ...
# Subtest: horizon selection is presentation state and restores focus after rerender
ok 500 - horizon selection is presentation state and restores focus after rerender
  ---
  duration_ms: 2.904249
  type: 'test'
  ...
# Subtest: selected supply brief shows served Need Covered Gap, reason, sources and action
ok 501 - selected supply brief shows served Need Covered Gap, reason, sources and action
  ---
  duration_ms: 13.660475
  type: 'test'
  ...
# Subtest: supply command CSS keeps large controls, responsive cards and red exclusive to stalled
ok 502 - supply command CSS keeps large controls, responsive cards and red exclusive to stalled
  ---
  duration_ms: 0.458648
  type: 'test'
  ...
# Subtest: native controls keep Enter, Space, text and arrows in both rooms
ok 503 - native controls keep Enter, Space, text and arrows in both rooms
  ---
  duration_ms: 2.420789
  type: 'test'
  ...
# Subtest: discovery layout does not enlarge or recalculate the technology graph
ok 504 - discovery layout does not enlarge or recalculate the technology graph
  ---
  duration_ms: 1.3046
  type: 'test'
  ...
# Subtest: expanded quote/contract details survive resource rerenders and offers stay actionable
ok 505 - expanded quote/contract details survive resource rerenders and offers stay actionable
  ---
  duration_ms: 1.169669
  type: 'test'
  ...
# Subtest: trade draft shape and server-evaluated negotiation controls stay intact
ok 506 - trade draft shape and server-evaluated negotiation controls stay intact
  ---
  duration_ms: 6.571347
  type: 'test'
  ...
# Subtest: technology inspector keeps sim effects, daily research and focus commands
ok 507 - technology inspector keeps sim effects, daily research and focus commands
  ---
  duration_ms: 1.431039
  type: 'test'
  ...
# Subtest: discovery rooms enter with focus inside and restore their opener
ok 508 - discovery rooms enter with focus inside and restore their opener
  ---
  duration_ms: 8.700411
  type: 'test'
  ...
# Subtest: negotiations retain focus through asynchronous verdicts and bound the partner list
ok 509 - negotiations retain focus through asynchronous verdicts and bound the partner list
  ---
  duration_ms: 3.865191
  type: 'test'
  ...
# Subtest: technology tabs rove, wrap, and remain selected without changing the graph
ok 510 - technology tabs rove, wrap, and remain selected without changing the graph
  ---
  duration_ms: 1.927061
  type: 'test'
  ...
# Subtest: research chooser blocks blind time while preserving native activation and Escape
ok 511 - research chooser blocks blind time while preserving native activation and Escape
  ---
  duration_ms: 3.73057
  type: 'test'
  ...
# Subtest: resource tooltips retire on close, reopen and scrolling and ignore touch hover
ok 512 - resource tooltips retire on close, reopen and scrolling and ignore touch hover
  ---
  duration_ms: 7.915025
  type: 'test'
  ...
# Subtest: designer starts from the server balanced preset and renders supplied ratings and costs without recalculating
ok 513 - designer starts from the server balanced preset and renders supplied ratings and costs without recalculating
  ---
  duration_ms: 36.19187
  type: 'test'
  ...
# Subtest: starting from a legacy model uses its supplied separate specifications and preserves the original
ok 514 - starting from a legacy model uses its supplied separate specifications and preserves the original
  ---
  duration_ms: 15.564551
  type: 'test'
  ...
# Subtest: independent new specifications are submitted separately and grouped for review
ok 515 - independent new specifications are submitted separately and grouped for review
  ---
  duration_ms: 42.643757
  type: 'test'
  ...
# Subtest: aviation family uses supplied defaults, clears ground slots and groups all eight independent specifications
ok 516 - aviation family uses supplied defaults, clears ground slots and groups all eight independent specifications
  ---
  duration_ms: 1123.865081
  type: 'test'
  ...
# Subtest: aircraft part inspection focuses its group and payload edits submit all eight slots to a pure fresh review
ok 517 - aircraft part inspection focuses its group and payload edits submit all eight slots to a pure fresh review
  ---
  duration_ms: 904.591027
  type: 'test'
  ...
# Subtest: aviation readiness precedes maintenance, preserves server loadout readings and navigates through captured actions
ok 518 - aviation readiness precedes maintenance, preserves server loadout readings and navigates through captured actions
  ---
  duration_ms: 4.226127
  type: 'test'
  ...
# Subtest: 3D preview retains one live host and camera across pricing responses, typing, and component changes
ok 519 - 3D preview retains one live host and camera across pricing responses, typing, and component changes
  ---
  duration_ms: 33.102917
  type: 'test'
  ...
# Subtest: model controls retain focus across a repaint and expose keyboard, camera, finish, and download actions
ok 520 - model controls retain focus across a repaint and expose keyboard, camera, finish, and download actions
  ---
  duration_ms: 5.599358
  type: 'test'
  ...
# Subtest: leaving the designer and closing release the model exactly once while returning remounts it
ok 521 - leaving the designer and closing release the model exactly once while returning remounts it
  ---
  duration_ms: 6.743889
  type: 'test'
  ...
# Subtest: same campaign state refresh keeps the preview but switching nations disposes before the new response arrives
ok 522 - same campaign state refresh keeps the preview but switching nations disposes before the new response arrives
  ---
  duration_ms: 24.232373
  type: 'test'
  ...
# Subtest: an unavailable or failed renderer leaves the configuration and priced review usable
ok 523 - an unavailable or failed renderer leaves the configuration and priced review usable
  ---
  duration_ms: 6.061445
  type: 'test'
  ...
# Subtest: component choice permits a future draft but invalidates old effects and uses a pure server review
ok 524 - component choice permits a future draft but invalidates old effects and uses a pure server review
  ---
  duration_ms: 14.828834
  type: 'test'
  ...
# Subtest: name and search edits preserve caret and never create orders or discard the draft on tab navigation
ok 525 - name and search edits preserve caret and never create orders or discard the draft on tab navigation
  ---
  duration_ms: 13.710984
  type: 'test'
  ...
# Subtest: development, manufacturing and service show dated receipts, preserved platform age and real funding labels
ok 526 - development, manufacturing and service show dated receipts, preserved platform age and real funding labels
  ---
  duration_ms: 2.408369
  type: 'test'
  ...
# Subtest: unknown supplied metrics and costs remain unknown; all unsafe names, notes and attributes are escaped
ok 527 - unknown supplied metrics and costs remain unknown; all unsafe names, notes and attributes are escaped
  ---
  duration_ms: 1.943653
  type: 'test'
  ...
# Subtest: research links navigate to exact technology without acquiring it or changing allocations
ok 528 - research links navigate to exact technology without acquiring it or changing allocations
  ---
  duration_ms: 15.148947
  type: 'test'
  ...
# Subtest: save and programme actions require an explicit review confirmation and send exactly the supplied command
ok 529 - save and programme actions require an explicit review confirmation and send exactly the supplied command
  ---
  duration_ms: 16.669239
  type: 'test'
  ...
# Subtest: quantity, site and daily funding changes request a new quote before an exact committed order
ok 530 - quantity, site and daily funding changes request a new quote before an exact committed order
  ---
  duration_ms: 24.003286
  type: 'test'
  ...
# Subtest: late order quotes cannot re-enable a commit after input edits, tab navigation or closing
ok 531 - late order quotes cannot re-enable a commit after input edits, tab navigation or closing
  ---
  duration_ms: 12.791039
  type: 'test'
  ...
# Subtest: an invalid order quote or unknown number never falls back to a zero-cost accepted order
ok 532 - an invalid order quote or unknown number never falls back to a zero-cost accepted order
  ---
  duration_ms: 5.839231
  type: 'test'
  ...
# Subtest: stale state, pending orders and replacement payloads block captured buttons and direct confirmations
ok 533 - stale state, pending orders and replacement payloads block captured buttons and direct confirmations
  ---
  duration_ms: 39.291736
  type: 'test'
  ...
# Subtest: reads and previews validate session identity and rejected previews cannot expose a legal action
ok 534 - reads and previews validate session identity and rejected previews cannot expose a legal action
  ---
  duration_ms: 15.325166
  type: 'test'
  ...
# Subtest: new campaign removes old drafts and holdings immediately while same-campaign refresh preserves work
ok 535 - new campaign removes old drafts and holdings immediately while same-campaign refresh preserves work
  ---
  duration_ms: 22.864875
  type: 'test'
  ...
# Subtest: an old design quote loses to the latest draft and cannot survive closing
ok 536 - an old design quote loses to the latest draft and cannot survive closing
  ---
  duration_ms: 15.514437
  type: 'test'
  ...
# Subtest: refresh failures remain explicit and retryable without losing a draft or creating a polling loop
ok 537 - refresh failures remain explicit and retryable without losing a draft or creating a polling loop
  ---
  duration_ms: 18.016237
  type: 'test'
  ...
# Subtest: tabs support roving keyboard focus and details, scroll and refresh focus survive repaint
ok 538 - tabs support roving keyboard focus and details, scroll and refresh focus survive repaint
  ---
  duration_ms: 15.584771
  type: 'test'
  ...
# Subtest: explicit opening uses root visibility, respects requested tabs and makes one snapshot read
ok 539 - explicit opening uses root visibility, respects requested tabs and makes one snapshot read
  ---
  duration_ms: 16.442065
  type: 'test'
  ...
# Subtest: published assets parse and retain scoped responsive controls without an alternative command channel
ok 540 - published assets parse and retain scoped responsive controls without an alternative command channel
  ---
  duration_ms: 1.74049
  type: 'test'
  ...
# Subtest: order review reveals itself from a long catalogue and retains its raw-input requirements through requotes
ok 541 - order review reveals itself from a long catalogue and retains its raw-input requirements through requotes
  ---
  duration_ms: 14.739855
  type: 'test'
  ...
# Subtest: active equipment campaigns expose supplied funding and plant navigation without inventing orders
ok 542 - active equipment campaigns expose supplied funding and plant navigation without inventing orders
  ---
  duration_ms: 3.754021
  type: 'test'
  ...
# Subtest: fullscreen bridge mounts outside the inert game, closes other rooms, and preserves the draft on return
ok 543 - fullscreen bridge mounts outside the inert game, closes other rooms, and preserves the draft on return
  ---
  duration_ms: 46.454159
  type: 'test'
  ...
# Subtest: shell commands use the existing channel and adopted response while preserving local drafts and policy queues
ok 544 - shell commands use the existing channel and adopted response while preserving local drafts and policy queues
  ---
  duration_ms: 8.847323
  type: 'test'
  ...
# Subtest: reviewed retirement reaches the real command bridge and reports immediate fleet changes
ok 545 - reviewed retirement reaches the real command bridge and reports immediate fleet changes
  ---
  duration_ms: 14.531279
  type: 'test'
  ...
# Subtest: refused, uncertain and cross-campaign command responses never adopt or announce a successful order
ok 546 - refused, uncertain and cross-campaign command responses never adopt or announce a successful order
  ---
  duration_ms: 12.728237
  type: 'test'
  ...
# Subtest: research navigation keeps equipment-only integrations local and pins a genuine prerequisite in its real domain
ok 547 - research navigation keeps equipment-only integrations local and pins a genuine prerequisite in its real domain
  ---
  duration_ms: 7.292303
  type: 'test'
  ...
# Subtest: funding and plant shortcuts retain exact backend targets and never issue equipment commands
ok 548 - funding and plant shortcuts retain exact backend targets and never issue equipment commands
  ---
  duration_ms: 3.231549
  type: 'test'
  ...
# Subtest: fullscreen equipment consumes world shortcuts, permits native input, pauses a running clock and closes on Escape
ok 549 - fullscreen equipment consumes world shortcuts, permits native input, pauses a running clock and closes on Escape
  ---
  duration_ms: 5.330467
  type: 'test'
  ...
# Subtest: raw-input navigation opens Resources without orders or loss of an unsaved equipment draft
ok 550 - raw-input navigation opens Resources without orders or loss of an unsaved equipment draft
  ---
  duration_ms: 7.393337
  type: 'test'
  ...
# Subtest: the published shell includes reachable research and manufacturing entrances plus session and modal hooks
ok 551 - the published shell includes reachable research and manufacturing entrances plus session and modal hooks
  ---
  duration_ms: 18.925258
  type: 'test'
  ...
# Subtest: legacy manufacturing holdings distinguish complete vehicles from legacy equipment equivalents
ok 552 - legacy manufacturing holdings distinguish complete vehicles from legacy equipment equivalents
  ---
  duration_ms: 2.302444
  type: 'test'
  ...
# Subtest: research branches expose real prerequisites, unlocks and four states with independent filters
ok 553 - research branches expose real prerequisites, unlocks and four states with independent filters
  ---
  duration_ms: 17.548606
  type: 'test'
  ...
# Subtest: research review buttons and prerequisite links retain campaign freshness guards after filtering
ok 554 - research review buttons and prerequisite links retain campaign freshness guards after filtering
  ---
  duration_ms: 15.552465
  type: 'test'
  ...
# Subtest: research connectors represent only actual visible prerequisite edges
ok 555 - research connectors represent only actual visible prerequisite edges
  ---
  duration_ms: 1.623725
  type: 'test'
  ...
# Subtest: vehicle family changes preserve compatible parts and discard incompatible slots and source revisions
ok 556 - vehicle family changes preserve compatible parts and discard incompatible slots and source revisions
  ---
  duration_ms: 21.671093
  type: 'test'
  ...
# Subtest: platform changes update untouched starting names while retaining typed and saved names
ok 557 - platform changes update untouched starting names while retaining typed and saved names
  ---
  duration_ms: 79.18024
  type: 'test'
  ...
# Subtest: fractional ratings display at most three decimals while preserving precise server comparison data
ok 558 - fractional ratings display at most three decimals while preserving precise server comparison data
  ---
  duration_ms: 1.790509
  type: 'test'
  ...
# Subtest: comparison uses supplied numbers, directional tradeoffs and component changes with a persistent baseline
ok 559 - comparison uses supplied numbers, directional tradeoffs and component changes with a persistent baseline
  ---
  duration_ms: 13.308664
  type: 'test'
  ...
# Subtest: late comparison responses cannot price a different baseline or enable its old actions
ok 560 - late comparison responses cannot price a different baseline or enable its old actions
  ---
  duration_ms: 17.904536
  type: 'test'
  ...
# Subtest: modernization gives reasons and tradeoffs and opens a local proposal without issuing an order
ok 561 - modernization gives reasons and tradeoffs and opens a local proposal without issuing an order
  ---
  duration_ms: 17.81903
  type: 'test'
  ...
# Subtest: model part events open and focus their specification without repricing or remounting the camera
ok 562 - model part events open and focus their specification without repricing or remounting the camera
  ---
  duration_ms: 3.460409
  type: 'test'
  ...
# Subtest: production supply precedes project cards and shows server quantities with separate physical units
ok 563 - production supply precedes project cards and shows server quantities with separate physical units
  ---
  duration_ms: 50.959269
  type: 'test'
  ...
# Subtest: per-project supply expands and keeps its exact resource target without placing an order
ok 564 - per-project supply expands and keeps its exact resource target without placing an order
  ---
  duration_ms: 16.333584
  type: 'test'
  ...
# Subtest: optional supply data preserves old responses and explicit empty stages without inventing requirements
ok 565 - optional supply data preserves old responses and explicit empty stages without inventing requirements
  ---
  duration_ms: 3.919739
  type: 'test'
  ...
# Subtest: supply navigation rejects stale data, replaced readings, pending orders and command-shaped actions
ok 566 - supply navigation rejects stale data, replaced readings, pending orders and command-shaped actions
  ---
  duration_ms: 9.283234
  type: 'test'
  ...
# Subtest: order supply appears before confirmation and invalid orders may review resources without submitting
ok 567 - order supply appears before confirmation and invalid orders may review resources without submitting
  ---
  duration_ms: 12.744225
  type: 'test'
  ...
# Subtest: quoted supply links require the captured quote and current order settings even when campaign data is fresh
ok 568 - quoted supply links require the captured quote and current order settings even when campaign data is fresh
  ---
  duration_ms: 41.151969
  type: 'test'
  ...
# Subtest: supply text and attributes escape unsafe server content while small physical requirements remain visible
ok 569 - supply text and attributes escape unsafe server content while small physical requirements remain visible
  ---
  duration_ms: 2.717098
  type: 'test'
  ...
# Subtest: commodity navigation reaches the exact resource and preserves unsaved designs while refusing pending navigation
ok 570 - commodity navigation reaches the exact resource and preserves unsaved designs while refusing pending navigation
  ---
  duration_ms: 4.769029
  type: 'test'
  ...
# Subtest: material tables contain horizontal scrolling and retain readable narrow controls
ok 571 - material tables contain horizontal scrolling and retain readable narrow controls
  ---
  duration_ms: 2.391058
  type: 'test'
  ...
# Subtest: service overview precedes modernization and displays supplied fleet counts and role capabilities
ok 572 - service overview precedes modernization and displays supplied fleet counts and role capabilities
  ---
  duration_ms: 2.48605
  type: 'test'
  ...
# Subtest: service navigation preserves a local design and refuses stale readings or command-shaped shortcuts
ok 573 - service navigation preserves a local design and refuses stale readings or command-shaped shortcuts
  ---
  duration_ms: 29.983271
  type: 'test'
  ...
# Subtest: retirement effects and permanent loss are reviewed before any command and quantity edits require a new captured quote
ok 574 - retirement effects and permanent loss are reviewed before any command and quantity edits require a new captured quote
  ---
  duration_ms: 18.209159
  type: 'test'
  ...
# Subtest: invalid retirement reviews keep effects visible but cannot remove vehicles
ok 575 - invalid retirement reviews keep effects visible but cannot remove vehicles
  ---
  duration_ms: 18.395315
  type: 'test'
  ...
# Subtest: retirement confirmation from a dismissed review cannot confirm another current review
ok 576 - retirement confirmation from a dismissed review cannot confirm another current review
  ---
  duration_ms: 9.912839
  type: 'test'
  ...
# Subtest: fleet shortcuts switch only recognized equipment tabs while preserving the open room and unsaved design
ok 577 - fleet shortcuts switch only recognized equipment tabs while preserving the open room and unsaved design
  ---
  duration_ms: 10.786802
  type: 'test'
  ...
# Subtest: service overview and effects escape labels, role detail and attributes while optional responses stay usable
ok 578 - service overview and effects escape labels, role detail and attributes while optional responses stay usable
  ---
  duration_ms: 2.085299
  type: 'test'
  ...
# Subtest: maintenance, supply and target confirmations use the real command bridge with accurate outcomes
ok 579 - maintenance, supply and target confirmations use the real command bridge with accurate outcomes
  ---
  duration_ms: 19.913371
  type: 'test'
  ...
# Subtest: maintenance and target planning show authoritative figures without issuing orders on navigation
ok 580 - maintenance and target planning show authoritative figures without issuing orders on navigation
  ---
  duration_ms: 16.606702
  type: 'test'
  ...
# Subtest: supply horizon keeps its numeric type and editing the cash cap invalidates the previous purchase review
ok 581 - supply horizon keeps its numeric type and editing the cash cap invalidates the previous purchase review
  ---
  duration_ms: 10.9384
  type: 'test'
  ...
# Subtest: ammunition is a separate keyboard workflow with server figures, action paths and one search
ok 582 - ammunition is a separate keyboard workflow with server figures, action paths and one search
  ---
  duration_ms: 20.189264
  type: 'test'
  ...
# Subtest: ammunition order edits require a new captured quote before submitting the server command
ok 583 - ammunition order edits require a new captured quote before submitting the server command
  ---
  duration_ms: 14.89302
  type: 'test'
  ...
# Subtest: ammunition activation and batch controls remain reviewed and reject stale board actions
ok 584 - ammunition activation and batch controls remain reviewed and reject stale board actions
  ---
  duration_ms: 17.193742
  type: 'test'
  ...
# Subtest: all ammunition bridge commands report their own result and preserve unrelated drafts and queues
ok 585 - all ammunition bridge commands report their own result and preserve unrelated drafts and queues
  ---
  duration_ms: 51.552527
  type: 'test'
  ...
# Subtest: ammunition empty states, filtering and server text stay usable and escaped
ok 586 - ammunition empty states, filtering and server text stay usable and escaped
  ---
  duration_ms: 6.26822
  type: 'test'
  ...
# Subtest: ammunition reserve cards share search counts and retain authoritative values and original action indexes
ok 587 - ammunition reserve cards share search counts and retain authoritative values and original action indexes
  ---
  duration_ms: 13.974731
  type: 'test'
  ...
# Subtest: reserve target and Boolean automation edits invalidate captured quotes before exact confirmation
ok 588 - reserve target and Boolean automation edits invalidate captured quotes before exact confirmation
  ---
  duration_ms: 26.769341
  type: 'test'
  ...
# Subtest: reserve removal requires its own fresh quote and stale reserve cards cannot send commands
ok 589 - reserve removal requires its own fresh quote and stale reserve cards cannot send commands
  ---
  duration_ms: 26.995144
  type: 'test'
  ...
# Subtest: reserve bridge distinguishes manual, automatic and removal outcomes and returns to ammunition only on success
ok 590 - reserve bridge distinguishes manual, automatic and removal outcomes and returns to ammunition only on success
  ---
  duration_ms: 25.746321
  type: 'test'
  ...
# Subtest: material purchasing policy precedes manual purchases and shows three recent receipts with preserved history paths
ok 591 - material purchasing policy precedes manual purchases and shows three recent receipts with preserved history paths
  ---
  duration_ms: 5.059657
  type: 'test'
  ...
# Subtest: optional material purchasing data keeps old payloads usable, escapes receipt text and avoids duplicated ammunition history
ok 592 - optional material purchasing data keeps old payloads usable, escapes receipt text and avoids duplicated ammunition history
  ---
  duration_ms: 10.324091
  type: 'test'
  ...
# Subtest: material purchasing authorization uses exact edited Boolean and numeric values only after a fresh quote
ok 593 - material purchasing authorization uses exact edited Boolean and numeric values only after a fresh quote
  ---
  duration_ms: 31.164428
  type: 'test'
  ...
# Subtest: material purchasing reviews reject stale or pending confirmations and invalid authorization quotes
ok 594 - material purchasing reviews reject stale or pending confirmations and invalid authorization quotes
  ---
  duration_ms: 53.913298
  type: 'test'
  ...
# Subtest: clearing the material purchasing policy requires a fresh explicit review
ok 595 - clearing the material purchasing policy requires a fresh explicit review
  ---
  duration_ms: 26.662295
  type: 'test'
  ...
# Subtest: material purchasing bridge distinguishes disabled, enabled and cleared policies and returns to Production
ok 596 - material purchasing bridge distinguishes disabled, enabled and cleared policies and returns to Production
  ---
  duration_ms: 24.184914
  type: 'test'
  ...
# Subtest: supplier market leads with actual foreign stock and separates company administration and paid arrivals
ok 597 - supplier market leads with actual foreign stock and separates company administration and paid arrivals
  ---
  duration_ms: 11.026637
  type: 'test'
  ...
# Subtest: supplier location and affordable filters use native quantities and retain original offer action paths
ok 598 - supplier location and affordable filters use native quantities and retain original offer action paths
  ---
  duration_ms: 53.513569
  type: 'test'
  ...
# Subtest: foreign model inspection uses the seller specification without unlocking parts or replacing the draft
ok 599 - foreign model inspection uses the seller specification without unlocking parts or replacing the draft
  ---
  duration_ms: 13.61735
  type: 'test'
  ...
# Subtest: supplier commissioning is shown as paid work rather than invented ready inventory or dates
ok 600 - supplier commissioning is shown as paid work rather than invented ready inventory or dates
  ---
  duration_ms: 2.703977
  type: 'test'
  ...
# Subtest: import cancellation reviews blocked access and dated refund terms before issuing the exact command
ok 601 - import cancellation reviews blocked access and dated refund terms before issuing the exact command
  ---
  duration_ms: 64.768049
  type: 'test'
  ...
# Subtest: import filters and reviews cannot act across replaced campaigns, stale dates or pending receipts
ok 602 - import filters and reviews cannot act across replaced campaigns, stale dates or pending receipts
  ---
  duration_ms: 54.54468
  type: 'test'
  ...
# Subtest: market zero matches keeps an explicit route to unavailable offers and restores focused filters
ok 603 - market zero matches keeps an explicit route to unavailable offers and restores focused filters
  ---
  duration_ms: 22.650837
  type: 'test'
  ...
# Subtest: domestic and foreign paid deliveries retain separate original action paths outside the offer filters
ok 604 - domestic and foreign paid deliveries retain separate original action paths outside the offer filters
  ---
  duration_ms: 24.213694
  type: 'test'
  ...
# Subtest: import ammunition preserves exact family and store units without a guessed vehicle or researched components
ok 605 - import ammunition preserves exact family and store units without a guessed vehicle or researched components
  ---
  duration_ms: 14.49884
  type: 'test'
  ...
# Subtest: paused supplier programmes link to existing Exchange enrollment without adopting rules or spending
ok 606 - paused supplier programmes link to existing Exchange enrollment without adopting rules or spending
  ---
  duration_ms: 3.341102
  type: 'test'
  ...
# Subtest: new import commands use the existing transaction channel without modifying drafts or research
ok 607 - new import commands use the existing transaction channel without modifying drafts or research
  ---
  duration_ms: 14.520419
  type: 'test'
  ...
# Subtest: companies explain separate ownership and show server-priced stock, delivery and fleet need without issuing orders
ok 608 - companies explain separate ownership and show server-priced stock, delivery and fleet need without issuing orders
  ---
  duration_ms: 6.045924
  type: 'test'
  ...
# Subtest: company model inspection uses frozen specifications while preserving an unfinished design and one live renderer
ok 609 - company model inspection uses frozen specifications while preserving an unfinished design and one live renderer
  ---
  duration_ms: 18.992296
  type: 'test'
  ...
# Subtest: company establishment name, facility and paid capital remain editable and are sent only after a fresh review
ok 610 - company establishment name, facility and paid capital remain editable and are sent only after a fresh review
  ---
  duration_ms: 15.551858
  type: 'test'
  ...
# Subtest: manufacturer selection keeps numeric identity and quotes development separately from stock purchases
ok 611 - manufacturer selection keeps numeric identity and quotes development separately from stock purchases
  ---
  duration_ms: 22.335977
  type: 'test'
  ...
# Subtest: company purchase quantity changes invalidate the old sale quote and show delivery and upkeep before confirmation
ok 612 - company purchase quantity changes invalidate the old sale quote and show delivery and upkeep before confirmation
  ---
  duration_ms: 34.233869
  type: 'test'
  ...
# Subtest: company purchases cannot commit insufficient stock or funding and old inputs cannot alter another review
ok 613 - company purchases cannot commit insufficient stock or funding and old inputs cannot alter another review
  ---
  duration_ms: 22.173128
  type: 'test'
  ...
# Subtest: company buttons and reviewed purchase reject replaced state, old campaigns and pending orders
ok 614 - company buttons and reviewed purchase reject replaced state, old campaigns and pending orders
  ---
  duration_ms: 108.156416
  type: 'test'
  ...
# Subtest: company renderers escape all supplier, specification, milestone and offer text and tolerate old payloads
ok 615 - company renderers escape all supplier, specification, milestone and offer text and tolerate old payloads
  ---
  duration_ms: 10.049886
  type: 'test'
  ...
# Subtest: company command bridge uses the existing transaction channel and returns to procurement only after success
ok 616 - company command bridge uses the existing transaction channel and returns to procurement only after success
  ---
  duration_ms: 58.059498
  type: 'test'
  ...
# Subtest: companies navigation stays in the equipment room, preserves drafts and has visible entry points
ok 617 - companies navigation stays in the equipment room, preserves drafts and has visible entry points
  ---
  duration_ms: 6.510335
  type: 'test'
  ...
# Subtest: a tank draft survives the no-manufacturer route and returns to the same editable specifications
ok 618 - a tank draft survives the no-manufacturer route and returns to the same editable specifications
  ---
  duration_ms: 25.024469
  type: 'test'
  ...
# Subtest: establishment with no eligible plant shows an explained unavailable select and keeps the server refusal visible
ok 619 - establishment with no eligible plant shows an explained unavailable select and keeps the server refusal visible
  ---
  duration_ms: 7.486907
  type: 'test'
  ...
# Subtest: company family filters use supplied categories and keep accounts and paid deliveries visible
ok 620 - company family filters use supplied categories and keep accounts and paid deliveries visible
  ---
  duration_ms: 1027.289019
  type: 'test'
  ...
# Subtest: mixed supplier 3D inspection retains exact aircraft and specialist specs without touching the local tank draft
ok 621 - mixed supplier 3D inspection retains exact aircraft and specialist specs without touching the local tank draft
  ---
  duration_ms: 1301.956644
  type: 'test'
  ...
# Subtest: filtered aircraft purchases retain original action identity and require a new review after changing model family
ok 622 - filtered aircraft purchases retain original action identity and require a new review after changing model family
  ---
  duration_ms: 1394.395884
  type: 'test'
  ...
# Subtest: company search combines with family filtering while empty results remove a previous 3D model and preserve the draft
ok 623 - company search combines with family filtering while empty results remove a previous 3D model and preserve the draft
  ---
  duration_ms: 1350.579451
  type: 'test'
  ...
# Subtest: family fallback requires known catalogue metadata and campaign changes reset the filter and selected model
ok 624 - family fallback requires known catalogue metadata and campaign changes reset the filter and selected model
  ---
  duration_ms: 1214.335464
  type: 'test'
  ...
# Subtest: ammunition supplier shelf shows authoritative stock, reserve reasons and arrivals ahead of preserved public batches
ok 625 - ammunition supplier shelf shows authoritative stock, reserve reasons and arrivals ahead of preserved public batches
  ---
  duration_ms: 1113.231656
  type: 'test'
  ...
# Subtest: ammunition supplier search keeps original offer paths and combines supplier, family and paid-delivery records
ok 626 - ammunition supplier search keeps original offer paths and combines supplier, family and paid-delivery records
  ---
  duration_ms: 1320.007737
  type: 'test'
  ...
# Subtest: reviewed ammunition stock quantity invalidates previous quotes and confirms only the exact fresh supplier command
ok 627 - reviewed ammunition stock quantity invalidates previous quotes and confirms only the exact fresh supplier command
  ---
  duration_ms: 1171.767148
  type: 'test'
  ...
# Subtest: supplier ammunition commissioning and failed purchases use standard review guards without replacing old public batch controls
ok 628 - supplier ammunition commissioning and failed purchases use standard review guards without replacing old public batch controls
  ---
  duration_ms: 1410.688686
  type: 'test'
  ...
# Subtest: company ammunition filtering never fabricates a vehicle preview and rejects captured hidden vehicle controls
ok 629 - company ammunition filtering never fabricates a vehicle preview and rejects captured hidden vehicle controls
  ---
  duration_ms: 1345.464519
  type: 'test'
  ...
# Subtest: supplier ammunition empty and unavailable records retain explanations, escape text and invent no prices or model units
ok 630 - supplier ammunition empty and unavailable records retain explanations, escape text and invent no prices or model units
  ---
  duration_ms: 8.672954
  type: 'test'
  ...
# Subtest: all company ammunition bridge commands preserve payloads and drafts and return to the ammunition shelf only on success
ok 631 - all company ammunition bridge commands preserve payloads and drafts and return to the ammunition shelf only on success
  ---
  duration_ms: 3932.738329
  type: 'test'
  ...
# Subtest: converted ammunition reserve plans follow served manual controls while existing public batches remain separately controllable
ok 632 - converted ammunition reserve plans follow served manual controls while existing public batches remain separately controllable
  ---
  duration_ms: 1369.118732
  type: 'test'
  ...
# Subtest: a supplier reserve preserves the actual suspended automatic preference and confirms without claiming replenishment was enabled
ok 633 - a supplier reserve preserves the actual suspended automatic preference and confirms without claiming replenishment was enabled
  ---
  duration_ms: 1257.660855
  type: 'test'
  ...
# Subtest: manufacturer refit contracts render in both service and companies with original action paths and retained public work
ok 634 - manufacturer refit contracts render in both service and companies with original action paths and retained public work
  ---
  duration_ms: 1285.664504
  type: 'test'
  ...
# Subtest: refit contracts are optional for old saves and empty state guides the available fleet without inventing work
ok 635 - refit contracts are optional for old saves and empty state guides the available fleet without inventing work
  ---
  duration_ms: 4.423204
  type: 'test'
  ...
# Subtest: manufacturer refit review shows authoritative escrow, readiness, queue and exact profile comparison before spending
ok 636 - manufacturer refit review shows authoritative escrow, readiness, queue and exact profile comparison before spending
  ---
  duration_ms: 1072.272117
  type: 'test'
  ...
# Subtest: source and target inspection keep one exact aircraft or ground model and preserve unfinished designer specifications
ok 637 - source and target inspection keep one exact aircraft or ground model and preserve unfinished designer specifications
  ---
  duration_ms: 2020.445862
  type: 'test'
  ...
# Subtest: changing refit target or quantity hides stale identity and rejects old model controls and confirmation
ok 638 - changing refit target or quantity hides stale identity and rejects old model controls and confirmation
  ---
  duration_ms: 830.558996
  type: 'test'
  ...
# Subtest: refit cancellation reviews released and finishing quantities plus deferred refunds without a daily funding control
ok 639 - refit cancellation reviews released and finishing quantities plus deferred refunds without a daily funding control
  ---
  duration_ms: 796.932339
  type: 'test'
  ...
# Subtest: unavailable refit offers and changed campaigns block spending while unknown or ammunition specs never get a guessed vehicle model
ok 640 - unavailable refit offers and changed campaigns block spending while unknown or ammunition specs never get a guessed vehicle model
  ---
  duration_ms: 2381.482832
  type: 'test'
  ...
# Subtest: company refit bridge retains reviewed fixed-price commands, pending refunds and drafts through the transaction channel
ok 641 - company refit bridge retains reviewed fixed-price commands, pending refunds and drafts through the transaction channel
  ---
  duration_ms: 1523.18864
  type: 'test'
  ...
# Subtest: s09 guidance displays native conditions and costs and replacement is a cancellable local review
ok 642 - s09 guidance displays native conditions and costs and replacement is a cancellable local review
  ---
  duration_ms: 20.608012
  type: 'test'
  ...
# Subtest: s09 captured recommendation and replacement controls reject stale campaign, preview and draft identities
ok 643 - s09 captured recommendation and replacement controls reject stale campaign, preview and draft identities
  ---
  duration_ms: 38.353707
  type: 'test'
  ...
# Subtest: s09 presets and exact saved library rows ask before discarding an unsaved design
ok 644 - s09 presets and exact saved library rows ask before discarding an unsaved design
  ---
  duration_ms: 14.998301
  type: 'test'
  ...
# Subtest: s09 save status is exact native identity, never a local acknowledgement or automatic save
ok 645 - s09 save status is exact native identity, never a local acknowledgement or automatic save
  ---
  duration_ms: 18.893006
  type: 'test'
  ...
# Subtest: s09 accepted save becomes saved only when its exact name and specification appear in the refreshed native library
ok 646 - s09 accepted save becomes saved only when its exact name and specification appear in the refreshed native library
  ---
  duration_ms: 13.288288
  type: 'test'
  ...
# Subtest: s09 research effects explore an actual compatible part without teaching it or replacing edits before confirmation
ok 647 - s09 research effects explore an actual compatible part without teaching it or replacing edits before confirmation
  ---
  duration_ms: 11.836475
  type: 'test'
  ...
# Subtest: s09 unlock exploration refuses invented compatibility and stale buttons while future preview blockers remain authoritative
ok 648 - s09 unlock exploration refuses invented compatibility and stale buttons while future preview blockers remain authoritative
  ---
  duration_ms: 8.053067
  type: 'test'
  ...
# Subtest: s09 named saved drafts reopen by actual ID after load while unsaved memory and replacement proposals are cleared
ok 649 - s09 named saved drafts reopen by actual ID after load while unsaved memory and replacement proposals are cleared
  ---
  duration_ms: 20.843442
  type: 'test'
  ...
# Subtest: s09 guidance and research details escape supplied text and keep optional older payloads usable
ok 650 - s09 guidance and research details escape supplied text and keep optional older payloads usable
  ---
  duration_ms: 8.408262
  type: 'test'
  ...
# Subtest: s09 rich research lists disclose five parts first and retain every later component identity and expanded state
ok 651 - s09 rich research lists disclose five parts first and retain every later component identity and expanded state
  ---
  duration_ms: 11.32104
  type: 'test'
  ...
# Subtest: s09 current-design costs have a separate escaped heading and guidance uses the served art route
ok 652 - s09 current-design costs have a separate escaped heading and guidance uses the served art route
  ---
  duration_ms: 3.001262
  type: 'test'
  ...
# Subtest: GLB contains aligned embedded geometry, matte material, and preserved colors
ok 653 - GLB contains aligned embedded geometry, matte material, and preserved colors
  ---
  duration_ms: 2.129408
  type: 'test'
  ...
# Subtest: normalizes normals without changing the source mesh
ok 654 - normalizes normals without changing the source mesh
  ---
  duration_ms: 1.361281
  type: 'test'
  ...
# Subtest: derives accessor bounds from exported positions instead of stale display bounds
ok 655 - derives accessor bounds from exported positions instead of stale display bounds
  ---
  duration_ms: 0.405471
  type: 'test'
  ...
# Subtest: preserves Unicode names and deterministic export bytes
ok 656 - preserves Unicode names and deterministic export bytes
  ---
  duration_ms: 0.264481
  type: 'test'
  ...
# Subtest: rejects non-finite positions rather than writing an invalid model
ok 657 - rejects non-finite positions rather than writing an invalid model
  ---
  duration_ms: 0.381882
  type: 'test'
  ...
# Subtest: rejects non-finite normals rather than writing an invalid model
ok 658 - rejects non-finite normals rather than writing an invalid model
  ---
  duration_ms: 0.178555
  type: 'test'
  ...
# Subtest: rejects non-finite colors rather than writing an invalid model
ok 659 - rejects non-finite colors rather than writing an invalid model
  ---
  duration_ms: 0.146686
  type: 'test'
  ...
# Subtest: rejects incomplete geometry, mismatched counts, and non-float attributes
ok 660 - rejects incomplete geometry, mismatched counts, and non-float attributes
  ---
  duration_ms: 0.238771
  type: 'test'
  ...
# Subtest: rejects impossible colors, zero normals, and invalid semantic ranges
ok 661 - rejects impossible colors, zero normals, and invalid semantic ranges
  ---
  duration_ms: 0.364826
  type: 'test'
  ...
# Subtest: browser UMD API exports the same binary as the Node API
ok 662 - browser UMD API exports the same binary as the Node API
  ---
  duration_ms: 22.842329
  type: 'test'
  ...
# Subtest: generated models for every vehicle type contain complete portable meshes and all twelve specifications
ok 663 - generated models for every vehicle type contain complete portable meshes and all twelve specifications
  ---
  duration_ms: 1882.286461
  type: 'test'
  ...
# Subtest: specialist GLB assets preserve complete geometry, all thirteen slots and pickable semantic parts
ok 664 - specialist GLB assets preserve complete geometry, all thirteen slots and pickable semantic parts
  ---
  duration_ms: 759.177896
  type: 'test'
  ...
# Subtest: an upgraded specialist exports its current mission components and semantic slot labels
ok 665 - an upgraded specialist exports its current mission components and semantic slot labels
  ---
  duration_ms: 340.555162
  type: 'test'
  ...
# Subtest: both aircraft GLBs preserve generated geometry, eight specifications and semantic picking ranges
ok 666 - both aircraft GLBs preserve generated geometry, eight specifications and semantic picking ranges
  ---
  duration_ms: 6916.808153
  type: 'test'
  ...
# Subtest: spheres-tank-balanced.glb imports as a complete, self-consistent runtime mesh
ok 667 - spheres-tank-balanced.glb imports as a complete, self-consistent runtime mesh
  ---
  duration_ms: 281.98497
  type: 'test'
  ...
# Subtest: spheres-tank-balanced.glb rebuilds bitwise from the specification it carries
ok 668 - spheres-tank-balanced.glb rebuilds bitwise from the specification it carries
  ---
  duration_ms: 261.158708
  type: 'test'
  ...
# Subtest: spheres-tank-balanced.glb survives a further export and import unchanged
ok 669 - spheres-tank-balanced.glb survives a further export and import unchanged
  ---
  duration_ms: 95.354431
  type: 'test'
  ...
# Subtest: spheres-tank-mobile.glb imports as a complete, self-consistent runtime mesh
ok 670 - spheres-tank-mobile.glb imports as a complete, self-consistent runtime mesh
  ---
  duration_ms: 167.88707
  type: 'test'
  ...
# Subtest: spheres-tank-mobile.glb rebuilds bitwise from the specification it carries
ok 671 - spheres-tank-mobile.glb rebuilds bitwise from the specification it carries
  ---
  duration_ms: 146.886345
  type: 'test'
  ...
# Subtest: spheres-tank-mobile.glb survives a further export and import unchanged
ok 672 - spheres-tank-mobile.glb survives a further export and import unchanged
  ---
  duration_ms: 120.233975
  type: 'test'
  ...
# Subtest: spheres-tank-heavy.glb imports as a complete, self-consistent runtime mesh
ok 673 - spheres-tank-heavy.glb imports as a complete, self-consistent runtime mesh
  ---
  duration_ms: 175.99652
  type: 'test'
  ...
# Subtest: spheres-tank-heavy.glb rebuilds bitwise from the specification it carries
ok 674 - spheres-tank-heavy.glb rebuilds bitwise from the specification it carries
  ---
  duration_ms: 179.473776
  type: 'test'
  ...
# Subtest: spheres-tank-heavy.glb survives a further export and import unchanged
ok 675 - spheres-tank-heavy.glb survives a further export and import unchanged
  ---
  duration_ms: 113.07865
  type: 'test'
  ...
# Subtest: spheres-tank-light.glb imports as a complete, self-consistent runtime mesh
ok 676 - spheres-tank-light.glb imports as a complete, self-consistent runtime mesh
  ---
  duration_ms: 149.573182
  type: 'test'
  ...
# Subtest: spheres-tank-light.glb rebuilds bitwise from the specification it carries
ok 677 - spheres-tank-light.glb rebuilds bitwise from the specification it carries
  ---
  duration_ms: 177.862527
  type: 'test'
  ...
# Subtest: spheres-tank-light.glb survives a further export and import unchanged
ok 678 - spheres-tank-light.glb survives a further export and import unchanged
  ---
  duration_ms: 154.686638
  type: 'test'
  ...
# Subtest: spheres-tank-destroyer.glb imports as a complete, self-consistent runtime mesh
ok 679 - spheres-tank-destroyer.glb imports as a complete, self-consistent runtime mesh
  ---
  duration_ms: 259.312007
  type: 'test'
  ...
# Subtest: spheres-tank-destroyer.glb rebuilds bitwise from the specification it carries
ok 680 - spheres-tank-destroyer.glb rebuilds bitwise from the specification it carries
  ---
  duration_ms: 179.304916
  type: 'test'
  ...
# Subtest: spheres-tank-destroyer.glb survives a further export and import unchanged
ok 681 - spheres-tank-destroyer.glb survives a further export and import unchanged
  ---
  duration_ms: 168.298431
  type: 'test'
  ...
# Subtest: spheres-ground-ifv.glb imports as a complete, self-consistent runtime mesh
ok 682 - spheres-ground-ifv.glb imports as a complete, self-consistent runtime mesh
  ---
  duration_ms: 188.17709
  type: 'test'
  ...
# Subtest: spheres-ground-ifv.glb rebuilds bitwise from the specification it carries
ok 683 - spheres-ground-ifv.glb rebuilds bitwise from the specification it carries
  ---
  duration_ms: 194.356411
  type: 'test'
  ...
# Subtest: spheres-ground-ifv.glb survives a further export and import unchanged
ok 684 - spheres-ground-ifv.glb survives a further export and import unchanged
  ---
  duration_ms: 42.627356
  type: 'test'
  ...
# Subtest: spheres-ground-apc.glb imports as a complete, self-consistent runtime mesh
ok 685 - spheres-ground-apc.glb imports as a complete, self-consistent runtime mesh
  ---
  duration_ms: 219.184521
  type: 'test'
  ...
# Subtest: spheres-ground-apc.glb rebuilds bitwise from the specification it carries
ok 686 - spheres-ground-apc.glb rebuilds bitwise from the specification it carries
  ---
  duration_ms: 92.410354
  type: 'test'
  ...
# Subtest: spheres-ground-apc.glb survives a further export and import unchanged
ok 687 - spheres-ground-apc.glb survives a further export and import unchanged
  ---
  duration_ms: 21.851038
  type: 'test'
  ...
# Subtest: spheres-ground-recon.glb imports as a complete, self-consistent runtime mesh
ok 688 - spheres-ground-recon.glb imports as a complete, self-consistent runtime mesh
  ---
  duration_ms: 80.257589
  type: 'test'
  ...
# Subtest: spheres-ground-recon.glb rebuilds bitwise from the specification it carries
ok 689 - spheres-ground-recon.glb rebuilds bitwise from the specification it carries
  ---
  duration_ms: 77.228449
  type: 'test'
  ...
# Subtest: spheres-ground-recon.glb survives a further export and import unchanged
ok 690 - spheres-ground-recon.glb survives a further export and import unchanged
  ---
  duration_ms: 28.006438
  type: 'test'
  ...
# Subtest: spheres-ground-artillery.glb imports as a complete, self-consistent runtime mesh
ok 691 - spheres-ground-artillery.glb imports as a complete, self-consistent runtime mesh
  ---
  duration_ms: 177.131797
  type: 'test'
  ...
# Subtest: spheres-ground-artillery.glb rebuilds bitwise from the specification it carries
ok 692 - spheres-ground-artillery.glb rebuilds bitwise from the specification it carries
  ---
  duration_ms: 139.107918
  type: 'test'
  ...
# Subtest: spheres-ground-artillery.glb survives a further export and import unchanged
ok 693 - spheres-ground-artillery.glb survives a further export and import unchanged
  ---
  duration_ms: 45.25893
  type: 'test'
  ...
# Subtest: spheres-ground-air-defense.glb imports as a complete, self-consistent runtime mesh
ok 694 - spheres-ground-air-defense.glb imports as a complete, self-consistent runtime mesh
  ---
  duration_ms: 110.563038
  type: 'test'
  ...
# Subtest: spheres-ground-air-defense.glb rebuilds bitwise from the specification it carries
ok 695 - spheres-ground-air-defense.glb rebuilds bitwise from the specification it carries
  ---
  duration_ms: 148.39766
  type: 'test'
  ...
# Subtest: spheres-ground-air-defense.glb survives a further export and import unchanged
ok 696 - spheres-ground-air-defense.glb survives a further export and import unchanged
  ---
  duration_ms: 25.627044
  type: 'test'
  ...
# Subtest: spheres-air-light-attack.glb imports as a complete, self-consistent runtime mesh
ok 697 - spheres-air-light-attack.glb imports as a complete, self-consistent runtime mesh
  ---
  duration_ms: 723.10336
  type: 'test'
  ...
# Subtest: spheres-air-light-attack.glb rebuilds bitwise from the specification it carries
ok 698 - spheres-air-light-attack.glb rebuilds bitwise from the specification it carries
  ---
  duration_ms: 625.999298
  type: 'test'
  ...
# Subtest: spheres-air-light-attack.glb survives a further export and import unchanged
ok 699 - spheres-air-light-attack.glb survives a further export and import unchanged
  ---
  duration_ms: 236.974864
  type: 'test'
  ...
# Subtest: spheres-air-tactical-strike.glb imports as a complete, self-consistent runtime mesh
ok 700 - spheres-air-tactical-strike.glb imports as a complete, self-consistent runtime mesh
  ---
  duration_ms: 943.040399
  type: 'test'
  ...
# Subtest: spheres-air-tactical-strike.glb rebuilds bitwise from the specification it carries
ok 701 - spheres-air-tactical-strike.glb rebuilds bitwise from the specification it carries
  ---
  duration_ms: 732.461835
  type: 'test'
  ...
# Subtest: spheres-air-tactical-strike.glb survives a further export and import unchanged
ok 702 - spheres-air-tactical-strike.glb survives a further export and import unchanged
  ---
  duration_ms: 489.064573
  type: 'test'
  ...
# Subtest: a freshly generated mesh exports and imports without loss
ok 703 - a freshly generated mesh exports and imports without loss
  ---
  duration_ms: 1069.90284
  type: 'test'
  ...
# Subtest: an imported model picks the same component as the mesh it came from
ok 704 - an imported model picks the same component as the mesh it came from
  ---
  duration_ms: 163.138032
  type: 'test'
  ...
# Subtest: the fixture and its repack import cleanly, so a refusal below is the mutation talking
ok 705 - the fixture and its repack import cleanly, so a refusal below is the mutation talking
  ---
  duration_ms: 1.821645
  type: 'test'
  ...
# Subtest: refuses an indexed primitive rather than importing part of it
ok 706 - refuses an indexed primitive rather than importing part of it
  ---
  duration_ms: 1.281105
  type: 'test'
  ...
# Subtest: refuses a second primitive rather than importing part of it
ok 707 - refuses a second primitive rather than importing part of it
  ---
  duration_ms: 5.536567
  type: 'test'
  ...
# Subtest: refuses a second material rather than importing part of it
ok 708 - refuses a second material rather than importing part of it
  ---
  duration_ms: 0.186367
  type: 'test'
  ...
# Subtest: refuses a second mesh rather than importing part of it
ok 709 - refuses a second mesh rather than importing part of it
  ---
  duration_ms: 0.107875
  type: 'test'
  ...
# Subtest: refuses an interleaved buffer view rather than importing part of it
ok 710 - refuses an interleaved buffer view rather than importing part of it
  ---
  duration_ms: 0.118719
  type: 'test'
  ...
# Subtest: refuses a non-VEC3 accessor rather than importing part of it
ok 711 - refuses a non-VEC3 accessor rather than importing part of it
  ---
  duration_ms: 0.101722
  type: 'test'
  ...
# Subtest: refuses a non-FLOAT accessor rather than importing part of it
ok 712 - refuses a non-FLOAT accessor rather than importing part of it
  ---
  duration_ms: 0.093464
  type: 'test'
  ...
# Subtest: refuses a normalized accessor rather than importing part of it
ok 713 - refuses a normalized accessor rather than importing part of it
  ---
  duration_ms: 0.153014
  type: 'test'
  ...
# Subtest: refuses a sparse accessor rather than importing part of it
ok 714 - refuses a sparse accessor rather than importing part of it
  ---
  duration_ms: 0.228418
  type: 'test'
  ...
# Subtest: refuses a node matrix rather than importing part of it
ok 715 - refuses a node matrix rather than importing part of it
  ---
  duration_ms: 0.213095
  type: 'test'
  ...
# Subtest: refuses a node translation rather than importing part of it
ok 716 - refuses a node translation rather than importing part of it
  ---
  duration_ms: 0.110541
  type: 'test'
  ...
# Subtest: refuses a node rotation rather than importing part of it
ok 717 - refuses a node rotation rather than importing part of it
  ---
  duration_ms: 0.138222
  type: 'test'
  ...
# Subtest: refuses a node scale rather than importing part of it
ok 718 - refuses a node scale rather than importing part of it
  ---
  duration_ms: 0.190546
  type: 'test'
  ...
# Subtest: refuses a node hierarchy rather than importing part of it
ok 719 - refuses a node hierarchy rather than importing part of it
  ---
  duration_ms: 0.162325
  type: 'test'
  ...
# Subtest: refuses a parented node rather than importing part of it
ok 720 - refuses a parented node rather than importing part of it
  ---
  duration_ms: 0.176996
  type: 'test'
  ...
# Subtest: refuses a scene that draws something else rather than importing part of it
ok 721 - refuses a scene that draws something else rather than importing part of it
  ---
  duration_ms: 0.155239
  type: 'test'
  ...
# Subtest: refuses texture coordinates rather than importing part of it
ok 722 - refuses texture coordinates rather than importing part of it
  ---
  duration_ms: 0.153635
  type: 'test'
  ...
# Subtest: refuses tangents rather than importing part of it
ok 723 - refuses tangents rather than importing part of it
  ---
  duration_ms: 0.172256
  type: 'test'
  ...
# Subtest: refuses skinning attributes rather than importing part of it
ok 724 - refuses skinning attributes rather than importing part of it
  ---
  duration_ms: 0.199826
  type: 'test'
  ...
# Subtest: refuses a missing attribute rather than importing part of it
ok 725 - refuses a missing attribute rather than importing part of it
  ---
  duration_ms: 0.232999
  type: 'test'
  ...
# Subtest: refuses an image rather than importing part of it
ok 726 - refuses an image rather than importing part of it
  ---
  duration_ms: 0.212934
  type: 'test'
  ...
# Subtest: refuses a texture rather than importing part of it
ok 727 - refuses a texture rather than importing part of it
  ---
  duration_ms: 0.147482
  type: 'test'
  ...
# Subtest: refuses a sampler rather than importing part of it
ok 728 - refuses a sampler rather than importing part of it
  ---
  duration_ms: 0.097352
  type: 'test'
  ...
# Subtest: refuses an animation rather than importing part of it
ok 729 - refuses an animation rather than importing part of it
  ---
  duration_ms: 0.093765
  type: 'test'
  ...
# Subtest: refuses a skin rather than importing part of it
ok 730 - refuses a skin rather than importing part of it
  ---
  duration_ms: 0.082851
  type: 'test'
  ...
# Subtest: refuses a required extension rather than importing part of it
ok 731 - refuses a required extension rather than importing part of it
  ---
  duration_ms: 0.169079
  type: 'test'
  ...
# Subtest: refuses a used extension rather than importing part of it
ok 732 - refuses a used extension rather than importing part of it
  ---
  duration_ms: 0.109509
  type: 'test'
  ...
# Subtest: refuses a root extension block rather than importing part of it
ok 733 - refuses a root extension block rather than importing part of it
  ---
  duration_ms: 0.191629
  type: 'test'
  ...
# Subtest: refuses a primitive extension block rather than importing part of it
ok 734 - refuses a primitive extension block rather than importing part of it
  ---
  duration_ms: 0.112505
  type: 'test'
  ...
# Subtest: refuses a part range that is not whole triangles rather than importing part of it
ok 735 - refuses a part range that is not whole triangles rather than importing part of it
  ---
  duration_ms: 0.182669
  type: 'test'
  ...
# Subtest: refuses a part count that is not whole triangles rather than importing part of it
ok 736 - refuses a part count that is not whole triangles rather than importing part of it
  ---
  duration_ms: 0.213816
  type: 'test'
  ...
# Subtest: refuses a part running past the vertices rather than importing part of it
ok 737 - refuses a part running past the vertices rather than importing part of it
  ---
  duration_ms: 0.253713
  type: 'test'
  ...
# Subtest: refuses a negative part range rather than importing part of it
ok 738 - refuses a negative part range rather than importing part of it
  ---
  duration_ms: 0.237358
  type: 'test'
  ...
# Subtest: refuses an unnamed part rather than importing part of it
ok 739 - refuses an unnamed part rather than importing part of it
  ---
  duration_ms: 0.275511
  type: 'test'
  ...
# Subtest: refuses a triangle strip rather than importing part of it
ok 740 - refuses a triangle strip rather than importing part of it
  ---
  duration_ms: 0.097072
  type: 'test'
  ...
# Subtest: refuses mismatched attribute counts rather than importing part of it
ok 741 - refuses mismatched attribute counts rather than importing part of it
  ---
  duration_ms: 0.096781
  type: 'test'
  ...
# Subtest: refuses an external buffer rather than importing part of it
ok 742 - refuses an external buffer rather than importing part of it
  ---
  duration_ms: 0.09637
  type: 'test'
  ...
# Subtest: refuses a buffer view past the chunk rather than importing part of it
ok 743 - refuses a buffer view past the chunk rather than importing part of it
  ---
  duration_ms: 0.131467
  type: 'test'
  ...
# Subtest: refuses missing POSITION bounds rather than importing part of it
ok 744 - refuses missing POSITION bounds rather than importing part of it
  ---
  duration_ms: 0.195807
  type: 'test'
  ...
# Subtest: refuses bounds that exclude the geometry rather than importing part of it
ok 745 - refuses bounds that exclude the geometry rather than importing part of it
  ---
  duration_ms: 0.19244
  type: 'test'
  ...
# Subtest: refuses a stale triangle count rather than importing part of it
ok 746 - refuses a stale triangle count rather than importing part of it
  ---
  duration_ms: 0.203505
  type: 'test'
  ...
# Subtest: refuses a non-finite position rather than importing part of it
ok 747 - refuses a non-finite position rather than importing part of it
  ---
  duration_ms: 0.23361
  type: 'test'
  ...
# Subtest: refuses a colour outside the unit range rather than importing part of it
ok 748 - refuses a colour outside the unit range rather than importing part of it
  ---
  duration_ms: 0.876152
  type: 'test'
  ...
# Subtest: refuses a normal with no direction rather than importing part of it
ok 749 - refuses a normal with no direction rather than importing part of it
  ---
  duration_ms: 0.19258
  type: 'test'
  ...
# Subtest: refuses a glTF 1.0 container rather than importing part of it
ok 750 - refuses a glTF 1.0 container rather than importing part of it
  ---
  duration_ms: 0.489238
  type: 'test'
  ...
# Subtest: refuses a missing BIN chunk rather than importing part of it
ok 751 - refuses a missing BIN chunk rather than importing part of it
  ---
  duration_ms: 0.113237
  type: 'test'
  ...
# Subtest: refuses an unpadded chunk rather than importing part of it
ok 752 - refuses an unpadded chunk rather than importing part of it
  ---
  duration_ms: 0.083633
  type: 'test'
  ...
# Subtest: refuses a wrong declared length rather than importing part of it
ok 753 - refuses a wrong declared length rather than importing part of it
  ---
  duration_ms: 0.061214
  type: 'test'
  ...
# Subtest: refuses a file that is not a GLB rather than importing part of it
ok 754 - refuses a file that is not a GLB rather than importing part of it
  ---
  duration_ms: 0.072177
  type: 'test'
  ...
# Subtest: refuses a truncated file and anything that is not GLB bytes
ok 755 - refuses a truncated file and anything that is not GLB bytes
  ---
  duration_ms: 0.209968
  type: 'test'
  ...
# Subtest: reads an ArrayBuffer and a view that does not start on a 4-byte boundary
ok 756 - reads an ArrayBuffer and a view that does not start on a 4-byte boundary
  ---
  duration_ms: 0.33026
  type: 'test'
  ...
# Subtest: browser UMD API reads the same model as the Node API
ok 757 - browser UMD API reads the same model as the Node API
  ---
  duration_ms: 13.679592
  type: 'test'
  ...
# Subtest: tactical inspection and cheaper aircraft meshes round trip with their original arrays and glass
ok 758 - tactical inspection and cheaper aircraft meshes round trip with their original arrays and glass
  ---
  duration_ms: 1842.868849
  type: 'test'
  ...
# Subtest: aircraft partitions preserve shared and distinct glass opacities without concatenating draw slices
ok 759 - aircraft partitions preserve shared and distinct glass opacities without concatenating draw slices
  ---
  duration_ms: 3.066564
  type: 'test'
  ...
# Subtest: aircraft import refuses missing aircraft marker
ok 760 - aircraft import refuses missing aircraft marker
  ---
  duration_ms: 0.514698
  type: 'test'
  ...
# Subtest: aircraft import refuses missing game-art marker
ok 761 - aircraft import refuses missing game-art marker
  ---
  duration_ms: 0.342251
  type: 'test'
  ...
# Subtest: aircraft import refuses foreign generator dialect
ok 762 - aircraft import refuses foreign generator dialect
  ---
  duration_ms: 0.248675
  type: 'test'
  ...
# Subtest: aircraft import refuses missing surface metadata
ok 763 - aircraft import refuses missing surface metadata
  ---
  duration_ms: 0.264991
  type: 'test'
  ...
# Subtest: aircraft import refuses non-array surface metadata
ok 764 - aircraft import refuses non-array surface metadata
  ---
  duration_ms: 0.169783
  type: 'test'
  ...
# Subtest: aircraft import refuses unsupported surface material
ok 765 - aircraft import refuses unsupported surface material
  ---
  duration_ms: 0.121358
  type: 'test'
  ...
# Subtest: aircraft import refuses surface extension metadata
ok 766 - aircraft import refuses surface extension metadata
  ---
  duration_ms: 0.119475
  type: 'test'
  ...
# Subtest: aircraft import refuses negative surface first
ok 767 - aircraft import refuses negative surface first
  ---
  duration_ms: 0.113706
  type: 'test'
  ...
# Subtest: aircraft import refuses partial triangle surface
ok 768 - aircraft import refuses partial triangle surface
  ---
  duration_ms: 0.103891
  type: 'test'
  ...
# Subtest: aircraft import refuses empty glass surface
ok 769 - aircraft import refuses empty glass surface
  ---
  duration_ms: 0.102228
  type: 'test'
  ...
# Subtest: aircraft import refuses surface beyond global arrays
ok 770 - aircraft import refuses surface beyond global arrays
  ---
  duration_ms: 0.110842
  type: 'test'
  ...
# Subtest: aircraft import refuses overlapping surfaces
ok 771 - aircraft import refuses overlapping surfaces
  ---
  duration_ms: 0.122049
  type: 'test'
  ...
# Subtest: aircraft import refuses glass crossing semantic parts
ok 772 - aircraft import refuses glass crossing semantic parts
  ---
  duration_ms: 0.106105
  type: 'test'
  ...
# Subtest: aircraft import refuses unowned glass
ok 773 - aircraft import refuses unowned glass
  ---
  duration_ms: 0.104833
  type: 'test'
  ...
# Subtest: aircraft import refuses fully opaque glass metadata
ok 774 - aircraft import refuses fully opaque glass metadata
  ---
  duration_ms: 0.104091
  type: 'test'
  ...
# Subtest: aircraft import refuses invisible glass metadata
ok 775 - aircraft import refuses invisible glass metadata
  ---
  duration_ms: 0.094597
  type: 'test'
  ...
# Subtest: aircraft import refuses missing draw slice
ok 776 - aircraft import refuses missing draw slice
  ---
  duration_ms: 0.202124
  type: 'test'
  ...
# Subtest: aircraft import refuses extra accessor
ok 777 - aircraft import refuses extra accessor
  ---
  duration_ms: 0.130172
  type: 'test'
  ...
# Subtest: aircraft import refuses shifted draw slice
ok 778 - aircraft import refuses shifted draw slice
  ---
  duration_ms: 0.118563
  type: 'test'
  ...
# Subtest: aircraft import refuses wrong slice count
ok 779 - aircraft import refuses wrong slice count
  ---
  duration_ms: 0.106636
  type: 'test'
  ...
# Subtest: aircraft import refuses mispaired primitive attribute
ok 780 - aircraft import refuses mispaired primitive attribute
  ---
  duration_ms: 0.139747
  type: 'test'
  ...
# Subtest: aircraft import refuses unsupported draw attribute
ok 781 - aircraft import refuses unsupported draw attribute
  ---
  duration_ms: 0.214803
  type: 'test'
  ...
# Subtest: aircraft import refuses indexed glass primitive
ok 782 - aircraft import refuses indexed glass primitive
  ---
  duration_ms: 0.21281
  type: 'test'
  ...
# Subtest: aircraft import refuses glass primitive morph targets
ok 783 - aircraft import refuses glass primitive morph targets
  ---
  duration_ms: 0.183925
  type: 'test'
  ...
# Subtest: aircraft import refuses paint assigned to glass slice
ok 784 - aircraft import refuses paint assigned to glass slice
  ---
  duration_ms: 0.223397
  type: 'test'
  ...
# Subtest: aircraft import refuses glass opacity disagreement
ok 785 - aircraft import refuses glass opacity disagreement
  ---
  duration_ms: 0.185568
  type: 'test'
  ...
# Subtest: aircraft import refuses opaque glass draw material
ok 786 - aircraft import refuses opaque glass draw material
  ---
  duration_ms: 0.220021
  type: 'test'
  ...
# Subtest: aircraft import refuses unsupported material texture
ok 787 - aircraft import refuses unsupported material texture
  ---
  duration_ms: 0.243908
  type: 'test'
  ...
# Subtest: aircraft import refuses unsupported material extension
ok 788 - aircraft import refuses unsupported material extension
  ---
  duration_ms: 0.155281
  type: 'test'
  ...
# Subtest: aircraft import refuses unused material
ok 789 - aircraft import refuses unused material
  ---
  duration_ms: 0.119285
  type: 'test'
  ...
# Subtest: aircraft import refuses wrong slice bounds
ok 790 - aircraft import refuses wrong slice bounds
  ---
  duration_ms: 0.123922
  type: 'test'
  ...
# Subtest: aircraft import refuses extra global buffer view
ok 791 - aircraft import refuses extra global buffer view
  ---
  duration_ms: 0.120757
  type: 'test'
  ...
# Subtest: aircraft import refuses overlapping global arrays
ok 792 - aircraft import refuses overlapping global arrays
  ---
  duration_ms: 0.094516
  type: 'test'
  ...
# Subtest: aircraft import refuses negative slice byte offset
ok 793 - aircraft import refuses negative slice byte offset
  ---
  duration_ms: 0.112524
  type: 'test'
  ...
# Subtest: browser aircraft import preserves the same continuous arrays and surface metadata as Node
ok 794 - browser aircraft import preserves the same continuous arrays and surface metadata as Node
  ---
  duration_ms: 46.721496
  type: 'test'
  ...
# PASS baseline is bounded finite geometry with normalized winding and semantic parts
# PASS mesh is deterministic and does not mutate a draft
# PASS standard chassis has full track loops, individual links, wheels, muzzle and fittings
# PASS drive_mobile visibly changes geometry in its named component part
# PASS protection_heavy visibly changes geometry in its named component part
# PASS protection_active visibly changes geometry in its named component part
# PASS armament_heavy visibly changes geometry in its named component part
# PASS sensors_integrated visibly changes geometry in its named component part
# PASS comms_data visibly changes geometry in its named component part
# PASS heavy chassis has larger width, longer hull and additional running gear
# PASS fully upgraded concept stays inside the renderer geometry budget
# PASS missing and unsupported values use stable safe visual defaults
# PASS browser global exports the same build contract without dependencies
# PASS every independent catalogue specification survives model resolution and GLB metadata
# PASS light chassis, casemate and separate exterior upgrades produce different valid meshes
# PASS reinforced armor and independent active protection are both represented
# PASS all five specialist chassis are distinct complete geometry with their thirteen role specifications
# PASS every new simulation component resolves and exterior choices change the actual triangles
# PASS every tank ammunition load draws its own stowage, at the card level too
# PASS mission upgrades alter observable silhouette, running gear and weapons
# PASS build(spec) still returns the inspection mesh, and lod selects a coarser one
# PASS every level keeps the same parts, slots, labels and order so picking survives the swap
# PASS a coarse level still answers every component choice with different geometry
# PASS every catalogue option holds the coarse triangle bands on every platform that fields it
# PASS the coarse bands survive a fully loaded vehicle, not only one changed slot
# PASS a wheeled platform pays for its extra road tyres inside the coarse budget
# PASS the reference exports stay under the byte cap check_equipment_export.cjs enforces
# PASS a specialist that fields two ammunition loads shows which one it carries
# PASS the committed component coverage report still matches the geometry
# PASS light attack and tactical strike are distinct complete aircraft with eight pickable specifications
# PASS every aviation component resolves from the live catalogue and every selectable upgrade changes its own visible assembly
# PASS light aircraft reject heavy-only visuals and omit stale ground slots
# 32 equipment mesh checks passed; baseline 68,872 triangles, 34.9% of its vertices smoothed, LOD1 8,050, LOD2 1,168.
# Subtest: /mnt/c/Users/ridge/Documents/Codex/2026-09-05/pick-up-the-spheres-game-on/work/campaign-certification/integration/tools/ui/check_equipment_mesh.cjs
ok 39 - /mnt/c/Users/ridge/Documents/Codex/2026-09-05/pick-up-the-spheres-game-on/work/campaign-certification/integration/tools/ui/check_equipment_mesh.cjs
  ---
  duration_ms: 132508.135023
  type: 'test'
  ...
# Subtest: all18 ground coarse meshes match their reviewed baselines and preserve part identities
ok 796 - all18 ground coarse meshes match their reviewed baselines and preserve part identities
  ---
  duration_ms: 177.741666
  type: 'test'
  ...
# Subtest: paired tank road wheels leave a real central rubber-free guide channel
ok 797 - paired tank road wheels leave a real central rubber-free guide channel
  ---
  duration_ms: 42.690521
  type: 'test'
  ...
# Subtest: tracked specialists use paired tyres while wheeled families keep single road tires
ok 798 - tracked specialists use paired tyres while wheeled families keep single road tires
  ---
  duration_ms: 14.797791
  type: 'test'
  ...
# Subtest: tank guide horns taper toward their tips instead of hiding rectangular blocks between wheels
ok 799 - tank guide horns taper toward their tips instead of hiding rectangular blocks between wheels
  ---
  duration_ms: 8.200191
  type: 'test'
  ...
# Subtest: aircraft wings have curved span-varying airfoil volume rather than flat slabs
ok 800 - aircraft wings have curved span-varying airfoil volume rather than flat slabs
  ---
  duration_ms: 63.742106
  type: 'test'
  ...
# Subtest: aircraft fuselage and canopy normals are shared curved surfaces
ok 801 - aircraft fuselage and canopy normals are shared curved surfaces
  ---
  duration_ms: 0.62248
  type: 'test'
  ...
# Subtest: every inspection triangle is finite, nondegenerate, grounded and faces its declared normals
ok 802 - every inspection triangle is finite, nondegenerate, grounded and faces its declared normals
  ---
  duration_ms: 3236.924158
  type: 'test'
  ...
# Subtest: inspection detail preserves immutable specifications and deterministic geometry
ok 803 - inspection detail preserves immutable specifications and deterministic geometry
  ---
  duration_ms: 4919.044351
  type: 'test'
  ...
# Subtest: extra detail respects meter scale and the light tank remains the scaled platform
ok 804 - extra detail respects meter scale and the light tank remains the scaled platform
  ---
  duration_ms: 13.109307
  type: 'test'
  ...
# Subtest: hydropneumatic tanks remain visibly distinct under the unchanged component coverage metric
ok 805 - hydropneumatic tanks remain visibly distinct under the unchanged component coverage metric
  ---
  duration_ms: 8138.561458
  type: 'test'
  ...
# Subtest: perspective views contain a complete tank at normal zoom without clipping across aspect ratios
ok 806 - perspective views contain a complete tank at normal zoom without clipping across aspect ratios
  ---
  duration_ms: 4.876963
  type: 'test'
  ...
# Subtest: model identity follows configuration rather than display names or property insertion order
ok 807 - model identity follows configuration rather than display names or property insertion order
  ---
  duration_ms: 0.256348
  type: 'test'
  ...
# Subtest: cosmetic paint preserves unpainted materials and never mutates original colors
ok 808 - cosmetic paint preserves unpainted materials and never mutates original colors
  ---
  duration_ms: 0.854164
  type: 'test'
  ...
# Subtest: changing detail level replaces the displayed and exported geometry; equivalent detail reuses it
ok 809 - changing detail level replaces the displayed and exported geometry; equivalent detail reuses it
  ---
  duration_ms: 17.221131
  type: 'test'
  ...
# Subtest: material readiness redraws the designer and paint/geometry updates reuse its texture pack
ok 810 - material readiness redraws the designer and paint/geometry updates reuse its texture pack
  ---
  duration_ms: 29.31436
  type: 'test'
  ...
# Subtest: designer context loss abandons old material handles and restoration owns a fresh pack
ok 811 - designer context loss abandons old material handles and restoration owns a fresh pack
  ---
  duration_ms: 1.441026
  type: 'test'
  ...
# Subtest: repainting/name edits reuse geometry, a component edit replaces buffers, disposal releases all GPU resources and listeners
ok 812 - repainting/name edits reuse geometry, a component edit replaces buffers, disposal releases all GPU resources and listeners
  ---
  duration_ms: 1.290564
  type: 'test'
  ...
# Subtest: idle preview is demand-rendered and rotation suspends while hidden or outside the viewport
ok 813 - idle preview is demand-rendered and rotation suspends while hidden or outside the viewport
  ---
  duration_ms: 5.3675
  type: 'test'
  ...
# Subtest: WebGL loss pauses rendering and restores current geometry, rather than creating a second renderer
ok 814 - WebGL loss pauses rendering and restores current geometry, rather than creating a second renderer
  ---
  duration_ms: 1.76556
  type: 'test'
  ...
# Subtest: partial context restoration releases GPU allocations while preserving the selected part and downloadable finish
ok 815 - partial context restoration releases GPU allocations while preserving the selected part and downloadable finish
  ---
  duration_ms: 6.366287
  type: 'test'
  ...
# Subtest: unavailable graphics retain a clear fallback and a downloadable actual mesh
ok 816 - unavailable graphics retain a clear fallback and a downloadable actual mesh
  ---
  duration_ms: 1.01458
  type: 'test'
  ...
# Subtest: downloads follow the selected finish even when WebGL is unavailable
ok 817 - downloads follow the selected finish even when WebGL is unavailable
  ---
  duration_ms: 0.752786
  type: 'test'
  ...
# Subtest: changing finish during context loss updates downloads and the restored GPU colors
ok 818 - changing finish during context loss updates downloads and the restored GPU colors
  ---
  duration_ms: 1.176076
  type: 'test'
  ...
# Subtest: failed rebuild clears stale imagery and exports, releases model buffers, and allows the same specification to retry
ok 819 - failed rebuild clears stale imagery and exports, releases model buffers, and allows the same specification to retry
  ---
  duration_ms: 1.135361
  type: 'test'
  ...
# Subtest: a partial GPU upload failure releases newly allocated model buffers and can recover
ok 820 - a partial GPU upload failure releases newly allocated model buffers and can recover
  ---
  duration_ms: 1.247731
  type: 'test'
  ...
# Subtest: ray picking returns the nearest actual triangle and respects empty space and occlusion
ok 821 - ray picking returns the nearest actual triangle and respects empty space and occlusion
  ---
  duration_ms: 0.342788
  type: 'test'
  ...
# Subtest: a canvas click picks visible geometry, bubbles its slot, and preserves camera and exported finish
ok 822 - a canvas click picks visible geometry, bubbles its slot, and preserves camera and exported finish
  ---
  duration_ms: 1.680179
  type: 'test'
  ...
# Subtest: orbit drags, cancelled gestures and two-pointer gestures do not select parts
ok 823 - orbit drags, cancelled gestures and two-pointer gestures do not select parts
  ---
  duration_ms: 6.488077
  type: 'test'
  ...
# Subtest: all specialist hulls, tall radar and extended barrels fit the unchanged camera views
ok 824 - all specialist hulls, tall radar and extended barrels fit the unchanged camera views
  ---
  duration_ms: 545.908142
  type: 'test'
  ...
# Subtest: projected visible mission installations and weapons ray-pick their true specification slots
ok 825 - projected visible mission installations and weapons ray-pick their true specification slots
  ---
  duration_ms: 463.138228
  type: 'test'
  ...
# Subtest: native keyboard part selection works without graphics and selection survives context restoration
ok 826 - native keyboard part selection works without graphics and selection survives context restoration
  ---
  duration_ms: 2.868006
  type: 'test'
  ...
# Subtest: aircraft fit all camera views and expose each specification through visible triangle picking
ok 827 - aircraft fit all camera views and expose each specification through visible triangle picking
  ---
  duration_ms: 1951.430375
  type: 'test'
  ...
# Subtest: named views preserve an explicit user zoom while Reset returns to the complete-model fit
ok 828 - named views preserve an explicit user zoom while Reset returns to the complete-model fit
  ---
  duration_ms: 1.979328
  type: 'test'
  ...
# Subtest: tank nose armor stays below its deck instead of bulging over it as a cylindrical casting
ok 829 - tank nose armor stays below its deck instead of bulging over it as a cylindrical casting
  ---
  duration_ms: 515.863767
  type: 'test'
  ...
# Subtest: specialist frontal armor is composed of flat folded plates instead of a curved cross-hull drum
ok 830 - specialist frontal armor is composed of flat folded plates instead of a curved cross-hull drum
  ---
  duration_ms: 501.741555
  type: 'test'
  ...
# Subtest: tank headlamps have compact neutral faces carried by the upper deck brackets
ok 831 - tank headlamps have compact neutral faces carried by the upper deck brackets
  ---
  duration_ms: 482.784034
  type: 'test'
  ...
# Subtest: rotating turret roofs taper into a narrow gun opening while keeping a broad crew compartment
ok 832 - rotating turret roofs taper into a narrow gun opening while keeping a broad crew compartment
  ---
  duration_ms: 768.190467
  type: 'test'
  ...
# Subtest: casemate armor has an intermediate shoulder within the redesigned tank envelope
ok 833 - casemate armor has an intermediate shoulder within the redesigned tank envelope
  ---
  duration_ms: 203.263013
  type: 'test'
  ...
# Subtest: aircraft root fairings rise off the wing into the fuselage instead of using flat join plates
ok 834 - aircraft root fairings rise off the wing into the fuselage instead of using flat join plates
  ---
  duration_ms: 2323.641614
  type: 'test'
  ...
# Subtest: forebody shapes contain curved intermediate sections rather than only linearly joined endpoints
ok 835 - forebody shapes contain curved intermediate sections rather than only linearly joined endpoints
  ---
  duration_ms: 2113.59553
  type: 'test'
  ...
# Subtest: every engine choice exposes two actual inlet throats with unobstructed depth to the fan
ok 836 - every engine choice exposes two actual inlet throats with unobstructed depth to the fan
  ---
  duration_ms: 2883.386078
  type: 'test'
  ...
# Subtest: changed profiles remain inside existing shipping geometry allowances
ok 837 - changed profiles remain inside existing shipping geometry allowances
  ---
  duration_ms: 2747.636924
  type: 'test'
  ...
# Subtest: affected armor, duct and curved shell configurations retain the full existing normal contract
ok 838 - affected armor, duct and curved shell configurations retain the full existing normal contract
  ---
  duration_ms: 26473.384019
  type: 'test'
  ...
# Subtest: one RGBA depth target renders actual mesh once and replaces projected floor shadow
ok 839 - one RGBA depth target renders actual mesh once and replaces projected floor shadow
  ---
  duration_ms: 17.087288
  type: 'test'
  ...
# Subtest: camera, paint, name and selection reuse light depth; geometry changes invalidate it without allocating another target
ok 840 - camera, paint, name and selection reuse light depth; geometry changes invalidate it without allocating another target
  ---
  duration_ms: 12.411945
  type: 'test'
  ...
# Subtest: 512 targets work on smaller devices while missing capabilities use the unchanged projected-shadow path
ok 841 - 512 targets work on smaller devices while missing capabilities use the unchanged projected-shadow path
  ---
  duration_ms: 13.361906
  type: 'test'
  ...
# Subtest: every partial shadow allocation, shader and link failure releases resources and leaves a functioning fallback
ok 842 - every partial shadow allocation, shader and link failure releases resources and leaves a functioning fallback
  ---
  duration_ms: 21.715955
  type: 'test'
  ...
# Subtest: a failing optional depth draw returns to the default framebuffer and replaces its sampling shader
ok 843 - a failing optional depth draw returns to the default framebuffer and replaces its sampling shader
  ---
  duration_ms: 15.285761
  type: 'test'
  ...
# Subtest: context loss discards shadow handles without GL calls and restores the latest geometry on the same canvas
ok 844 - context loss discards shadow handles without GL calls and restores the latest geometry on the same canvas
  ---
  duration_ms: 10.250614
  type: 'test'
  ...
# Subtest: failed context restoration cleans both renderer and shadow resources before a successful retry
ok 845 - failed context restoration cleans both renderer and shadow resources before a successful retry
  ---
  duration_ms: 3.216378
  type: 'test'
  ...
# Subtest: mesh corners and their ground projections fit a stable light volume across vehicle sizes
ok 846 - mesh corners and their ground projections fit a stable light volume across vehicle sizes
  ---
  duration_ms: 9.68801
  type: 'test'
  ...
# Subtest: packed depth preserves ordering and receiver shaders share the correct precision and material visibility
ok 847 - packed depth preserves ordering and receiver shaders share the correct precision and material visibility
  ---
  duration_ms: 7.560933
  type: 'test'
  ...
# Subtest: terrain tilt and camera height derive from one live view and return to overhead when disabled
ok 848 - terrain tilt and camera height derive from one live view and return to overhead when disabled
  ---
  duration_ms: 18.618421
  type: 'test'
  ...
# Subtest: tilted projection and picking round-trip sourced coordinates at close zoom and multiple pixel ratios
ok 849 - tilted projection and picking round-trip sourced coordinates at close zoom and multiple pixel ratios
  ---
  duration_ms: 54.707238
  type: 'test'
  ...
# Subtest: smooth synthetic valleys and peaks retain terrain-aware picking at city zoom
ok 850 - smooth synthetic valleys and peaks retain terrain-aware picking at city zoom
  ---
  duration_ms: 2.722291
  type: 'test'
  ...
# Subtest: raised terrain above the base-globe horizon stays pickable
ok 851 - raised terrain above the base-globe horizon stays pickable
  ---
  duration_ms: 0.610588
  type: 'test'
  ...
# Subtest: overhead picking retains camera precision after leaving Terrain despite the small marker lift
ok 852 - overhead picking retains camera precision after leaving Terrain despite the small marker lift
  ---
  duration_ms: 0.534535
  type: 'test'
  ...
# Subtest: actual horizontal drag preserves screen travel while its angular rate shrinks with close zoom
ok 853 - actual horizontal drag preserves screen travel while its angular rate shrinks with close zoom
  ---
  duration_ms: 1.108619
  type: 'test'
  ...
# Subtest: at the ceiling the relief is 1x and picking still lands on the flattened ground
ok 854 - at the ceiling the relief is 1x and picking still lands on the flattened ground
  ---
  duration_ms: 0.781917
  type: 'test'
  ...
# Subtest: the relief ramp and the zoom ceiling are one derivation, and the camera clears the rock at every zoom
ok 855 - the relief ramp and the zoom ceiling are one derivation, and the camera clears the rock at every zoom
  ---
  duration_ms: 17.708828
  type: 'test'
  ...
# Subtest: UMD exposes a frozen pure renderer in Node and a browser global
ok 856 - UMD exposes a frozen pure renderer in Node and a browser global
  ---
  duration_ms: 9.595987
  type: 'test'
  ...
# Subtest: rendering every section preserves frozen server data and caller state
ok 857 - rendering every section preserves frozen server data and caller state
  ---
  duration_ms: 31.770556
  type: 'test'
  ...
# Subtest: hero uses the council artwork and the actual served country and leader
ok 858 - hero uses the council artwork and the actual served country and leader
  ---
  duration_ms: 0.532125
  type: 'test'
  ...
# Subtest: unnamed office holders stay unnamed and preserve their actual described office
ok 859 - unnamed office holders stay unnamed and preserve their actual described office
  ---
  duration_ms: 0.340565
  type: 'test'
  ...
# Subtest: leadership retains succession, native names and other served offices
ok 860 - leadership retains succession, native names and other served offices
  ---
  duration_ms: 0.369775
  type: 'test'
  ...
# Subtest: briefing uses exact server statistics and policy explanations
ok 861 - briefing uses exact server statistics and policy explanations
  ---
  duration_ms: 0.389638
  type: 'test'
  ...
# Subtest: server attention/good/info tones map to visible accessible treatments
ok 862 - server attention/good/info tones map to visible accessible treatments
  ---
  duration_ms: 0.432474
  type: 'test'
  ...
# Subtest: only allowlisted short policy routes become navigation controls
ok 863 - only allowlisted short policy routes become navigation controls
  ---
  duration_ms: 0.371784
  type: 'test'
  ...
# Subtest: foreign governments retain inspection with only return-to-mine navigation
ok 864 - foreign governments retain inspection with only return-to-mine navigation
  ---
  duration_ms: 1.019717
  type: 'test'
  ...
# Subtest: tabs have one selected keyboard stop and a matching active panel
ok 865 - tabs have one selected keyboard stop and a matching active panel
  ---
  duration_ms: 3.074615
  type: 'test'
  ...
# Subtest: unrecognized tab state safely defaults to overview
ok 866 - unrecognized tab state safely defaults to overview
  ---
  duration_ms: 0.446
  type: 'test'
  ...
# Subtest: default available filter retains original action IDs and discloses refusal reasons
ok 867 - default available filter retains original action IDs and discloses refusal reasons
  ---
  duration_ms: 2.090933
  type: 'test'
  ...
# Subtest: all decisions includes disabled review controls with the original index and reason
ok 868 - all decisions includes disabled review controls with the original index and reason
  ---
  duration_ms: 0.427394
  type: 'test'
  ...
# Subtest: decision search does not reindex commands and can find refusal conditions
ok 869 - decision search does not reindex commands and can find refusal conditions
  ---
  duration_ms: 0.336398
  type: 'test'
  ...
# Subtest: missing commands or prices remain unavailable instead of becoming zero-cost orders
ok 870 - missing commands or prices remain unavailable instead of becoming zero-cost orders
  ---
  duration_ms: 0.394729
  type: 'test'
  ...
# Subtest: busy state disables all decision reviews without hiding their effects
ok 871 - busy state disables all decision reviews without hiding their effects
  ---
  duration_ms: 0.401949
  type: 'test'
  ...
# Subtest: foreign decision inspection never offers an enabled order
ok 872 - foreign decision inspection never offers an enabled order
  ---
  duration_ms: 0.430808
  type: 'test'
  ...
# Subtest: party tables distinguish public support from parliamentary seat shares
ok 873 - party tables distinguish public support from parliamentary seat shares
  ---
  duration_ms: 0.619074
  type: 'test'
  ...
# Subtest: party search supports native names without changing political totals
ok 874 - party search supports native names without changing political totals
  ---
  duration_ms: 0.46772
  type: 'test'
  ...
# Subtest: foreign backing keeps domestic support distinct and protects unexposed sponsors
ok 875 - foreign backing keeps domestic support distinct and protects unexposed sponsors
  ---
  duration_ms: 0.729068
  type: 'test'
  ...
# Subtest: regimes show actual institutions, loyalty and dormant party records
ok 876 - regimes show actual institutions, loyalty and dormant party records
  ---
  duration_ms: 0.559086
  type: 'test'
  ...
# Subtest: ideology-off electoral campaigns keep parliament and cabinet mechanics visible
ok 877 - ideology-off electoral campaigns keep parliament and cabinet mechanics visible
  ---
  duration_ms: 0.442486
  type: 'test'
  ...
# Subtest: ideology-off regimes retain ordinary institutional loyalty and coup pressure
ok 878 - ideology-off regimes retain ordinary institutional loyalty and coup pressure
  ---
  duration_ms: 0.485432
  type: 'test'
  ...
# Subtest: ideology-off overview preserves supplied leadership and ordinary fallback metrics
ok 879 - ideology-off overview preserves supplied leadership and ordinary fallback metrics
  ---
  duration_ms: 0.521813
  type: 'test'
  ...
# Subtest: ideology-off watch explains its scope without declaring ordinary government disabled
ok 880 - ideology-off watch explains its scope without declaring ordinary government disabled
  ---
  duration_ms: 0.237038
  type: 'test'
  ...
# Subtest: watch preserves served route status, gauges and progress without inferring chance
ok 881 - watch preserves served route status, gauges and progress without inferring chance
  ---
  duration_ms: 3.124235
  type: 'test'
  ...
# Subtest: missing watch routes report missing readings without inventing conditions
ok 882 - missing watch routes report missing readings without inventing conditions
  ---
  duration_ms: 0.197836
  type: 'test'
  ...
# Subtest: valid review uses actual cost, exact before/after strings and one confirmation
ok 883 - valid review uses actual cost, exact before/after strings and one confirmation
  ---
  duration_ms: 0.704064
  type: 'test'
  ...
# Subtest: financial preview displays authoritative money units including small actual payments
ok 884 - financial preview displays authoritative money units including small actual payments
  ---
  duration_ms: 1.266174
  type: 'test'
  ...
# Subtest: refused review shows the live reason and cannot confirm
ok 885 - refused review shows the live reason and cannot confirm
  ---
  duration_ms: 0.374445
  type: 'test'
  ...
# Subtest: loading reviews hide stale effects and disable other decision reviews
ok 886 - loading reviews hide stale effects and disable other decision reviews
  ---
  duration_ms: 0.388252
  type: 'test'
  ...
# Subtest: failed reviews hide stale effects and offer a separately identified retry
ok 887 - failed reviews hide stale effects and offer a separately identified retry
  ---
  duration_ms: 0.300691
  type: 'test'
  ...
# Subtest: busy, missing and mismatched-index review states cannot confirm
ok 888 - busy, missing and mismatched-index review states cannot confirm
  ---
  duration_ms: 2.139507
  type: 'test'
  ...
# Subtest: missing statistics are unknown, while explicit zero remains zero
ok 889 - missing statistics are unknown, while explicit zero remains zero
  ---
  duration_ms: 0.2957
  type: 'test'
  ...
# Subtest: labels, search, errors and before/after values are HTML escaped
ok 890 - labels, search, errors and before/after values are HTML escaped
  ---
  duration_ms: 0.353439
  type: 'test'
  ...
# Subtest: untrusted styling metadata cannot become inline CSS or event attributes
ok 891 - untrusted styling metadata cannot become inline CSS or event attributes
  ---
  duration_ms: 3.123031
  type: 'test'
  ...
# Subtest: loading and read failure offer honest states without decisions
ok 892 - loading and read failure offer honest states without decisions
  ---
  duration_ms: 0.166266
  type: 'test'
  ...
# Subtest: search and disclosures expose stable hooks for host focus and open-state restoration
ok 893 - search and disclosures expose stable hooks for host focus and open-state restoration
  ---
  duration_ms: 1.062092
  type: 'test'
  ...
# Subtest: future organization disclosures preserve counterfactual play and escape research notes
ok 894 - future organization disclosures preserve counterfactual play and escape research notes
  ---
  duration_ms: 5.074281
  type: 'test'
  ...
# Subtest: party-only offices stay distinct from national office eligibility
ok 895 - party-only offices stay distinct from national office eligibility
  ---
  duration_ms: 1.196032
  type: 'test'
  ...
# Subtest: future paired leadership explains vacancies without replacing existing single chairs
ok 896 - future paired leadership explains vacancies without replacing existing single chairs
  ---
  duration_ms: 1.878607
  type: 'test'
  ...
# Subtest: explicit contenders use the supplied national role without scheduling election outcomes
ok 897 - explicit contenders use the supplied national role without scheduling election outcomes
  ---
  duration_ms: 0.746447
  type: 'test'
  ...
# Subtest: a future party successor does not gain national eligibility from age or biography
ok 898 - a future party successor does not gain national eligibility from age or biography
  ---
  duration_ms: 0.814474
  type: 'test'
  ...
# Subtest: older payloads do not invent missing executive eligibility
ok 899 - older payloads do not invent missing executive eligibility
  ---
  duration_ms: 0.709415
  type: 'test'
  ...
# Subtest: government-role explanations retain campaign appointments and escape sourced prose
ok 900 - government-role explanations retain campaign appointments and escape sourced prose
  ---
  duration_ms: 1.007141
  type: 'test'
  ...
# Subtest: 1990 campaign offers a separate fictional future preview without filling its historical gap
ok 901 - 1990 campaign offers a separate fictional future preview without filling its historical gap
  ---
  duration_ms: 0.509027
  type: 'test'
  ...
# Subtest: future biography, pending cartoon and researched background have distinct honest labels
ok 902 - future biography, pending cartoon and researched background have distinct honest labels
  ---
  duration_ms: 1.583413
  type: 'test'
  ...
# Subtest: future preview does not show a misleading age calculated at the 1990 campaign date
ok 903 - future preview does not show a misleading age calculated at the 1990 campaign date
  ---
  duration_ms: 9.196595
  type: 'test'
  ...
# Subtest: a registered fictional cartoon is labelled as an imagined appearance rather than historical likeness
ok 904 - a registered fictional cartoon is labelled as an imagined appearance rather than historical likeness
  ---
  duration_ms: 0.555989
  type: 'test'
  ...
# Subtest: historical reference controls remain bounded and exclude fictional previews
ok 905 - historical reference controls remain bounded and exclude fictional previews
  ---
  duration_ms: 0.631929
  type: 'test'
  ...
# Subtest: future names are searchable in campaign mode without entering historical search results
ok 906 - future names are searchable in campaign mode without entering historical search results
  ---
  duration_ms: 0.491747
  type: 'test'
  ...
# Subtest: actual future eligibility is taken from the server and never inferred from the biography
ok 907 - actual future eligibility is taken from the server and never inferred from the biography
  ---
  duration_ms: 0.478221
  type: 'test'
  ...
# Subtest: rule-off campaigns expose future cast previews without claiming active succession eligibility
ok 908 - rule-off campaigns expose future cast previews without claiming active succession eligibility
  ---
  duration_ms: 0.435597
  type: 'test'
  ...
# Subtest: seated fictional leaders stay visibly fictional in leadership and executive overview
ok 909 - seated fictional leaders stay visibly fictional in leadership and executive overview
  ---
  duration_ms: 1.04128
  type: 'test'
  ...
# Subtest: future coalition previews retain separate component identities
ok 910 - future coalition previews retain separate component identities
  ---
  duration_ms: 1.817257
  type: 'test'
  ...
# Subtest: archived sequential organizations do not appear as current future successors or search matches
ok 911 - archived sequential organizations do not appear as current future successors or search matches
  ---
  duration_ms: 0.440147
  type: 'test'
  ...
# Subtest: future text and research links are escaped and rendering does not mutate the catalogue
ok 912 - future text and research links are escaped and rendering does not mutate the catalogue
  ---
  duration_ms: 1.32774
  type: 'test'
  ...
# Subtest: leadership gets an accessible active tab when the API supplies its read model
ok 913 - leadership gets an accessible active tab when the API supplies its read model
  ---
  duration_ms: 0.876488
  type: 'test'
  ...
# Subtest: older government payloads keep their existing four sections
ok 914 - older government payloads keep their existing four sections
  ---
  duration_ms: 0.393958
  type: 'test'
  ...
# Subtest: every party is represented, including a zero-share small partner and explicit gaps
ok 915 - every party is represented, including a zero-share small partner and explicit gaps
  ---
  duration_ms: 0.585088
  type: 'test'
  ...
# Subtest: combined game rows retain each component leader instead of inventing a joint person
ok 916 - combined game rows retain each component leader instead of inventing a joint person
  ---
  duration_ms: 0.265072
  type: 'test'
  ...
# Subtest: campaign holders preserve supplied identities, dates, roles and divergence
ok 917 - campaign holders preserve supplied identities, dates, roles and divergence
  ---
  duration_ms: 0.216002
  type: 'test'
  ...
# Subtest: reference browsing displays reference identities without leaking current campaign holders
ok 918 - reference browsing displays reference identities without leaking current campaign holders
  ---
  duration_ms: 0.295646
  type: 'test'
  ...
# Subtest: the year list covers 1990–2026 while exact dates stop at the verified cutoff
ok 919 - the year list covers 1990–2026 while exact dates stop at the verified cutoff
  ---
  duration_ms: 0.189564
  type: 'test'
  ...
# Subtest: reference controls expose distinct host hooks and never an order or confirmation
ok 920 - reference controls expose distinct host hooks and never an order or confirmation
  ---
  duration_ms: 0.25736
  type: 'test'
  ...
# Subtest: loading reference hides a previous successful response
ok 921 - loading reference hides a previous successful response
  ---
  duration_ms: 0.216062
  type: 'test'
  ...
# Subtest: failed reference hides stale data and retries the reference only
ok 922 - failed reference hides stale data and retries the reference only
  ---
  duration_ms: 0.194022
  type: 'test'
  ...
# Subtest: stale nation and date responses are not presented as the selected reference
ok 923 - stale nation and date responses are not presented as the selected reference
  ---
  duration_ms: 0.257732
  type: 'test'
  ...
# Subtest: campaign mode ignores an unrelated pending or failed historical response
ok 924 - campaign mode ignores an unrelated pending or failed historical response
  ---
  duration_ms: 0.230792
  type: 'test'
  ...
# Subtest: campaigns with the rule off label historical identities as references
ok 925 - campaigns with the rule off label historical identities as references
  ---
  duration_ms: 0.169311
  type: 'test'
  ...
# Subtest: unknown dates remain unknown; month and year precision stay visible
ok 926 - unknown dates remain unknown; month and year precision stay visible
  ---
  duration_ms: 0.193581
  type: 'test'
  ...
# Subtest: acting and co-leadership are preserved with separate person identities
ok 927 - acting and co-leadership are preserved with separate person identities
  ---
  duration_ms: 0.278537
  type: 'test'
  ...
# Subtest: candidate evidence is a disclosure, not a promised election outcome
ok 928 - candidate evidence is a disclosure, not a promised election outcome
  ---
  duration_ms: 0.341273
  type: 'test'
  ...
# Subtest: known people without art keep names and explicit avatar placeholders
ok 929 - known people without art keep names and explicit avatar placeholders
  ---
  duration_ms: 0.204264
  type: 'test'
  ...
# Subtest: cartoon artwork is uncropped, compact and explicitly labelled
ok 930 - cartoon artwork is uncropped, compact and explicitly labelled
  ---
  duration_ms: 16.332431
  type: 'test'
  ...
# Subtest: overview displays only the exact bound executive cartoon and preserves the person name
ok 931 - overview displays only the exact bound executive cartoon and preserves the person name
  ---
  duration_ms: 0.346032
  type: 'test'
  ...
# Subtest: untrusted image URLs cannot become avatar requests
ok 932 - untrusted image URLs cannot become avatar requests
  ---
  duration_ms: 1.52881
  type: 'test'
  ...
# Subtest: source disclosures keep HTTPS evidence and reject executable or local links
ok 933 - source disclosures keep HTTPS evidence and reject executable or local links
  ---
  duration_ms: 0.306591
  type: 'test'
  ...
# Subtest: search includes people, native names and small component parties
ok 934 - search includes people, native names and small component parties
  ---
  duration_ms: 0.269852
  type: 'test'
  ...
# Subtest: search does not mutate dates, terms, candidates or caller state
ok 935 - search does not mutate dates, terms, candidates or caller state
  ---
  duration_ms: 0.685739
  type: 'test'
  ...
# Subtest: person ages are served labels rather than a browser-derived number
ok 936 - person ages are served labels rather than a browser-derived number
  ---
  duration_ms: 0.475471
  type: 'test'
  ...
# Subtest: foreign views retain the same read-only leadership browsing controls
ok 937 - foreign views retain the same read-only leadership browsing controls
  ---
  duration_ms: 0.680227
  type: 'test'
  ...
# Subtest: missing leadership payload and backend errors remain explicit
ok 938 - missing leadership payload and backend errors remain explicit
  ---
  duration_ms: 0.13477
  type: 'test'
  ...
# Subtest: unknown person references do not fabricate a name, face or biography
ok 939 - unknown person references do not fabricate a name, face or biography
  ---
  duration_ms: 0.201141
  type: 'test'
  ...
# Subtest: party, person, component, image credits and search text are HTML escaped
ok 940 - party, person, component, image credits and search text are HTML escaped
  ---
  duration_ms: 0.402654
  type: 'test'
  ...
# Subtest: empty and filtered-out catalogues explain the distinction
ok 941 - empty and filtered-out catalogues explain the distinction
  ---
  duration_ms: 0.250673
  type: 'test'
  ...
# Subtest: avatar attribution distinguishes generated artwork from a licensed reference image
ok 942 - avatar attribution distinguishes generated artwork from a licensed reference image
  ---
  duration_ms: 0.383646
  type: 'test'
  ...
# Subtest: a supplied artwork license gets its own safe link and unsafe license URLs stay plain text
ok 943 - a supplied artwork license gets its own safe link and unsafe license URLs stay plain text
  ---
  duration_ms: 1.467921
  type: 'test'
  ...
# Subtest: uncertain historical people are disclosed separately from verified holders and eligible candidates
ok 944 - uncertain historical people are disclosed separately from verified holders and eligible candidates
  ---
  duration_ms: 0.555146
  type: 'test'
  ...
# Subtest: a person known only through an uncertain date can still be found without making them eligible
ok 945 - a person known only through an uncertain date can still be found without making them eligible
  ---
  duration_ms: 0.241938
  type: 'test'
  ...
# Subtest: leadership browsing does not expose a retained decision confirmation from another section
ok 946 - leadership browsing does not expose a retained decision confirmation from another section
  ---
  duration_ms: 28.154522
  type: 'test'
  ...
# Subtest: actual historical host uses a GET read without a command, session receipt or world adoption
ok 947 - actual historical host uses a GET read without a command, session receipt or world adoption
  ---
  duration_ms: 11.83665
  type: 'test'
  ...
# Subtest: out-of-order historical responses cannot overwrite a later selected date
ok 948 - out-of-order historical responses cannot overwrite a later selected date
  ---
  duration_ms: 11.110015
  type: 'test'
  ...
# Subtest: same-date retries use request identity so an older error cannot replace new data
ok 949 - same-date retries use request identity so an older error cannot replace new data
  ---
  duration_ms: 7.963361
  type: 'test'
  ...
# Subtest: closing Government invalidates an in-flight reference without a late redraw
ok 950 - closing Government invalidates an in-flight reference without a late redraw
  ---
  duration_ms: 13.186411
  type: 'test'
  ...
# Subtest: switching nation clears the reference and its search before an old response returns
ok 951 - switching nation clears the reference and its search before an old response returns
  ---
  duration_ms: 27.199805
  type: 'test'
  ...
# Subtest: leaving Leadership invalidates pending references without clearing other tab searches
ok 952 - leaving Leadership invalidates pending references without clearing other tab searches
  ---
  duration_ms: 6.202465
  type: 'test'
  ...
# Subtest: switching to campaign mode rejects the old reference result
ok 953 - switching to campaign mode rejects the old reference result
  ---
  duration_ms: 22.189134
  type: 'test'
  ...
# Subtest: reference host reports API errors and rejects wrong nation/date success payloads
ok 954 - reference host reports API errors and rejects wrong nation/date success payloads
  ---
  duration_ms: 52.599634
  type: 'test'
  ...
# Subtest: invalid and unresearched calendar dates never reach the API
ok 955 - invalid and unresearched calendar dates never reach the API
  ---
  duration_ms: 82.204555
  type: 'test'
  ...
# Subtest: opening historical mode defaults to the campaign date bounded by researched coverage
ok 956 - opening historical mode defaults to the campaign date bounded by researched coverage
  ---
  duration_ms: 30.518852
  type: 'test'
  ...
# Subtest: historical cache can be reused only for the same nation and date
ok 957 - historical cache can be reused only for the same nation and date
  ---
  duration_ms: 15.095094
  type: 'test'
  ...
# Subtest: selector art credit no longer invents a verified portrait source
ok 958 - selector art credit no longer invents a verified portrait source
  ---
  duration_ms: 0.492039
  type: 'test'
  ...
# Subtest: index host preserves its CRLF line endings and every inline script parses
ok 959 - index host preserves its CRLF line endings and every inline script parses
  ---
  duration_ms: 271.18678
  type: 'test'
  ...
# Subtest: actual tab keyboard routing follows rendered tabs, including five-tab and legacy four-tab layouts
ok 960 - actual tab keyboard routing follows rendered tabs, including five-tab and legacy four-tab layouts
  ---
  duration_ms: 69.970686
  type: 'test'
  ...
# Subtest: actual redraw preserves leadership search selection and filtered disclosures, scoped to the nation
ok 961 - actual redraw preserves leadership search selection and filtered disclosures, scoped to the nation
  ---
  duration_ms: 8.725874
  type: 'test'
  ...
# Subtest: campaign mount uses its standard guidance navigation and suppresses the redundant floating launcher
ok 962 - campaign mount uses its standard guidance navigation and suppresses the redundant floating launcher
  ---
  duration_ms: 3.172029
  type: 'test'
  ...
# Subtest: every actual guidance route opens its existing review and preserves routing details without orders
ok 963 - every actual guidance route opens its existing review and preserves routing details without orders
  ---
  duration_ms: 143.128928
  type: 'test'
  ...
# Subtest: unknown routes, pending work and absent campaigns return before closing or navigating anything
ok 964 - unknown routes, pending work and absent campaigns return before closing or navigating anything
  ---
  duration_ms: 185.166773
  type: 'test'
  ...
# Subtest: actual document keyboard listener keeps N, speed keys and Space inert behind open guidance
ok 965 - actual document keyboard listener keeps N, speed keys and Space inert behind open guidance
  ---
  duration_ms: 2.314382
  type: 'test'
  ...
# Subtest: guidance scripts, styles and artwork are referenced and served, and every inline script parses
ok 966 - guidance scripts, styles and artwork are referenced and served, and every inline script parses
  ---
  duration_ms: 453.277638
  type: 'test'
  ...
# Subtest: missing saved progress begins fresh and persists only the tutorial preference key
ok 967 - missing saved progress begins fresh and persists only the tutorial preference key
  ---
  duration_ms: 2.366436
  type: 'test'
  ...
# Subtest: corrupted and future-schema storage recover without restoring invented completions
ok 968 - corrupted and future-schema storage recover without restoring invented completions
  ---
  duration_ms: 2.590689
  type: 'test'
  ...
# Subtest: missing or denied storage uses memory and explicitly discloses visit-only progress
ok 969 - missing or denied storage uses memory and explicitly discloses visit-only progress
  ---
  duration_ms: 9.200047
  type: 'test'
  ...
# Subtest: failed preference writes retain the latest learning state in memory
ok 970 - failed preference writes retain the latest learning state in memory
  ---
  duration_ms: 0.308317
  type: 'test'
  ...
# Subtest: fresh advice evaluates exactly the validated snapshot using the actual advisor model
ok 971 - fresh advice evaluates exactly the validated snapshot using the actual advisor model
  ---
  duration_ms: 2.043183
  type: 'test'
  ...
# Subtest: all four snapshot identity fields must match exactly before advice becomes ready
ok 972 - all four snapshot identity fields must match exactly before advice becomes ready
  ---
  duration_ms: 0.440905
  type: 'test'
  ...
# Subtest: replacing the state object while loading rejects even an otherwise matching old response
ok 973 - replacing the state object while loading rejects even an otherwise matching old response
  ---
  duration_ms: 0.359601
  type: 'test'
  ...
# Subtest: in-place session, player, turn or date mutation cannot keep ready advice actionable
ok 974 - in-place session, player, turn or date mutation cannot keep ready advice actionable
  ---
  duration_ms: 0.569904
  type: 'test'
  ...
# Subtest: a response matching a mutated request object cannot bypass the original request identity
ok 975 - a response matching a mutated request object cannot bypass the original request identity
  ---
  duration_ms: 0.287444
  type: 'test'
  ...
# Subtest: changed invalidates loading requests and late success or failure cannot replace stale state
ok 976 - changed invalidates loading requests and late success or failure cannot replace stale state
  ---
  duration_ms: 0.490384
  type: 'test'
  ...
# Subtest: cancel discards late refresh responses without repainting closed guidance
ok 977 - cancel discards late refresh responses without repainting closed guidance
  ---
  duration_ms: 0.338076
  type: 'test'
  ...
# Subtest: out-of-order refresh completion cannot replace the latest success or latest error
ok 978 - out-of-order refresh completion cannot replace the latest success or latest error
  ---
  duration_ms: 0.280172
  type: 'test'
  ...
# Subtest: a failed refresh is retryable and successful retry clears the old error
ok 979 - a failed refresh is retryable and successful retry clears the old error
  ---
  duration_ms: 0.190021
  type: 'test'
  ...
# Subtest: navigation requires a campaign and readiness for advice, but tutorial reading is independent
ok 980 - navigation requires a campaign and readiness for advice, but tutorial reading is independent
  ---
  duration_ms: 0.179459
  type: 'test'
  ...
# Subtest: busy state blocks tutorial and advice navigation without calling the adapter
ok 981 - busy state blocks tutorial and advice navigation without calling the adapter
  ---
  duration_ms: 0.248748
  type: 'test'
  ...
# Subtest: tutorial navigation is explicit, read-only routing and never marks a lesson complete
ok 982 - tutorial navigation is explicit, read-only routing and never marks a lesson complete
  ---
  duration_ms: 0.114344
  type: 'test'
  ...
# Subtest: reading choices survive refresh, campaign switches, filters and view changes
ok 983 - reading choices survive refresh, campaign switches, filters and view changes
  ---
  duration_ms: 0.223261
  type: 'test'
  ...
# Subtest: hide and restore affect advice visibility only, and a new campaign clears hidden advice
ok 984 - hide and restore affect advice visibility only, and a new campaign clears hidden advice
  ---
  duration_ms: 0.341948
  type: 'test'
  ...
# Subtest: render distinguishes unavailable, loading, stale and empty ready briefings
ok 985 - render distinguishes unavailable, loading, stale and empty ready briefings
  ---
  duration_ms: 0.354054
  type: 'test'
  ...
# Subtest: render escapes untrusted advice, attributes, snapshot names and notices without routing injection
ok 986 - render escapes untrusted advice, attributes, snapshot names and notices without routing injection
  ---
  duration_ms: 2.317703
  type: 'test'
  ...
# Subtest: filters, invalid view input and glossary queries remain presentation choices
ok 987 - filters, invalid view input and glossary queries remain presentation choices
  ---
  duration_ms: 0.278949
  type: 'test'
  ...
# Subtest: rendered tutorial completion excludes skips and keeps skipped chapters replayable
ok 988 - rendered tutorial completion excludes skips and keeps skipped chapters replayable
  ---
  duration_ms: 3.705361
  type: 'test'
  ...
# Subtest: subscriptions unsubscribe cleanly without affecting model progress
ok 989 - subscriptions unsubscribe cleanly without affecting model progress
  ---
  duration_ms: 0.473023
  type: 'test'
  ...
# Subtest: mount opens a paused tutorial and routes only after an explicit lesson click
ok 990 - mount opens a paused tutorial and routes only after an explicit lesson click
  ---
  duration_ms: 8.240373
  type: 'test'
  ...
# Subtest: hosts can suppress the floating launcher without disabling guidance or tutorial return progress
ok 991 - hosts can suppress the floating launcher without disabling guidance or tutorial return progress
  ---
  duration_ms: 3.847057
  type: 'test'
  ...
# Subtest: refresh and hiding the focused last card retain enabled focus inside the guidance dialog
ok 992 - refresh and hiding the focused last card retain enabled focus inside the guidance dialog
  ---
  duration_ms: 2.152452
  type: 'test'
  ...
# Subtest: packed elevation decodes exact byte order, endpoints and high-byte rollover
ok 993 - packed elevation decodes exact byte order, endpoints and high-byte rollover
  ---
  duration_ms: 17.030076
  type: 'test'
  ...
# Subtest: 4800x2036 detail uploads unfiltered packed RGB then stores one R16F channel with mips
ok 994 - 4800x2036 detail uploads unfiltered packed RGB then stores one R16F channel with mips
  ---
  duration_ms: 2.929821
  type: 'test'
  ...
# Subtest: decode covers its own viewport with blending/scissor discarded and restores caller GPU state
ok 995 - decode covers its own viewport with blending/scissor discarded and restores caller GPU state
  ---
  duration_ms: 0.955203
  type: 'test'
  ...
# Subtest: unsupported texture or viewport dimensions fall back before fetching or allocating
ok 996 - unsupported texture or viewport dimensions fall back before fetching or allocating
  ---
  duration_ms: 13.917279
  type: 'test'
  ...
# Subtest: dimension mismatch closes the bitmap without touching existing GPU textures
ok 997 - dimension mismatch closes the bitmap without touching existing GPU textures
  ---
  duration_ms: 8.116206
  type: 'test'
  ...
# Subtest: fetch or shader failure uses base relief with no leaked resources
ok 998 - fetch or shader failure uses base relief with no leaked resources
  ---
  duration_ms: 1.209395
  type: 'test'
  ...
# Subtest: incomplete float framebuffer falls back and deletes every partial allocation
ok 999 - incomplete float framebuffer falls back and deletes every partial allocation
  ---
  duration_ms: 4.96232
  type: 'test'
  ...
# Subtest: failed framebuffer allocation cannot accidentally draw height bytes into the main canvas
ok 1000 - failed framebuffer allocation cannot accidentally draw height bytes into the main canvas
  ---
  duration_ms: 1.49189
  type: 'test'
  ...
# Subtest: decode errors are checked before mipmaps instead of accepting a blank elevation texture
ok 1001 - decode errors are checked before mipmaps instead of accepting a blank elevation texture
  ---
  duration_ms: 1.093738
  type: 'test'
  ...
# Subtest: half-float mipmap failure discards optional detail and restores all caller bindings
ok 1002 - half-float mipmap failure discards optional detail and restores all caller bindings
  ---
  duration_ms: 1.216904
  type: 'test'
  ...
# Subtest: actual shader keeps detail disabled outside Terrain or when optional GPU loading failed
ok 1003 - actual shader keeps detail disabled outside Terrain or when optional GPU loading failed
  ---
  duration_ms: 17.927323
  type: 'test'
  ...
# Subtest: height samples get their own half-sized minimum step without changing coast or water sampling
ok 1004 - height samples get their own half-sized minimum step without changing coast or water sampling
  ---
  duration_ms: 6.188968
  type: 'test'
  ...
# Subtest: detail texture has its own sampler unit and fallback never replaces base physics
ok 1005 - detail texture has its own sampler unit and fallback never replaces base physics
  ---
  duration_ms: 5.525193
  type: 'test'
  ...
# Subtest: daily chart labels retain the year and position observations by real dates
ok 1006 - daily chart labels retain the year and position observations by real dates
  ---
  duration_ms: 14.529669
  type: 'test'
  ...
# Subtest: mixed monthly and daily observations occupy their elapsed calendar time
ok 1007 - mixed monthly and daily observations occupy their elapsed calendar time
  ---
  duration_ms: 18.495458
  type: 'test'
  ...
# Subtest: leap-day and month-boundary intervals remain one actual day each
ok 1008 - leap-day and month-boundary intervals remain one actual day each
  ---
  duration_ms: 16.142595
  type: 'test'
  ...
# Subtest: a multi-year daily chart uses years, not the month word from daily labels
ok 1009 - a multi-year daily chart uses years, not the month word from daily labels
  ---
  duration_ms: 3.225319
  type: 'test'
  ...
# Subtest: truncated history starts at its retained date and excludes out-of-window events
ok 1010 - truncated history starts at its retained date and excludes out-of-window events
  ---
  duration_ms: 12.115613
  type: 'test'
  ...
# Subtest: same-month events use their exact date between sparse observations
ok 1011 - same-month events use their exact date between sparse observations
  ---
  duration_ms: 21.205269
  type: 'test'
  ...
# Subtest: legacy event months work, invalid dates fall back, and absent logs are harmless
ok 1012 - legacy event months work, invalid dates fall back, and absent logs are harmless
  ---
  duration_ms: 12.582642
  type: 'test'
  ...
# Subtest: hover uses nearest calendar observation and never extends dead or unborn series
ok 1013 - hover uses nearest calendar observation and never extends dead or unborn series
  ---
  duration_ms: 4.815423
  type: 'test'
  ...
# Subtest: existing chart hover retains its own date labels if the history payload refreshes
ok 1014 - existing chart hover retains its own date labels if the history payload refreshes
  ---
  duration_ms: 5.214957
  type: 'test'
  ...
# Subtest: ended nation labels remain at their own chronological endpoint without extending the path
ok 1015 - ended nation labels remain at their own chronological endpoint without extending the path
  ---
  duration_ms: 10.457465
  type: 'test'
  ...
# Subtest: empty histories remain empty and unusable time axes fall back without NaN paths
ok 1016 - empty histories remain empty and unusable time axes fall back without NaN paths
  ---
  duration_ms: 11.708157
  type: 'test'
  ...
# Subtest: industry renders served inventories and modeled power separately from dated operations
ok 1017 - industry renders served inventories and modeled power separately from dated operations
  ---
  duration_ms: 23.667028
  type: 'test'
  ...
# Subtest: component inventory retains its own units beside industrial packs
ok 1018 - component inventory retains its own units beside industrial packs
  ---
  duration_ms: 6.40781
  type: 'test'
  ...
# Subtest: the power summary preserves its native receipt date and limited scope
ok 1019 - the power summary preserves its native receipt date and limited scope
  ---
  duration_ms: 7.791988
  type: 'test'
  ...
# Subtest: unknown operation receipts never become zero output or zero spending
ok 1020 - unknown operation receipts never become zero output or zero spending
  ---
  duration_ms: 2.530772
  type: 'test'
  ...
# Subtest: support facilities explain their effect once and are never zero-output alarms
ok 1021 - support facilities explain their effect once and are never zero-output alarms
  ---
  duration_ms: 1.574322
  type: 'test'
  ...
# Subtest: research receipts keep acquisition-cost research units distinct from actual cash spending and packs
ok 1022 - research receipts keep acquisition-cost research units distinct from actual cash spending and packs
  ---
  duration_ms: 1.039599
  type: 'test'
  ...
# Subtest: site search supports province names, codes and facility names with server attention semantics
ok 1023 - site search supports province names, codes and facility names with server attention semantics
  ---
  duration_ms: 1.488461
  type: 'test'
  ...
# Subtest: empty completed industry bridges exact queued projects and inherited economic context
ok 1024 - empty completed industry bridges exact queued projects and inherited economic context
  ---
  duration_ms: 5.976011
  type: 'test'
  ...
# Subtest: construction bridge uses the same one-decimal progress and visible tiny-work rule as Construction
ok 1025 - construction bridge uses the same one-decimal progress and visible tiny-work rule as Construction
  ---
  duration_ms: 3.054762
  type: 'test'
  ...
# Subtest: all user-visible strings and action attributes are escaped; unknown metrics stay unknown
ok 1026 - all user-visible strings and action attributes are escaped; unknown metrics stay unknown
  ---
  duration_ms: 1.575485
  type: 'test'
  ...
# Subtest: navigation sends only exact existing navigation targets, never commands
ok 1027 - navigation sends only exact existing navigation targets, never commands
  ---
  duration_ms: 0.972688
  type: 'test'
  ...
# Subtest: stale, loading, changed-world and pending-order guards reject navigation
ok 1028 - stale, loading, changed-world and pending-order guards reject navigation
  ---
  duration_ms: 8.075581
  type: 'test'
  ...
# Subtest: a bound action cannot operate a replacement payload even on the same campaign state
ok 1029 - a bound action cannot operate a replacement payload even on the same campaign state
  ---
  duration_ms: 3.685691
  type: 'test'
  ...
# Subtest: GET industry is session-bound, validates identity and binds accepted readings to the exact state
ok 1030 - GET industry is session-bound, validates identity and binds accepted readings to the exact state
  ---
  duration_ms: 9.635359
  type: 'test'
  ...
# Subtest: industry rejects same-session readings from another date before enabling facility navigation
ok 1031 - industry rejects same-session readings from another date before enabling facility navigation
  ---
  duration_ms: 10.781224
  type: 'test'
  ...
# Subtest: facility stages distinguish installed capacity assigned qualified and actually used workers from dated paid output
ok 1032 - facility stages distinguish installed capacity assigned qualified and actually used workers from dated paid output
  ---
  duration_ms: 3.188345
  type: 'test'
  ...
# Subtest: installed but unstaffed facilities retain unknown employment and no invented first operating receipt
ok 1033 - installed but unstaffed facilities retain unknown employment and no invented first operating receipt
  ---
  duration_ms: 1.34369
  type: 'test'
  ...
# Subtest: lifecycle labels and units are escaped while unknown effects never become zero
ok 1034 - lifecycle labels and units are escaped while unknown effects never become zero
  ---
  duration_ms: 1.166064
  type: 'test'
  ...
# Subtest: an exact completed facility link resets old filters and preserves its stable identity
ok 1035 - an exact completed facility link resets old filters and preserves its stable identity
  ---
  duration_ms: 1.254822
  type: 'test'
  ...
# Subtest: facility deep links wait for a current matching card then focus it only once
ok 1036 - facility deep links wait for a current matching card then focus it only once
  ---
  duration_ms: 1.864607
  type: 'test'
  ...
# Subtest: expanded workforce requirements and summary focus survive a refreshed native reading
ok 1037 - expanded workforce requirements and summary focus survive a refreshed native reading
  ---
  duration_ms: 8.931148
  type: 'test'
  ...
# Subtest: late reads are rejected after state adoption, close, tab switch and newer request
ok 1038 - late reads are rejected after state adoption, close, tab switch and newer request
  ---
  duration_ms: 46.830663
  type: 'test'
  ...
# Subtest: new campaign adoption immediately clears old nation data and view without waiting for a response
ok 1039 - new campaign adoption immediately clears old nation data and view without waiting for a response
  ---
  duration_ms: 5.15727
  type: 'test'
  ...
# Subtest: refresh failure keeps prior dated reading disabled and exposes a real retry
ok 1040 - refresh failure keeps prior dated reading disabled and exposes a real retry
  ---
  duration_ms: 13.800659
  type: 'test'
  ...
# Subtest: search caret, scroll and expanded facility role survive repaint while background tabs cannot overwrite them
ok 1041 - search caret, scroll and expanded facility role survive repaint while background tabs cannot overwrite them
  ---
  duration_ms: 2.596486
  type: 'test'
  ...
# Subtest: filter selection keeps keyboard focus on its replacement button after each repaint
ok 1042 - filter selection keeps keyboard focus on its replacement button after each repaint
  ---
  duration_ms: 3.118005
  type: 'test'
  ...
# Subtest: refresh focus returns after success or failure and repeated binding adds no duplicate handlers
ok 1043 - refresh focus returns after success or failure and repeated binding adds no duplicate handlers
  ---
  duration_ms: 17.427359
  type: 'test'
  ...
# Subtest: opening the page uses the root Cabinet entry, preserves same-campaign filters and makes one read
ok 1044 - opening the page uses the root Cabinet entry, preserves same-campaign filters and makes one read
  ---
  duration_ms: 2.98384
  type: 'test'
  ...
# Subtest: the shipped standalone script parses and the desk styles are scoped and responsive
ok 1045 - the shipped standalone script parses and the desk styles are scoped and responsive
  ---
  duration_ms: 1.318635
  type: 'test'
  ...
# Subtest: a company receipt appearing during load confirmation is retained and blocks replacement at the real API boundary
ok 1046 - a company receipt appearing during load confirmation is retained and blocks replacement at the real API boundary
  ---
  duration_ms: 9.535485
  type: 'test'
  ...
# Subtest: explicit backup load preserves slot and backup intent and adopts the replacement once
ok 1047 - explicit backup load preserves slot and backup intent and adopts the replacement once
  ---
  duration_ms: 2.154953
  type: 'test'
  ...
# Subtest: cancelled backup review leaves the live campaign and write lane untouched
ok 1048 - cancelled backup review leaves the live campaign and write lane untouched
  ---
  duration_ms: 1.540094
  type: 'test'
  ...
# Subtest: an unconfirmed paid company order blocks saving through the real common API boundary
ok 1049 - an unconfirmed paid company order blocks saving through the real common API boundary
  ---
  duration_ms: 1.349484
  type: 'test'
  ...
# Subtest: persisted typed contractor review retains the exact quote and cannot replay into a loaded campaign
ok 1050 - persisted typed contractor review retains the exact quote and cannot replay into a loaded campaign
  ---
  duration_ms: 0.828557
  type: 'test'
  ...
# Subtest: historical review removes campaign and future records without mutating native snapshot
ok 1051 - historical review removes campaign and future records without mutating native snapshot
  ---
  duration_ms: 1.783649
  type: 'test'
  ...
# Subtest: future review keeps fictional source data but cannot masquerade as a campaign appointment
ok 1052 - future review keeps fictional source data but cannot masquerade as a campaign appointment
  ---
  duration_ms: 8.707523
  type: 'test'
  ...
# Subtest: generated campaign view remains a labeled sample with original bindings
ok 1053 - generated campaign view remains a labeled sample with original bindings
  ---
  duration_ms: 0.580711
  type: 'test'
  ...
# Subtest: static art route mapper is confined to explicit repo directories
ok 1054 - static art route mapper is confined to explicit repo directories
  ---
  duration_ms: 0.236186
  type: 'test'
  ...
# Subtest: menu navigation displays one view, resets scroll and ignores unknown destinations
ok 1055 - menu navigation displays one view, resets scroll and ignores unknown destinations
  ---
  duration_ms: 5.130671
  type: 'test'
  ...
# Subtest: menu focus reaches a usable heading for empty saves and touch nation selection
ok 1056 - menu focus reaches a usable heading for empty saves and touch nation selection
  ---
  duration_ms: 5.099511
  type: 'test'
  ...
# Subtest: leaving and reopening nation choice preserves the selection, search, sorting and seed
ok 1057 - leaving and reopening nation choice preserves the selection, search, sorting and seed
  ---
  duration_ms: 2.254848
  type: 'test'
  ...
# Subtest: an unavailable roster remains navigable without inventing a selected nation
ok 1058 - an unavailable roster remains navigable without inventing a selected nation
  ---
  duration_ms: 0.847134
  type: 'test'
  ...
# Subtest: save rendering distinguishes unknown, empty and populated inventories
ok 1059 - save rendering distinguishes unknown, empty and populated inventories
  ---
  duration_ms: 0.901915
  type: 'test'
  ...
# Subtest: load actions stay locked for active work and unconfirmed receipts without losing the selected slot
ok 1060 - load actions stay locked for active work and unconfirmed receipts without losing the selected slot
  ---
  duration_ms: 3.654552
  type: 'test'
  ...
# Subtest: binding reserves the measured command dock height, bottom offset and an eight pixel gap
ok 1061 - binding reserves the measured command dock height, bottom offset and an eight pixel gap
  ---
  duration_ms: 18.24985
  type: 'test'
  ...
# Subtest: body-mounted Guidance inherits measured clearance through desktop, wrapped mobile and inset changes
ok 1062 - body-mounted Guidance inherits measured clearance through desktop, wrapped mobile and inset changes
  ---
  duration_ms: 25.611249
  type: 'test'
  ...
# Subtest: repeated binding and map redraw share one observer and one dock observation
ok 1063 - repeated binding and map redraw share one observer and one dock observation
  ---
  duration_ms: 71.175321
  type: 'test'
  ...
# Subtest: dock observer updates a wrapped height and leaves identical measurements untouched
ok 1064 - dock observer updates a wrapped height and leaves identical measurements untouched
  ---
  duration_ms: 28.121282
  type: 'test'
  ...
# Subtest: window resizing remeasures the dock bottom inset and clamps a negative inset to zero
ok 1065 - window resizing remeasures the dock bottom inset and clamps a negative inset to zero
  ---
  duration_ms: 17.759246
  type: 'test'
  ...
# Subtest: a hidden dock preserves the CSS fallback until a visible size can be measured
ok 1066 - a hidden dock preserves the CSS fallback until a visible size can be measured
  ---
  duration_ms: 27.545293
  type: 'test'
  ...
# Subtest: switching from History to Terrain changes only the view even while a day is in flight
ok 1067 - switching from History to Terrain changes only the view even while a day is in flight
  ---
  duration_ms: 21.577187
  type: 'test'
  ...
# Subtest: unknown shading cannot replace the active mode or repaint the map
ok 1068 - unknown shading cannot replace the active mode or repaint the map
  ---
  duration_ms: 14.531385
  type: 'test'
  ...
# Subtest: each detail toggle changes exactly its own flag and repaints without simulation commands
ok 1069 - each detail toggle changes exactly its own flag and repaints without simulation commands
  ---
  duration_ms: 126.549396
  type: 'test'
  ...
# Subtest: unknown detail keys cannot introduce state or repaint the map
ok 1070 - unknown detail keys cannot introduce state or repaint the map
  ---
  duration_ms: 5.291328
  type: 'test'
  ...
# Subtest: the optional coordinate grid starts off and preserves its choice through map rebuilds
ok 1071 - the optional coordinate grid starts off and preserves its choice through map rebuilds
  ---
  duration_ms: 41.967268
  type: 'test'
  ...
# Subtest: sync exposes current shading and every toggle state through native controls
ok 1072 - sync exposes current shading and every toggle state through native controls
  ---
  duration_ms: 22.897368
  type: 'test'
  ...
# Subtest: zoom buttons reflect both camera limits and immediately refresh after a click
ok 1073 - zoom buttons reflect both camera limits and immediately refresh after a click
  ---
  duration_ms: 14.813928
  type: 'test'
  ...
# Subtest: pending days and busy campaign transport leave every view control available
ok 1074 - pending days and busy campaign transport leave every view control available
  ---
  duration_ms: 7.545025
  type: 'test'
  ...
# Subtest: World, Home and turn buttons use only their existing camera handlers
ok 1075 - World, Home and turn buttons use only their existing camera handlers
  ---
  duration_ms: 14.648748
  type: 'test'
  ...
# Subtest: repeated installation binds one action and restores focus to the rebuilt mode button
ok 1076 - repeated installation binds one action and restores focus to the rebuilt mode button
  ---
  duration_ms: 13.702156
  type: 'test'
  ...
# Subtest: detail selection survives redraw and Escape returns focus without reaching game shortcuts
ok 1077 - detail selection survives redraw and Escape returns focus without reaching game shortcuts
  ---
  duration_ms: 17.446538
  type: 'test'
  ...
# Subtest: ordinary redraw restores map focus but never steals focus from another screen control
ok 1078 - ordinary redraw restores map focus but never steals focus from another screen control
  ---
  duration_ms: 26.296408
  type: 'test'
  ...
# Subtest: missing legacy detail preferences default on while explicit false remains off
ok 1079 - missing legacy detail preferences default on while explicit false remains off
  ---
  duration_ms: 19.50245
  type: 'test'
  ...
# Subtest: unmounted controls allow harmless sync and install calls
ok 1080 - unmounted controls allow harmless sync and install calls
  ---
  duration_ms: 3.142057
  type: 'test'
  ...
# Subtest: political painting keeps transferred ownership and data overlays independent of scenery
ok 1081 - political painting keeps transferred ownership and data overlays independent of scenery
  ---
  duration_ms: 52.415655
  type: 'test'
  ...
# Subtest: the optional grid draws lightly in Terrain and never changes geographic fills
ok 1082 - the optional grid draws lightly in Terrain and never changes geographic fills
  ---
  duration_ms: 66.043661
  type: 'test'
  ...
# Subtest: detail switches suppress decorative boundaries while preserving country ownership, water, and fronts
ok 1083 - detail switches suppress decorative boundaries while preserving country ownership, water, and fronts
  ---
  duration_ms: 45.205487
  type: 'test'
  ...
# Subtest: Terrain boundaries reveal smoothly and become finer through a regional dive
ok 1084 - Terrain boundaries reveal smoothly and become finer through a regional dive
  ---
  duration_ms: 79.734122
  type: 'test'
  ...
# Subtest: regional Terrain zoom refreshes cached borders between the old bands and reuses stationary frames
ok 1085 - regional Terrain zoom refreshes cached borders between the old bands and reuses stationary frames
  ---
  duration_ms: 30.197954
  type: 'test'
  ...
# Subtest: the political texture composites at full strength in every shading mode
ok 1086 - the political texture composites at full strength in every shading mode
  ---
  duration_ms: 7.56996
  type: 'test'
  ...
# Subtest: Terrain sharpening resets when changing to any other map shading
ok 1087 - Terrain sharpening resets when changing to any other map shading
  ---
  duration_ms: 9.681192
  type: 'test'
  ...
# Subtest: header modes, resource overlay and commodity selection return to their replacement button
ok 1088 - header modes, resource overlay and commodity selection return to their replacement button
  ---
  duration_ms: 21.049455
  type: 'test'
  ...
# Subtest: ordinary map refresh leaves focus in an unrelated room control
ok 1089 - ordinary map refresh leaves focus in an unrelated room control
  ---
  duration_ms: 2.212939
  type: 'test'
  ...
# Subtest: missing or disabled commodities never receive focus
ok 1090 - missing or disabled commodities never receive focus
  ---
  duration_ms: 12.759936
  type: 'test'
  ...
# Subtest: a removed or disabled header choice falls back to More layers summary
ok 1091 - a removed or disabled header choice falls back to More layers summary
  ---
  duration_ms: 2.67162
  type: 'test'
  ...
# Subtest: a closed disclosure cannot receive focus inside its concealed buttons
ok 1092 - a closed disclosure cannot receive focus inside its concealed buttons
  ---
  duration_ms: 4.884249
  type: 'test'
  ...
# Subtest: a room that acquires focus during replacement keeps it despite a saved map target
ok 1093 - a room that acquires focus during replacement keeps it despite a saved map target
  ---
  duration_ms: 9.925867
  type: 'test'
  ...
# Subtest: Escape closes the disclosure containing its target before another open menu
ok 1094 - Escape closes the disclosure containing its target before another open menu
  ---
  duration_ms: 2.54297
  type: 'test'
  ...
# Subtest: Escape uses active menu focus, then falls back to the first open global menu
ok 1095 - Escape uses active menu focus, then falls back to the first open global menu
  ---
  duration_ms: 6.220945
  type: 'test'
  ...
# Subtest: unrelated keys and closed navigation leave focus and event propagation alone
ok 1096 - unrelated keys and closed navigation leave focus and event propagation alone
  ---
  duration_ms: 2.211427
  type: 'test'
  ...
# Subtest: resource filters are native buttons with an explicit single pressed choice
ok 1097 - resource filters are native buttons with an explicit single pressed choice
  ---
  duration_ms: 9.77443
  type: 'test'
  ...
# Subtest: resource labels and commodity identifiers cannot escape their HTML text or attributes
ok 1098 - resource labels and commodity identifiers cannot escape their HTML text or attributes
  ---
  duration_ms: 2.109554
  type: 'test'
  ...
# Subtest: renderMap preserves auxiliary focus around DOM replacement and resPanel uses native chips
ok 1099 - renderMap preserves auxiliary focus around DOM replacement and resPanel uses native chips
  ---
  duration_ms: 1.339322
  type: 'test'
  ...
# Subtest: the global Escape path handles navigation before closing a province and respects active rooms
ok 1100 - the global Escape path handles navigation before closing a province and respects active rooms
  ---
  duration_ms: 0.205288
  type: 'test'
  ...
# Subtest: the shipped map focus, disclosure and commodity helpers exist and parse
ok 1101 - the shipped map focus, disclosure and commodity helpers exist and parse
  ---
  duration_ms: 1.56282
  type: 'test'
  ...
# Subtest: live national totals, per-theatre ceilings and peaceful reserves remain visible
ok 1102 - live national totals, per-theatre ceilings and peaceful reserves remain visible
  ---
  duration_ms: 0.864988
  type: 'test'
  ...
# Subtest: zero and automatic allocations send distinct exact commands
ok 1103 - zero and automatic allocations send distinct exact commands
  ---
  duration_ms: 0.800998
  type: 'test'
  ...
# Subtest: invalid input is rejected before dispatch
ok 1104 - invalid input is rejected before dispatch
  ---
  duration_ms: 0.208605
  type: 'test'
  ...
# Subtest: one in-flight order, with recoverable failure feedback
ok 1105 - one in-flight order, with recoverable failure feedback
  ---
  duration_ms: 1.07687
  type: 'test'
  ...
# Subtest: military meshes use the new material response while portraits and civil geometry keep their lighting
ok 1106 - military meshes use the new material response while portraits and civil geometry keep their lighting
  ---
  duration_ms: 68.609491
  type: 'test'
  ...
# Subtest: reinstalling a civil surface keeps military uniforms active
ok 1107 - reinstalling a civil surface keeps military uniforms active
  ---
  duration_ms: 38.043301
  type: 'test'
  ...
# Subtest: the embedded game and art bench load the material module before either renderer
ok 1108 - the embedded game and art bench load the material module before either renderer
  ---
  duration_ms: 198.138238
  type: 'test'
  ...
# Subtest: civil-only cards and cached sprites never create the military texture pack
ok 1109 - civil-only cards and cached sprites never create the military texture pack
  ---
  duration_ms: 17.789918
  type: 'test'
  ...
# Subtest: all military cards and sprites share one pack and one WebGL context
ok 1110 - all military cards and sprites share one pack and one WebGL context
  ---
  duration_ms: 35.374567
  type: 'test'
  ...
# Subtest: texture readiness repaints connected mounted cards and invalidates previously baked sprites
ok 1111 - texture readiness repaints connected mounted cards and invalidates previously baked sprites
  ---
  duration_ms: 61.086874
  type: 'test'
  ...
# Subtest: surface-program replacement rebinds the existing ready pack and repaints without downloading again
ok 1112 - surface-program replacement rebinds the existing ready pack and repaints without downloading again
  ---
  duration_ms: 27.001821
  type: 'test'
  ...
# Subtest: context loss discards the pack and restoration creates one replacement on the original GL canvas
ok 1113 - context loss discards the pack and restoration creates one replacement on the original GL canvas
  ---
  duration_ms: 39.77953
  type: 'test'
  ...
# Subtest: a real texture allocation failure cannot repaint a city over an in-progress military sprite draw
ok 1114 - a real texture allocation failure cannot repaint a city over an in-progress military sprite draw
  ---
  duration_ms: 47.638881
  type: 'test'
  ...
# Subtest: texture paths are local and relative to the module in both embedded and inspection routes
ok 1115 - texture paths are local and relative to the module in both embedded and inspection routes
  ---
  duration_ms: 4.850875
  type: 'test'
  ...
# Subtest: a cross-origin module cannot trigger external texture downloads
ok 1116 - a cross-origin module cannot trigger external texture downloads
  ---
  duration_ms: 0.988417
  type: 'test'
  ...
# Subtest: missing browser APIs and insufficient device limits remain allocation-free
ok 1117 - missing browser APIs and insufficient device limits remain allocation-free
  ---
  duration_ms: 2.741753
  type: 'test'
  ...
# Subtest: readiness requires both validated 1K images; placeholders are complete and never enable partial detail
ok 1118 - readiness requires both validated 1K images; placeholders are complete and never enable partial detail
  ---
  duration_ms: 3.277683
  type: 'test'
  ...
# Subtest: uploads preserve active unit, bindings and pixel-store state, and reserve units 1 and 2 without touching shadow unit 0
ok 1119 - uploads preserve active unit, bindings and pixel-store state, and reserve units 1 and 2 without touching shadow unit 0
  ---
  duration_ms: 1.229303
  type: 'test'
  ...
# Subtest: reusing the surface across shader programs allocates no new textures and caches locations per program
ok 1120 - reusing the surface across shader programs allocates no new textures and caches locations per program
  ---
  duration_ms: 1.21689
  type: 'test'
  ...
# Subtest: allocation, upload and mipmap failures release the complete pair and restore prior GL state
ok 1121 - allocation, upload and mipmap failures release the complete pair and restore prior GL state
  ---
  duration_ms: 11.735721
  type: 'test'
  ...
# Subtest: synchronous creation failures do not re-enter the caller while later load failures still request a redraw
ok 1122 - synchronous creation failures do not re-enter the caller while later load failures still request a redraw
  ---
  duration_ms: 3.033791
  type: 'test'
  ...
# Subtest: network errors or any dimension mismatch discard the pair even after one map succeeds
ok 1123 - network errors or any dimension mismatch discard the pair even after one map succeeds
  ---
  duration_ms: 5.997719
  type: 'test'
  ...
# Subtest: late load and error callbacks after disposal or context loss never touch GPU resources or notify readiness
ok 1124 - late load and error callbacks after disposal or context loss never touch GPU resources or notify readiness
  ---
  duration_ms: 9.67337
  type: 'test'
  ...
# Subtest: late callbacks following a failed load cannot revive a half-loaded material
ok 1125 - late callbacks following a failed load cannot revive a half-loaded material
  ---
  duration_ms: 1.583245
  type: 'test'
  ...
# Subtest: runtime textures retain the verified original bytes, 1K dimensions and bounded transfer sizes
ok 1126 - runtime textures retain the verified original bytes, 1K dimensions and bounded transfer sizes
  ---
  duration_ms: 86.452819
  type: 'test'
  ...
# Subtest: the entire shipped inline JavaScript remains syntactically valid
ok 1127 - the entire shipped inline JavaScript remains syntactically valid
  ---
  duration_ms: 12.802759
  type: 'test'
  ...
# Subtest: manufacturing model markup uses the actual optional renderer bridge in catalog, lines and holdings
ok 1128 - manufacturing model markup uses the actual optional renderer bridge in catalog, lines and holdings
  ---
  duration_ms: 115.29297
  type: 'test'
  ...
# Subtest: logistics dock announces the same in-transit stock shown visually after refresh
ok 1129 - logistics dock announces the same in-transit stock shown visually after refresh
  ---
  duration_ms: 115.189063
  type: 'test'
  ...
# Subtest: operations styling stays scoped, readable and touch-sized
ok 1130 - operations styling stays scoped, readable and touch-sized
  ---
  duration_ms: 0.903327
  type: 'test'
  ...
# Subtest: production overview keeps one clear start action and exact server progress
ok 1131 - production overview keeps one clear start action and exact server progress
  ---
  duration_ms: 104.573107
  type: 'test'
  ...
# Subtest: financial construction keeps the full queue and add control beyond twelve projects
ok 1132 - financial construction keeps the full queue and add control beyond twelve projects
  ---
  duration_ms: 96.063358
  type: 'test'
  ...
# Subtest: project catalogue and province choice retain eligibility and authored costs
ok 1133 - project catalogue and province choice retain eligibility and authored costs
  ---
  duration_ms: 108.225666
  type: 'test'
  ...
# Subtest: an unavailable project shows the simulation refusal
ok 1134 - an unavailable project shows the simulation refusal
  ---
  duration_ms: 113.215668
  type: 'test'
  ...
# Subtest: completed fractional workshops stay visible without becoming full-site levels
ok 1135 - completed fractional workshops stay visible without becoming full-site levels
  ---
  duration_ms: 122.373745
  type: 'test'
  ...
# Subtest: manufacturing displays actual daily draw without changing it to a monthly recipe
ok 1136 - manufacturing displays actual daily draw without changing it to a monthly recipe
  ---
  duration_ms: 83.049898
  type: 'test'
  ...
# Subtest: empty manufacturing gives a useful next step and does not invent free plant capacity
ok 1137 - empty manufacturing gives a useful next step and does not invent free plant capacity
  ---
  duration_ms: 105.603988
  type: 'test'
  ...
# Subtest: full manufacturing offers the physical path to another line
ok 1138 - full manufacturing offers the physical path to another line
  ---
  duration_ms: 83.687986
  type: 'test'
  ...
# Subtest: freight cards preserve delivered quantities, date, holds and daily corridor units
ok 1139 - freight cards preserve delivered quantities, date, holds and daily corridor units
  ---
  duration_ms: 110.687798
  type: 'test'
  ...
# Subtest: freight room shows cargo first and tucks the dispatch ledger away
ok 1140 - freight room shows cargo first and tucks the dispatch ledger away
  ---
  duration_ms: 117.386682
  type: 'test'
  ...
# Subtest: room selection never moves the globe until the explicit map button is pressed
ok 1141 - room selection never moves the globe until the explicit map button is pressed
  ---
  duration_ms: 185.537174
  type: 'test'
  ...
# Subtest: map mode tells the shared modal coordinator and back-to-room restores it
ok 1142 - map mode tells the shared modal coordinator and back-to-room restores it
  ---
  duration_ms: 85.515895
  type: 'test'
  ...
# Subtest: expanded details survive daily repaint while selecting a new card can reveal it
ok 1143 - expanded details survive daily repaint while selecting a new card can reveal it
  ---
  duration_ms: 89.658052
  type: 'test'
  ...
# Subtest: routing policy still posts only its existing command and no simulation arithmetic
ok 1144 - routing policy still posts only its existing command and no simulation arithmetic
  ---
  duration_ms: 98.246249
  type: 'test'
  ...
# Subtest: opening and closing operations resets map mode, modality and launch focus
ok 1145 - opening and closing operations resets map mode, modality and launch focus
  ---
  duration_ms: 101.888187
  type: 'test'
  ...
# Subtest: cargo keeps escaped diversion information alongside its booked date
ok 1146 - cargo keeps escaped diversion information alongside its booked date
  ---
  duration_ms: 95.436352
  type: 'test'
  ...
# Subtest: every painted scene is a packaged local WebP rather than a remote dependency
ok 1147 - every painted scene is a packaged local WebP rather than a remote dependency
  ---
  duration_ms: 947.45442
  type: 'test'
  ...
# Subtest: scene catalogue rejects arbitrary paths and prototype properties
ok 1148 - scene catalogue rejects arbitrary paths and prototype properties
  ---
  duration_ms: 0.209035
  type: 'test'
  ...
# Subtest: art is the final presentation stylesheet so existing room backdrops cannot mask it
ok 1149 - art is the final presentation stylesheet so existing room backdrops cannot mask it
  ---
  duration_ms: 657.436325
  type: 'test'
  ...
# Subtest: background choice follows existing accessible page state without new UI lifecycle work
ok 1150 - background choice follows existing accessible page state without new UI lifecycle work
  ---
  duration_ms: 210.946288
  type: 'test'
  ...
# Subtest: art includes narrow-screen and high-contrast treatments without new moving backgrounds
ok 1151 - art includes narrow-screen and high-contrast treatments without new moving backgrounds
  ---
  duration_ms: 0.540718
  type: 'test'
  ...
# Subtest: physical character, identity, era and downloadable geometry: margaret_thatcher_1990_v2
ok 1152 - physical character, identity, era and downloadable geometry: margaret_thatcher_1990_v2
  ---
  duration_ms: 1517.470785
  type: 'test'
  ...
# Subtest: physical character, identity, era and downloadable geometry: neil_kinnock_1990_v2
ok 1153 - physical character, identity, era and downloadable geometry: neil_kinnock_1990_v2
  ---
  duration_ms: 1783.741639
  type: 'test'
  ...
# Subtest: physical character, identity, era and downloadable geometry: paddy_ashdown_1990_v2
ok 1154 - physical character, identity, era and downloadable geometry: paddy_ashdown_1990_v2
  ---
  duration_ms: 1616.043634
  type: 'test'
  ...
# Subtest: physical character, identity, era and downloadable geometry: george_h_w_bush_1990_v2
ok 1155 - physical character, identity, era and downloadable geometry: george_h_w_bush_1990_v2
  ---
  duration_ms: 1517.53894
  type: 'test'
  ...
# Subtest: unknown or malicious IDs never borrow a person or build a generic character
ok 1156 - unknown or malicious IDs never borrow a person or build a generic character
  ---
  duration_ms: 11.012898
  type: 'test'
  ...
# Subtest: camera is manually controlled, bounded and resettable without changing its input
ok 1157 - camera is manually controlled, bounded and resettable without changing its input
  ---
  duration_ms: 1.018085
  type: 'test'
  ...
# Subtest: archived characters remain in the art studio but are not loaded by the active game
ok 1158 - archived characters remain in the art studio but are not loaded by the active game
  ---
  duration_ms: 296.5846
  type: 'test'
  ...
# Subtest: Government ignores retired model payloads instead of reviving 3D controls
ok 1159 - Government ignores retired model payloads instead of reviving 3D controls
  ---
  duration_ms: 2.26713
  type: 'test'
  ...
# Subtest: north fallback leaves every sampled latitude and its composed highlights untouched
ok 1160 - north fallback leaves every sampled latitude and its composed highlights untouched
  ---
  duration_ms: 9.668601
  type: 'test'
  ...
# Subtest: north fallback blends continuously only beyond the last sampled parallel
ok 1161 - north fallback blends continuously only beyond the last sampled parallel
  ---
  duration_ms: 214.710577
  type: 'test'
  ...
# Subtest: the unsampled north cap uses the existing ocean palette without invented ice geometry
ok 1162 - the unsampled north cap uses the existing ocean palette without invented ice geometry
  ---
  duration_ms: 43.870988
  type: 'test'
  ...
# Subtest: the cap presentation preserves the real globe picking boundary
ok 1163 - the cap presentation preserves the real globe picking boundary
  ---
  duration_ms: 22.268461
  type: 'test'
  ...
# Subtest: allocation moves conserve exactly 10000 basis points across many rows and bounds
ok 1164 - allocation moves conserve exactly 10000 basis points across many rows and bounds
  ---
  duration_ms: 155.80054
  type: 'test'
  ...
# Subtest: rounding residue and zero-weight siblings are allocated deterministically
ok 1165 - rounding residue and zero-weight siblings are allocated deterministically
  ---
  duration_ms: 33.489129
  type: 'test'
  ...
# Subtest: invalid allocations, sparse rows, indices and nonnumeric requested values are refused
ok 1166 - invalid allocations, sparse rows, indices and nonnumeric requested values are refused
  ---
  duration_ms: 6.097126
  type: 'test'
  ...
# Subtest: reading a programme draft deeply copies rows and prioritizes the queued programme plan
ok 1167 - reading a programme draft deeply copies rows and prioritizes the queued programme plan
  ---
  duration_ms: 23.697545
  type: 'test'
  ...
# Subtest: programme command retains all ten annual ministry amounts and detaches its child rows
ok 1168 - programme command retains all ten annual ministry amounts and detaches its child rows
  ---
  duration_ms: 17.803499
  type: 'test'
  ...
# Subtest: a funding preview is used only for the exact player, date and draft that requested it
ok 1169 - a funding preview is used only for the exact player, date and draft that requested it
  ---
  duration_ms: 5.013442
  type: 'test'
  ...
# Subtest: invalidation discards an old response even when the new request has the same date and draft
ok 1170 - invalidation discards an old response even when the new request has the same date and draft
  ---
  duration_ms: 40.781964
  type: 'test'
  ...
# Subtest: a failed draft B preview cannot relabel draft A money or political cost as current
ok 1171 - a failed draft B preview cannot relabel draft A money or political cost as current
  ---
  duration_ms: 20.546045
  type: 'test'
  ...
# Subtest: the real adopt path invalidates same-day programme previews before rendering new state
ok 1172 - the real adopt path invalidates same-day programme previews before rendering new state
  ---
  duration_ms: 22.303735
  type: 'test'
  ...
# Subtest: money formatting preserves zero and refuses missing or nonfinite amounts
ok 1173 - money formatting preserves zero and refuses missing or nonfinite amounts
  ---
  duration_ms: 11.429459
  type: 'test'
  ...
# Subtest: automatic departments show a meter while editable departments expose a labeled basis-point control
ok 1174 - automatic departments show a meter while editable departments expose a labeled basis-point control
  ---
  duration_ms: 5.124974
  type: 'test'
  ...
# Subtest: all redistributed basis points remain exactly representable by the rendered range controls
ok 1175 - all redistributed basis points remain exactly representable by the rendered range controls
  ---
  duration_ms: 21.789154
  type: 'test'
  ...
# Subtest: project links reach Construction funding before enactment while deposit actions retain their permissions
ok 1176 - project links reach Construction funding before enactment while deposit actions retain their permissions
  ---
  duration_ms: 19.407
  type: 'test'
  ...
# Subtest: all project investment links open the same Construction destination without placing orders
ok 1177 - all project investment links open the same Construction destination without placing orders
  ---
  duration_ms: 20.403788
  type: 'test'
  ...
# Subtest: malicious department labels cannot escape text or quoted accessibility attributes
ok 1178 - malicious department labels cannot escape text or quoted accessibility attributes
  ---
  duration_ms: 5.540844
  type: 'test'
  ...
# Subtest: investment identifiers and board labels remain inert quoted text
ok 1179 - investment identifiers and board labels remain inert quoted text
  ---
  duration_ms: 8.570866
  type: 'test'
  ...
# Subtest: board status distinguishes drafts and pending previews without altering live spending
ok 1180 - board status distinguishes drafts and pending previews without altering live spending
  ---
  duration_ms: 16.892922
  type: 'test'
  ...
# Subtest: ministry industry summary delegates operations to the shared desk without duplicate or invented readings
ok 1181 - ministry industry summary delegates operations to the shared desk without duplicate or invented readings
  ---
  duration_ms: 11.476831
  type: 'test'
  ...
# Subtest: the kit covers the piece list the assignment names, in both directions
ok 1182 - the kit covers the piece list the assignment names, in both directions
  ---
  duration_ms: 1.584336
  type: 'test'
  ...
# Subtest: every piece builds at both LODs and at several variants, inside its budget
ok 1183 - every piece builds at both LODs and at several variants, inside its budget
  ---
  duration_ms: 2070.023883
  type: 'test'
  ...
# Subtest: geometry is deterministic in process, across a fresh load, and in a separate process
ok 1184 - geometry is deterministic in process, across a fresh load, and in a separate process
  ---
  duration_ms: 1061.885375
  type: 'test'
  ...
# Subtest: variety comes from the variant and from nothing else
ok 1185 - variety comes from the variant and from nothing else
  ---
  duration_ms: 2234.071009
  type: 'test'
  ...
# Subtest: curved surfaces are smoothed, flat ones are not, and hard edges stay hard
ok 1186 - curved surfaces are smoothed, flat ones are not, and hard edges stay hard
  ---
  duration_ms: 48.991689
  type: 'test'
  ...
# Subtest: a tractor and a trailer couple at one documented height and the rig still stands on the ground
ok 1187 - a tractor and a trailer couple at one documented height and the rig still stands on the ground
  ---
  duration_ms: 185.819075
  type: 'test'
  ...
# Subtest: reuse is measured, and every shared part builder serves more than one piece
ok 1188 - reuse is measured, and every shared part builder serves more than one piece
  ---
  duration_ms: 367.44296
  type: 'test'
  ...
# Subtest: a yard of forty props at map detail stays inside the scene budget
ok 1189 - a yard of forty props at map detail stays inside the scene budget
  ---
  duration_ms: 519.852479
  type: 'test'
  ...
# Subtest: road vehicles stay inside a 1990 road envelope and a trailer never oversails its tractor
ok 1190 - road vehicles stay inside a 1990 road envelope and a trailer never oversails its tractor
  ---
  duration_ms: 91.252129
  type: 'test'
  ...
# Subtest: nothing in the kit claims a real vehicle, a measured dimension or a capability
ok 1191 - nothing in the kit claims a real vehicle, a measured dimension or a capability
  ---
  duration_ms: 176.19908
  type: 'test'
  ...
# Subtest: no wall clock, no frame counter and no second RNG can reach this geometry
ok 1192 - no wall clock, no frame counter and no second RNG can reach this geometry
  ---
  duration_ms: 3.199432
  type: 'test'
  ...
# Subtest: the browser global exports the same contract with no dependencies
ok 1193 - the browser global exports the same contract with no dependencies
  ---
  duration_ms: 166.07891
  type: 'test'
  ...
# Subtest: every added piece builds at both LODs, stands on Y=0, and is fixed in cost
ok 1194 - every added piece builds at both LODs, stands on Y=0, and is fixed in cost
  ---
  duration_ms: 143.340232
  type: 'test'
  ...
# Subtest: a piece costs the same triangles whatever variant it is drawn at
ok 1195 - a piece costs the same triangles whatever variant it is drawn at
  ---
  duration_ms: 756.381629
  type: 'test'
  ...
# Subtest: the chassis the brief said to share is measurably shared, and nothing else is
ok 1196 - the chassis the brief said to share is measurably shared, and nothing else is
  ---
  duration_ms: 95.374179
  type: 'test'
  ...
# Subtest: a hull is a hull: it comes to a stem, it floats at Y=0 and it is not a raft
ok 1197 - a hull is a hull: it comes to a stem, it floats at Y=0 and it is not a raft
  ---
  duration_ms: 56.125732
  type: 'test'
  ...
# Subtest: a rail vehicle fits a rail gauge and a freighter is a freighter
ok 1198 - a rail vehicle fits a rail gauge and a freighter is a freighter
  ---
  duration_ms: 37.918043
  type: 'test'
  ...
# Subtest: unknown and malformed input resolves to a stable, honest default
ok 1199 - unknown and malformed input resolves to a stable, honest default
  ---
  duration_ms: 229.816808
  type: 'test'
  ...
# Subtest: Materials GDP bridge displays the served decomposition without adding observed output twice
ok 1200 - Materials GDP bridge displays the served decomposition without adding observed output twice
  ---
  duration_ms: 27.778856
  type: 'test'
  ...
# Subtest: An observed inherited Materials project names the included GDP share without subtracting in JavaScript
ok 1201 - An observed inherited Materials project names the included GDP share without subtracting in JavaScript
  ---
  duration_ms: 2.963424
  type: 'test'
  ...
# Subtest: All-country and province inherited estimates stay compact and expose location uncertainty
ok 1202 - All-country and province inherited estimates stay compact and expose location uncertainty
  ---
  duration_ms: 9.538656
  type: 'test'
  ...
# Subtest: Inherited counts retain tiny nonzero capacity and unknown amounts never become free zeros
ok 1203 - Inherited counts retain tiny nonzero capacity and unknown amounts never become free zeros
  ---
  duration_ms: 0.997266
  type: 'test'
  ...
# Subtest: the real page loads the assets and refreshes selected economy readings from server state
ok 1204 - the real page loads the assets and refreshes selected economy readings from server state
  ---
  duration_ms: 26.593254
  type: 'test'
  ...
# Subtest: money and percentages keep missing amounts unknown, zero exact and small output visible
ok 1205 - money and percentages keep missing amounts unknown, zero exact and small output visible
  ---
  duration_ms: 5.589279
  type: 'test'
  ...
# Subtest: province output, sectors and work amounts are served values, never added again in the browser
ok 1206 - province output, sectors and work amounts are served values, never added again in the browser
  ---
  duration_ms: 3.350259
  type: 'test'
  ...
# Subtest: classification labels distinguish inherited activity, new value, enablers and undelivered orders
ok 1207 - classification labels distinguish inherited activity, new value, enablers and undelivered orders
  ---
  duration_ms: 1.703061
  type: 'test'
  ...
# Subtest: hostile server labels cannot create HTML or break quoted province attributes
ok 1208 - hostile server labels cannot create HTML or break quoted province attributes
  ---
  duration_ms: 1.427242
  type: 'test'
  ...
# Subtest: missing or legacy economic data gets an explicit fallback, not fabricated zeros
ok 1209 - missing or legacy economic data gets an explicit fallback, not fabricated zeros
  ---
  duration_ms: 2.178888
  type: 'test'
  ...
# Subtest: the national ledger retains unallocated GDP and makes mapped provinces selectable for all countries
ok 1210 - the national ledger retains unallocated GDP and makes mapped provinces selectable for all countries
  ---
  duration_ms: 10.569605
  type: 'test'
  ...
# Subtest: expanded sections survive insertion, reorder and async rerender by stable keys
ok 1211 - expanded sections survive insertion, reorder and async rerender by stable keys
  ---
  duration_ms: 2.34154
  type: 'test'
  ...
# Subtest: actual adopt → full map rebuild → async province refresh keeps open sections and scroll
ok 1212 - actual adopt → full map rebuild → async province refresh keeps open sections and scroll
  ---
  duration_ms: 43.900662
  type: 'test'
  ...
# Subtest: province choices remain isolated and survive a loading-only drawer and another full rebuild
ok 1213 - province choices remain isolated and survive a loading-only drawer and another full rebuild
  ---
  duration_ms: 15.713629
  type: 'test'
  ...
# Subtest: a new campaign clears province choices and rejects previous DOM and pending readings
ok 1214 - a new campaign clears province choices and rejects previous DOM and pending readings
  ---
  duration_ms: 15.362544
  type: 'test'
  ...
# Subtest: national fetching is lazy, caches the exact reading and does not repaint another nation
ok 1215 - national fetching is lazy, caches the exact reading and does not repaint another nation
  ---
  duration_ms: 4.766975
  type: 'test'
  ...
# Subtest: same-day adoption invalidation and daily changes cannot revive old national responses
ok 1216 - same-day adoption invalidation and daily changes cannot revive old national responses
  ---
  duration_ms: 10.739463
  type: 'test'
  ...
# Subtest: request failures are visible, cached without a retry loop and explicitly retryable
ok 1217 - request failures are visible, cached without a retry loop and explicitly retryable
  ---
  duration_ms: 3.373219
  type: 'test'
  ...
# Subtest: the existing province loader carries economy and rejects stale province responses
ok 1218 - the existing province loader carries economy and rejects stale province responses
  ---
  duration_ms: 9.227009
  type: 'test'
  ...
# Subtest: styles keep narrow dossiers contained, large touch controls and reduced-motion support
ok 1219 - styles keep narrow dossiers contained, large touch controls and reduced-motion support
  ---
  duration_ms: 0.206631
  type: 'test'
  ...
# Subtest: every piece builds at both detail levels, at every option the kit offers, inside its budget
ok 1220 - every piece builds at both detail levels, at every option the kit offers, inside its budget
  ---
  duration_ms: 1128.415173
  type: 'test'
  ...
# Subtest: the shading contract this file checks against is the one the module smooths to
ok 1221 - the shading contract this file checks against is the one the module smooths to
  ---
  duration_ms: 3.609312
  type: 'test'
  ...
# Subtest: the map level is cheaper than the near level for every piece, and both are authored not decimated
ok 1222 - the map level is cheaper than the near level for every piece, and both are authored not decimated
  ---
  duration_ms: 27.78226
  type: 'test'
  ...
# Subtest: every port is a well formed declaration and the geometry actually reaches it
ok 1223 - every port is a well formed declaration and the geometry actually reaches it
  ---
  duration_ms: 393.672049
  type: 'test'
  ...
# Subtest: two compatible pieces join with no gap and no overlap, vertex for vertex
ok 1224 - two compatible pieces join with no gap and no overlap, vertex for vertex
  ---
  duration_ms: 116.081226
  type: 'test'
  ...
# Subtest: a chain of pieces climbs to a bridge, crosses a railway and ends in a tunnel, meeting every seam within a millimetre
ok 1225 - a chain of pieces climbs to a bridge, crosses a railway and ends in a tunnel, meeting every seam within a millimetre
  ---
  duration_ms: 138.948559
  type: 'test'
  ...
# Subtest: a long chain does not drift: two hundred segments end where arithmetic says they should
ok 1226 - a long chain does not drift: two hundred segments end where arithmetic says they should
  ---
  duration_ms: 60.673289
  type: 'test'
  ...
# Subtest: an incompatible join is refused rather than fudged
ok 1227 - an incompatible join is refused rather than fudged
  ---
  duration_ms: 6.604911
  type: 'test'
  ...
# Subtest: a run laid along a polyline meets every seam and stays inside the kilometre budget
ok 1228 - a run laid along a polyline meets every seam and stays inside the kilometre budget
  ---
  duration_ms: 284.600847
  type: 'test'
  ...
# Subtest: a run says how far it fell short instead of pretending it followed the path
ok 1229 - a run says how far it fell short instead of pretending it followed the path
  ---
  duration_ms: 6.488516
  type: 'test'
  ...
# Subtest: a run that goes DOWNHILL joins as exactly as one that goes up
ok 1230 - a run that goes DOWNHILL joins as exactly as one that goes up
  ---
  duration_ms: 513.475548
  type: 'test'
  ...
# Subtest: no piece is authored below the ground it stands on
ok 1231 - no piece is authored below the ground it stands on
  ---
  duration_ms: 111.527054
  type: 'test'
  ...
# Subtest: a level crossing is a surface a car can cross, not one buried in another
ok 1232 - a level crossing is a surface a car can cross, not one buried in another
  ---
  duration_ms: 19.33188
  type: 'test'
  ...
# Subtest: the road cross-section is the same road on both sides of the centre line
ok 1233 - the road cross-section is the same road on both sides of the centre line
  ---
  duration_ms: 3.620702
  type: 'test'
  ...
# Subtest: malformed input resolves to a stable, honest default and nothing is mutated
ok 1234 - malformed input resolves to a stable, honest default and nothing is mutated
  ---
  duration_ms: 23.331874
  type: 'test'
  ...
# Subtest: geometry is deterministic in one process and across a fresh load
ok 1235 - geometry is deterministic in one process and across a fresh load
  ---
  duration_ms: 372.909021
  type: 'test'
  ...
# Subtest: variation comes only from the declared inputs
ok 1236 - variation comes only from the declared inputs
  ---
  duration_ms: 30.683264
  type: 'test'
  ...
# Subtest: no wall clock, no frame counter and no second source of entropy can reach this geometry
ok 1237 - no wall clock, no frame counter and no second source of entropy can reach this geometry
  ---
  duration_ms: 1.472835
  type: 'test'
  ...
# Subtest: the browser global exports the same contract with no dependencies
ok 1238 - the browser global exports the same contract with no dependencies
  ---
  duration_ms: 109.200452
  type: 'test'
  ...
# Subtest: every piece says what it is and refuses to claim it is a real route
ok 1239 - every piece says what it is and refuses to claim it is a real route
  ---
  duration_ms: 21.764223
  type: 'test'
  ...
# Subtest: a delayed save-list response keeps the choice made after its request began
ok 1240 - a delayed save-list response keeps the choice made after its request began
  ---
  duration_ms: 8.140775
  type: 'test'
  ...
# Subtest: an older save-list success cannot replace newer inventory or user selection
ok 1241 - an older save-list success cannot replace newer inventory or user selection
  ---
  duration_ms: 3.137083
  type: 'test'
  ...
# Subtest: stale read errors cannot overwrite successful current status and current errors retain selection
ok 1242 - stale read errors cannot overwrite successful current status and current errors retain selection
  ---
  duration_ms: 4.596585
  type: 'test'
  ...
# Subtest: cancel then confirm retains the reviewed save even when a list response arrives inside the first review
ok 1243 - cancel then confirm retains the reviewed save even when a list response arrives inside the first review
  ---
  duration_ms: 1.948541
  type: 'test'
  ...
# Subtest: empty inventories keep their honest placeholder and removed choices fall back only to an available entry
ok 1244 - empty inventories keep their honest placeholder and removed choices fall back only to an available entry
  ---
  duration_ms: 0.874205
  type: 'test'
  ...
# Subtest: the kit covers every biome and family roadmap section G names
ok 1245 - the kit covers every biome and family roadmap section G names
  ---
  duration_ms: 5.74051
  type: 'test'
  ...
# Subtest: the eight biomes are told apart by outline alone, not by colour
ok 1246 - the eight biomes are told apart by outline alone, not by colour
  ---
  duration_ms: 136.305612
  type: 'test'
  ...
# Subtest: every kind builds sound geometry at both levels, in every biome
ok 1247 - every kind builds sound geometry at both levels, in every biome
  ---
  duration_ms: 445.975138
  type: 'test'
  ...
# Subtest: the tree budget is roadmap section 4, and a thousand trees are priced from the meshes
ok 1248 - the tree budget is roadmap section 4, and a thousand trees are priced from the meshes
  ---
  duration_ms: 11.086181
  type: 'test'
  ...
# Subtest: a scattered kind costs a fixed number of triangles, so a thousand of them is a number
ok 1249 - a scattered kind costs a fixed number of triangles, so a thousand of them is a number
  ---
  duration_ms: 250.982391
  type: 'test'
  ...
# Subtest: geometry is deterministic in-process and across a fresh load
ok 1250 - geometry is deterministic in-process and across a fresh load
  ---
  duration_ms: 330.321967
  type: 'test'
  ...
# Subtest: curved surfaces are smoothed, flat ones are not, and hard edges stay hard
ok 1251 - curved surfaces are smoothed, flat ones are not, and hard edges stay hard
  ---
  duration_ms: 40.467407
  type: 'test'
  ...
# Subtest: closed shapes are wound outward, and ground faces up
ok 1252 - closed shapes are wound outward, and ground faces up
  ---
  duration_ms: 9.259165
  type: 'test'
  ...
# Subtest: a tile run is seamless: tile n right edge is tile n+1 left edge, vertex for vertex
ok 1253 - a tile run is seamless: tile n right edge is tile n+1 left edge, vertex for vertex
  ---
  duration_ms: 68.643255
  type: 'test'
  ...
# Subtest: scatter places deterministically, and two seeds are visibly different arrangements
ok 1254 - scatter places deterministically, and two seeds are visibly different arrangements
  ---
  duration_ms: 9.315342
  type: 'test'
  ...
# Subtest: scatter refuses the ground the caller told it to refuse, and says what it refused
ok 1255 - scatter refuses the ground the caller told it to refuse, and says what it refused
  ---
  duration_ms: 18.493135
  type: 'test'
  ...
# Subtest: a scatter field builds as one mesh, deterministically, from a small variant cache
ok 1256 - a scatter field builds as one mesh, deterministically, from a small variant cache
  ---
  duration_ms: 35.732882
  type: 'test'
  ...
# Subtest: unknown and malformed input resolves to a stable, honest default
ok 1257 - unknown and malformed input resolves to a stable, honest default
  ---
  duration_ms: 71.240438
  type: 'test'
  ...
# Subtest: no alpha and no billboard cards: every leaf mass is geometry
ok 1258 - no alpha and no billboard cards: every leaf mass is geometry
  ---
  duration_ms: 131.950888
  type: 'test'
  ...
# Subtest: no wall clock, no frame counter and no second entropy source can reach this geometry
ok 1259 - no wall clock, no frame counter and no second entropy source can reach this geometry
  ---
  duration_ms: 1.256526
  type: 'test'
  ...
# Subtest: the browser global exports the same contract with no dependencies
ok 1260 - the browser global exports the same contract with no dependencies
  ---
  duration_ms: 49.186608
  type: 'test'
  ...
# Subtest: every bar above goes red against a deliberately broken generator
ok 1261 - every bar above goes red against a deliberately broken generator
  ---
  duration_ms: 3335.337264
  type: 'test'
  ...
# Subtest: edits added and replacements made while an advance is in flight survive its response
ok 1262 - edits added and replacements made while an advance is in flight survive its response
  ---
  duration_ms: 16.901013
  type: 'test'
  ...
# Subtest: network failure is visible, retains the submitted draft, and never rejects unhandled
ok 1263 - network failure is visible, retains the submitted draft, and never rejects unhandled
  ---
  duration_ms: 1.343997
  type: 'test'
  ...
# Subtest: save failure is surfaced instead of becoming an unhandled rejection
ok 1264 - save failure is surfaced instead of becoming an unhandled rejection
  ---
  duration_ms: 1.242495
  type: 'test'
  ...
# Subtest: boot offers explicit continue and load without starting a replacement campaign
ok 1265 - boot offers explicit continue and load without starting a replacement campaign
  ---
  duration_ms: 1.172695
  type: 'test'
  ...
# Subtest: globe starts with an uninitialized center while real zero stays valid
ok 1266 - globe starts with an uninitialized center while real zero stays valid
  ---
  duration_ms: 1.477479
  type: 'test'
  ...
# Subtest: only unchanged submitted object references are removed, even if another command has the same value
ok 1267 - only unchanged submitted object references are removed, even if another command has the same value
  ---
  duration_ms: 1.024604
  type: 'test'
  ...
# Subtest: uncertain retry resends the identical frozen turn, never newly added draft orders
ok 1268 - uncertain retry resends the identical frozen turn, never newly added draft orders
  ---
  duration_ms: 6.758395
  type: 'test'
  ...
# Subtest: an explicit non-advancing server refusal unlocks the retained draft for correction
ok 1269 - an explicit non-advancing server refusal unlocks the retained draft for correction
  ---
  duration_ms: 4.209984
  type: 'test'
  ...
# Subtest: a display failure after acknowledgement cannot cause a committed turn to be retried
ok 1270 - a display failure after acknowledgement cannot cause a committed turn to be retried
  ---
  duration_ms: 1.126366
  type: 'test'
  ...
# Subtest: reload restores the same pending receipt and only its still-matching draft references
ok 1271 - reload restores the same pending receipt and only its still-matching draft references
  ---
  duration_ms: 4.554323
  type: 'test'
  ...
# Subtest: pending orders from a replaced campaign never enter the current queue or retry path
ok 1272 - pending orders from a replaced campaign never enter the current queue or retry path
  ---
  duration_ms: 2.78652
  type: 'test'
  ...
# Subtest: API rejects a delayed old-campaign response and transmits identity on immediate mutations
ok 1273 - API rejects a delayed old-campaign response and transmits identity on immediate mutations
  ---
  duration_ms: 1.43177
  type: 'test'
  ...
# Subtest: server refusal metadata distinguishes certain rejection from uncertain transport failure
ok 1274 - server refusal metadata distinguishes certain rejection from uncertain transport failure
  ---
  duration_ms: 0.939834
  type: 'test'
  ...
# Subtest: boot reads state and roster without mutating the campaign and reveals Continue
ok 1275 - boot reads state and roster without mutating the campaign and reveals Continue
  ---
  duration_ms: 8.139625
  type: 'test'
  ...
# Subtest: older-sequence conflicts retain orders for explicit review instead of marking them safe to resend
ok 1276 - older-sequence conflicts retain orders for explicit review instead of marking them safe to resend
  ---
  duration_ms: 0.886395
  type: 'test'
  ...
# Subtest: delayed boot success and failure preserve the menu the player selected while discovery was pending
ok 1277 - delayed boot success and failure preserve the menu the player selected while discovery was pending
  ---
  duration_ms: 4.347487
  type: 'test'
  ...
# Subtest: review requires confirmation and never resubmits old orders, retaining newer draft edits
ok 1278 - review requires confirmation and never resubmits old orders, retaining newer draft edits
  ---
  duration_ms: 1.530948
  type: 'test'
  ...
# Subtest: campaign changes and modal entry close global More and Map menus without closing room disclosures
ok 1279 - campaign changes and modal entry close global More and Map menus without closing room disclosures
  ---
  duration_ms: 1.700417
  type: 'test'
  ...
# Subtest: starting a replacement campaign cannot reuse the previous named save target
ok 1280 - starting a replacement campaign cannot reuse the previous named save target
  ---
  duration_ms: 1.489163
  type: 'test'
  ...
# Subtest: parallel compilation yields to menu tasks and polls only nonblocking completion until ready
ok 1281 - parallel compilation yields to menu tasks and polls only nonblocking completion until ready
  ---
  duration_ms: 8.342407
  type: 'test'
  ...
# Subtest: an already cached parallel program completes without scheduling unnecessary polls
ok 1282 - an already cached parallel program completes without scheduling unnecessary polls
  ---
  duration_ms: 1.828079
  type: 'test'
  ...
# Subtest: without the extension the equivalent synchronous link path remains available
ok 1283 - without the extension the equivalent synchronous link path remains available
  ---
  duration_ms: 0.817446
  type: 'test'
  ...
# Subtest: failed linking reports both shader compile logs and the complete program log after completion
ok 1284 - failed linking reports both shader compile logs and the complete program log after completion
  ---
  duration_ms: 1.272143
  type: 'test'
  ...
# Subtest: a link-only failure retains its diagnostic and releases every resource
ok 1285 - a link-only failure retains its diagnostic and releases every resource
  ---
  duration_ms: 2.786252
  type: 'test'
  ...
# Subtest: missing driver logs use an explicit diagnostic instead of an empty error
ok 1286 - missing driver logs use an explicit diagnostic instead of an empty error
  ---
  duration_ms: 0.983461
  type: 'test'
  ...
# Subtest: a context already lost fails before allocation
ok 1287 - a context already lost fails before allocation
  ---
  duration_ms: 0.808424
  type: 'test'
  ...
# Subtest: context loss during a pending poll cleans up without any blocking status query
ok 1288 - context loss during a pending poll cleans up without any blocking status query
  ---
  duration_ms: 1.076661
  type: 'test'
  ...
# Subtest: completion true caused by context loss is never accepted as success
ok 1289 - completion true caused by context loss is never accepted as success
  ---
  duration_ms: 2.806826
  type: 'test'
  ...
# Subtest: a stalled driver is bounded by elapsed time with only one scheduled poll at once
ok 1290 - a stalled driver is bounded by elapsed time with only one scheduled poll at once
  ---
  duration_ms: 4.440363
  type: 'test'
  ...
# Subtest: partial allocation failures clean up all handles that were created
ok 1291 - partial allocation failures clean up all handles that were created
  ---
  duration_ms: 2.686801
  type: 'test'
  ...
# Subtest: unexpected compile or link exceptions also release temporary GPU resources
ok 1292 - unexpected compile or link exceptions also release temporary GPU resources
  ---
  duration_ms: 1.082308
  type: 'test'
  ...
# Subtest: the original thirteen facility meshes keep their exact geometry and semantics
ok 1293 - the original thirteen facility meshes keep their exact geometry and semantics
  ---
  duration_ms: 25467.959432
  type: 'test'
  ...
# Subtest: the kind table is exactly PROJECT_KINDS, in both directions
ok 1294 - the kind table is exactly PROJECT_KINDS, in both directions
  ---
  duration_ms: 12.045413
  type: 'test'
  ...
# Subtest: every kind builds at every stage and every level, at both detail levels, inside its budget
ok 1295 - every kind builds at every stage and every level, at both detail levels, inside its budget
  ---
  duration_ms: 24676.618187
  type: 'test'
  ...
# Subtest: stage tables are ordered, cover 0..1 and describe the same five states for every kind
ok 1296 - stage tables are ordered, cover 0..1 and describe the same five states for every kind
  ---
  duration_ms: 0.776888
  type: 'test'
  ...
# Subtest: the stage is a pure function of recorded server progress
ok 1297 - the stage is a pure function of recorded server progress
  ---
  duration_ms: 6341.483516
  type: 'test'
  ...
# Subtest: geometry is deterministic across fresh loads and unaffected by anything outside its inputs
ok 1298 - geometry is deterministic across fresh loads and unaffected by anything outside its inputs
  ---
  duration_ms: 4818.905956
  type: 'test'
  ...
# Subtest: two node processes build byte-identical geometry, normals included
ok 1299 - two node processes build byte-identical geometry, normals included
  ---
  duration_ms: 6170.146514
  type: 'test'
  ...
# Subtest: later stages are never less built than earlier ones
ok 1300 - later stages are never less built than earlier ones
  ---
  duration_ms: 16953.269696
  type: 'test'
  ...
# Subtest: curved surfaces are smooth-shaded and flat ones are not
ok 1301 - curved surfaces are smooth-shaded and flat ones are not
  ---
  duration_ms: 5113.458184
  type: 'test'
  ...
# Subtest: surfaces you stand on and surfaces it rains on face the sky
ok 1302 - surfaces you stand on and surfaces it rains on face the sky
  ---
  duration_ms: 3577.877817
  type: 'test'
  ...
# Subtest: structure and envelope are modelled rather than boxed
ok 1303 - structure and envelope are modelled rather than boxed
  ---
  duration_ms: 1083.370346
  type: 'test'
  ...
# Subtest: paused and blocked sites stop work honestly, and nothing else does
ok 1304 - paused and blocked sites stop work honestly, and nothing else does
  ---
  duration_ms: 4697.445789
  type: 'test'
  ...
# Subtest: a level upgrade extends the compound instead of cloning the building
ok 1305 - a level upgrade extends the compound instead of cloning the building
  ---
  duration_ms: 6066.447642
  type: 'test'
  ...
# Subtest: the placeholder count is asserted, not described
ok 1306 - the placeholder count is asserted, not described
  ---
  duration_ms: 1112.131603
  type: 'test'
  ...
# Subtest: the arms plant is realised and every kind declares what it is not
ok 1307 - the arms plant is realised and every kind declares what it is not
  ---
  duration_ms: 816.193498
  type: 'test'
  ...
# Subtest: every kind is composed of what section E says it is
ok 1308 - every kind is composed of what section E says it is
  ---
  duration_ms: 3521.755239
  type: 'test'
  ...
# Subtest: the five stages of every kind are structurally different, not just heavier
ok 1309 - the five stages of every kind are structurally different, not just heavier
  ---
  duration_ms: 19088.30874
  type: 'test'
  ...
# Subtest: the two retrofits are installed in a host that already stands
ok 1310 - the two retrofits are installed in a host that already stands
  ---
  duration_ms: 164.332301
  type: 'test'
  ...
# Subtest: delivered wings stand on the fill they were built on
ok 1311 - delivered wings stand on the fill they were built on
  ---
  duration_ms: 1365.323767
  type: 'test'
  ...
# Subtest: no wall clock, no frame counter and no second RNG can reach this geometry
ok 1312 - no wall clock, no frame counter and no second RNG can reach this geometry
  ---
  duration_ms: 2.359013
  type: 'test'
  ...
# Subtest: the browser global exports the same contract with no dependencies
ok 1313 - the browser global exports the same contract with no dependencies
  ---
  duration_ms: 84.477389
  type: 'test'
  ...
# Subtest: unknown and malformed input resolves to a stable, honest default
ok 1314 - unknown and malformed input resolves to a stable, honest default
  ---
  duration_ms: 358.266671
  type: 'test'
  ...
# Subtest: approved tanks and aircraft retain exact geometry, colors and authored material classes
ok 1315 - approved tanks and aircraft retain exact geometry, colors and authored material classes
  ---
  duration_ms: 2696.834639
  type: 'test'
  ...
# Subtest: specialist primary hull proportions are long enough for their distinct vehicle roles at every LOD
ok 1316 - specialist primary hull proportions are long enough for their distinct vehicle roles at every LOD
  ---
  duration_ms: 784.318711
  type: 'test'
  ...
# Subtest: IFV fighting compartment is a low continuous shell with converging cheeks
ok 1317 - IFV fighting compartment is a low continuous shell with converging cheeks
  ---
  duration_ms: 111.735516
  type: 'test'
  ...
# Subtest: tracked specialists have distinct belt return gears beyond their paired road wheels
ok 1318 - tracked specialists have distinct belt return gears beyond their paired road wheels
  ---
  duration_ms: 796.136152
  type: 'test'
  ...
# Subtest: wheeled tire shoulder treads are rubber and open beads expose the actual painted wheel centers
ok 1319 - wheeled tire shoulder treads are rubber and open beads expose the actual painted wheel centers
  ---
  duration_ms: 713.472244
  type: 'test'
  ...
# Subtest: specialist bow plates remain flat at every LOD without a coarse cylindrical bumper
ok 1320 - specialist bow plates remain flat at every LOD without a coarse cylindrical bumper
  ---
  duration_ms: 639.454568
  type: 'test'
  ...
# Subtest: air-defense guns sit in outboard cradles and radar panels are non-optical surfaces
ok 1321 - air-defense guns sit in outboard cradles and radar panels are non-optical surfaces
  ---
  duration_ms: 344.230923
  type: 'test'
  ...
# Subtest: the module is the agreed shape and freezes what it hands out
ok 1322 - the module is the agreed shape and freezes what it hands out
  ---
  duration_ms: 2.616851
  type: 'test'
  ...
# Subtest: the GLSL is balanced and every bracket closes
ok 1323 - the GLSL is balanced and every bracket closes
  ---
  duration_ms: 1.720392
  type: 'test'
  ...
# Subtest: the documented entry point exists with the documented signature
ok 1324 - the documented entry point exists with the documented signature
  ---
  duration_ms: 0.350563
  type: 'test'
  ...
# Subtest: the GLSL contains nothing the brief bans
ok 1325 - the GLSL contains nothing the brief bans
  ---
  duration_ms: 0.274514
  type: 'test'
  ...
# Subtest: global scope holds one documented uniform, constants and functions, and nothing else
ok 1326 - global scope holds one documented uniform, constants and functions, and nothing else
  ---
  duration_ms: 0.65775
  type: 'test'
  ...
# Subtest: the constants the port uses are the constants the shader ships
ok 1327 - the constants the port uses are the constants the shader ships
  ---
  duration_ms: 0.244746
  type: 'test'
  ...
# Subtest: the hash is uniform, deterministic and never leaves 0..1
ok 1328 - the hash is uniform, deterministic and never leaves 0..1
  ---
  duration_ms: 71.107632
  type: 'test'
  ...
# Subtest: the noise is centred, band-limited and free of NaN over the whole model range
ok 1329 - the noise is centred, band-limited and free of NaN over the whole model range
  ---
  duration_ms: 134.990352
  type: 'test'
  ...
# Subtest: the four octaves are independent fields, so their amplitudes do not stack
ok 1330 - the four octaves are independent fields, so their amplitudes do not stack
  ---
  duration_ms: 156.259312
  type: 'test'
  ...
# Subtest: every live octave is under the Nyquist limit at every framing in the deck
ok 1331 - every live octave is under the Nyquist limit at every framing in the deck
  ---
  duration_ms: 1.48778
  type: 'test'
  ...
# Subtest: at map range the treatment is a bit-exact no-op
ok 1332 - at map range the treatment is a bit-exact no-op
  ---
  duration_ms: 7.454971
  type: 'test'
  ...
# Subtest: the modulation stays inside the envelope it was designed for at every framing
ok 1333 - the modulation stays inside the envelope it was designed for at every framing
  ---
  duration_ms: 315.632701
  type: 'test'
  ...
# Subtest: the treatment reads the same on any base hue, so the finish repaint survives it
ok 1334 - the treatment reads the same on any base hue, so the finish repaint survives it
  ---
  duration_ms: 82.639401
  type: 'test'
  ...
# Subtest: the colour temperature tilt opposes red against blue and leaves green alone
ok 1335 - the colour temperature tilt opposes red against blue and leaves green alone
  ---
  duration_ms: 21.29155
  type: 'test'
  ...
# Subtest: extreme and degenerate inputs produce finite, non-negative colour
ok 1336 - extreme and degenerate inputs produce finite, non-negative colour
  ---
  duration_ms: 2.039088
  type: 'test'
  ...
# Subtest: nothing about the result depends on call order or on a clock
ok 1337 - nothing about the result depends on call order or on a clock
  ---
  duration_ms: 0.27082
  type: 'test'
  ...
# Subtest: a GPU that rounds inversesqrt differently cannot change the picture
ok 1338 - a GPU that rounds inversesqrt differently cannot change the picture
  ---
  duration_ms: 43.999546
  type: 'test'
  ...
# Subtest: the field does not crack at a cell boundary, and the rejected key scheme does
ok 1339 - the field does not crack at a cell boundary, and the rejected key scheme does
  ---
  duration_ms: 55.451829
  type: 'test'
  ...
# Subtest: the noise does not repeat at any lattice offset, and the rejected hash did
ok 1340 - the noise does not repeat at any lattice offset, and the rejected hash did
  ---
  duration_ms: 546.552547
  type: 'test'
  ...
# Subtest: on the real meshes, at the real framing, the excursion is small and never clips
ok 1341 - on the real meshes, at the real framing, the excursion is small and never clips
  ---
  duration_ms: 6790.586496
  type: 'test'
  ...
# Subtest: the finish repaint changes the colour and not the grain, on real vertices
ok 1342 - the finish repaint changes the colour and not the grain, on real vertices
  ---
  duration_ms: 1485.825892
  type: 'test'
  ...
# Subtest: the shader still computes what the port computes
ok 1343 - the shader still computes what the port computes
  ---
  duration_ms: 0.848544
  type: 'test'
  ...
# Subtest: the clamp is load-bearing, not decorative
ok 1344 - the clamp is load-bearing, not decorative
  ---
  duration_ms: 1454.728328
  type: 'test'
  ...
# Subtest: the level of detail is honest at the sizes this renderer actually draws
ok 1345 - the level of detail is honest at the sizes this renderer actually draws
  ---
  duration_ms: 38.554314
  type: 'test'
  ...
# Subtest: the module is the agreed shape and is frozen
ok 1346 - the module is the agreed shape and is frozen
  ---
  duration_ms: 2.018558
  type: 'test'
  ...
# Subtest: delimiters balance
ok 1347 - delimiters balance
  ---
  duration_ms: 8.197955
  type: 'test'
  ...
# Subtest: the documented entry point exists with exactly the documented signature
ok 1348 - the documented entry point exists with exactly the documented signature
  ---
  duration_ms: 6.713702
  type: 'test'
  ...
# Subtest: no banned token survives comment stripping
ok 1349 - no banned token survives comment stripping
  ---
  duration_ms: 0.541231
  type: 'test'
  ...
# Subtest: no uniform is declared, and only the documented host uniform is read
ok 1350 - no uniform is declared, and only the documented host uniform is read
  ---
  duration_ms: 8.610003
  type: 'test'
  ...
# Subtest: the host contract this chunk is written against has not moved
ok 1351 - the host contract this chunk is written against has not moved
  ---
  duration_ms: 52.47864
  type: 'test'
  ...
# Subtest: the JS port carries the same constants as the GLSL
ok 1352 - the JS port carries the same constants as the GLSL
  ---
  duration_ms: 3.138387
  type: 'test'
  ...
# Subtest: smWave: deterministic, bounded, unbiased, and the variance it was designed for
ok 1353 - smWave: deterministic, bounded, unbiased, and the variance it was designed for
  ---
  duration_ms: 85.627093
  type: 'test'
  ...
# Subtest: smWave holds its statistics on a flat plane, which is what a panel is
ok 1354 - smWave holds its statistics on a flat plane, which is what a panel is
  ---
  duration_ms: 156.737795
  type: 'test'
  ...
# Subtest: the field carries the broad panel-to-panel variation it is supposed to
ok 1355 - the field carries the broad panel-to-panel variation it is supposed to
  ---
  duration_ms: 40.747721
  type: 'test'
  ...
# Subtest: smWave decorrelates, averaged over directions rather than along one
ok 1356 - smWave decorrelates, averaged over directions rather than along one
  ---
  duration_ms: 114.440124
  type: 'test'
  ...
# Subtest: smHash is uniform on the cell lattice it is actually sampled on
ok 1357 - smHash is uniform on the cell lattice it is actually sampled on
  ---
  duration_ms: 28.428657
  type: 'test'
  ...
# Subtest: smHash does not correlate with its own neighbours, at near or far coordinates
ok 1358 - smHash does not correlate with its own neighbours, at near or far coordinates
  ---
  duration_ms: 62.981388
  type: 'test'
  ...
# Subtest: the speckle shapes both have mean zero, so neither shifts a model's tone
ok 1359 - the speckle shapes both have mean zero, so neither shifts a model's tone
  ---
  duration_ms: 44.458294
  type: 'test'
  ...
# Subtest: every palette colour this check claims still exists in the generator that owns it
ok 1360 - every palette colour this check claims still exists in the generator that owns it
  ---
  duration_ms: 211.809875
  type: 'test'
  ...
# Subtest: the classifier puts every palette colour in the class its name says it is
ok 1361 - the classifier puts every palette colour in the class its name says it is
  ---
  duration_ms: 0.940814
  type: 'test'
  ...
# Subtest: the classifier is continuous, so a palette landing between classes cannot pop
ok 1362 - the classifier is continuous, so a palette landing between classes cannot pop
  ---
  duration_ms: 15.415834
  type: 'test'
  ...
# Subtest: the sand and winter repaints still land somewhere sane
ok 1363 - the sand and winter repaints still land somewhere sane
  ---
  duration_ms: 15.234105
  type: 'test'
  ...
# Subtest: the treatment never leaves the legal albedo range and never produces a NaN
ok 1364 - the treatment never leaves the legal albedo range and never produces a NaN
  ---
  duration_ms: 583.457438
  type: 'test'
  ...
# Subtest: no albedo whatsoever can be driven outside [0,1] — the headroom bound is exact
ok 1365 - no albedo whatsoever can be driven outside [0,1] — the headroom bound is exact
  ---
  duration_ms: 265.074341
  type: 'test'
  ...
# Subtest: the headroom guard is free on every shipped colour but the one it is not
ok 1366 - the headroom guard is free on every shipped colour but the one it is not
  ---
  duration_ms: 0.432251
  type: 'test'
  ...
# Subtest: each class gets the amplitude and the grain it was designed for
ok 1367 - each class gets the amplitude and the grain it was designed for
  ---
  duration_ms: 68.70287
  type: 'test'
  ...
# Subtest: steel is stroked along an axis and every other class is not
ok 1368 - steel is stroked along an axis and every other class is not
  ---
  duration_ms: 70.949925
  type: 'test'
  ...
# Subtest: screen-space frequency is invariant, which is the whole distance story
ok 1369 - screen-space frequency is invariant, which is the whole distance story
  ---
  duration_ms: 0.397319
  type: 'test'
  ...
# Subtest: the pattern is locked to the model, not to the eye, so nothing pumps or crawls
ok 1370 - the pattern is locked to the model, not to the eye, so nothing pumps or crawls
  ---
  duration_ms: 0.209692
  type: 'test'
  ...
# Subtest: the fragment shader the host would actually compile is well formed
ok 1371 - the fragment shader the host would actually compile is well formed
  ---
  duration_ms: 26.792344
  type: 'test'
  ...
# Subtest: on real geometry at the real framing distance, nothing clips and nothing is NaN
ok 1372 - on real geometry at the real framing distance, nothing clips and nothing is NaN
  ---
  duration_ms: 3800.60733
  type: 'test'
  ...
# Subtest: a fragment never moves far enough from its albedo to change what colour it is
ok 1373 - a fragment never moves far enough from its albedo to change what colour it is
  ---
  duration_ms: 6323.043427
  type: 'test'
  ...
# Subtest: the winter repaint is the case the palette sweep could not see, and it is contained
ok 1374 - the winter repaint is the case the palette sweep could not see, and it is contained
  ---
  duration_ms: 1031.814482
  type: 'test'
  ...
# Subtest: the treatment ignores the normal and the view vector, which is why it cannot draw a wireframe
ok 1375 - the treatment ignores the normal and the view vector, which is why it cannot draw a wireframe
  ---
  duration_ms: 13.50977
  type: 'test'
  ...
# Subtest: the card sizes this treatment is tuned against are the ones arsenal3d.css declares
ok 1376 - the card sizes this treatment is tuned against are the ones arsenal3d.css declares
  ---
  duration_ms: 9.286267
  type: 'test'
  ...
# Subtest: world-space frequency, measured on a real tank rather than an assumed camera
ok 1377 - world-space frequency, measured on a real tank rather than an assumed camera
  ---
  duration_ms: 0.401494
  type: 'test'
  ...
# Subtest: undersampling costs grain, not moire — measured, because the difference is the whole question
ok 1378 - undersampling costs grain, not moire — measured, because the difference is the whole question
  ---
  duration_ms: 302.342233
  type: 'test'
  ...
# Subtest: the map sprite is baked larger than it is drawn, which is the only filtering there is
ok 1379 - the map sprite is baked larger than it is drawn, which is the only filtering there is
  ---
  duration_ms: 125.719741
  type: 'test'
  ...
# Subtest: the module exports a frozen, interchangeable chunk
ok 1380 - the module exports a frozen, interchangeable chunk
  ---
  duration_ms: 2.527258
  type: 'test'
  ...
# Subtest: the chunk is a chunk: no directives, no declarations, no entry function of its own
ok 1381 - the chunk is a chunk: no directives, no declarations, no entry function of its own
  ---
  duration_ms: 0.66943
  type: 'test'
  ...
# Subtest: no identifier in the chunk is a word some GLSL front end has taken
ok 1382 - no identifier in the chunk is a word some GLSL front end has taken
  ---
  duration_ms: 6.922906
  type: 'test'
  ...
# Subtest: every bracket in the chunk closes
ok 1383 - every bracket in the chunk closes
  ---
  duration_ms: 0.905193
  type: 'test'
  ...
# Subtest: the declared entry point is present, exactly once, with the exact signature
ok 1384 - the declared entry point is present, exactly once, with the exact signature
  ---
  duration_ms: 0.446801
  type: 'test'
  ...
# Subtest: everything except the entry point is namespaced, so two proposals can share a page
ok 1385 - everything except the entry point is namespaced, so two proposals can share a page
  ---
  duration_ms: 5.159882
  type: 'test'
  ...
# Subtest: gl_FragCoord is the only built-in read, and only inside surface()
ok 1386 - gl_FragCoord is the only built-in read, and only inside surface()
  ---
  duration_ms: 0.238029
  type: 'test'
  ...
# Subtest: the shader has not changed under the port without anyone looking
ok 1387 - the shader has not changed under the port without anyone looking
  ---
  duration_ms: 0.661516
  type: 'test'
  ...
# Subtest: the port is a literal-for-literal transcription, in order
ok 1388 - the port is a literal-for-literal transcription, in order
  ---
  duration_ms: 0.761769
  type: 'test'
  ...
# Subtest: the noise axes are orthonormal and clear of every direction the models use
ok 1389 - the noise axes are orthonormal and clear of every direction the models use
  ---
  duration_ms: 1.168234
  type: 'test'
  ...
# Subtest: SW_SOURCE_LIFT really is the coarse coordinate lifted 0.55 m
ok 1390 - SW_SOURCE_LIFT really is the coarse coordinate lifted 0.55 m
  ---
  duration_ms: 0.183316
  type: 'test'
  ...
# Subtest: SW_PERIOD is derived from the warp rate, not chosen
ok 1391 - SW_PERIOD is derived from the warp rate, not chosen
  ---
  duration_ms: 0.15833
  type: 'test'
  ...
# Subtest: the fold is an identity THROUGH the field, not merely through a sine
ok 1392 - the fold is an identity THROUGH the field, not merely through a sine
  ---
  duration_ms: 51.282786
  type: 'test'
  ...
# Subtest: every octave is band limited: no step a continuous field could not make
ok 1393 - every octave is band limited: no step a continuous field could not make
  ---
  duration_ms: 195.943178
  type: 'test'
  ...
# Subtest: each octave repeats further apart than the model it sits on
ok 1394 - each octave repeats further apart than the model it sits on
  ---
  duration_ms: 0.568363
  type: 'test'
  ...
# Subtest: the field is deterministic, bounded, zero-mean and unclipped
ok 1395 - the field is deterministic, bounded, zero-mean and unclipped
  ---
  duration_ms: 66.615822
  type: 'test'
  ...
# Subtest: the field returns the same numbers it returned when it was tuned
ok 1396 - the field returns the same numbers it returned when it was tuned
  ---
  duration_ms: 4.217654
  type: 'test'
  ...
# Subtest: the two coarse octaves do not share a period
ok 1397 - the two coarse octaves do not share a period
  ---
  duration_ms: 0.241042
  type: 'test'
  ...
# Subtest: soft saturation is the identity where it should be and never flattens
ok 1398 - soft saturation is the identity where it should be and never flattens
  ---
  duration_ms: 0.469155
  type: 'test'
  ...
# Subtest: the treatment stays in range, stays finite, and stays restrained
ok 1399 - the treatment stays in range, stays finite, and stays restrained
  ---
  duration_ms: 1105.36292
  type: 'test'
  ...
# Subtest: no fragment of a real tank moves further than the finish selector moves it
ok 1400 - no fragment of a real tank moves further than the finish selector moves it
  ---
  duration_ms: 3664.481829
  type: 'test'
  ...
# Subtest: the upward black grille lip stays black under a strong low dust patch
ok 1401 - the upward black grille lip stays black under a strong low dust patch
  ---
  duration_ms: 0.344203
  type: 'test'
  ...
# Subtest: the final clamp never fires, and no layer pins flat against a bound
ok 1402 - the final clamp never fires, and no layer pins flat against a bound
  ---
  duration_ms: 3101.306328
  type: 'test'
  ...
# Subtest: dirt goes down: a hull is grubbier at its foot than at its roof
ok 1403 - dirt goes down: a hull is grubbier at its foot than at its roof
  ---
  duration_ms: 151.462931
  type: 'test'
  ...
# Subtest: the gravity gradient does not fight the host contact shading
ok 1404 - the gravity gradient does not fight the host contact shading
  ---
  duration_ms: 54.731424
  type: 'test'
  ...
# Subtest: dust goes up: sky-facing is lighter than ground-facing, and a flat side is neutral
ok 1405 - dust goes up: sky-facing is lighter than ground-facing, and a flat side is neutral
  ---
  duration_ms: 81.521141
  type: 'test'
  ...
# Subtest: detail collapses with distance and the gravity gradient does not
ok 1406 - detail collapses with distance and the gravity gradient does not
  ---
  duration_ms: 204.622712
  type: 'test'
  ...
# Subtest: what the distance fade cannot do: a sprite and a card are the same depth
ok 1407 - what the distance fade cannot do: a sprite and a card are the same depth
  ---
  duration_ms: 60.861675
  type: 'test'
  ...
# Subtest: the treatment is band limited enough for the smallest pixel it is drawn at
ok 1408 - the treatment is band limited enough for the smallest pixel it is drawn at
  ---
  duration_ms: 2340.074385
  type: 'test'
  ...
# Subtest: it reads as surface on any base hue, including both repaints
ok 1409 - it reads as surface on any base hue, including both repaints
  ---
  duration_ms: 368.870801
  type: 'test'
  ...
# Subtest: the same fragment is the same colour every time it is asked
ok 1410 - the same fragment is the same colour every time it is asked
  ---
  duration_ms: 20.325373
  type: 'test'
  ...
# Subtest: the degenerate inputs a real frame will hand it
ok 1411 - the degenerate inputs a real frame will hand it
  ---
  duration_ms: 0.37925
  type: 'test'
  ...
# Subtest: every aircraft and specialist default matches its reviewed geometry and colors at every LOD
ok 1412 - every aircraft and specialist default matches its reviewed geometry and colors at every LOD
  ---
  duration_ms: 2034.909788
  type: 'test'
  ...
# Subtest: tank hulls have a long chassis envelope at all three LODs
ok 1413 - tank hulls have a long chassis envelope at all three LODs
  ---
  duration_ms: 966.330102
  type: 'test'
  ...
# Subtest: rotating turrets form a broad continuous low body instead of a tall narrow stack
ok 1414 - rotating turrets form a broad continuous low body instead of a tall narrow stack
  ---
  duration_ms: 1723.903706
  type: 'test'
  ...
# Subtest: each main gun is a slender continuous barrel with a recessed compact mount
ok 1415 - each main gun is a slender continuous barrel with a recessed compact mount
  ---
  duration_ms: 746.944424
  type: 'test'
  ...
# Subtest: heavy cheek armor has a single wedge top and a sloped face instead of repeated staircase ledges
ok 1416 - heavy cheek armor has a single wedge top and a sloped face instead of repeated staircase ledges
  ---
  duration_ms: 1979.864774
  type: 'test'
  ...
# Subtest: road wheels fill the track envelope and end gears share the belt return centers
ok 1417 - road wheels fill the track envelope and end gears share the belt return centers
  ---
  duration_ms: 231.497246
  type: 'test'
  ...
# Subtest: tank material classes are explicit aligned deterministic metadata across selected configurations and LODs
ok 1418 - tank material classes are explicit aligned deterministic metadata across selected configurations and LODs
  ---
  duration_ms: 1857.976067
  type: 'test'
  ...
# Subtest: every tank level carries authored classes including steel, rubber, glazing and canvas without unknown tokens
ok 1419 - every tank level carries authored classes including steel, rubber, glazing and canvas without unknown tokens
  ---
  duration_ms: 1071.859458
  type: 'test'
  ...
# Subtest: sand, winter and woodland repaint only authored paint even when steel and tracks are green-biased
ok 1420 - sand, winter and woodland repaint only authored paint even when steel and tracks are green-biased
  ---
  duration_ms: 12.654897
  type: 'test'
  ...
# Subtest: painted bevels stay close to the plate tone and sand cannot become pale cream
ok 1421 - painted bevels stay close to the plate tone and sand cannot become pale cream
  ---
  duration_ms: 0.950027
  type: 'test'
  ...
# Subtest: service and field deposits affect running gear and paint but retain clear optics and lamps
ok 1422 - service and field deposits affect running gear and paint but retain clear optics and lamps
  ---
  duration_ms: 1.354248
  type: 'test'
  ...
# Subtest: authoritative roughness and metalness remain separate from finish colors
ok 1423 - authoritative roughness and metalness remain separate from finish colors
  ---
  duration_ms: 0.728376
  type: 'test'
  ...
# Subtest: contact bake detects neighboring faces instead of applying a world-height shadow
ok 1424 - contact bake detects neighboring faces instead of applying a world-height shadow
  ---
  duration_ms: 2.034733
  type: 'test'
  ...
# Subtest: baking is deterministic, cached per geometry, and cannot mutate pick/export buffers
ok 1425 - baking is deterministic, cached per geometry, and cannot mutate pick/export buffers
  ---
  duration_ms: 249.100152
  type: 'test'
  ...
# Subtest: inspection contact bake has explicit memory and raster work limits
ok 1426 - inspection contact bake has explicit memory and raster work limits
  ---
  duration_ms: 770.938485
  type: 'test'
  ...
# Subtest: missing or malformed metadata never selects the armour path for another equipment family
ok 1427 - missing or malformed metadata never selects the armour path for another equipment family
  ---
  duration_ms: 4.375981
  type: 'test'
  ...
# Subtest: baked finishes remain ordinary GLB colors while exact semantic ranges and positions survive
ok 1428 - baked finishes remain ordinary GLB colors while exact semantic ranges and positions survive
  ---
  duration_ms: 9.941105
  type: 'test'
  ...
# Subtest: tank viewer uploads authored attributes, routes fragment finish/wear, and exports without rebuilding geometry
ok 1429 - tank viewer uploads authored attributes, routes fragment finish/wear, and exports without rebuilding geometry
  ---
  duration_ms: 30.917088
  type: 'test'
  ...
# Subtest: the same viewer disables armour treatment and extra buffers for aircraft and unrecognised vehicle families
ok 1430 - the same viewer disables armour treatment and extra buffers for aircraft and unrecognised vehicle families
  ---
  duration_ms: 84.095106
  type: 'test'
  ...
# Subtest: context loss preserves paint/wear and restoration recreates the authored tank attribute
ok 1431 - context loss preserves paint/wear and restoration recreates the authored tank attribute
  ---
  duration_ms: 14.463879
  type: 'test'
  ...
# Subtest: one controller releases the tank material attribute when switching to aircraft and restores it when returning
ok 1432 - one controller releases the tank material attribute when switching to aircraft and restores it when returning
  ---
  duration_ms: 18.425754
  type: 'test'
  ...
# Subtest: repainting and orbiting reuse geometry, material parameters, and GPU allocations
ok 1433 - repainting and orbiting reuse geometry, material parameters, and GPU allocations
  ---
  duration_ms: 45.27031
  type: 'test'
  ...
# Subtest: a failed extra material-buffer upload clears stale tank geometry and a retry recovers without leaking
ok 1434 - a failed extra material-buffer upload clears stale tank geometry and a retry recovers without leaking
  ---
  duration_ms: 23.959573
  type: 'test'
  ...
# Subtest: all five specialist armoured platforms have complete authored materials at every detail level
ok 1435 - all five specialist armoured platforms have complete authored materials at every detail level
  ---
  duration_ms: 680.433775
  type: 'test'
  ...
# Subtest: each specialist repaint leaves steel, tyres, optics, cables and canvas unchanged
ok 1436 - each specialist repaint leaves steel, tyres, optics, cables and canvas unchanged
  ---
  duration_ms: 577.16659
  type: 'test'
  ...
# Subtest: specialist field wear changes painted bodies and running gear while optics and lamps stay clear
ok 1437 - specialist field wear changes painted bodies and running gear while optics and lamps stay clear
  ---
  duration_ms: 355.915877
  type: 'test'
  ...
# Subtest: real specialist meshes activate native finish controls, export their selected condition and preserve material data on restore
ok 1438 - real specialist meshes activate native finish controls, export their selected condition and preserve material data on restore
  ---
  duration_ms: 919.699022
  type: 'test'
  ...
# Subtest: missing armour module or malformed specialist metadata retains the ordinary usable viewer and hides unavailable controls
ok 1439 - missing armour module or malformed specialist metadata retains the ordinary usable viewer and hides unavailable controls
  ---
  duration_ms: 92.406136
  type: 'test'
  ...
# Subtest: switching between specialist armour and aircraft hides controls and releases the extra attribute without changing aircraft finishes
ok 1440 - switching between specialist armour and aircraft hides controls and releases the extra attribute without changing aircraft finishes
  ---
  duration_ms: 41.865294
  type: 'test'
  ...
# Subtest: approved tank shader and representative four-platform appearance buffers remain byte-identical through the specialist extension
ok 1441 - approved tank shader and representative four-platform appearance buffers remain byte-identical through the specialist extension
  ---
  duration_ms: 2297.956824
  type: 'test'
  ...
# Subtest: workshop selection follows a part across LOD and component edits and clears on explicit preset or vehicle reset
ok 1442 - workshop selection follows a part across LOD and component edits and clears on explicit preset or vehicle reset
  ---
  duration_ms: 841.404598
  type: 'test'
  ...
# Subtest: the actual controller emits a part name string and the workshop accepts only current real parts
ok 1443 - the actual controller emits a part name string and the workshop accepts only current real parts
  ---
  duration_ms: 542.020107
  type: 'test'
  ...
# Subtest: workshop export failures preserve the design and always clean up an attached anchor and created URL
ok 1444 - workshop export failures preserve the design and always clean up an attached anchor and created URL
  ---
  duration_ms: 654.124869
  type: 'test'
  ...
# Subtest: shipped geography builds only sourced named features at actual district members
ok 1445 - shipped geography builds only sourced named features at actual district members
  ---
  duration_ms: 432.494066
  type: 'test'
  ...
# Subtest: medoids stay on actual ground, including disconnected and world-seam features
ok 1446 - medoids stay on actual ground, including disconnected and world-seam features
  ---
  duration_ms: 0.742684
  type: 'test'
  ...
# Subtest: build is deterministic for reversed input order, with frozen output and immutable sources
ok 1447 - build is deterministic for reversed input order, with frozen output and immutable sources
  ---
  duration_ms: 1.120341
  type: 'test'
  ...
# Subtest: missing names or finite district centroids cannot invent a terrain feature
ok 1448 - missing names or finite district centroids cannot invent a terrain feature
  ---
  duration_ms: 0.334902
  type: 'test'
  ...
# Subtest: feature extent determines the major, regional and local reveal thresholds
ok 1449 - feature extent determines the major, regional and local reveal thresholds
  ---
  duration_ms: 5.835785
  type: 'test'
  ...
# Subtest: disabled, missing and world-scale terrain labels produce no canvas or collision changes
ok 1450 - disabled, missing and world-scale terrain labels produce no canvas or collision changes
  ---
  duration_ms: 5.459348
  type: 'test'
  ...
# Subtest: draw rejects hidden hemisphere, missing projections and labels outside the viewport
ok 1451 - draw rejects hidden hemisphere, missing projections and labels outside the viewport
  ---
  duration_ms: 0.971903
  type: 'test'
  ...
# Subtest: a visible regional center takes priority over a fringe member closer to the camera
ok 1452 - a visible regional center takes priority over a fringe member closer to the camera
  ---
  duration_ms: 0.393709
  type: 'test'
  ...
# Subtest: one feature can use an unobstructed alternate anchor without drawing twice
ok 1453 - one feature can use an unobstructed alternate anchor without drawing twice
  ---
  duration_ms: 0.657883
  type: 'test'
  ...
# Subtest: terrain labels share measured collision boxes with existing labels and each other
ok 1454 - terrain labels share measured collision boxes with existing labels and each other
  ---
  duration_ms: 0.604026
  type: 'test'
  ...
# Subtest: label budgets cap sparse features at twelve by default and respect a smaller explicit cap
ok 1455 - label budgets cap sparse features at twelve by default and respect a smaller explicit cap
  ---
  duration_ms: 0.522856
  type: 'test'
  ...
# Subtest: labels use italic text and pixel-ratio-scaled measured fonts while restoring canvas state
ok 1456 - labels use italic text and pixel-ratio-scaled measured fonts while restoring canvas state
  ---
  duration_ms: 0.456437
  type: 'test'
  ...
# Subtest: regional names fade in above their threshold and reach stable opacity after six tenths of zoom
ok 1457 - regional names fade in above their threshold and reach stable opacity after six tenths of zoom
  ---
  duration_ms: 0.31593
  type: 'test'
  ...
# Subtest: major, regional and local features reveal in that order as the camera approaches
ok 1458 - major, regional and local features reveal in that order as the camera approaches
  ---
  duration_ms: 0.272944
  type: 'test'
  ...
# Subtest: drawing the same view selects the same member anchor and reserves the same boxes
ok 1459 - drawing the same view selects the same member anchor and reserves the same boxes
  ---
  duration_ms: 0.282875
  type: 'test'
  ...
# Subtest: duplicate feature entries still draw at most one name
ok 1460 - duplicate feature entries still draw at most one name
  ---
  duration_ms: 0.112394
  type: 'test'
  ...
# Subtest: screen density uses CSS area consistently across pixel ratios and caps large budgets
ok 1461 - screen density uses CSS area consistently across pixel ratios and caps large budgets
  ---
  duration_ms: 0.55113
  type: 'test'
  ...
# Subtest: missing canvas, globe or view dimensions are harmless before drawing starts
ok 1462 - missing canvas, globe or view dimensions are harmless before drawing starts
  ---
  duration_ms: 0.139527
  type: 'test'
  ...
# Subtest: RG16 decode preserves signed metres, byte rollovers and dimension checks
ok 1463 - RG16 decode preserves signed metres, byte rollovers and dimension checks
  ---
  duration_ms: 12.829306
  type: 'test'
  ...
# Subtest: tile coordinates use north-up cell centres and wrap the dateline
ok 1464 - tile coordinates use north-up cell centres and wrap the dateline
  ---
  duration_ms: 0.934207
  type: 'test'
  ...
# Subtest: shared gutters interpolate a continuous surface across longitude and latitude seams
ok 1465 - shared gutters interpolate a continuous surface across longitude and latitude seams
  ---
  duration_ms: 22.049705
  type: 'test'
  ...
# Subtest: mesh vertices physically rise for peaks and fall into valleys
ok 1466 - mesh vertices physically rise for peaks and fall into valleys
  ---
  duration_ms: 1.423659
  type: 'test'
  ...
# Subtest: native slope retains east/south signs and latitude-dependent ground distance
ok 1467 - native slope retains east/south signs and latitude-dependent ground distance
  ---
  duration_ms: 1.133412
  type: 'test'
  ...
# Subtest: ocean bathymetry stays at sea level without inverted seafloor geometry
ok 1468 - ocean bathymetry stays at sea level without inverted seafloor geometry
  ---
  duration_ms: 4.751338
  type: 'test'
  ...
# Subtest: mesh triangles face outward and share their edges
ok 1469 - mesh triangles face outward and share their edges
  ---
  duration_ms: 7.701359
  type: 'test'
  ...
# Subtest: native spacing is retained nearby and geometry allocation is capped for broad views
ok 1470 - native spacing is retained nearby and geometry allocation is capped for broad views
  ---
  duration_ms: 244.632433
  type: 'test'
  ...
# Subtest: missing elevation or gradient coverage declines the complete mesh
ok 1471 - missing elevation or gradient coverage declines the complete mesh
  ---
  duration_ms: 0.781259
  type: 'test'
  ...
# Subtest: tilted camera footprint includes the skyline where screen corners see sky
ok 1472 - tilted camera footprint includes the skyline where screen corners see sky
  ---
  duration_ms: 21.14461
  type: 'test'
  ...
# Subtest: dateline footprints stay regional and request both neighbouring tile columns
ok 1473 - dateline footprints stay regional and request both neighbouring tile columns
  ---
  duration_ms: 1.63487
  type: 'test'
  ...
# Subtest: cache bounds concurrent requests, replaces stale queues and disposes pending loads
ok 1474 - cache bounds concurrent requests, replaces stale queues and disposes pending loads
  ---
  duration_ms: 22.104155
  type: 'test'
  ...
# Subtest: cache evicts older regions and never exceeds its decoded memory budget
ok 1475 - cache evicts older regions and never exceeds its decoded memory budget
  ---
  duration_ms: 8.307407
  type: 'test'
  ...
# Subtest: failed tiles retain ordinary globe fallback without repeated request storms
ok 1476 - failed tiles retain ordinary globe fallback without repeated request storms
  ---
  duration_ms: 1.976303
  type: 'test'
  ...
# Subtest: mesh becomes drawable only after coverage and restores caller GL bindings
ok 1477 - mesh becomes drawable only after coverage and restores caller GL bindings
  ---
  duration_ms: 464.272921
  type: 'test'
  ...
# Subtest: constant manifest tiles decode locally without fetching nonexistent PNGs
ok 1478 - constant manifest tiles decode locally without fetching nonexistent PNGs
  ---
  duration_ms: 5.071537
  type: 'test'
  ...
# Subtest: mesh shader projects actual displaced coordinates through the shared camera
ok 1479 - mesh shader projects actual displaced coordinates through the shared camera
  ---
  duration_ms: 0.425346
  type: 'test'
  ...
# Subtest: water planes match six transcribed HydroLAKES records and exact existing shorelines
ok 1480 - water planes match six transcribed HydroLAKES records and exact existing shorelines
  ---
  duration_ms: 324.702708
  type: 'test'
  ...
# Subtest: Baikal surface replaces its bed in geometry, slope and picking height together
ok 1481 - Baikal surface replaces its bed in geometry, slope and picking height together
  ---
  duration_ms: 312.119927
  type: 'test'
  ...
# Subtest: a changed lake path cannot silently apply a water height to another feature
ok 1482 - a changed lake path cannot silently apply a water height to another feature
  ---
  duration_ms: 475.57646
  type: 'test'
  ...
# PASS the kit covers the fifteen building kinds roadmap section G names
# PASS every kind builds sound geometry at all three LODs
# PASS every kind, at every frontage and storey count it offers, lands inside the section 4 budget
# PASS curved surfaces are smooth shaded, and flat ones are not
# PASS a pitched roof is laid in courses, not drawn as one grey sheet
# PASS a window is a hole in the wall, not a pane buried behind one
# PASS a back addition is behind the house, not in its front garden
# PASS the map LOD is the same building seen small, not a different one
# PASS every district assembles a populated block inside the scene budget
# PASS the budgets hold at every tile size the API accepts, not only the default one
# PASS a block is assembled from shared building meshes, not from unique buildings
# PASS lots tile the block without overlapping each other or leaving the tile
# PASS the card and the map lay the same town out as the close view does
# PASS what is drawn stays on its own lot and out of its neighbour
# PASS a baked variant reports the footprint it drew, not the one it was asked for
# PASS the same block id builds the same town, in this process and in a fresh load
# PASS a second node process builds the same town, byte for byte
# PASS two different block ids really do build different towns
# PASS variety comes from a hash of the id and the lot, with no clock and no entropy source in the file
# PASS art claims stay inside roadmap section 3 — original, representative, and granting nothing
# PASS unknown kinds and junk options fail cleanly instead of inventing a building
# PASS options are read, never written
# PASS the browser global exports the same contract with no module system present
# 23 town mesh checks passed; representative temperate block 16 lots / 10 shared meshes, 198,462 triangles close / 57,784 card / 3,422 map, 12.1% of them smooth shaded, 148m x 104m.
# Subtest: /mnt/c/Users/ridge/Documents/Codex/2026-09-05/pick-up-the-spheres-game-on/work/campaign-certification/integration/tools/ui/check_town_mesh.cjs
ok 83 - /mnt/c/Users/ridge/Documents/Codex/2026-09-05/pick-up-the-spheres-game-on/work/campaign-certification/integration/tools/ui/check_town_mesh.cjs
  ---
  duration_ms: 38165.623361
  type: 'test'
  ...
# Subtest: nine frozen lessons describe real reading workflows and navigation only
ok 1484 - nine frozen lessons describe real reading workflows and navigation only
  ---
  duration_ms: 7.099858
  type: 'test'
  ...
# Subtest: UMD browser export works without a DOM, localStorage or campaign services
ok 1485 - UMD browser export works without a DOM, localStorage or campaign services
  ---
  duration_ms: 26.673426
  type: 'test'
  ...
# Subtest: corrupted values and future or missing schema versions recover to a fresh preference
ok 1486 - corrupted values and future or missing schema versions recover to a fresh preference
  ---
  duration_ms: 0.72814
  type: 'test'
  ...
# Subtest: normalization deduplicates known IDs in lesson order and completion wins overlap
ok 1487 - normalization deduplicates known IDs in lesson order and completion wins overlap
  ---
  duration_ms: 0.231421
  type: 'test'
  ...
# Subtest: prototype pollution, inherited fields and getters cannot supply progress or events
ok 1488 - prototype pollution, inherited fields and getters cannot supply progress or events
  ---
  duration_ms: 0.634334
  type: 'test'
  ...
# Subtest: large sparse arrays recover within bounded work and do not accept inherited entries
ok 1489 - large sparse arrays recover within bounded work and do not accept inherited entries
  ---
  duration_ms: 0.234161
  type: 'test'
  ...
# Subtest: start and selecting a lesson never complete it; unknown events and IDs are no-ops
ok 1490 - start and selecting a lesson never complete it; unknown events and IDs are no-ops
  ---
  duration_ms: 0.281408
  type: 'test'
  ...
# Subtest: completion and skipping are separate, navigate to unresolved lessons and wrap
ok 1491 - completion and skipping are separate, navigate to unresolved lessons and wrap
  ---
  duration_ms: 0.261169
  type: 'test'
  ...
# Subtest: end of the reading list preserves skipped status and supports replay and restart
ok 1492 - end of the reading list preserves skipped status and supports replay and restart
  ---
  duration_ms: 0.421002
  type: 'test'
  ...
# Subtest: normalization and every event are immutable and do not retain caller arrays
ok 1493 - normalization and every event are immutable and do not retain caller arrays
  ---
  duration_ms: 0.654593
  type: 'test'
  ...
# Subtest: operations adoption is reviewed before one normal command is sent
ok 1494 - operations adoption is reviewed before one normal command is sent
  ---
  duration_ms: 21.769195
  type: 'test'
  ...
# Subtest: cancelling or changing the campaign while reviewing cannot adopt warfare
ok 1495 - cancelling or changing the campaign while reviewing cannot adopt warfare
  ---
  duration_ms: 4.163486
  type: 'test'
  ...
# Subtest: unavailable or already enabled adoption is inert and escapes its explanation
ok 1496 - unavailable or already enabled adoption is inert and escapes its explanation
  ---
  duration_ms: 3.761191
  type: 'test'
  ...
# Subtest: uncertain receipt and stale response are never adopted or retried automatically
ok 1497 - uncertain receipt and stale response are never adopted or retried automatically
  ---
  duration_ms: 5.024486
  type: 'test'
  ...
# Subtest: campaign order bindings refuse forms from a replaced world before calling transport
ok 1498 - campaign order bindings refuse forms from a replaced world before calling transport
  ---
  duration_ms: 1.534393
  type: 'test'
  ...
# Subtest: staged inline JavaScript remains syntactically valid
ok 1499 - staged inline JavaScript remains syntactically valid
  ---
  duration_ms: 19.556437
  type: 'test'
  ...
# Subtest: all shipped courses are preserved verbatim at regional zoom; no source mutation
ok 1500 - all shipped courses are preserved verbatim at regional zoom; no source mutation
  ---
  duration_ms: 74.438473
  type: 'test'
  ...
# Subtest: course-length tiers progressively reveal secondary rivers without losing majors
ok 1501 - course-length tiers progressively reveal secondary rivers without losing majors
  ---
  duration_ms: 1.130833
  type: 'test'
  ...
# Subtest: every shipped course is visible by zoom 4, with a quieter actual world view
ok 1502 - every shipped course is visible by zoom 4, with a quieter actual world view
  ---
  duration_ms: 1.402727
  type: 'test'
  ...
# Subtest: long named reaches share a tier but unnamed tiny courses do not combine
ok 1503 - long named reaches share a tier but unnamed tiny courses do not combine
  ---
  duration_ms: 0.425966
  type: 'test'
  ...
# Subtest: separate M commands never manufacture length across disconnected reaches
ok 1504 - separate M commands never manufacture length across disconnected reaches
  ---
  duration_ms: 0.412669
  type: 'test'
  ...
# Subtest: political modes preserve the old opacity, color, width and single strokes
ok 1505 - political modes preserve the old opacity, color, width and single strokes
  ---
  duration_ms: 0.269513
  type: 'test'
  ...
# Subtest: terrain widths and alpha remain bounded through maximum camera zoom
ok 1506 - terrain widths and alpha remain bounded through maximum camera zoom
  ---
  duration_ms: 0.28943
  type: 'test'
  ...
# Subtest: painter restores the canvas when a path resolver throws
ok 1507 - painter restores the canvas when a path resolver throws
  ---
  duration_ms: 0.421177
  type: 'test'
  ...
# Subtest: disabled or invalid paint inputs are a no-op
ok 1508 - disabled or invalid paint inputs are a no-op
  ---
  duration_ms: 0.334339
  type: 'test'
  ...
# Subtest: shipped river names are sourced and all bounded alternate anchors are actual exported vertices
ok 1509 - shipped river names are sourced and all bounded alternate anchors are actual exported vertices
  ---
  duration_ms: 15.214932
  type: 'test'
  ...
# Subtest: unsupported curves and missing names never produce invented labels
ok 1510 - unsupported curves and missing names never produce invented labels
  ---
  duration_ms: 0.381628
  type: 'test'
  ...
# Subtest: labels are deterministic for unchanged source data and preserve source names
ok 1511 - labels are deterministic for unchanged source data and preserve source names
  ---
  duration_ms: 0.338978
  type: 'test'
  ...
# Subtest: river names appear only at regional zoom and respect enable and density limits
ok 1512 - river names appear only at regional zoom and respect enable and density limits
  ---
  duration_ms: 0.686174
  type: 'test'
  ...
# Subtest: facing and invalid projections reject labels before they reserve a collision box
ok 1513 - facing and invalid projections reject labels before they reserve a collision box
  ---
  duration_ms: 0.297318
  type: 'test'
  ...
# Subtest: label collision uses shared boxes and tries an alternate actual river vertex
ok 1514 - label collision uses shared boxes and tries an alternate actual river vertex
  ---
  duration_ms: 0.292299
  type: 'test'
  ...
# Subtest: measured italic overhang and viewport edges reject clipped names at multiple pixel ratios
ok 1515 - measured italic overhang and viewport edges reject clipped names at multiple pixel ratios
  ---
  duration_ms: 0.148504
  type: 'test'
  ...
# Subtest: small screens keep a sparse name layer and global collision boxes prevent repeated names
ok 1516 - small screens keep a sparse name layer and global collision boxes prevent repeated names
  ---
  duration_ms: 0.094917
  type: 'test'
  ...
# Subtest: the plan contract holds and every instance is inside the extent it was asked for
ok 1517 - the plan contract holds and every instance is inside the extent it was asked for
  ---
  duration_ms: 81.450633
  type: 'test'
  ...
# Subtest: the same extent and seed plan the same field twice, and in a fresh load
ok 1518 - the same extent and seed plan the same field twice, and in a fresh load
  ---
  duration_ms: 271.579415
  type: 'test'
  ...
# Subtest: an instance survives a pan byte-identical: position, kind, yaw and scale
ok 1519 - an instance survives a pan byte-identical: position, kind, yaw and scale
  ---
  duration_ms: 159.174291
  type: 'test'
  ...
# Subtest: an instance survives a zoom too: a coarse rung is a subset of a fine one
ok 1520 - an instance survives a zoom too: a coarse rung is a subset of a fine one
  ---
  duration_ms: 114.541442
  type: 'test'
  ...
# Subtest: the budget is a hard cap and the cull is a stable prefix
ok 1521 - the budget is a hard cap and the cull is a stable prefix
  ---
  duration_ms: 20.311708
  type: 'test'
  ...
# Subtest: water, steep ground and the host exclusion are all actually refused
ok 1522 - water, steep ground and the host exclusion are all actually refused
  ---
  duration_ms: 93.092991
  type: 'test'
  ...
# Subtest: nothing at all is emitted above the zoom-out threshold
ok 1523 - nothing at all is emitted above the zoom-out threshold
  ---
  duration_ms: 1.080848
  type: 'test'
  ...
# Subtest: every instance carries the elevation the terrain sampler gave it
ok 1524 - every instance carries the elevation the terrain sampler gave it
  ---
  duration_ms: 22.217466
  type: 'test'
  ...
# Subtest: the biome is the documented classification of cover, latitude and elevation
ok 1525 - the biome is the documented classification of cover, latitude and elevation
  ---
  duration_ms: 7.812158
  type: 'test'
  ...
# Subtest: every kind and biome exists in the live scatter-mesh, with its weights and footprints
ok 1526 - every kind and biome exists in the live scatter-mesh, with its weights and footprints
  ---
  duration_ms: 20.132596
  type: 'test'
  ...
# Subtest: a missing sampler degrades to a stated default rather than throwing
ok 1527 - a missing sampler degrades to a stated default rather than throwing
  ---
  duration_ms: 21.878223
  type: 'test'
  ...
# Subtest: an extent across the antimeridian works and normalises its longitudes
ok 1528 - an extent across the antimeridian works and normalises its longitudes
  ---
  duration_ms: 9.583769
  type: 'test'
  ...
# Subtest: the cell grid is a whole-degree power of two and the stride lattice wraps
ok 1529 - the cell grid is a whole-degree power of two and the stride lattice wraps
  ---
  duration_ms: 4.418204
  type: 'test'
  ...
# Subtest: a view too wide for the walk guard thins instead of stalling, and thins stably
ok 1530 - a view too wide for the walk guard thins instead of stalling, and thins stably
  ---
  duration_ms: 106.84188
  type: 'test'
  ...
# Subtest: no wall clock, no entropy source and no browser can reach this placement
ok 1531 - no wall clock, no entropy source and no browser can reach this placement
  ---
  duration_ms: 1.455596
  type: 'test'
  ...
# Subtest: the browser global exports the same contract and plans the identical field
ok 1532 - the browser global exports the same contract and plans the identical field
  ---
  duration_ms: 134.414437
  type: 'test'
  ...
# Subtest: every bar above goes red against a deliberately broken placement engine
ok 1533 - every bar above goes red against a deliberately broken placement engine
  ---
  duration_ms: 11633.619693
  type: 'test'
  ...
1..1533
# tests 1533
# suites 0
# pass 1532
# fail 0
# cancelled 0
# skipped 1
# todo 0
# duration_ms 148930.52702
