elapsed_ms,private_bytes,working_set_bytes,os_peak_working_set_bytes
215.107,1224704,2990080,2990080
340.587,251400192,251645952,251645952
449.168,413929472,409337856,409337856
559.209,576847872,566267904,566267904
659.589,715313152,700805120,700805120
779.008,718471168,703639552,796069888
887.245,642486272,629047296,796069888
989.019,642490368,629149696,796069888
1099.370,514371584,503513088,796069888
1209.090,270249984,264425472,796069888
1318.603,265404416,261025792,796069888
1429.023,291659776,291364864,796069888
1545.909,409329664,393379840,796069888
1658.882,543809536,438927360,796069888
1788.978,274841600,276566016,796069888
1899.257,342089728,330444800,796069888
2018.882,543809536,430247936,796069888
2129.414,543809536,438964224,796069888
2244.249,409329664,346202112,796069888
2349.128,543809536,439025664,796069888
2469.264,685056000,561291264,796069888
2569.141,810250240,687276032,796069888
2679.325,941264896,822398976,822398976
2799.064,789434368,746758144,870367232
2919.131,856674304,821719040,870367232
3039.436,542089216,514588672,870367232
3148.929,404738048,383188992,870367232
3259.284,384532480,383164416,870367232
3368.733,418824192,406896640,870367232
3478.901,519684096,476303360,870367232
3588.832,654163968,542187520,870367232
3689.881,654163968,546512896,870367232
3800.104,271196160,270041088,870367232
3908.964,295411712,282411008,870367232
4029.088,316342272,301928448,870367232
4148.587,322301952,306282496,870367232
4264.587,323883008,307236864,870367232
4378.661,325562368,308006912,870367232
4488.891,331272192,312766464,870367232
4608.952,330674176,312426496,870367232
4739.424,331931648,313040896,870367232
4849.104,331931648,313212928,870367232
4959.500,331931648,313221120,870367232
5069.217,332455936,313827328,870367232
5179.864,332455936,314003456,870367232
5289.111,332718080,314007552,870367232
5399.039,332718080,314011648,870367232
5509.162,333860864,314515456,870367232
5619.029,333242368,314482688,870367232
5724.747,333242368,314486784,870367232
5831.441,333774848,314646528,870367232
5939.051,333774848,314642432,870367232
6069.184,334036992,314650624,870367232
6179.211,334036992,314724352,870367232
6299.114,334823424,314728448,870367232
6409.633,334823424,314740736,870367232
6529.063,335347712,314818560,870367232
6630.455,336490496,315310080,870367232
6746.341,336134144,315006976,870367232
6859.182,336134144,315023360,870367232
6959.199,344268800,324108288,870367232
7069.843,338305024,339574784,870367232
7175.810,296804352,289599488,870367232
7288.972,298934272,290996224,870367232
7398.960,305594368,295120896,870367232
7509.236,307658752,295866368,870367232
7618.903,308633600,296550400,870367232
7724.015,309276672,296689664,870367232
7839.431,310493184,297439232,870367232
7949.385,309379072,296792064,870367232
8049.190,309379072,296792064,870367232
8159.481,309379072,296792064,870367232
8269.097,309403648,296792064,870367232
8387.410,309547008,297033728,870367232
8489.470,309551104,297037824,870367232
8599.257,309551104,297037824,870367232
8709.157,310693888,298192896,870367232
8826.090,309608448,297115648,870367232
8939.346,311009280,297562112,870367232
9049.224,309866496,297377792,870367232
9159.209,309866496,297377792,870367232
9269.245,309866496,297377792,870367232
9379.579,309866496,297377792,870367232
9489.618,312422400,298799104,870367232
9599.631,311279616,298766336,870367232
9709.542,311336960,298815488,870367232
9819.531,311463936,298954752,870367232
9939.355,311615488,299110400,870367232
10059.257,312758272,299905024,870367232
10159.554,311615488,299180032,870367232
10269.526,311615488,299180032,870367232
10378.345,311615488,299184128,870367232
10489.370,311615488,299184128,870367232
10599.326,312758272,300326912,870367232
10709.665,311615488,299184128,870367232
10819.452,311615488,299184128,870367232
10929.840,311648256,299225088,870367232
11039.789,311648256,299225088,870367232
11149.587,312791040,300367872,870367232
11259.473,311648256,299225088,870367232
11369.300,311648256,299225088,870367232
11479.338,311648256,299229184,870367232
11586.017,311648256,299233280,870367232
11697.007,312791040,300376064,870367232
11799.057,311648256,299266048,870367232
11908.951,311648256,299270144,870367232
12019.555,311648256,299343872,870367232
12129.571,311648256,299352064,870367232
12239.547,311771136,299503616,870367232
12349.337,312020992,299778048,870367232
12458.420,313180160,300904448,870367232
12568.892,380891136,353923072,870367232
12679.404,448131072,426115072,870367232
12799.148,582610944,463716352,870367232
12909.330,314589184,302616576,870367232
13019.742,316960768,303161344,870367232
13129.311,315990016,302977024,870367232
13259.728,315990016,303104000,870367232
13369.779,317857792,304287744,870367232
13469.972,316715008,303149056,870367232
13579.449,316715008,303149056,870367232
13709.870,317857792,304291840,870367232
13830.173,317276160,303181824,870367232
13939.569,317276160,303181824,870367232
14051.413,317276160,303693824,870367232
14159.878,317730816,303726592,870367232
14268.988,317730816,303730688,870367232
14391.090,317730816,303734784,870367232
14510.307,319275008,304881664,870367232
14619.729,319094784,303763456,870367232
14724.640,319094784,303788032,870367232
14830.131,280989696,283381760,870367232
14939.431,290025472,287301632,870367232
15059.130,289947648,287887360,870367232
15160.023,290684928,288284672,870367232
15269.353,290684928,288305152,870367232
15379.223,290693120,288325632,870367232
15494.839,290693120,288342016,870367232
15599.415,290693120,288342016,870367232
15709.445,291004416,288391168,870367232
15816.099,293253120,290803712,870367232
15935.465,294408192,292020224,870367232
16039.417,293560320,290893824,870367232
16150.075,293826560,290918400,870367232
16250.905,293859328,290975744,870367232
16369.647,293863424,291057664,870367232
16479.247,294514688,291074048,870367232
16589.276,294514688,291082240,870367232
16689.411,295661568,292233216,870367232
16799.727,295075840,291053568,870367232
16909.369,295075840,291053568,870367232
17020.643,297140224,292204544,870367232
17129.222,297500672,291065856,870367232
17239.344,297500672,291065856,870367232
17349.578,298905600,292036608,870367232
17459.971,297766912,291082240,870367232
17570.461,297766912,291082240,870367232
17684.524,297766912,291082240,870367232
17790.519,331653120,308658176,870367232
17899.748,432513024,378273792,870367232
18009.666,566992896,440655872,870367232
18125.843,566992896,443736064,870367232
18239.127,298819584,292077568,870367232
18349.657,304492544,298160128,870367232
18459.238,303976448,297533440,870367232
18570.087,305631232,297566208,870367232
18685.680,305631232,297652224,870367232
18789.531,305795072,297947136,870367232
18894.044,306397184,298504192,870367232
19009.784,306397184,298516480,870367232
19120.138,306397184,298668032,870367232
19221.431,307572736,300011520,870367232
19330.524,306896896,298938368,870367232
19439.230,306921472,298975232,870367232
19551.463,306929664,298967040,870367232
19671.149,306929664,298979328,870367232
19785.932,306929664,298991616,870367232
19905.086,306929664,299016192,870367232
20010.574,306929664,299024384,870367232
20125.842,306929664,299028480,870367232
20240.597,307453952,299565056,870367232
20350.113,308117504,299601920,870367232
20457.962,309137408,300294144,870367232
20563.007,309813248,300314624,870367232
20679.960,310956032,301522944,870367232
20790.336,309813248,300380160,870367232
20905.828,309813248,300494848,870367232
21010.023,310005760,300556288,870367232
21119.879,310005760,301101056,870367232
21225.291,310005760,301105152,870367232
21331.467,310005760,301105152,870367232
21443.194,310005760,301105152,870367232
21550.927,310005760,301170688,870367232
21666.705,311148544,301531136,870367232
21770.058,359907328,355004416,870367232
21880.193,302600192,309284864,870367232
21989.672,298754048,299380736,870367232
22100.215,305254400,302567424,870367232
22209.995,307376128,303550464,870367232
22320.016,309305344,304566272,870367232
22429.873,308772864,304201728,870367232
22535.819,309239808,304599040,870367232
22649.869,309403648,304766976,870367232
22759.749,309420032,304787456,870367232
22866.069,309424128,304857088,870367232
22969.988,309444608,304877568,870367232
23079.778,310833152,305647616,870367232
23200.192,309743616,305278976,870367232
23309.899,309743616,305278976,870367232
23419.826,309772288,305307648,870367232
23536.113,309792768,305328128,870367232
23649.806,309792768,305328128,870367232
23760.252,310366208,305336320,870367232
23870.549,311541760,305614848,870367232
23975.988,311001088,305401856,870367232
24086.061,311001088,305401856,870367232
24190.154,311029760,305496064,870367232
24300.576,311664640,305528832,870367232
24409.803,312807424,305557504,870367232
24521.831,312287232,305561600,870367232
24625.617,312287232,305561600,870367232
24745.493,312315904,305590272,870367232
24855.693,312340480,305618944,870367232
24957.741,312340480,305618944,870367232
25070.182,312365056,305717248,870367232
25193.169,313536512,306888704,870367232
25300.311,312393728,305750016,870367232
25410.146,312418304,305774592,870367232
25519.808,312418304,305774592,870367232
25629.960,312418304,305782784,870367232
25740.507,313585664,306950144,870367232
25850.152,312471552,305840128,870367232
25955.416,312471552,305840128,870367232
26070.699,312471552,305844224,870367232
26180.440,312471552,305848320,870367232
26290.272,312471552,305848320,870367232
26406.709,312553472,306065408,870367232
26520.619,313696256,307208192,870367232
26625.239,312553472,306065408,870367232
26740.062,321986560,313810944,870367232
26848.080,515305472,425021440,870367232
26966.327,582541312,443949056,870367232
27080.286,582541312,470163456,870367232
27190.379,315187200,308764672,870367232
27300.431,315187200,308772864,870367232
27426.122,315490304,308781056,870367232
27539.768,315764736,309055488,870367232
27649.980,315764736,309055488,870367232
27755.138,315764736,309248000,870367232
27860.502,315936768,309280768,870367232
27975.851,315936768,309280768,870367232
28080.345,317108224,310398976,870367232
28195.987,316456960,309329920,870367232
28300.345,316456960,309329920,870367232
28409.929,318136320,310984704,870367232
28520.299,316993536,309846016,870367232
28630.036,317005824,309854208,870367232
28735.533,319033344,310956032,870367232
28859.122,318300160,310112256,870367232
28959.872,318304256,310116352,870367232
29070.250,319852544,310579200,870367232
29180.518,318709760,310145024,870367232
29290.052,318611456,310018048,870367232
29396.009,318611456,310128640,870367232
29510.778,312250368,319295488,870367232
29610.788,305946624,302084096,870367232
29730.249,308920320,304812032,870367232
29831.293,314339328,308334592,870367232
29945.815,313204736,307236864,870367232
30050.828,313253888,307335168,870367232
30170.473,313262080,307367936,870367232
30276.751,313167872,307322880,870367232
30396.358,314322944,308621312,870367232
30505.643,313180160,307486720,870367232
30609.888,313180160,307486720,870367232
30720.181,313180160,307490816,870367232
30835.922,313188352,307499008,870367232
30940.177,313196544,307576832,870367232
31050.642,313208832,307605504,870367232
31160.706,313212928,307625984,870367232
31270.505,313212928,307634176,870367232
31376.018,313225216,307646464,870367232
31490.529,313241600,307671040,870367232
31600.262,313245696,307675136,870367232
31706.589,313262080,307761152,870367232
31826.277,313487360,308023296,870367232
31931.409,313487360,308027392,870367232
32043.216,313487360,308027392,870367232
32150.492,313872384,308043776,870367232
32260.168,315015168,309252096,870367232
32376.155,313872384,308113408,870367232
32485.927,313872384,308178944,870367232
32600.748,313872384,308260864,870367232
32710.618,314273792,308264960,870367232
32820.314,314273792,308269056,870367232
32935.945,314273792,308269056,870367232
33040.609,314703872,308281344,870367232
33150.988,314703872,308281344,870367232
33258.196,314703872,308285440,870367232
33370.472,348864512,336961536,870367232
33480.629,449724416,405192704,870367232
33591.125,584204288,468955136,870367232
33696.079,584204288,468955136,870367232
33800.425,315244544,309108736,870367232
33920.297,316637184,310173696,870367232
34020.790,317280256,310775808,870367232
34131.148,318087168,311648256,870367232
34240.331,318218240,311898112,870367232
34356.560,318259200,311926784,870367232
34481.302,318259200,312000512,870367232
34586.871,320413696,312856576,870367232
34691.381,319270912,312619008,870367232
34802.103,319270912,312619008,870367232
34912.200,320299008,313257984,870367232
35020.730,320327680,313286656,870367232
35136.611,320327680,313294848,870367232
35251.944,321499136,313925632,870367232
35372.098,320892928,313626624,870367232
35476.028,320892928,313626624,870367232
35580.523,320892928,313630720,870367232
35700.582,321445888,313634816,870367232
35816.650,321581056,313790464,870367232
35930.660,321581056,313798656,870367232
36047.007,322723840,314167296,870367232
36151.456,321581056,313864192,870367232
36256.473,321581056,313864192,870367232
36360.641,323420160,315092992,870367232
36480.739,322306048,314880000,870367232
36590.574,323481600,315011072,870367232
36691.196,322338816,315043840,870367232
36800.611,322912256,315064320,870367232
36910.628,323207168,315310080,870367232
37027.577,323817472,315375616,870367232
37132.361,324145152,315731968,870367232
37241.302,363626496,360775680,870367232
37351.171,324014080,327454720,870367232
37457.041,318652416,317136896,870367232
37576.892,324767744,320655360,870367232
37691.059,324268032,320897024,870367232
37806.893,326082560,321724416,870367232
37910.885,327024640,322465792,870367232
38020.872,327213056,322527232,870367232
38136.676,327278592,322568192,870367232
38241.024,327360512,322662400,870367232
38356.836,327385088,322686976,870367232
38466.222,327385088,322686976,870367232
38570.589,327385088,322711552,870367232
38686.142,328630272,323706880,870367232
38797.265,327487488,322805760,870367232
38911.093,328142848,322842624,870367232
39021.026,328175616,322945024,870367232
39130.917,328204288,322977792,870367232
39240.787,328204288,322977792,870367232
39351.181,328204288,322990080,870367232
39460.255,328839168,322994176,870367232
39576.650,328839168,322994176,870367232
39676.632,328867840,323039232,870367232
39790.868,332959744,325009408,870367232
39901.331,336433152,325840896,870367232
40010.522,336433152,326021120,870367232
40121.138,339320832,327335936,870367232
40231.068,339443712,327348224,870367232
40346.875,340103168,327450624,870367232
40457.250,342278144,328617984,870367232
40571.195,342532096,328826880,870367232
40681.333,342532096,329003008,870367232
40785.559,342532096,329142272,870367232
40901.296,342663168,329285632,870367232
41017.099,342691840,329318400,870367232
41131.715,341651456,329142272,870367232
41241.323,341782528,329277440,870367232
41351.383,341782528,329314304,870367232
41461.241,341770240,329318400,870367232
41571.427,342032384,329687040,870367232
41676.976,342032384,329785344,870367232
41787.468,342126592,329674752,870367232
41901.228,342261760,329805824,870367232
42011.682,342261760,329834496,870367232
42117.230,342261760,329871360,870367232
42231.210,342396928,330039296,870367232
42341.188,342396928,330137600,870367232
42441.159,342396928,330137600,870367232
42551.364,342396928,330141696,870367232
42661.363,343048192,330215424,870367232
42771.257,343048192,330219520,870367232
42887.035,343048192,330321920,870367232
42991.358,343048192,330354688,870367232
43096.986,343048192,330354688,870367232
43211.002,343048192,330358784,870367232
43317.071,343146496,330473472,870367232
43431.504,343183360,330641408,870367232
43541.197,343199744,330678272,870367232
43650.671,376877056,349544448,870367232
43756.041,477736960,410927104,870367232
43861.158,612216832,472518656,870367232
43971.209,612216832,500633600,870367232
44083.147,343396352,331362304,870367232
44191.252,344678400,331997184,870367232
44313.107,343535616,331534336,870367232
44421.325,343535616,331534336,870367232
44521.395,343539712,331546624,870367232
44636.815,343539712,331546624,870367232
44741.381,344682496,332689408,870367232
44856.938,343539712,331554816,870367232
44961.107,343539712,331554816,870367232
45071.286,343539712,331558912,870367232
45181.226,343539712,331624448,870367232
45297.796,345214976,333283328,870367232
45411.235,344539136,332148736,870367232
45520.928,344539136,332148736,870367232
45631.145,344973312,332152832,870367232
45741.335,344973312,332161024,870367232
45860.951,344973312,332161024,870367232
45970.900,344973312,332169216,870367232
46082.107,345772032,333131776,870367232
46192.059,323186688,327569408,870367232
46301.452,332668928,333062144,870367232
46414.934,331698176,332636160,870367232
46521.359,336437248,334188544,870367232
46637.079,335855616,334442496,870367232
46737.237,339447808,334864384,870367232
46867.333,339795968,334893056,870367232
46982.233,338448384,334340096,870367232
47087.098,338665472,334544896,870367232
47198.302,338673664,334589952,870367232
47307.821,339816448,335097856,870367232
47411.883,338837504,334729216,870367232
47517.332,338837504,334729216,870367232
47628.137,338837504,334778368,870367232
47747.292,338837504,334864384,870367232
47851.133,338837504,334872576,870367232
47967.497,338837504,334872576,870367232
48071.283,338845696,334880768,870367232
48176.982,338845696,334897152,870367232
48291.545,339197952,334897152,870367232
48403.643,339197952,334897152,870367232
48511.355,339197952,334897152,870367232
48612.534,339197952,334909440,870367232
48721.431,339197952,334917632,870367232
48837.335,340344832,335327232,870367232
48941.182,339202048,334991360,870367232
49051.706,339202048,334995456,870367232
49167.538,339202048,335011840,870367232
49271.618,339578880,335011840,870367232
49381.844,339578880,335015936,870367232
49492.187,339578880,335015936,870367232
49601.737,339582976,335024128,870367232
49711.890,340725760,336207872,870367232
49817.721,339582976,335134720,870367232
49932.396,339582976,335155200,870367232
50047.858,339582976,335155200,870367232
50162.172,339582976,335155200,870367232
50272.567,339582976,335220736,870367232
50388.055,339582976,335220736,870367232
50491.477,339582976,335224832,870367232
50607.703,339582976,335224832,870367232
50721.444,339582976,335360000,870367232
50837.511,339582976,335360000,870367232
50952.196,339582976,335368192,870367232
51067.632,340725760,335659008,870367232
51181.770,339582976,335392768,870367232
51292.977,339582976,335400960,870367232
51396.758,339582976,335400960,870367232
51506.789,339582976,335400960,870367232
51611.718,373211136,367517696,870367232
51727.580,474071040,452034560,870367232
51831.632,608550912,500416512,870367232
51949.693,339582976,335433728,870367232
52068.082,339947520,335540224,870367232
52178.081,339980288,335634432,870367232
52292.270,341295104,336977920,870367232
52392.048,342315008,337616896,870367232
52517.662,342315008,337649664,870367232
52632.276,342315008,338186240,870367232
52747.728,343457792,339505152,870367232
52861.973,342851584,338436096,870367232
52971.750,342851584,338518016,870367232
53082.938,342851584,338583552,870367232
53192.237,342851584,338608128,870367232
53307.170,342867968,338698240,870367232
53411.851,342867968,338698240,870367232
53527.602,343453696,338698240,870367232
53631.475,343453696,338735104,870367232
53747.136,343846912,339267584,870367232
53861.594,343846912,339427328,870367232
53971.399,344989696,339795968,870367232
54091.724,344453120,339435520,870367232
54201.684,344453120,339488768,870367232
54307.748,344453120,339517440,870367232
54421.512,344453120,339542016,870367232
54542.270,344866816,339820544,870367232
54652.194,346009600,341135360,870367232
54758.281,367767552,370479104,870367232
54862.418,333025280,336232448,870367232
54978.300,343990272,338714624,870367232
55082.305,349118464,341221376,870367232
55192.391,349024256,340774912,870367232
55308.112,349163520,340983808,870367232
55412.549,350646272,341716992,870367232
55522.048,350646272,341745664,870367232
55631.906,350740480,341848064,870367232
55747.522,351387648,341876736,870367232
55862.397,351387648,341884928,870367232
55982.838,351387648,341884928,870367232
56081.935,351387648,341909504,870367232
56192.267,351387648,341913600,870367232
56297.607,352735232,343248896,870367232
56418.241,351592448,342183936,870367232
56522.397,351592448,342269952,870367232
56631.911,352243712,342269952,870367232
56738.114,352243712,342269952,870367232
56858.018,352243712,342278144,870367232
56978.192,352251904,342282240,870367232
57093.863,353394688,342773760,870367232
57204.185,352251904,342286336,870367232
57318.159,352251904,342286336,870367232
57429.209,353497088,343506944,870367232
57532.549,353017856,342388736,870367232
57642.205,353017856,342396928,870367232
57758.099,353017856,342396928,870367232
57862.647,353017856,342401024,870367232
57982.147,353017856,342401024,870367232
58092.229,353017856,342401024,870367232
58202.425,353017856,342401024,870367232
58318.640,353026048,342401024,870367232
58437.957,353132544,342495232,870367232
58553.917,353132544,342528000,870367232
58662.812,354275328,343670784,870367232
58772.006,353132544,342659072,870367232
58878.601,353132544,342659072,870367232
58992.355,354275328,343048192,870367232
59099.573,353132544,342687744,870367232
59209.875,353132544,342691840,870367232
59328.501,353132544,342691840,870367232
59453.033,353132544,342704128,870367232
59564.030,353132544,342704128,870367232
59682.247,353132544,342781952,870367232
59782.263,353132544,342781952,870367232
59892.141,353136640,342851584,870367232
60013.311,353136640,342863872,870367232
60118.212,354279424,344072192,870367232
60222.279,353136640,342929408,870367232
60333.001,353140736,342990848,870367232
60442.210,353140736,342990848,870367232
60551.940,353140736,342994944,870367232
60662.266,353140736,342994944,870367232
60772.630,353140736,342994944,870367232
60887.760,353140736,342994944,870367232
60992.656,387158016,368852992,870367232
61102.298,488017920,436903936,870367232
61212.448,622497792,502431744,870367232
61318.601,622497792,518619136,870367232
61428.743,354144256,343711744,870367232
61532.940,354729984,344313856,870367232
61643.422,355872768,344588288,870367232
61763.365,354729984,344330240,870367232
61888.594,354738176,344346624,870367232
62018.547,354869248,344473600,870367232
62128.189,355188736,344723456,870367232
62238.404,355188736,344731648,870367232
62352.586,355188736,344760320,870367232
62468.827,355188736,344780800,870367232
62572.096,355188736,344801280,870367232
62688.550,355188736,344887296,870367232
62802.316,355188736,344895488,870367232
62912.036,355188736,344895488,870367232
63022.274,355319808,344924160,870367232
63132.380,355319808,344940544,870367232
63237.573,355319808,345210880,870367232
63352.150,355319808,345210880,870367232
63463.098,355319808,345210880,870367232
63568.027,355319808,345214976,870367232
63687.853,356462592,346411008,870367232
63803.981,355319808,345284608,870367232
63912.881,355319808,345284608,870367232
64022.349,355319808,345284608,870367232
64132.855,355319808,345354240,870367232
64248.294,355319808,345354240,870367232
64364.308,356462592,345747456,870367232
64484.024,355319808,345354240,870367232
64599.509,355319808,345354240,870367232
64712.940,356462592,345726976,870367232
64826.071,377958400,374652928,870367232
64942.388,337752064,341790720,870367232
65052.825,329428992,330043392,870367232
65167.983,339410944,333590528,870367232
65272.079,344965120,337453056,870367232
65388.237,344895488,337154048,870367232
65498.215,345391104,337842176,870367232
65602.295,345423872,337924096,870367232
65712.562,346529792,338706432,870367232
65828.328,346529792,338837504,870367232
65932.468,346566656,338894848,870367232
66042.426,346566656,338960384,870367232
66142.705,347160576,338952192,870367232
66262.401,347160576,338960384,870367232
66378.978,347160576,338997248,870367232
66492.455,346099712,338255872,870367232
66608.388,346238976,338382848,870367232
66712.821,346238976,338386944,870367232
66822.110,346238976,338386944,870367232
66932.334,346238976,338395136,870367232
67037.720,346238976,338395136,870367232
67142.602,346238976,338395136,870367232
67258.389,347590656,339714048,870367232
67362.832,346447872,338681856,870367232
67482.943,346480640,338735104,870367232
67584.086,346480640,338743296,870367232
67690.872,346587136,338837504,870367232
67798.597,346587136,338903040,870367232
67918.488,346587136,338903040,870367232
68022.455,346599424,338915328,870367232
68138.464,346636288,338964480,870367232
68242.779,346636288,338972672,870367232
68352.660,347779072,340115456,870367232
68459.745,346636288,339038208,870367232
68578.927,346636288,339038208,870367232
68692.503,346644480,339046400,870367232
68808.162,346644480,339046400,870367232
68912.257,346644480,339054592,870367232
69022.345,346644480,339054592,870367232
69132.508,346644480,339058688,870367232
69242.444,346644480,339058688,870367232
69352.387,346644480,339058688,870367232
69462.849,346644480,339070976,870367232
69572.404,346644480,339070976,870367232
69682.523,346685440,339128320,870367232
69798.483,346726400,339156992,870367232
69908.199,346726400,339156992,870367232
70028.235,346726400,339161088,870367232
70133.481,346726400,339161088,870367232
70242.888,346726400,339165184,870367232
70348.022,346726400,339165184,870367232
70463.027,346726400,339230720,870367232
70568.672,346726400,339230720,870367232
70672.483,347869184,340373504,870367232
70788.464,346726400,339296256,870367232
70892.502,346726400,339296256,870367232
71002.482,346726400,339296256,870367232
71122.552,346726400,339296256,870367232
71228.357,346726400,339296256,870367232
71338.464,347869184,340439040,870367232
71442.267,346763264,339296256,870367232
71548.138,346763264,339415040,870367232
71662.999,346763264,339427328,870367232
71772.727,346763264,339431424,870367232
71882.695,346763264,339431424,870367232
71992.548,346763264,339435520,870367232
72098.932,346763264,339451904,870367232
72218.458,346763264,339456000,870367232
72332.915,346763264,339460096,870367232
72444.712,346763264,339460096,870367232
72553.072,346882048,339574784,870367232
72669.038,481492992,419700736,870367232
72782.927,615972864,511766528,870367232
72892.821,615972864,516370432,870367232
73009.585,347045888,339787776,870367232
73123.122,347049984,339791872,870367232
73226.335,347684864,339791872,870367232
73338.472,347684864,339791872,870367232
73443.078,347684864,339791872,870367232
73555.022,347684864,339795968,870367232
73657.883,348827648,340938752,870367232
73772.804,348241920,339828736,870367232
73889.594,348241920,339828736,870367232
73999.211,349384704,340140032,870367232
74113.258,348798976,339890176,870367232
74225.227,349274112,340410368,870367232
74339.084,349274112,340430848,870367232
74442.896,350416896,340631552,870367232
74553.038,324358144,332353536,870367232
74662.864,333873152,335917056,870367232
74773.704,337772544,339042304,870367232
74890.943,340070400,340860928,870367232
75019.130,339353600,339722240,870367232
75140.558,339734528,339726336,870367232
75242.870,343384064,339959808,870367232
75358.650,344776704,340348928,870367232
75462.914,345534464,340353024,870367232
75578.652,346681344,341532672,870367232
75688.758,345899008,340537344,870367232
75798.176,345899008,340545536,870367232
75918.839,346030080,340660224,870367232
76022.820,346030080,340725760,870367232
76133.878,347295744,340824064,870367232
76243.361,346161152,340815872,870367232
76358.497,346161152,340828160,870367232
76473.840,346279936,340975616,870367232
76589.182,346279936,341000192,870367232
76699.188,346279936,341000192,870367232
76813.081,346279936,341016576,870367232
76912.825,347426816,342159360,870367232
77022.986,346279936,341024768,870367232
77133.357,346279936,341078016,870367232
77249.679,346284032,341082112,870367232
77373.079,347439104,342224896,870367232
77473.605,346296320,341090304,870367232
77583.346,347443200,342110208,870367232
77693.402,346296320,341155840,870367232
77803.372,346296320,341155840,870367232
77913.209,346296320,341168128,870367232
78023.538,346681344,341168128,870367232
78133.702,346681344,341250048,870367232
78242.970,347074560,341254144,870367232
78353.501,347074560,341254144,870367232
78459.554,347074560,341323776,870367232
78573.801,347074560,341327872,870367232
78684.030,347074560,341327872,870367232
78792.637,347078656,341331968,870367232
78899.327,347082752,341336064,870367232
79003.307,347082752,341368832,870367232
79113.635,347082752,341372928,870367232
79223.538,347082752,341417984,870367232
79333.721,347082752,341434368,870367232
79443.433,347082752,341450752,870367232
79559.395,347082752,341458944,870367232
79674.010,347082752,341520384,870367232
79789.372,348229632,341716992,870367232
79901.379,347082752,341520384,870367232
80003.370,380710912,364580864,870367232
80119.112,481570816,444289024,870367232
80223.118,616050688,509337600,870367232
80338.935,616050688,511950848,870367232
80443.563,347086848,341540864,870367232
80559.498,347697152,342122496,870367232
80659.268,347848704,342384640,870367232
80769.384,347848704,342384640,870367232
80882.910,348880896,342953984,870367232
80993.538,348880896,342974464,870367232
81103.230,349917184,343621632,870367232
81213.504,349917184,343642112,870367232
81323.608,349917184,343650304,870367232
81423.775,349917184,343662592,870367232
81539.388,349917184,343736320,870367232
81648.817,349917184,343752704,870367232
81764.549,349917184,343752704,870367232
81883.765,349917184,343818240,870367232
81988.778,349917184,343818240,870367232
82100.104,349917184,343818240,870367232
82215.569,349917184,343822336,870367232
82323.939,351064064,344997888,870367232
82427.874,349917184,343859200,870367232
82539.435,349917184,343859200,870367232
82644.727,349917184,343891968,870367232
82764.612,349917184,343896064,870367232
82890.988,351064064,344281088,870367232
83000.113,367063040,371044352,870367232
83113.658,379445248,377081856,870367232
83223.792,379465728,377135104,870367232
83333.738,379465728,377323520,870367232
83439.312,379465728,377348096,870367232
83559.174,380207104,377901056,870367232
83671.692,380207104,377966592,870367232
83783.670,380207104,377966592,870367232
83899.116,380207104,377966592,870367232
84003.636,380207104,377966592,870367232
84113.635,380207104,377966592,870367232
84223.584,380207104,378114048,870367232
84340.292,380207104,378130432,870367232
84445.127,380207104,378130432,870367232
84553.717,380207104,378155008,870367232
84669.511,380207104,378183680,870367232
84769.638,380207104,378183680,870367232
84879.857,381349888,379334656,870367232
84994.526,380207104,378191872,870367232
85103.595,380207104,378200064,870367232
85215.280,381349888,379342848,870367232
85319.919,380207104,378265600,870367232
85434.040,380207104,378265600,870367232
85535.685,381349888,379408384,870367232
85644.479,380207104,378265600,870367232
85761.148,380207104,378265600,870367232
85871.057,380207104,378273792,870367232
85983.520,380207104,378273792,870367232
86084.166,380207104,378273792,870367232
86189.697,380207104,378331136,870367232
86299.737,380207104,378331136,870367232
86407.279,380207104,378331136,870367232
86524.398,380207104,378331136,870367232
86630.216,380207104,378400768,870367232
86749.840,380207104,378400768,870367232
86874.115,380207104,378400768,870367232
86975.863,380207104,378466304,870367232
87079.623,380207104,378466304,870367232
87194.144,380207104,378466304,870367232
87309.631,380207104,378470400,870367232
87433.948,381349888,379613184,870367232
87545.572,380207104,378478592,870367232
87659.551,380207104,378478592,870367232
87768.720,380207104,378478592,870367232
87883.876,380207104,378494976,870367232
87994.260,380207104,378494976,870367232
88103.794,380207104,378494976,870367232
88209.738,380207104,378494976,870367232
88313.914,380207104,378494976,870367232
88423.888,380207104,378494976,870367232
88539.615,380207104,378494976,870367232
88644.300,380207104,378494976,870367232
88753.677,380207104,378494976,870367232
88871.785,380207104,378593280,870367232
88974.752,380207104,378617856,870367232
89090.488,380207104,378626048,870367232
89193.926,380207104,378626048,870367232
89304.259,380207104,378626048,870367232
89414.418,380207104,378699776,870367232
89524.209,380207104,378699776,870367232
89634.575,380207104,378699776,870367232
89743.902,380207104,378703872,870367232
89854.180,380207104,378703872,870367232
89964.527,380207104,378703872,870367232
90064.313,380207104,378703872,870367232
90180.188,413835264,399675392,870367232
90300.015,514695168,471629824,870367232
90414.442,649175040,538497024,870367232
90523.992,649175040,556912640,870367232
90629.487,380223488,378789888,870367232
90750.447,380223488,378789888,870367232
90863.821,380223488,378789888,870367232
90974.191,380227584,378793984,870367232
91084.621,380227584,378793984,870367232
91194.560,380227584,378793984,870367232
91304.042,381370368,378822656,870367232
91410.400,380227584,378793984,870367232
91523.968,381370368,379936768,870367232
91634.181,380227584,378798080,870367232
91743.917,380227584,378798080,870367232
91850.015,380227584,378863616,870367232
91953.953,380227584,378867712,870367232
92074.625,381370368,380014592,870367232
92179.822,381194240,385404928,870367232
92300.241,382369792,380985344,870367232
92411.520,382369792,381014016,870367232
92520.296,382369792,381091840,870367232
92634.364,382369792,381095936,870367232
92749.788,383516672,382246912,870367232
92862.973,382369792,381104128,870367232
92980.399,382369792,381104128,870367232
93084.032,382369792,381169664,870367232
93194.094,382369792,381210624,870367232
93299.682,382369792,381214720,870367232
93420.117,382369792,381222912,870367232
93524.855,382369792,381222912,870367232
93634.295,382369792,381222912,870367232
93744.114,382369792,381231104,870367232
93859.560,382369792,381231104,870367232
93981.074,383516672,381730816,870367232
94096.192,382369792,381231104,870367232
94204.541,383524864,382386176,870367232
94325.315,382377984,381247488,870367232
94434.049,383524864,382394368,870367232
94534.462,382386176,381259776,870367232
94644.345,383541248,382406656,870367232
94755.651,382394368,381272064,870367232
94864.692,383541248,382423040,870367232
94974.528,382394368,381345792,870367232
95084.788,383541248,381394944,870367232
95195.418,382398464,381353984,870367232
95304.297,383545344,382496768,870367232
95410.195,382398464,381353984,870367232
95524.611,383549440,381698048,870367232
95634.990,382402560,381358080,870367232
95750.088,382402560,381366272,870367232
95854.265,382402560,381366272,870367232
95964.235,382402560,381366272,870367232
96074.299,382402560,381366272,870367232
96174.620,382402560,381366272,870367232
96290.110,382402560,381366272,870367232
96399.762,382402560,381366272,870367232
96509.955,382402560,381366272,870367232
96613.286,382402560,381366272,870367232
96739.925,382402560,381366272,870367232
96859.867,382402560,381366272,870367232
96964.508,382402560,381374464,870367232
97064.412,382402560,381374464,870367232
97187.676,382402560,381386752,870367232
97294.516,382402560,381386752,870367232
97400.028,388714496,384417792,870367232
97517.003,516890624,449814528,870367232
97622.329,785854464,628367360,870367232
97724.995,651370496,553263104,870367232
97839.976,382402560,381403136,870367232
97950.381,382402560,381407232,870367232
98059.958,382402560,381407232,870367232
98184.584,382402560,381407232,870367232
98299.837,382402560,381407232,870367232
98410.448,383549440,381583360,870367232
98519.863,382402560,381411328,870367232
98634.277,382402560,381411328,870367232
98740.161,382402560,381419520,870367232
98847.831,382402560,381419520,870367232
98953.967,382402560,381419520,870367232
99064.679,382402560,381419520,870367232
99179.971,382402560,381550592,870367232
99282.110,383549440,381816832,870367232
99400.534,382402560,381550592,870367232
99504.039,382402560,381550592,870367232
99619.448,382402560,381550592,870367232
99724.434,382402560,381550592,870367232
99842.372,382402560,381550592,870367232
99944.585,382402560,381550592,870367232
100055.117,382402560,381550592,870367232
100161.235,383549440,382017536,870367232
100276.288,389062656,389013504,870367232
100390.614,376115200,381059072,870367232
100496.418,380076032,381960192,870367232
100600.140,380076032,382050304,870367232
100716.850,380076032,382062592,870367232
100820.460,380076032,382066688,870367232
100934.569,380076032,382066688,870367232
101034.744,380076032,382070784,870367232
101160.639,381788160,382144512,870367232
101276.216,381788160,382144512,870367232
101380.887,381788160,382144512,870367232
101494.413,381788160,382148608,870367232
101599.933,381788160,382152704,870367232
101717.727,382930944,383295488,870367232
101820.227,381788160,382152704,870367232
101932.439,381788160,382160896,870367232
102049.515,381788160,382160896,870367232
102164.622,381788160,382164992,870367232
102274.977,381788160,382164992,870367232
102384.223,381788160,382164992,870367232
102500.288,381788160,382169088,870367232
102615.027,381788160,382169088,870367232
102726.330,382930944,383311872,870367232
102835.103,381788160,382169088,870367232
102944.750,381788160,382169088,870367232
103055.030,381788160,382169088,870367232
103165.705,381788160,382169088,870367232
103274.407,381788160,382169088,870367232
103384.815,381788160,382173184,870367232
103500.200,381788160,382173184,870367232
103604.870,381788160,382181376,870367232
103714.550,382930944,383324160,870367232
103824.893,381788160,382189568,870367232
103925.292,381788160,382189568,870367232
104041.277,381788160,382189568,870367232
104155.611,381788160,382189568,870367232
104275.226,381788160,382189568,870367232
104380.020,381788160,382193664,870367232
104494.707,381788160,382193664,870367232
104600.282,381788160,382197760,870367232
104704.842,381788160,382197760,870367232
104820.369,381788160,382201856,870367232
104924.409,381788160,382214144,870367232
105034.710,381788160,382214144,870367232
105144.742,381788160,382214144,870367232
105254.806,381788160,382214144,870367232
105364.337,381788160,382218240,870367232
105474.882,381788160,382218240,870367232
105584.604,381788160,382222336,870367232
105694.702,381788160,382222336,870367232
105804.724,381788160,382222336,870367232
105920.535,381788160,382222336,870367232
106034.678,381788160,382287872,870367232
106145.167,381788160,382357504,870367232
106254.993,382930944,383500288,870367232
106364.614,381788160,382357504,870367232
106475.478,398606336,394297344,870367232
106590.368,516276224,456962048,870367232
106701.112,650756096,523567104,870367232
106810.624,650756096,562233344,870367232
106925.098,415416320,401436672,870367232
107040.007,516276224,503373824,870367232
107155.225,672055296,583065600,870367232
107280.890,819171328,724963328,870367232
107400.809,979099648,877776896,877776896
107505.625,1103941632,999198720,999198720
107620.516,941182976,893063168,1036226560
107724.819,1008422912,940294144,1036226560
107841.182,865464320,842145792,1036226560
107955.782,482566144,469979136,1036226560
108067.737,471564288,469917696,1036226560
108175.222,471744512,470097920,1036226560
108286.358,607019008,544382976,1036226560
108400.664,741498880,630640640,1036226560
108516.545,741498880,650891264,1036226560
108640.580,416292864,390971392,1036226560
108750.909,483532800,473948160,1036226560
108865.302,618012672,527630336,1036226560
108972.790,618012672,527630336,1036226560
109086.258,380956672,376475648,1036226560
109190.747,386809856,380227584,1036226560
109311.220,385884160,379269120,1036226560
109425.366,386760704,379490304,1036226560
109541.152,386760704,379498496,1036226560
109656.404,386940928,379518976,1036226560
109769.351,386940928,379523072,1036226560
109881.096,386940928,379523072,1036226560
109992.857,386940928,379523072,1036226560
110102.019,386940928,379523072,1036226560
110215.918,386940928,379535360,1036226560
110321.856,386940928,379535360,1036226560
110430.700,386940928,379535360,1036226560
110546.744,386940928,379535360,1036226560
110657.173,388083712,380678144,1036226560
110775.606,386940928,379670528,1036226560
110891.105,388083712,380141568,1036226560
110995.645,401956864,394760192,1036226560
111107.338,400195584,391761920,1036226560
111221.770,342777856,345645056,1036226560
111339.214,349573120,349343744,1036226560
111441.546,349573120,349421568,1036226560
111560.707,349683712,350007296,1036226560
111673.485,349683712,350023680,1036226560
111801.306,349683712,350023680,1036226560
111920.858,349712384,350052352,1036226560
112024.849,350855168,351195136,1036226560
112134.784,351457280,350076928,1036226560
112240.305,351457280,350076928,1036226560
112350.680,351457280,350076928,1036226560
112471.218,351457280,350081024,1036226560
112586.093,351457280,350081024,1036226560
112695.231,351457280,350150656,1036226560
112805.196,351457280,350154752,1036226560
112915.284,352604160,351088640,1036226560
113025.747,352112640,350228480,1036226560
113135.476,352313344,350228480,1036226560
113235.211,353513472,351432704,1036226560
113345.929,352366592,350289920,1036226560
113455.064,352366592,350289920,1036226560
113565.425,352366592,350294016,1036226560
113675.429,353050624,350388224,1036226560
113785.784,353050624,350388224,1036226560
113895.833,353050624,350388224,1036226560
114005.034,353050624,350388224,1036226560
114111.066,354197504,351531008,1036226560
114225.482,353050624,350453760,1036226560
114335.439,353050624,350453760,1036226560
114446.446,354197504,351444992,1036226560
114551.522,353050624,350453760,1036226560
114671.496,353050624,350453760,1036226560
114785.421,353083392,350486528,1036226560
114895.918,353083392,350486528,1036226560
115005.134,353083392,350486528,1036226560
115117.259,353083392,350486528,1036226560
115225.118,353083392,350486528,1036226560
115331.018,353083392,350486528,1036226560
115445.382,353083392,350486528,1036226560
115551.448,353083392,350486528,1036226560
115665.639,353083392,350486528,1036226560
115767.317,353083392,350486528,1036226560
115881.300,353083392,350486528,1036226560
115991.475,354230272,351629312,1036226560
116105.565,353083392,350486528,1036226560
116211.845,353083392,350486528,1036226560
116321.381,354230272,351629312,1036226560
116432.096,353083392,350552064,1036226560
116551.361,353083392,350556160,1036226560
116671.450,353083392,350556160,1036226560
116785.299,353083392,350580736,1036226560
116895.371,354275328,350855168,1036226560
117005.602,353128448,350629888,1036226560
117121.024,353128448,350629888,1036226560
117231.076,353140736,350642176,1036226560
117335.367,353824768,350646272,1036226560
117445.692,353824768,350646272,1036226560
117555.267,353824768,350646272,1036226560
117665.378,353849344,350674944,1036226560
117785.589,354996224,351117312,1036226560
117902.383,353849344,350674944,1036226560
118017.697,353873920,350703616,1036226560
118135.756,353873920,350703616,1036226560
118245.161,353873920,350744576,1036226560
118345.625,353890304,350756864,1036226560
118455.915,353890304,350793728,1036226560
118571.115,353918976,350806016,1036226560
118675.483,353992704,350879744,1036226560
118785.673,422207488,405979136,1036226560
118896.425,489447424,479854592,1036226560
119005.494,623927296,533561344,1036226560
119115.330,623927296,533561344,1036226560
119231.422,354992128,351895552,1036226560
119346.198,355000320,351903744,1036226560
119465.786,355000320,351903744,1036226560
119575.828,356147200,353046528,1036226560
119676.474,355024896,351989760,1036226560
119786.071,356171776,353132544,1036226560
119895.467,355631104,351993856,1036226560
120005.597,355631104,351993856,1036226560
120115.762,356229120,351997952,1036226560
120227.446,356229120,351997952,1036226560
120335.714,356229120,351997952,1036226560
120446.448,357429248,353222656,1036226560
120556.187,372379648,366596096,1036226560
120666.355,374689792,368320512,1036226560
120771.828,373547008,367255552,1036226560
120885.854,378580992,368812032,1036226560
120991.715,378441728,368259072,1036226560
121105.511,378441728,368259072,1036226560
121211.750,378925056,368259072,1036226560
121331.780,378925056,368279552,1036226560
121446.267,379432960,368766976,1036226560
121556.858,379510784,368766976,1036226560
121665.786,381128704,369807360,1036226560
121771.626,379985920,368865280,1036226560
121881.706,381128704,370012160,1036226560
121985.832,381755392,368914432,1036226560
122102.254,382902272,370057216,1036226560
122205.680,381755392,368918528,1036226560
122315.815,382902272,370061312,1036226560
122436.158,382156800,368996352,1036226560
122535.772,382156800,368996352,1036226560
122645.864,382251008,369004544,1036226560
122751.757,382251008,369012736,1036226560
122871.406,382627840,369016832,1036226560
122977.164,382627840,369016832,1036226560
123081.329,383410176,369016832,1036226560
123197.402,383410176,369016832,1036226560
123305.586,384065536,369020928,1036226560
123412.470,384065536,369020928,1036226560
123526.088,384425984,369033216,1036226560
123651.411,384770048,369111040,1036226560
123755.649,384770048,369111040,1036226560
123865.562,385118208,369123328,1036226560
123975.615,385118208,369123328,1036226560
124093.373,386609152,370298880,1036226560
124212.055,385466368,369156096,1036226560
124327.316,385478656,369160192,1036226560
124441.263,385478656,369176576,1036226560
124556.056,385478656,369176576,1036226560
124666.766,386629632,369590272,1036226560
124777.745,385482752,369180672,1036226560
124891.418,386629632,370323456,1036226560
125005.454,385482752,369180672,1036226560
125111.614,385609728,369242112,1036226560
125225.476,452857856,423419904,1036226560
125341.379,520097792,499728384,1036226560
125443.429,654577664,541167616,1036226560
125560.142,385609728,369250304,1036226560
125671.592,386146304,369262592,1036226560
125775.852,388497408,369795072,1036226560
125875.591,388517888,369815552,1036226560
125986.122,389046272,369823744,1036226560
126095.816,389046272,369823744,1036226560
126211.929,389193728,370065408,1036226560
126326.277,389193728,370065408,1036226560
126432.236,389193728,370065408,1036226560
126536.165,389193728,370069504,1036226560
126646.051,389210112,370085888,1036226560
126762.295,389210112,370085888,1036226560
126882.479,389210112,370122752,1036226560
126991.791,389210112,370122752,1036226560
127101.670,390356992,371265536,1036226560
127215.975,389210112,370122752,1036226560
127341.863,389210112,370126848,1036226560
127461.391,389210112,370135040,1036226560
127568.018,389214208,370135040,1036226560
127675.480,390361088,371277824,1036226560
127796.170,389214208,370135040,1036226560
127901.772,389214208,370147328,1036226560
128006.416,389214208,370147328,1036226560
128112.088,389214208,370151424,1036226560
128231.931,389214208,370151424,1036226560
128351.911,394723328,376238080,1036226560
128456.042,414666752,405876736,1036226560
128576.089,417693696,400568320,1036226560
128682.079,419368960,400654336,1036226560
128796.286,418226176,400666624,1036226560
128896.971,418226176,400666624,1036226560
129012.464,419368960,401567744,1036226560
129122.528,418226176,400670720,1036226560
129236.468,418226176,400674816,1036226560
129352.477,418226176,400674816,1036226560
129456.215,418226176,400674816,1036226560
129572.286,418226176,400674816,1036226560
129677.032,418226176,400740352,1036226560
129786.701,418226176,400740352,1036226560
129896.523,419368960,401936384,1036226560
130006.672,418226176,400793600,1036226560
130112.065,418226176,400797696,1036226560
130226.121,419368960,401940480,1036226560
130342.075,418226176,400867328,1036226560
130466.734,418226176,400867328,1036226560
130576.601,418226176,400867328,1036226560
130696.282,418230272,400871424,1036226560
130801.929,418230272,400871424,1036226560
130916.008,420024320,400924672,1036226560
131026.260,420024320,400977920,1036226560
131142.709,420024320,400977920,1036226560
131256.191,420024320,400977920,1036226560
131366.186,421167104,402120704,1036226560
131476.245,420024320,400982016,1036226560
131586.201,421167104,402190336,1036226560
131693.570,420024320,401113088,1036226560
131812.311,420024320,401113088,1036226560
131926.733,420024320,401182720,1036226560
132041.515,420728832,401186816,1036226560
132146.357,421871616,402333696,1036226560
132254.223,420728832,401190912,1036226560
132374.038,420728832,401190912,1036226560
132488.024,420728832,401190912,1036226560
132596.647,420728832,401190912,1036226560
132719.569,421871616,401485824,1036226560
132832.138,420728832,401195008,1036226560
132942.777,420728832,401195008,1036226560
133056.724,421564416,401248256,1036226560
133159.102,421564416,401252352,1036226560
133279.078,421564416,401252352,1036226560
133402.037,422707200,402087936,1036226560
133512.615,421564416,401256448,1036226560
133632.599,421564416,401256448,1036226560
133747.935,421564416,401256448,1036226560
133856.763,421564416,401256448,1036226560
133962.941,421564416,401321984,1036226560
134064.520,421564416,401330176,1036226560
134176.680,421564416,401338368,1036226560
134286.640,422748160,401367040,1036226560
134398.080,422748160,401371136,1036226560
134512.051,422748160,401391616,1036226560
134616.172,422748160,401391616,1036226560
134726.291,422748160,401391616,1036226560
134841.813,422748160,401391616,1036226560
134956.417,423890944,402599936,1036226560
135074.284,422748160,401461248,1036226560
135176.324,422748160,401461248,1036226560
135287.648,422748160,401461248,1036226560
135396.225,422748160,401461248,1036226560
135506.149,456376320,427925504,1036226560
135615.783,557236224,493953024,1036226560
135727.197,691716096,561356800,1036226560
135836.648,691716096,588161024,1036226560
135952.380,422752256,402509824,1036226560
136062.701,423895040,403652608,1036226560
136172.481,422752256,402509824,1036226560
136286.121,422752256,402509824,1036226560
136391.690,422752256,402509824,1036226560
136501.823,422752256,402509824,1036226560
136632.661,422752256,402509824,1036226560
136736.535,422752256,402509824,1036226560
136846.478,423448576,402509824,1036226560
136956.640,423448576,402509824,1036226560
137072.410,424591360,402927616,1036226560
137176.645,423448576,402509824,1036226560
137287.192,424591360,402591744,1036226560
137396.632,423448576,402513920,1036226560
137506.413,424591360,402898944,1036226560
137612.352,423448576,402587648,1036226560
137726.923,424591360,403730432,1036226560
137836.897,419725312,407445504,1036226560
137952.337,424714240,408530944,1036226560
138056.469,424714240,408535040,1036226560
138172.171,424714240,408539136,1036226560
138276.535,424714240,408539136,1036226560
138376.835,424714240,408543232,1036226560
138486.577,424714240,408543232,1036226560
138602.665,424714240,408543232,1036226560
138706.514,424714240,408543232,1036226560
138822.504,424714240,408543232,1036226560
138926.714,424714240,408543232,1036226560
139042.250,424714240,408543232,1036226560
139146.901,424714240,408543232,1036226560
139262.548,424714240,408543232,1036226560
139366.552,424714240,408543232,1036226560
139476.684,424714240,408547328,1036226560
139586.623,424714240,408547328,1036226560
139697.965,426528768,408551424,1036226560
139817.276,426528768,408551424,1036226560
139927.358,426942464,408551424,1036226560
140036.645,426942464,408551424,1036226560
140152.308,426942464,408551424,1036226560
140256.953,426942464,408551424,1036226560
140362.812,426942464,408551424,1036226560
140472.545,428085248,409694208,1036226560
140592.824,426942464,408551424,1036226560
140717.239,426942464,408551424,1036226560
140826.493,426942464,408616960,1036226560
140938.567,428085248,409759744,1036226560
141057.126,426942464,408621056,1036226560
141174.253,428085248,409038848,1036226560
141286.633,426950656,408629248,1036226560
141396.636,428093440,409772032,1036226560
141503.757,426950656,408629248,1036226560
141616.758,426950656,408629248,1036226560
141722.421,426950656,408629248,1036226560
141836.636,426950656,408629248,1036226560
141942.631,428093440,409772032,1036226560
142052.706,426958848,408641536,1036226560
142171.375,426958848,408641536,1036226560
142272.454,426958848,408641536,1036226560
142376.608,426958848,408641536,1036226560
142486.732,426958848,408641536,1036226560
142597.282,426958848,408641536,1036226560
142716.681,426958848,408641536,1036226560
142816.866,426958848,408707072,1036226560
142922.388,428101632,409849856,1036226560
143036.726,426958848,408850432,1036226560
143152.407,428101632,409993216,1036226560
143256.594,426958848,408850432,1036226560
143366.457,435372032,416178176,1036226560
143477.329,561446912,477749248,1036226560
143592.710,695926784,546066432,1036226560
143697.086,695926784,584667136,1036226560
143807.056,426958848,408850432,1036226560
143918.767,426967040,408915968,1036226560
144026.930,426971136,408928256,1036226560
144131.960,428113920,410103808,1036226560
144236.911,426971136,408961024,1036226560
144346.097,426971136,408961024,1036226560
144472.403,426971136,408965120,1036226560
144591.509,426971136,408965120,1036226560
144703.149,426971136,408969216,1036226560
144822.188,426971136,408981504,1036226560
144922.641,426971136,408985600,1036226560
145037.316,426971136,408985600,1036226560
145147.302,426971136,408985600,1036226560
145258.903,426971136,408997888,1036226560
145372.706,426971136,408997888,1036226560
145477.035,426971136,408997888,1036226560
145592.634,426971136,409006080,1036226560
145693.212,426971136,409006080,1036226560
145807.467,426971136,409006080,1036226560
145906.990,426971136,409006080,1036226560
146022.975,426971136,409006080,1036226560
146137.189,428113920,410148864,1036226560
146237.165,426971136,409006080,1036226560
146355.196,427548672,409010176,1036226560
146457.211,427548672,409010176,1036226560
146572.786,438542336,424452096,1036226560
146677.557,427044864,418230272,1036226560
146792.169,432492544,417644544,1036226560
146897.665,432492544,417775616,1036226560
147007.531,432492544,417820672,1036226560
147117.325,432492544,417820672,1036226560
147233.131,433635328,419061760,1036226560
147348.530,432492544,417918976,1036226560
147467.401,432492544,417918976,1036226560
147567.283,432492544,417918976,1036226560
147672.833,432492544,417918976,1036226560
147783.037,432492544,417918976,1036226560
147898.325,432492544,417923072,1036226560
148007.234,432492544,417923072,1036226560
148123.169,432492544,417923072,1036226560
148237.175,432492544,417923072,1036226560
148353.015,432492544,417923072,1036226560
148457.075,432492544,417923072,1036226560
148572.810,432492544,417923072,1036226560
148677.261,432492544,417931264,1036226560
148792.560,433635328,418398208,1036226560
148903.306,432492544,417939456,1036226560
149017.312,432492544,417939456,1036226560
149133.081,432492544,417943552,1036226560
149237.353,432492544,417943552,1036226560
149347.610,433635328,418480128,1036226560
149457.758,432492544,418009088,1036226560
149569.349,432492544,418009088,1036226560
149673.287,433635328,419155968,1036226560
149793.671,432492544,418013184,1036226560
149897.324,433635328,419155968,1036226560
150007.742,434319360,418037760,1036226560
150113.391,435462144,418918400,1036226560
150227.497,434319360,418037760,1036226560
150333.809,435462144,418217984,1036226560
150445.001,434319360,418037760,1036226560
150553.532,434319360,418037760,1036226560
150667.360,434319360,418037760,1036226560
150773.141,434319360,418037760,1036226560
150877.410,434319360,418037760,1036226560
150986.964,435462144,419180544,1036226560
151097.989,434319360,418037760,1036226560
151207.188,434319360,418037760,1036226560
151322.971,435462144,419180544,1036226560
151426.978,434319360,418037760,1036226560
151537.313,435097600,418041856,1036226560
151647.362,436240384,419184640,1036226560
151757.020,435097600,418041856,1036226560
151866.986,435097600,418041856,1036226560
151977.369,436240384,418086912,1036226560
152087.007,435097600,418041856,1036226560
152193.551,435900416,418045952,1036226560
152307.062,435900416,418054144,1036226560
152416.992,435900416,418054144,1036226560
152527.102,435900416,418058240,1036226560
152633.217,435900416,418058240,1036226560
152736.897,437043200,419213312,1036226560
152847.031,435900416,418140160,1036226560
152957.104,435900416,418140160,1036226560
153067.185,437043200,419348480,1036226560
153177.406,435900416,418205696,1036226560
153287.155,435900416,418209792,1036226560
153397.467,435900416,418209792,1036226560
153513.424,435900416,418209792,1036226560
153628.203,436707328,418209792,1036226560
153737.223,436707328,418209792,1036226560
153857.569,436707328,418209792,1036226560
153973.695,437518336,418275328,1036226560
154087.636,438661120,419483648,1036226560
154197.318,437518336,418344960,1036226560
154312.603,437518336,418344960,1036226560
154417.691,437518336,418344960,1036226560
154527.730,437518336,418344960,1036226560
154637.581,471146496,439771136,1036226560
154751.804,572006400,535425024,1036226560
154869.367,706486272,607174656,1036226560
154986.200,706486272,430157824,1036226560
155093.473,439488512,419799040,1036226560
155207.925,438345728,418656256,1036226560
155327.768,439488512,419000320,1036226560
155427.996,438345728,418664448,1036226560
155533.858,438345728,418672640,1036226560
155647.843,438345728,418738176,1036226560
155759.503,438345728,418738176,1036226560
155868.013,438345728,418738176,1036226560
155978.556,448786432,429289472,1036226560
156093.820,438288384,419917824,1036226560
156206.560,438288384,419987456,1036226560
156317.793,438288384,420052992,1036226560
156428.242,438288384,420052992,1036226560
156537.738,438288384,420052992,1036226560
156648.066,438288384,420052992,1036226560
156757.847,438288384,420052992,1036226560
156874.120,439431168,421195776,1036226560
156981.315,438288384,420052992,1036226560
157088.000,438288384,420052992,1036226560
157198.022,439435264,420155392,1036226560
157307.658,438292480,420102144,1036226560
157407.754,438292480,420102144,1036226560
157516.848,439435264,420212736,1036226560
157637.618,438714368,420106240,1036226560
157737.116,440565760,420175872,1036226560
157846.817,440565760,420175872,1036226560
157957.111,440565760,420175872,1036226560
158065.952,440565760,420184064,1036226560
158177.476,441708544,421326848,1036226560
158287.759,440565760,420184064,1036226560
158393.648,441708544,420884480,1036226560
158514.108,440565760,420184064,1036226560
158627.583,440565760,420184064,1036226560
158749.736,440565760,420253696,1036226560
158857.376,440565760,420261888,1036226560
158967.616,440565760,420265984,1036226560
159075.618,440565760,420265984,1036226560
159177.346,440565760,420265984,1036226560
159287.450,440565760,420265984,1036226560
159393.851,440565760,420265984,1036226560
159502.778,441716736,421416960,1036226560
159616.725,440991744,420274176,1036226560
159727.427,440991744,420274176,1036226560
159832.850,440991744,420274176,1036226560
159953.950,440991744,420274176,1036226560
160058.283,442134528,421416960,1036226560
160173.857,440991744,420274176,1036226560
160292.893,440991744,420274176,1036226560
160396.734,440991744,420274176,1036226560
160500.341,508239872,462929920,1036226560
160617.747,709959680,558141440,1036226560
160727.485,709959680,597659648,1036226560
160837.478,440991744,420294656,1036226560
160952.984,440991744,420294656,1036226560
161068.372,434397184,422309888,1036226560
161177.795,441438208,423002112,1036226560
161287.895,441438208,423030784,1036226560
161397.854,441438208,423034880,1036226560
161508.191,441438208,423063552,1036226560
161617.956,441438208,423067648,1036226560
161723.780,441446400,423079936,1036226560
161833.588,441446400,423088128,1036226560
161943.625,441446400,423088128,1036226560
162047.265,441446400,423092224,1036226560
162163.519,441446400,423092224,1036226560
162278.449,445464576,433930240,1036226560
162383.694,442839040,424415232,1036226560
162487.861,442839040,424951808,1036226560
162608.232,442839040,424960000,1036226560
162718.081,443981824,426123264,1036226560
162837.714,444067840,425046016,1036226560
162954.016,445210624,426233856,1036226560
163068.375,444067840,425095168,1036226560
163173.437,445210624,426246144,1036226560
163287.896,444067840,425103360,1036226560
163393.728,444067840,425103360,1036226560
163508.318,444067840,425107456,1036226560
163617.989,444067840,425107456,1036226560
163727.815,444067840,425111552,1036226560
163843.914,444067840,425115648,1036226560
163948.305,445210624,425934848,1036226560
164057.967,444067840,425127936,1036226560
164157.976,444067840,425127936,1036226560
164268.321,444067840,425127936,1036226560
164377.854,444067840,425127936,1036226560
164493.481,444067840,425127936,1036226560
164598.426,444067840,425127936,1036226560
164705.266,444067840,425127936,1036226560
164817.970,444067840,425127936,1036226560
164928.178,444067840,425127936,1036226560
165045.907,445210624,425533440,1036226560
165168.211,445931520,425140224,1036226560
165281.537,445931520,425140224,1036226560
165398.535,445931520,425140224,1036226560
165504.257,450621440,431390720,1036226560
165614.623,451387392,430403584,1036226560
165734.042,452530176,431558656,1036226560
165844.954,451387392,430489600,1036226560
165953.662,452530176,431140864,1036226560
166072.990,451387392,430489600,1036226560
166184.565,451387392,430489600,1036226560
166298.227,451387392,430493696,1036226560
166413.264,451387392,430493696,1036226560
166530.126,451387392,430493696,1036226560
166641.503,451387392,430493696,1036226560
166758.362,451387392,430563328,1036226560
166874.163,451387392,430563328,1036226560
166978.041,451387392,430563328,1036226560
167088.390,451387392,430563328,1036226560
167194.678,451387392,430563328,1036226560
167308.129,452530176,431706112,1036226560
167407.841,451387392,430563328,1036226560
167533.823,451387392,430563328,1036226560
167654.281,451387392,430563328,1036226560
167770.051,451387392,430563328,1036226560
167877.923,451387392,430567424,1036226560
167986.652,451387392,430567424,1036226560
168102.204,451387392,430567424,1036226560
168212.948,451387392,430567424,1036226560
168317.810,451387392,430571520,1036226560
168425.095,451387392,430571520,1036226560
168534.519,451387392,430571520,1036226560
168654.020,451387392,430571520,1036226560
168765.898,518635520,479653888,1036226560
168867.985,585875456,558874624,1036226560
168974.145,720355328,620908544,1036226560
169087.929,720355328,620908544,1036226560
169198.271,451387392,430600192,1036226560
169297.895,451387392,430600192,1036226560
169409.743,452530176,431742976,1036226560
169530.080,451387392,430600192,1036226560
169636.924,451387392,430612480,1036226560
169737.541,452530176,431755264,1036226560
169848.169,451387392,430612480,1036226560
169964.670,451387392,430612480,1036226560
170074.111,451387392,430612480,1036226560
170180.055,451387392,430612480,1036226560
170289.135,451387392,430612480,1036226560
170398.203,451387392,430612480,1036226560
170510.002,451387392,430612480,1036226560
170618.216,451387392,430612480,1036226560
170724.236,451387392,430616576,1036226560
170838.489,444661760,432746496,1036226560
170938.511,451039232,433848320,1036226560
171053.741,451039232,433868800,1036226560
171163.615,452182016,435048448,1036226560
171274.470,452059136,434737152,1036226560
171393.470,452059136,434872320,1036226560
171514.379,452059136,434937856,1036226560
171618.360,452059136,434941952,1036226560
171724.839,452059136,434946048,1036226560
171854.239,452059136,434950144,1036226560
171958.822,452059136,434950144,1036226560
172068.381,453201920,436019200,1036226560
172173.938,452866048,434954240,1036226560
172288.342,452866048,434958336,1036226560
172404.721,452866048,434962432,1036226560
172528.483,452866048,434962432,1036226560
172638.110,452866048,434962432,1036226560
172751.694,452866048,434970624,1036226560
172868.007,452866048,434970624,1036226560
172978.454,454008832,435118080,1036226560
173088.456,452866048,434970624,1036226560
173195.627,452866048,434970624,1036226560
173298.834,452866048,434970624,1036226560
173408.355,452866048,434970624,1036226560
173528.359,452866048,434970624,1036226560
173628.427,452866048,434970624,1036226560
173754.760,452866048,434970624,1036226560
173868.386,452866048,434970624,1036226560
173974.171,452866048,434970624,1036226560
174094.556,452866048,434970624,1036226560
174204.150,452866048,434970624,1036226560
174318.527,454008832,435384320,1036226560
174434.076,452866048,434970624,1036226560
174538.053,452866048,434970624,1036226560
174650.250,452866048,434970624,1036226560
174764.548,452866048,434970624,1036226560
174878.386,452866048,434970624,1036226560
175004.426,454008832,436113408,1036226560
175114.618,452866048,434970624,1036226560
175229.440,454754304,434995200,1036226560
175338.930,455897088,436137984,1036226560
175438.518,454754304,434999296,1036226560
175553.734,454754304,435003392,1036226560
175659.171,455897088,436158464,1036226560
175768.862,454754304,435015680,1036226560
175894.158,454754304,435015680,1036226560
176014.506,455897088,436158464,1036226560
176119.108,454754304,435015680,1036226560
176234.143,454754304,435019776,1036226560
176335.816,454754304,435023872,1036226560
176438.206,454754304,435023872,1036226560
176548.498,454754304,435023872,1036226560
176666.183,454754304,435023872,1036226560
176769.842,454754304,435027968,1036226560
176878.309,454754304,435027968,1036226560
176988.060,454754304,435032064,1036226560
177095.082,454754304,435032064,1036226560
177209.245,454754304,435032064,1036226560
177325.158,454754304,435032064,1036226560
177429.074,454754304,435032064,1036226560
177544.530,454754304,435032064,1036226560
177648.748,454754304,435032064,1036226560
177763.981,454754304,435032064,1036226560
177868.348,455897088,436174848,1036226560
177984.578,454754304,435097600,1036226560
178088.677,454754304,435097600,1036226560
178190.330,455897088,436240384,1036226560
178298.872,454754304,435101696,1036226560
178414.195,454754304,435101696,1036226560
178525.089,454754304,435101696,1036226560
178635.169,454754304,435101696,1036226560
178754.804,454754304,435101696,1036226560
178869.180,454754304,435105792,1036226560
178978.968,455286784,435638272,1036226560
179078.850,456429568,436781056,1036226560
179190.627,455286784,435638272,1036226560
179298.524,488914944,465842176,1036226560
179409.371,589774848,538091520,1036226560
179524.604,724254720,609480704,1036226560
179634.104,724254720,627240960,1036226560
179738.993,455286784,435650560,1036226560
179849.144,455286784,435650560,1036226560
179958.344,455286784,435658752,1036226560
180068.997,455286784,435658752,1036226560
180173.698,455286784,435658752,1036226560
180288.305,455286784,435658752,1036226560
180397.920,455286784,435658752,1036226560
180508.212,455286784,435658752,1036226560
180619.130,458125312,442417152,1036226560
180725.323,454356992,436789248,1036226560
180848.940,455499776,437989376,1036226560
180954.822,454356992,436846592,1036226560
181069.022,454356992,436846592,1036226560
181174.680,454356992,436846592,1036226560
181289.185,454356992,436846592,1036226560
181404.689,454356992,436846592,1036226560
181508.518,455499776,437223424,1036226560
181625.044,454356992,436846592,1036226560
181747.875,454356992,436846592,1036226560
181848.177,454356992,436850688,1036226560
181953.775,454356992,436850688,1036226560
182068.089,454356992,436850688,1036226560
182173.815,454356992,436867072,1036226560
182288.342,454356992,436867072,1036226560
182395.378,454356992,436867072,1036226560
182504.949,454356992,436867072,1036226560
182624.708,454356992,436867072,1036226560
182728.660,454356992,436871168,1036226560
182849.224,454356992,436875264,1036226560
182957.215,456257536,436920320,1036226560
183068.993,456257536,436920320,1036226560
183184.784,456257536,436920320,1036226560
183294.555,456265728,436936704,1036226560
183405.536,456265728,436940800,1036226560
183520.780,457408512,437092352,1036226560
183634.881,456265728,436940800,1036226560
183739.242,456265728,436948992,1036226560
183848.630,456265728,436948992,1036226560
183964.873,456265728,436948992,1036226560
184068.893,456265728,436953088,1036226560
184175.381,456265728,436953088,1036226560
184285.046,456265728,436953088,1036226560
184394.733,457408512,437497856,1036226560
184508.899,456265728,437039104,1036226560
184614.733,456265728,437043200,1036226560
184729.133,456265728,437043200,1036226560
184839.158,456265728,437043200,1036226560
184938.592,457408512,437809152,1036226560
185049.294,456265728,437043200,1036226560
185159.482,466780160,447574016,1036226560
185269.662,456560640,437166080,1036226560
185395.127,457703424,438345728,1036226560
185509.161,456572928,437215232,1036226560
185614.383,456572928,437215232,1036226560
185734.942,456572928,437223424,1036226560
185844.241,457715712,438366208,1036226560
185959.740,456572928,437309440,1036226560
186069.205,456572928,437309440,1036226560
186179.085,490201088,470024192,1036226560
186289.298,591060992,566546432,1036226560
186399.183,725540864,617508864,1036226560
186508.910,456572928,437374976,1036226560
186625.263,456572928,437374976,1036226560
186735.781,456572928,437374976,1036226560
186849.716,456572928,437374976,1036226560
186959.590,456572928,437374976,1036226560
187069.293,456572928,437383168,1036226560
187185.131,456572928,437383168,1036226560
187289.468,456572928,437383168,1036226560
187395.179,456572928,437383168,1036226560
187509.808,447000576,436744192,1036226560
187619.245,453210112,436830208,1036226560
187725.320,453210112,436846592,1036226560
187849.046,453210112,436862976,1036226560
187959.800,453210112,436875264,1036226560
188075.530,453210112,436875264,1036226560
188200.827,453210112,436879360,1036226560
188306.091,453210112,436887552,1036226560
188421.451,454352896,437436416,1036226560
188535.743,453210112,436961280,1036226560
188654.476,453210112,436965376,1036226560
188759.338,453210112,436969472,1036226560
188865.413,453210112,436969472,1036226560
188975.467,453210112,436969472,1036226560
189091.499,453210112,436969472,1036226560
189194.676,454352896,438112256,1036226560
189305.123,453210112,436989952,1036226560
189409.580,453210112,436989952,1036226560
189525.238,453210112,436989952,1036226560
189634.976,453210112,436994048,1036226560
189739.663,453210112,436994048,1036226560
189847.192,453210112,436998144,1036226560
189955.248,453210112,436998144,1036226560
190069.696,455122944,437051392,1036226560
190179.615,455122944,437055488,1036226560
190298.138,455122944,437055488,1036226560
190409.560,455122944,437055488,1036226560
190519.348,455122944,437055488,1036226560
190635.164,455122944,437063680,1036226560
190739.842,455122944,437063680,1036226560
190854.595,456265728,438206464,1036226560
190959.243,455122944,437063680,1036226560
191066.596,455122944,437063680,1036226560
191175.400,455122944,437067776,1036226560
191295.101,455122944,437067776,1036226560
191394.797,455122944,437067776,1036226560
191511.474,455122944,437071872,1036226560
191615.095,455122944,437071872,1036226560
191717.090,455122944,437071872,1036226560
191839.583,455122944,437071872,1036226560
191955.758,455122944,437075968,1036226560
192076.241,455122944,437075968,1036226560
192195.460,455122944,437075968,1036226560
192305.571,455122944,437080064,1036226560
192421.324,455122944,437080064,1036226560
192529.771,455122944,436793344,1036226560
192631.253,455122944,436797440,1036226560
192739.008,455122944,436797440,1036226560
192865.205,455122944,436817920,1036226560
192979.856,455122944,436822016,1036226560
193080.299,455122944,436826112,1036226560
193195.766,455122944,436830208,1036226560
193305.717,455122944,436830208,1036226560
193410.304,455122944,436830208,1036226560
193535.600,456265728,437972992,1036226560
193651.009,455122944,436830208,1036226560
193758.996,455122944,436830208,1036226560
193865.269,455122944,436830208,1036226560
193979.371,455122944,436834304,1036226560
194085.646,455122944,436838400,1036226560
194198.664,455122944,436842496,1036226560
194299.701,455122944,436842496,1036226560
194425.613,455122944,436842496,1036226560
194535.459,456265728,437985280,1036226560
194645.179,455122944,436846592,1036226560
194759.608,455122944,436846592,1036226560
194869.613,455122944,436850688,1036226560
194984.714,455122944,436871168,1036226560
195098.964,488751104,464011264,1036226560
195209.568,589611008,530092032,1036226560
195315.353,724090880,593879040,1036226560
195430.967,724090880,630120448,1036226560
195539.106,455122944,436871168,1036226560
195655.421,456265728,437084160,1036226560
195779.859,455122944,436875264,1036226560
195880.395,455122944,436875264,1036226560
195995.484,455122944,436875264,1036226560
196106.098,445657088,436310016,1036226560
196221.492,453722112,437891072,1036226560
196330.281,453722112,437923840,1036226560
196445.554,453722112,437923840,1036226560
196555.589,453722112,437923840,1036226560
196660.049,454864896,439070720,1036226560
196775.825,453722112,437927936,1036226560
196885.600,453722112,437927936,1036226560
196989.255,453722112,437927936,1036226560
197099.801,453722112,437932032,1036226560
197209.491,453722112,437932032,1036226560
197314.837,454864896,439074816,1036226560
197432.824,453722112,437932032,1036226560
197534.081,453722112,437932032,1036226560
197649.426,453722112,437932032,1036226560
197754.722,453722112,437932032,1036226560
197869.246,453722112,437932032,1036226560
197984.462,453722112,437932032,1036226560
198098.837,453722112,437932032,1036226560
198208.691,453722112,437948416,1036226560
198319.207,453722112,437948416,1036226560
198435.142,453722112,437948416,1036226560
198539.704,453722112,437948416,1036226560
198649.254,453722112,437948416,1036226560
198759.054,453722112,437948416,1036226560
198868.877,453722112,437948416,1036226560
198969.124,453722112,438013952,1036226560
199078.987,454864896,439156736,1036226560
199189.271,453722112,438013952,1036226560
199299.507,454864896,439160832,1036226560
199409.231,453722112,438022144,1036226560
199519.213,454864896,439173120,1036226560
199631.102,453722112,438030336,1036226560
199739.080,453722112,438030336,1036226560
199849.416,453722112,438030336,1036226560
199959.234,453722112,438030336,1036226560
200068.844,453722112,438030336,1036226560
200179.002,453722112,438030336,1036226560
200290.001,454864896,438403072,1036226560
200399.664,453722112,438030336,1036226560
200515.451,453722112,438038528,1036226560
200619.836,453722112,438038528,1036226560
200720.488,453722112,438038528,1036226560
200834.744,453722112,438038528,1036226560
200941.738,453730304,438046720,1036226560
201049.464,454873088,438390784,1036226560
201165.638,453730304,438046720,1036226560
201270.202,453730304,438046720,1036226560
201379.274,453730304,438046720,1036226560
201494.877,453730304,438046720,1036226560
201604.582,453730304,438046720,1036226560
201715.226,453730304,438046720,1036226560
201819.457,454873088,439189504,1036226560
201929.499,453730304,438050816,1036226560
202035.287,453730304,438059008,1036226560
202150.256,453730304,438059008,1036226560
202252.496,453730304,438059008,1036226560
202360.261,453730304,438059008,1036226560
202471.574,453730304,438059008,1036226560
202579.495,470548480,450502656,1036226560
202690.316,588218368,523792384,1036226560
202800.347,722698240,619929600,1036226560
202916.046,722698240,619929600,1036226560
203019.497,453730304,438059008,1036226560
203129.585,453730304,438059008,1036226560
203245.839,453730304,438059008,1036226560
203351.027,453730304,438059008,1036226560
203460.381,453730304,438059008,1036226560
203570.243,453730304,438059008,1036226560
203680.505,453730304,438059008,1036226560
203787.107,454873088,439201792,1036226560
203900.088,464482304,448925696,1036226560
204010.566,450560000,438247424,1036226560
204119.834,453791744,438181888,1036226560
204229.999,454938624,438632448,1036226560
204329.886,453791744,438239232,1036226560
204455.884,453791744,438263808,1036226560
204570.516,454938624,438476800,1036226560
204679.988,453791744,438308864,1036226560
204789.875,453791744,438308864,1036226560
204896.017,453791744,438308864,1036226560
205011.380,453791744,438308864,1036226560
205126.000,453791744,438308864,1036226560
205239.981,454938624,439451648,1036226560
205350.125,453791744,438312960,1036226560
205455.713,453791744,438312960,1036226560
205569.913,453791744,438312960,1036226560
205679.962,453791744,438312960,1036226560
205789.717,453791744,438312960,1036226560
205899.741,453791744,438312960,1036226560
206005.869,453791744,438312960,1036226560
206115.603,453791744,438317056,1036226560
206219.933,453791744,438317056,1036226560
206335.743,453791744,438317056,1036226560
206446.948,453791744,438317056,1036226560
206552.681,453791744,438317056,1036226560
206668.858,453791744,438317056,1036226560
206769.572,453791744,438317056,1036226560
206885.957,453791744,438317056,1036226560
206990.017,453791744,438317056,1036226560
207099.952,453791744,438317056,1036226560
207211.823,453791744,438317056,1036226560
207320.766,453791744,438317056,1036226560
207431.205,453791744,438317056,1036226560
207546.434,453791744,438317056,1036226560
207650.643,453791744,438317056,1036226560
207760.770,454938624,438808576,1036226560
207860.568,453791744,438321152,1036226560
207976.345,453791744,438321152,1036226560
208080.687,454938624,438726656,1036226560
208190.566,453791744,438321152,1036226560
208312.008,453791744,438321152,1036226560
208416.461,454938624,439463936,1036226560
208526.634,453791744,438321152,1036226560
208640.680,453791744,438321152,1036226560
208760.134,453791744,438321152,1036226560
208860.398,453791744,438321152,1036226560
208981.036,454938624,439463936,1036226560
209090.418,453791744,438386688,1036226560
209200.736,453791744,438386688,1036226560
209300.530,453791744,438386688,1036226560
209410.367,453791744,438386688,1036226560
209536.104,454938624,439529472,1036226560
209646.468,453791744,438452224,1036226560
209760.686,453791744,438452224,1036226560
209880.780,453791744,438452224,1036226560
209990.828,453791744,438456320,1036226560
210096.346,453791744,438456320,1036226560
210206.189,453791744,438456320,1036226560
210328.592,454938624,439599104,1036226560
210440.710,453791744,438456320,1036226560
210566.027,454938624,439599104,1036226560
210682.533,454868992,438702080,1036226560
210785.908,454868992,438747136,1036226560
210898.405,454868992,438759424,1036226560
211016.254,454868992,438824960,1036226560
211126.637,454868992,438824960,1036226560
211240.646,454868992,438824960,1036226560
211356.142,454868992,438824960,1036226560
211460.261,454868992,438829056,1036226560
211570.475,456011776,439971840,1036226560
211681.381,454868992,438833152,1036226560
211782.542,454868992,438833152,1036226560
211907.054,456011776,439975936,1036226560
212020.649,454868992,438833152,1036226560
212126.642,454868992,438833152,1036226560
212240.935,454868992,438833152,1036226560
212351.110,454868992,438833152,1036226560
212462.540,454868992,438833152,1036226560
212572.378,488497152,467845120,1036226560
212690.722,589357056,568389632,1036226560
212800.037,723836928,633458688,1036226560
212920.676,723836928,473108480,1036226560
213032.972,589357056,525897728,1036226560
213148.415,723836928,628469760,1036226560
213260.857,783093760,703594496,1036226560
213371.113,925941760,843337728,1036226560
213471.247,1063129088,974163968,1036226560
213580.976,1195044864,1102753792,1102753792
213699.772,1017761792,974467072,1125429248
213818.573,1085001728,1035448320,1125429248
213931.660,1055838208,1034747904,1125429248
214031.260,564887552,560103424,1125429248
214156.770,540094464,536948736,1125429248
214271.063,540278784,537137152,1125429248
214377.088,743063552,671342592,1125429248
214486.377,810299392,697270272,1125429248
214601.987,810299392,732856320,1125429248
214713.877,427372544,424206336,1125429248
214820.471,545042432,515932160,1125429248
214935.745,679522304,602345472,1125429248
215040.806,679522304,602345472,1125429248
215152.899,418955264,416100352,1125429248
215261.134,422998016,417996800,1125429248
215366.825,423968768,419258368,1125429248
215477.448,424419328,419614720,1125429248
215586.287,424464384,419737600,1125429248
215700.841,426328064,419946496,1125429248
215802.436,429391872,420900864,1125429248
215910.872,399474688,404885504,1125429248
216020.929,418107392,408592384,1125429248
216131.206,420798464,409276416,1125429248
216243.010,422367232,410853376,1125429248
216350.787,423387136,412065792,1125429248
216462.269,425263104,413929472,1125429248
216577.490,424120320,413081600,1125429248
216687.293,424124416,413081600,1125429248
216800.727,424124416,413089792,1125429248
216910.741,424124416,413089792,1125429248
217020.922,424402944,413106176,1125429248
217136.783,424402944,413106176,1125429248
217243.281,424587264,413061120,1125429248
217357.151,424587264,413061120,1125429248
217457.236,424587264,413192192,1125429248
217570.943,424587264,413192192,1125429248
217680.702,424587264,413192192,1125429248
217790.948,424587264,413192192,1125429248
217901.198,424587264,413192192,1125429248
218002.766,424587264,413192192,1125429248
218111.141,424587264,413196288,1125429248
218231.137,425730048,414339072,1125429248
218337.491,424685568,413196288,1125429248
218450.863,424685568,413196288,1125429248
218550.957,425828352,414339072,1125429248
218660.859,424685568,413196288,1125429248
218778.557,425316352,413200384,1125429248
218890.811,426459136,414343168,1125429248
219000.611,425320448,413224960,1125429248
219121.703,425320448,413224960,1125429248
219221.416,426463232,413655040,1125429248
219331.827,425320448,413224960,1125429248
219440.890,425680896,413155328,1125429248
219550.916,426823680,414298112,1125429248
219658.128,425680896,413155328,1125429248
219776.925,426483712,413159424,1125429248
219880.518,427626496,414310400,1125429248
219990.954,426483712,413167616,1125429248
220100.439,427286528,413167616,1125429248
220210.603,428429312,414310400,1125429248
220321.642,429318144,413229056,1125429248
220432.197,430137344,413229056,1125429248
220546.859,431280128,413249536,1125429248
220650.425,430137344,413229056,1125429248
220761.709,430137344,413229056,1125429248
220870.771,431280128,413503488,1125429248
220969.910,430137344,413229056,1125429248
221080.541,430137344,413229056,1125429248
221199.328,444010496,427225088,1125429248
221301.371,435286016,418447360,1125429248
221418.306,436457472,418312192,1125429248
221526.632,436457472,418312192,1125429248
221632.316,436457472,418324480,1125429248
221746.427,437276672,418328576,1125429248
221851.202,438419456,418557952,1125429248
221956.389,437276672,418336768,1125429248
222066.858,437276672,418344960,1125429248
222177.436,437276672,418349056,1125429248
222291.495,437276672,418361344,1125429248
222390.988,438419456,418832384,1125429248
222506.849,437276672,418426880,1125429248
222610.745,437276672,418426880,1125429248
222726.563,437276672,418426880,1125429248
222836.818,437276672,418435072,1125429248
222940.770,437276672,418435072,1125429248
223051.224,437276672,418435072,1125429248
223157.576,437276672,418435072,1125429248
223271.154,437276672,418435072,1125429248
223377.393,437276672,418435072,1125429248
223487.417,437276672,418435072,1125429248
223597.196,437276672,418435072,1125429248
223710.972,437276672,418435072,1125429248
223816.969,437276672,418435072,1125429248
223930.979,437809152,418947072,1125429248
224040.546,437809152,418947072,1125429248
224150.232,437809152,418947072,1125429248
224250.953,437809152,418947072,1125429248
224361.307,437809152,418947072,1125429248
224477.296,437809152,418947072,1125429248
224591.986,437809152,419012608,1125429248
224698.102,437809152,419012608,1125429248
224802.721,438951936,419450880,1125429248
224917.296,437809152,419012608,1125429248
225020.190,437809152,419012608,1125429248
225135.386,437809152,419012608,1125429248
225239.954,437809152,419012608,1125429248
225345.289,437809152,419012608,1125429248
225460.642,471437312,445325312,1125429248
225568.419,572297216,510799872,1125429248
225680.951,706777088,577576960,1125429248
225786.697,706777088,614473728,1125429248
225891.161,437809152,419028992,1125429248
226001.297,437809152,419028992,1125429248
226110.983,437809152,419291136,1125429248
226223.051,386256896,389300224,1125429248
226332.554,400076800,394055680,1125429248
226441.270,403611648,397271040,1125429248
226557.142,404447232,396972032,1125429248
226661.067,405168128,397496320,1125429248
226777.772,406126592,397643776,1125429248
226881.770,406142976,397664256,1125429248
226986.735,406142976,397684736,1125429248
227100.476,406155264,397692928,1125429248
227217.202,406831104,397697024,1125429248
227320.806,406831104,397697024,1125429248
227437.215,407990272,398204928,1125429248
227547.369,407990272,398204928,1125429248
227658.057,408616960,398213120,1125429248
227771.581,408616960,398213120,1125429248
227880.993,409219072,398217216,1125429248
227991.629,409796608,398282752,1125429248
228102.192,409796608,398282752,1125429248
228211.087,410357760,398286848,1125429248
228316.764,410357760,398290944,1125429248
228433.364,410357760,398290944,1125429248
228537.022,410357760,398290944,1125429248
228641.244,410853376,398290944,1125429248
228751.137,412000256,398729216,1125429248
228873.047,410853376,398299136,1125429248
228991.439,410853376,398299136,1125429248
229102.266,411316224,398565376,1125429248
229211.321,411316224,398581760,1125429248
229327.552,411770880,398585856,1125429248
229442.042,411770880,398589952,1125429248
229561.525,412205056,398589952,1125429248
229670.937,412205056,398589952,1125429248
229791.527,413794304,399814656,1125429248
229907.142,413077504,398688256,1125429248
230021.064,413077504,398688256,1125429248
230136.941,413499392,398716928,1125429248
230237.531,414154752,398721024,1125429248
230353.170,417083392,399994880,1125429248
230467.612,416342016,398966784,1125429248
230571.289,417488896,399671296,1125429248
230682.056,416342016,398966784,1125429248
230791.969,416743424,398974976,1125429248
230901.651,418103296,398999552,1125429248
231001.253,418103296,398999552,1125429248
231117.613,418103296,398999552,1125429248
231222.378,418852864,399114240,1125429248
231338.294,418852864,399118336,1125429248
231448.606,418852864,399122432,1125429248
231561.557,418861056,399134720,1125429248
231662.277,419393536,399769600,1125429248
231777.790,420540416,400928768,1125429248
231881.618,419393536,399785984,1125429248
231991.298,486772736,448163840,1125429248
232102.686,822976512,599011328,1125429248
232211.886,688492544,583311360,1125429248
232328.051,419454976,399880192,1125429248
232441.311,420265984,399900672,1125429248
232557.615,421138432,399982592,1125429248
232661.420,421138432,399982592,1125429248
232766.680,421138432,399982592,1125429248
232881.871,421261312,400060416,1125429248
233001.339,421277696,400130048,1125429248
233122.099,440467456,419717120,1125429248
233232.004,434102272,409735168,1125429248
233341.626,434102272,410021888,1125429248
233457.924,434274304,410116096,1125429248
233571.785,434274304,410132480,1125429248
233682.054,434995200,410660864,1125429248
233782.561,434995200,410664960,1125429248
233898.646,436137984,411828224,1125429248
234007.773,436158464,411316224,1125429248
234112.076,436158464,411316224,1125429248
234221.813,436158464,411385856,1125429248
234333.445,436158464,411385856,1125429248
234447.216,436166656,411394048,1125429248
234548.162,436166656,411394048,1125429248
234667.405,436772864,411815936,1125429248
234771.875,436772864,411815936,1125429248
234882.296,436772864,411815936,1125429248
234991.864,436772864,411815936,1125429248
235101.782,437919744,412958720,1125429248
235211.876,436772864,411820032,1125429248
235314.034,437919744,412962816,1125429248
235437.692,436772864,411820032,1125429248
235548.199,437919744,412962816,1125429248
235662.308,437436416,411820032,1125429248
235772.223,438583296,412975104,1125429248
235882.340,438120448,411832320,1125429248
235988.299,438120448,411832320,1125429248
236108.043,438120448,411914240,1125429248
236213.992,439267328,412594176,1125429248
236322.243,438120448,411918336,1125429248
236428.303,438120448,411918336,1125429248
236532.287,438120448,411918336,1125429248
236642.410,438120448,411918336,1125429248
236753.669,439267328,413061120,1125429248
236868.394,438853632,411918336,1125429248
236973.044,440000512,413061120,1125429248
237097.387,438853632,411922432,1125429248
237211.917,440000512,412479488,1125429248
237322.073,438853632,411926528,1125429248
237437.714,440000512,413069312,1125429248
237547.924,439623680,411926528,1125429248
237658.943,440770560,413069312,1125429248
237767.950,440401920,411930624,1125429248
237892.117,441548800,413073408,1125429248
238008.161,440401920,411930624,1125429248
238118.290,440401920,411996160,1125429248
238224.862,459268096,431738880,1125429248
238331.296,449527808,421433344,1125429248
238442.456,450670592,422359040,1125429248
238558.032,450330624,421838848,1125429248
238662.499,451473408,423104512,1125429248
238772.634,450330624,422035456,1125429248
238882.259,451473408,422277120,1125429248
238998.564,450330624,422039552,1125429248
239101.924,450330624,422047744,1125429248
239208.788,450330624,422047744,1125429248
239328.091,450330624,422469632,1125429248
239432.126,450330624,422469632,1125429248
239531.740,450330624,422469632,1125429248
239641.529,450330624,422477824,1125429248
239752.019,451473408,423620608,1125429248
239868.403,450330624,422481920,1125429248
239972.130,450330624,422481920,1125429248
240081.869,450330624,422490112,1125429248
240197.936,450330624,422490112,1125429248
240297.782,450330624,422490112,1125429248
240411.030,450330624,422547456,1125429248
240517.038,450330624,422547456,1125429248
240630.207,450330624,422547456,1125429248
240748.341,483958784,453218304,1125429248
240872.258,584818688,532054016,1125429248
240982.130,719298560,596574208,1125429248
241082.671,719298560,619577344,1125429248
241188.055,450330624,422912000,1125429248
241301.910,450330624,422916096,1125429248
241418.160,450334720,422932480,1125429248
241528.409,453853184,424390656,1125429248
241632.492,453853184,424431616,1125429248
241742.102,454995968,424808448,1125429248
241852.195,453853184,424435712,1125429248
241961.431,454995968,425578496,1125429248
242067.004,453853184,424439808,1125429248
242177.311,455258112,425582592,1125429248
242282.313,454115328,424439808,1125429248
242393.516,455258112,424558592,1125429248
242502.361,454115328,424443904,1125429248
242617.612,455258112,425918464,1125429248
242721.732,454115328,424775680,1125429248
242833.362,455557120,425926656,1125429248
242949.806,454746112,424787968,1125429248
243067.803,454746112,424792064,1125429248
243187.944,454754304,424792064,1125429248
243301.942,454754304,424849408,1125429248
243411.982,455712768,425234432,1125429248
243517.194,456855552,426381312,1125429248
243637.502,457412608,425840640,1125429248
243737.611,458555392,426364928,1125429248
243857.823,457420800,425844736,1125429248
243968.929,458563584,427012096,1125429248
244092.476,457961472,425877504,1125429248
244198.480,457961472,425877504,1125429248
244302.252,457961472,425881600,1125429248
244412.021,457551872,426700800,1125429248
244521.861,456409088,425558016,1125429248
244631.508,456409088,425558016,1125429248
244737.349,456409088,425558016,1125429248
244851.941,456409088,426020864,1125429248
244958.644,459317248,430104576,1125429248
245072.744,458174464,428965888,1125429248
245178.242,458174464,429031424,1125429248
245292.350,459317248,430174208,1125429248
245392.141,458174464,429035520,1125429248
245512.914,458174464,429035520,1125429248
245618.107,458174464,429056000,1125429248
245720.182,459317248,430198784,1125429248
245837.275,458174464,429121536,1125429248
245947.946,459317248,430264320,1125429248
246057.810,458174464,429133824,1125429248
246159.119,458936320,429142016,1125429248
246272.013,458940416,429162496,1125429248
246387.867,461086720,429207552,1125429248
246487.735,462229504,430350336,1125429248
246608.312,461086720,429207552,1125429248
246718.102,462229504,429363200,1125429248
246825.862,461086720,429215744,1125429248
246938.245,461086720,429215744,1125429248
247053.243,461709312,429363200,1125429248
247168.762,461709312,429518848,1125429248
247282.667,462852096,429879296,1125429248
247392.694,461709312,429596672,1125429248
247502.034,461709312,429596672,1125429248
247612.125,461709312,429596672,1125429248
247729.905,462852096,430739456,1125429248
247837.065,461709312,429596672,1125429248
247953.208,461709312,429596672,1125429248
248071.196,461709312,429596672,1125429248
248187.293,461709312,429596672,1125429248
248307.615,478527488,442228736,1125429248
248412.280,596197376,503136256,1125429248
248522.431,730677248,568123392,1125429248
248629.432,730677248,616947712,1125429248
248739.122,730677248,555839488,1125429248
248847.960,461709312,429621248,1125429248
248960.017,461709312,429621248,1125429248
249069.649,461709312,429625344,1125429248
249172.923,454152192,429998080,1125429248
249288.671,466563072,432832512,1125429248
249397.942,467095552,432902144,1125429248
249514.658,468242432,434077696,1125429248
249622.347,467095552,432947200,1125429248
249722.473,467095552,432984064,1125429248
249839.137,467095552,432988160,1125429248
249939.263,467095552,432988160,1125429248
250052.365,468242432,434139136,1125429248
250158.018,467095552,432996352,1125429248
250272.449,467095552,432996352,1125429248
250382.184,468242432,434139136,1125429248
250492.533,467095552,432996352,1125429248
250608.379,467095552,432996352,1125429248
250708.205,467095552,433000448,1125429248
250828.090,467095552,433000448,1125429248
250934.315,467095552,433004544,1125429248
251038.575,467095552,433016832,1125429248
251142.321,467095552,433033216,1125429248
251258.163,467095552,433033216,1125429248
251370.620,467095552,433033216,1125429248
251478.721,467095552,433033216,1125429248
251578.492,467095552,433033216,1125429248
251687.375,467095552,433033216,1125429248
251802.706,467095552,433033216,1125429248
251913.165,468242432,434176000,1125429248
252028.636,467095552,433033216,1125429248
252138.772,467095552,433033216,1125429248
252242.406,467095552,433033216,1125429248
252352.606,467095552,433098752,1125429248
252463.090,467095552,433098752,1125429248
252572.748,467095552,433098752,1125429248
252688.659,467095552,433102848,1125429248
252808.226,468242432,433250304,1125429248
252925.423,467095552,433168384,1125429248
253038.961,467095552,433168384,1125429248
253143.078,468246528,433168384,1125429248
253263.000,467095552,433233920,1125429248
253368.935,467095552,433233920,1125429248
253472.976,468242432,434376704,1125429248
253584.759,467095552,433233920,1125429248
253693.125,467832832,433233920,1125429248
253808.852,468979712,434376704,1125429248
253913.172,467832832,433233920,1125429248
254023.278,468594688,433238016,1125429248
254128.674,468594688,433238016,1125429248
254244.092,468594688,433242112,1125429248
254358.637,468594688,433242112,1125429248
254483.088,468594688,433242112,1125429248
254583.712,468594688,433307648,1125429248
254689.469,468594688,433307648,1125429248
254808.582,468594688,433307648,1125429248
254918.789,468594688,433307648,1125429248
255023.232,468594688,433307648,1125429248
255133.016,469381120,433307648,1125429248
255248.568,470528000,434450432,1125429248
255352.901,471355392,433950720,1125429248
255462.765,472498176,435093504,1125429248
255572.686,471355392,434020352,1125429248
255673.440,471355392,434020352,1125429248
255799.998,471355392,434020352,1125429248
255908.654,471355392,434020352,1125429248
256022.922,472498176,435105792,1125429248
256132.656,471355392,434020352,1125429248
256243.250,471355392,434020352,1125429248
256348.783,471355392,434020352,1125429248
256462.850,471355392,434020352,1125429248
256573.174,471355392,434085888,1125429248
256683.030,471355392,434094080,1125429248
256793.450,472498176,435236864,1125429248
256902.900,471355392,434094080,1125429248
257013.391,471355392,434094080,1125429248
257119.526,471355392,434094080,1125429248
257222.705,471355392,434102272,1125429248
257332.896,472502272,434245632,1125429248
257442.797,471359488,434106368,1125429248
257553.124,471359488,434106368,1125429248
257668.707,471359488,434106368,1125429248
257772.431,471359488,434106368,1125429248
257888.197,471359488,434106368,1125429248
258008.942,471359488,434110464,1125429248
258113.785,471359488,434110464,1125429248
258239.394,471359488,434176000,1125429248
258359.253,487133184,450928640,1125429248
258463.186,467365888,439181312,1125429248
258572.938,601853952,527740928,1125429248
258689.245,736333824,626589696,1125429248
258809.292,736333824,639434752,1125429248
258923.395,476020736,440258560,1125429248
259034.927,476024832,440291328,1125429248
259144.923,476024832,440295424,1125429248
259258.290,476024832,440295424,1125429248
259372.508,476024832,440295424,1125429248
259488.280,476024832,440295424,1125429248
259609.246,476024832,440360960,1125429248
259712.665,476024832,440360960,1125429248
259813.498,476024832,440365056,1125429248
259929.652,476024832,440365056,1125429248
260033.151,476024832,440365056,1125429248
260143.058,476024832,440365056,1125429248
260253.308,476024832,440365056,1125429248
260363.154,476024832,440365056,1125429248
260476.432,476024832,440365056,1125429248
260587.837,476024832,440365056,1125429248
260699.421,477167616,441507840,1125429248
260808.590,476606464,440369152,1125429248
260917.746,476606464,440369152,1125429248
261018.144,477749248,440414208,1125429248
261132.196,477147136,440393728,1125429248
261243.218,477151232,440410112,1125429248
261353.519,478294016,440786944,1125429248
261463.511,477151232,440422400,1125429248
261572.906,478826496,441565184,1125429248
261673.549,477683712,440426496,1125429248
261793.648,477683712,440426496,1125429248
261902.427,478838784,440512512,1125429248
262002.608,477696000,440500224,1125429248
262112.388,477696000,440500224,1125429248
262222.650,477696000,440512512,1125429248
262330.594,477696000,440545280,1125429248
262448.402,477696000,441167872,1125429248
262559.601,479809536,442822656,1125429248
262662.922,479809536,442888192,1125429248
262779.066,482119680,443772928,1125429248
262894.459,480976896,443510784,1125429248
263005.302,482119680,444661760,1125429248
263116.380,480976896,443518976,1125429248
263223.834,480976896,443535360,1125429248
263333.832,480976896,443535360,1125429248
263449.340,480976896,443535360,1125429248
263552.840,480976896,443535360,1125429248
263662.682,480976896,443535360,1125429248
263768.639,480976896,443535360,1125429248
263883.228,480976896,443535360,1125429248
263991.942,480976896,443535360,1125429248
264106.946,480976896,443535360,1125429248
264207.735,480976896,443535360,1125429248
264312.612,482119680,444678144,1125429248
264424.530,480976896,443539456,1125429248
264533.994,471830528,444514304,1125429248
264653.374,606318592,522571776,1125429248
264755.473,740798464,610058240,1125429248
264869.344,740798464,634175488,1125429248
264984.796,481415168,445890560,1125429248
265098.869,482365440,445890560,1125429248
265209.023,482365440,445943808,1125429248
265314.916,482365440,445947904,1125429248
265423.531,482365440,445947904,1125429248
265532.998,483508224,447090688,1125429248
265653.990,482365440,445952000,1125429248
265772.873,482365440,445952000,1125429248
265888.247,482365440,445952000,1125429248
266011.694,482365440,445952000,1125429248
266122.147,482365440,445952000,1125429248
266223.980,482365440,445952000,1125429248
266333.425,483508224,446205952,1125429248
266445.188,482365440,445960192,1125429248
266549.029,483508224,447102976,1125429248
266659.245,482365440,446025728,1125429248
266768.972,482365440,446025728,1125429248
266889.430,482365440,446025728,1125429248
267001.125,482365440,446025728,1125429248
267128.968,483508224,446619648,1125429248
267244.090,482365440,446025728,1125429248
267354.940,482365440,446029824,1125429248
267463.803,482365440,446033920,1125429248
267569.859,483508224,447176704,1125429248
267685.969,483094528,446050304,1125429248
267803.861,494395392,458354688,1125429248
267919.798,483094528,447262720,1125429248
268023.456,483627008,447266816,1125429248
268133.709,483627008,447275008,1125429248
268249.253,484769792,448147456,1125429248
268369.472,483627008,447275008,1125429248
268471.027,484769792,448417792,1125429248
268580.936,484397056,447275008,1125429248
268699.162,484397056,447275008,1125429248
268800.121,484397056,447275008,1125429248
268920.286,484397056,447275008,1125429248
269040.106,484397056,447279104,1125429248
269154.679,484397056,447279104,1125429248
269269.892,484397056,447279104,1125429248
269386.435,484397056,447279104,1125429248
269504.167,484397056,447279104,1125429248
269613.838,484397056,447279104,1125429248
269723.478,484397056,447279104,1125429248
269839.865,484397056,447279104,1125429248
269943.571,485539840,448421888,1125429248
270054.019,484397056,447279104,1125429248
270159.096,484397056,447279104,1125429248
270274.224,484397056,447279104,1125429248
270389.735,484397056,447283200,1125429248
270495.707,484397056,447283200,1125429248
270607.063,484397056,447283200,1125429248
270715.726,484397056,447283200,1125429248
270824.772,485539840,448425984,1125429248
270926.182,484397056,447348736,1125429248
271039.665,485539840,447782912,1125429248
271144.007,484397056,447361024,1125429248
271265.349,484397056,447361024,1125429248
271368.684,484397056,447361024,1125429248
271485.599,484397056,447361024,1125429248
271610.039,500801536,463917056,1125429248
271710.187,492322816,453136384,1125429248
271819.767,493465600,453599232,1125429248
271929.417,492322816,453185536,1125429248
272034.660,559570944,503656448,1125429248
272154.317,626810880,587390976,1125429248
272264.464,761290752,655425536,1125429248
272369.693,761290752,655425536,1125429248
272473.876,492322816,453214208,1125429248
272579.587,492322816,453226496,1125429248
272702.094,492322816,453226496,1125429248
272816.124,492322816,453226496,1125429248
272923.860,492322816,453226496,1125429248
273044.569,492322816,453230592,1125429248
273148.915,493465600,454373376,1125429248
273254.415,492322816,453296128,1125429248
273365.586,493465600,454438912,1125429248
273474.122,492322816,453296128,1125429248
273590.298,493465600,454438912,1125429248
273694.919,492322816,453296128,1125429248
273810.396,493465600,453431296,1125429248
273930.684,492322816,453296128,1125429248
274040.009,493465600,453488640,1125429248
274150.007,492322816,453296128,1125429248
274253.852,493465600,454438912,1125429248
274363.630,492322816,453296128,1125429248
274471.595,492322816,453296128,1125429248
274587.446,493465600,454340608,1125429248
274699.642,492322816,453296128,1125429248
274804.744,492322816,453296128,1125429248
274913.437,493465600,454438912,1125429248
275021.302,492322816,453296128,1125429248
275134.637,492322816,453296128,1125429248
275239.988,492322816,453296128,1125429248
275349.731,492322816,453296128,1125429248
275453.729,492322816,453296128,1125429248
275564.198,492322816,453296128,1125429248
275674.277,492322816,453296128,1125429248
275784.306,492322816,453296128,1125429248
275904.056,493465600,454438912,1125429248
276009.827,492322816,453296128,1125429248
276124.829,492322816,453296128,1125429248
276240.278,492322816,453296128,1125429248
276357.270,492322816,453296128,1125429248
276464.802,492322816,453296128,1125429248
276565.943,492322816,453296128,1125429248
276684.898,493465600,454438912,1125429248
276790.243,492322816,453361664,1125429248
276901.855,492322816,453361664,1125429248
277006.238,492322816,453361664,1125429248
277120.038,492322816,453365760,1125429248
277230.214,492322816,453365760,1125429248
277339.608,493465600,454508544,1125429248
277439.989,492322816,453369856,1125429248
277550.271,492322816,453369856,1125429248
277664.190,493465600,454512640,1125429248
277774.704,492322816,453369856,1125429248
277890.258,492322816,453369856,1125429248
278010.417,492322816,453369856,1125429248
278114.988,492322816,453369856,1125429248
278224.240,492322816,453369856,1125429248
278340.005,492322816,453369856,1125429248
278449.202,492322816,453369856,1125429248
278550.384,492322816,453373952,1125429248
278672.042,492322816,453373952,1125429248
278800.236,492322816,453373952,1125429248
278913.008,493465600,454516736,1125429248
279021.491,492322816,453373952,1125429248
279140.322,492322816,453373952,1125429248
279254.162,493465600,454516736,1125429248
279363.668,492322816,453373952,1125429248
279472.157,492322816,453373952,1125429248
279589.229,492322816,453373952,1125429248
279694.943,492322816,453373952,1125429248
279807.871,492322816,453373952,1125429248
279914.171,492322816,453373952,1125429248
280024.301,492613632,454377472,1125429248
280140.591,483852288,454676480,1125429248
280240.581,494501888,456372224,1125429248
280360.142,494501888,456392704,1125429248
280469.615,494501888,456437760,1125429248
280589.916,494501888,456441856,1125429248
280699.725,495648768,457592832,1125429248
280805.909,494501888,456470528,1125429248
280930.719,561750016,495554560,1125429248
281034.737,628989952,561319936,1125429248
281144.887,763469824,623169536,1125429248
281270.113,763469824,659673088,1125429248
281390.633,494501888,456540160,1125429248
281504.283,494501888,456540160,1125429248
281622.185,494501888,456540160,1125429248
281723.525,494501888,456540160,1125429248
281840.395,494501888,456540160,1125429248
281950.078,494501888,456577024,1125429248
282054.056,494501888,456577024,1125429248
282163.595,495648768,457723904,1125429248
282269.599,494501888,456585216,1125429248
282383.935,495648768,457728000,1125429248
282487.317,494501888,456585216,1125429248
282596.206,495648768,457728000,1125429248
282706.134,494501888,456654848,1125429248
282817.716,495648768,456732672,1125429248
282922.562,494501888,456720384,1125429248
283039.783,495648768,457027584,1125429248
283150.064,494501888,456720384,1125429248
283253.741,495648768,457863168,1125429248
283360.326,494501888,456720384,1125429248
283469.751,495648768,456806400,1125429248
283581.730,494501888,456720384,1125429248
283689.559,494501888,456720384,1125429248
283810.880,495661056,457310208,1125429248
283926.401,496807936,458452992,1125429248
284040.552,495661056,457310208,1125429248
284160.082,496807936,458481664,1125429248
284274.208,495661056,457338880,1125429248
284390.081,496807936,457678848,1125429248
284500.018,495661056,457338880,1125429248
284608.000,495661056,457338880,1125429248
284715.592,495661056,457347072,1125429248
284815.949,495661056,457347072,1125429248
284924.030,496807936,458489856,1125429248
285045.531,495661056,457347072,1125429248
285154.021,496807936,458489856,1125429248
285264.839,495661056,457412608,1125429248
285370.973,496807936,458555392,1125429248
285484.932,495661056,457412608,1125429248
285604.355,495661056,457420800,1125429248
285710.481,495661056,457424896,1125429248
285820.159,495661056,457433088,1125429248
285923.787,496807936,458575872,1125429248
286040.051,495661056,457498624,1125429248
286144.955,495661056,457498624,1125429248
286250.572,485208064,456429568,1125429248
286364.723,496287744,458600448,1125429248
286474.777,497799168,460132352,1125429248
286584.841,496656384,458989568,1125429248
286694.753,496656384,459001856,1125429248
286805.196,496656384,459067392,1125429248
286910.762,497799168,460603392,1125429248
287030.933,496656384,459460608,1125429248
287151.684,496656384,459464704,1125429248
287270.889,496656384,459464704,1125429248
287380.611,496656384,459464704,1125429248
287494.352,496656384,459464704,1125429248
287594.244,496656384,459464704,1125429248
287710.228,496656384,459464704,1125429248
287829.842,496656384,459464704,1125429248
287939.769,496656384,459464704,1125429248
288049.018,496656384,459464704,1125429248
288159.377,496656384,459464704,1125429248
288276.861,496656384,459468800,1125429248
288385.417,497799168,460165120,1125429248
288495.368,486760448,459522048,1125429248
288602.660,499666944,462311424,1125429248
288710.805,499666944,462311424,1125429248
288815.309,499666944,462311424,1125429248
288924.563,499666944,462311424,1125429248
289041.320,634155008,538877952,1125429248
289161.312,768634880,617246720,1125429248
289271.208,768634880,654274560,1125429248
289386.026,499666944,462311424,1125429248
289500.419,499666944,462311424,1125429248
289605.027,500809728,463454208,1125429248
289710.493,499666944,462315520,1125429248
289815.374,500809728,463466496,1125429248
289931.470,499666944,462323712,1125429248
290041.074,499666944,462323712,1125429248
290145.200,499666944,462389248,1125429248
290254.794,499666944,462389248,1125429248
290360.611,499666944,462389248,1125429248
290471.164,499666944,462389248,1125429248
290594.697,499666944,462389248,1125429248
290715.129,500809728,463532032,1125429248
290815.263,499666944,462393344,1125429248
290924.894,500809728,463536128,1125429248
291035.479,499666944,462393344,1125429248
291151.487,499666944,462393344,1125429248
291261.372,499666944,462393344,1125429248
291371.032,499666944,462397440,1125429248
291475.287,499666944,462397440,1125429248
291593.294,499666944,462397440,1125429248
291710.876,499666944,462397440,1125429248
291830.952,499666944,462397440,1125429248
291945.562,499666944,462397440,1125429248
292060.410,500809728,463540224,1125429248
292171.593,499666944,462397440,1125429248
292285.714,500809728,462462976,1125429248
292395.560,499666944,462397440,1125429248
292510.850,499666944,462397440,1125429248
292615.106,499666944,462397440,1125429248
292724.919,499666944,462467072,1125429248
292835.324,499666944,462467072,1125429248
292944.874,499666944,462467072,1125429248
293060.776,499666944,462471168,1125429248
293165.286,500432896,462471168,1125429248
293275.097,500432896,462471168,1125429248
293385.765,500432896,462540800,1125429248
293495.051,503123968,465588224,1125429248
293596.478,502857728,464457728,1125429248
293710.904,504000512,465616896,1125429248
293815.794,502857728,464474112,1125429248
293925.308,504000512,465620992,1125429248
294035.430,502857728,464482304,1125429248
294151.523,502857728,464482304,1125429248
294255.340,502857728,464482304,1125429248
294361.093,502857728,464486400,1125429248
294474.593,502857728,464486400,1125429248
294590.689,502857728,464486400,1125429248
294694.679,504000512,465633280,1125429248
294804.824,502857728,464494592,1125429248
294910.422,504000512,465637376,1125429248
295024.729,502857728,464498688,1125429248
295135.860,502857728,464498688,1125429248
295245.882,502857728,464498688,1125429248
295355.370,502857728,464498688,1125429248
295454.928,502857728,464502784,1125429248
295569.577,502857728,464502784,1125429248
295673.980,502857728,464502784,1125429248
295790.030,502857728,464506880,1125429248
295896.181,515796992,478650368,1125429248
296005.892,507478016,468758528,1125429248
296110.562,508620800,469958656,1125429248
296230.951,507478016,468885504,1125429248
296340.362,507478016,468885504,1125429248
296441.312,507478016,468889600,1125429248
296555.118,507478016,468889600,1125429248
296671.618,524296192,480153600,1125429248
296785.797,641966080,577970176,1125429248
296905.450,776445952,674131968,1125429248
297011.153,776445952,674131968,1125429248
297115.320,507478016,469008384,1125429248
297225.101,507478016,469008384,1125429248
297335.624,508620800,470151168,1125429248
297441.439,507478016,469008384,1125429248
297554.909,507478016,469008384,1125429248
297662.252,507478016,469008384,1125429248
297774.609,508620800,470151168,1125429248
297886.430,507478016,469012480,1125429248
297991.142,507478016,469012480,1125429248
298100.815,507478016,469012480,1125429248
298212.165,508620800,470155264,1125429248
298321.460,507478016,469012480,1125429248
298425.463,507478016,469012480,1125429248
298545.264,508620800,470155264,1125429248
298645.458,507478016,469012480,1125429248
298760.659,507478016,469012480,1125429248
298864.516,507478016,469012480,1125429248
298981.034,508620800,470163456,1125429248
299091.264,507478016,469020672,1125429248
299194.599,507478016,469086208,1125429248
299304.628,508620800,470233088,1125429248
299416.740,507478016,469090304,1125429248
299531.346,507478016,469155840,1125429248
299635.745,508620800,470298624,1125429248
299735.724,507478016,469155840,1125429248
299845.431,507478016,469155840,1125429248
299955.644,508620800,469741568,1125429248
300065.014,507478016,469233664,1125429248
300174.980,507478016,469233664,1125429248
300284.705,507514880,469327872,1125429248
300390.477,508657664,470470656,1125429248
300510.563,507514880,469327872,1125429248
300621.061,507514880,469327872,1125429248
300724.921,508657664,470470656,1125429248
300840.547,507514880,469331968,1125429248
300952.062,507514880,469331968,1125429248
301065.859,507514880,469331968,1125429248
301181.337,507514880,469331968,1125429248
301285.398,507514880,469331968,1125429248
301390.361,507514880,469331968,1125429248
301504.725,507514880,469401600,1125429248
301621.992,508325888,481140736,1125429248
301751.589,508526592,470867968,1125429248
301865.357,508526592,470876160,1125429248
301974.883,508526592,470876160,1125429248
302085.562,509669376,470913024,1125429248
302195.308,508526592,470876160,1125429248
302311.301,529457152,492285952,1125429248
302421.751,630317056,592007168,1125429248
302536.010,764796928,663425024,1125429248
302651.575,764796928,663425024,1125429248
302751.765,507105280,471269376,1125429248
302865.398,507105280,471277568,1125429248
302975.448,507105280,471277568,1125429248
303085.229,507105280,471281664,1125429248
303195.282,507105280,471285760,1125429248
303305.413,507105280,471318528,1125429248
303420.871,507105280,471330816,1125429248
303531.442,507105280,471330816,1125429248
303635.044,508248064,471461888,1125429248
303745.436,507105280,471330816,1125429248
303850.564,507105280,471334912,1125429248
303955.233,507105280,471334912,1125429248
304066.438,507105280,471334912,1125429248
304192.471,508571648,472096768,1125429248
304305.991,508571648,472096768,1125429248
304415.691,508571648,472096768,1125429248
304525.974,508571648,472096768,1125429248
304631.295,508571648,472096768,1125429248
304741.938,508571648,472096768,1125429248
304851.269,509714432,473239552,1125429248
304957.479,508571648,472096768,1125429248
305065.249,509714432,473243648,1125429248
305180.965,508571648,472100864,1125429248
305291.786,508571648,472100864,1125429248
305401.965,508571648,472100864,1125429248
305521.643,509714432,473243648,1125429248
305626.261,508571648,472100864,1125429248
305735.527,509714432,472231936,1125429248
305846.067,508571648,472100864,1125429248
305962.539,508571648,472100864,1125429248
306066.085,508571648,472100864,1125429248
306175.806,508571648,472100864,1125429248
306291.002,508571648,472166400,1125429248
306391.491,508571648,472170496,1125429248
306505.902,508571648,472170496,1125429248
306615.514,508571648,472170496,1125429248
306725.636,509714432,472387584,1125429248
306831.657,508571648,472236032,1125429248
306952.527,509714432,473378816,1125429248
307067.265,521129984,485658624,1125429248
307186.291,508829696,473079808,1125429248
307286.074,509976576,474238976,1125429248
307396.012,508829696,473096192,1125429248
307511.689,508829696,473096192,1125429248
307615.840,508829696,473096192,1125429248
307725.404,508829696,473096192,1125429248
307835.470,508829696,473161728,1125429248
307945.495,508829696,473161728,1125429248
308055.448,509976576,473464832,1125429248
308171.104,508829696,473161728,1125429248
308286.393,508829696,473161728,1125429248
308392.123,508829696,473161728,1125429248
308505.852,508829696,473161728,1125429248
308611.859,508829696,473161728,1125429248
308722.452,521400320,486440960,1125429248
308836.441,507662336,473661440,1125429248
308940.710,507662336,473694208,1125429248
309056.106,507662336,473763840,1125429248
309171.737,508805120,474923008,1125429248
309275.865,507662336,473780224,1125429248
309381.718,507662336,473784320,1125429248
309485.579,506101760,473694208,1125429248
309605.558,506290176,474710016,1125429248
309707.184,505143296,473567232,1125429248
309826.411,572391424,516059136,1125429248
309936.460,908599296,617754624,1125429248
310056.415,774111232,680402944,1125429248
310166.230,774111232,680402944,1125429248
310281.978,639631360,552742912,1125429248
310395.851,774111232,654069760,1125429248
310506.094,798408704,722776064,1125429248
310616.155,916783104,844120064,1125429248
310726.254,1070714880,989503488,1125429248
310836.348,1210974208,1124163584,1125429248
310946.329,1043562496,1006465024,1189351424
311056.617,1144422400,1053564928,1189351424
311158.328,1413386240,1227960320,1227960320
311267.421,1266438144,1109721088,1251946496
311376.226,984834048,839872512,1251946496
311497.949,914391040,771866624,1251946496
311612.066,782667776,771866624,1251946496
311724.463,849915904,821514240,1251946496
311833.915,1051635712,907603968,1251946496
311946.019,1051635712,978710528,1251946496
312056.339,1051635712,978710528,1251946496
312161.333,712671232,700260352,1251946496
312266.228,914391040,783970304,1251946496
312375.784,914391040,841773056,1251946496
312485.821,645423104,634986496,1251946496
312602.531,645423104,635531264,1251946496
312712.382,645423104,635641856,1251946496
312816.586,645439488,635740160,1251946496
312936.532,645468160,635797504,1251946496
313056.351,646615040,636944384,1251946496
313172.239,645468160,635805696,1251946496
313271.847,645468160,635805696,1251946496
313376.268,645468160,635809792,1251946496
313486.795,645468160,635809792,1251946496
313605.880,645468160,635809792,1251946496
313706.304,645468160,635809792,1251946496
313822.213,645468160,635809792,1251946496
313925.989,645468160,635809792,1251946496
314035.768,646615040,636952576,1251946496
314146.728,647077888,636624896,1251946496
314256.343,647077888,636624896,1251946496
314366.571,647077888,636624896,1251946496
314472.363,647077888,636624896,1251946496
314582.423,647077888,636624896,1251946496
314696.813,647077888,636624896,1251946496
314806.716,647077888,636624896,1251946496
314911.315,647077888,636628992,1251946496
315021.995,647077888,636628992,1251946496
315126.071,647077888,636628992,1251946496
315235.859,647077888,636694528,1251946496
315345.783,648220672,637837312,1251946496
315456.626,647077888,636698624,1251946496
315566.542,647077888,636788736,1251946496
315682.196,647077888,637009920,1251946496
315786.553,647077888,637009920,1251946496
315896.584,648220672,638152704,1251946496
316006.568,647077888,637075456,1251946496
316116.784,647077888,637075456,1251946496
316226.488,647077888,637079552,1251946496
316336.119,647077888,637083648,1251946496
316451.893,647077888,637083648,1251946496
316556.552,647077888,637083648,1251946496
316666.787,647077888,637083648,1251946496
316776.549,647077888,637083648,1251946496
316875.984,647077888,637083648,1251946496
316986.256,647077888,637083648,1251946496
317095.824,648220672,638226432,1251946496
317212.348,647077888,637083648,1251946496
317316.841,648220672,638226432,1251946496
317427.008,647077888,637083648,1251946496
317546.756,647077888,637083648,1251946496
317652.540,647077888,637083648,1251946496
317763.022,647077888,637083648,1251946496
317877.108,647077888,637083648,1251946496
317998.600,647077888,637083648,1251946496
318112.311,647077888,637083648,1251946496
318227.425,398168064,406298624,1251946496
318342.947,405585920,404615168,1251946496
318446.781,422047744,421294080,1251946496
318556.776,437854208,424869888,1251946496
318662.612,447774720,426471424,1251946496
318778.029,448917504,426573824,1251946496
318882.657,448798720,427479040,1251946496
318992.696,449961984,429056000,1251946496
319103.103,448819200,427917312,1251946496
319215.846,448819200,427917312,1251946496
319318.088,456425472,435900416,1251946496
319426.815,456437760,435920896,1251946496
319536.129,456634368,436150272,1251946496
319652.322,457781248,437297152,1251946496
319756.330,456638464,436224000,1251946496
319866.887,456638464,436224000,1251946496
319973.229,456638464,436236288,1251946496
320082.819,456638464,436236288,1251946496
320188.755,491368448,459436032,1251946496
320302.941,592228352,560140288,1251946496
320413.615,726708224,645771264,1251946496
320524.805,726708224,645771264,1251946496
320634.219,457744384,437096448,1251946496
320736.769,457752576,437104640,1251946496
320851.821,459726848,438034432,1251946496
320968.004,458579968,437112832,1251946496
321082.853,458579968,437182464,1251946496
321200.495,458579968,437182464,1251946496
321306.582,458579968,437182464,1251946496
321407.879,458579968,437186560,1251946496
321517.125,458579968,437186560,1251946496
321636.310,460402688,438333440,1251946496
321736.271,459907072,437194752,1251946496
321846.365,459907072,437194752,1251946496
321972.444,460533760,437198848,1251946496
322085.548,460533760,437198848,1251946496
322206.042,460533760,437198848,1251946496
322312.517,460533760,437198848,1251946496
322426.243,461111296,437198848,1251946496
322535.914,461111296,437198848,1251946496
322641.986,461664256,437198848,1251946496
322755.897,461664256,437198848,1251946496
322861.885,462008320,437268480,1251946496
322973.338,462008320,437268480,1251946496
323088.144,462815232,437280768,1251946496
323188.321,463962112,438321152,1251946496
323302.498,463585280,437293056,1251946496
323406.297,463585280,437293056,1251946496
323522.045,464089088,437780480,1251946496
323625.624,465235968,438927360,1251946496
323742.061,464547840,437784576,1251946496
323846.239,465694720,438927360,1251946496
323972.188,464994304,437788672,1251946496
324091.989,464994304,437805056,1251946496
324195.917,466161664,437805056,1251946496
324315.490,466161664,437805056,1251946496
324427.716,466849792,437829632,1251946496
324532.764,467996672,438984704,1251946496
324652.737,468590592,437858304,1251946496
324756.431,469737472,439001088,1251946496
324866.622,468992000,437858304,1251946496
324976.653,468992000,438034432,1251946496
325086.702,469594112,438067200,1251946496
325196.321,470740992,439209984,1251946496
325306.223,469594112,438067200,1251946496
325411.543,469766144,438009856,1251946496
325515.927,469766144,438009856,1251946496
325626.061,468799488,437768192,1251946496
325745.252,484044800,453050368,1251946496
325852.699,408829952,400187392,1251946496
325967.960,419495936,403406848,1251946496
326073.205,419897344,403816448,1251946496
326177.299,420786176,404234240,1251946496
326286.831,423923712,404840448,1251946496
326396.846,424312832,404856832,1251946496
326506.184,424312832,404856832,1251946496
326616.833,413954048,404959232,1251946496
326723.183,434630656,418410496,1251946496
326836.764,552300544,489193472,1251946496
326946.708,686780416,558006272,1251946496
327062.642,686780416,603815936,1251946496
327167.457,417812480,408936448,1251946496
327277.822,430411776,411852800,1251946496
327377.710,435679232,412463104,1251946496
327487.162,438005760,413954048,1251946496
327596.680,436862976,412815360,1251946496
327706.884,437788672,413294592,1251946496
327816.442,438939648,413536256,1251946496
327922.489,437796864,413503488,1251946496
328042.050,438296576,414076928,1251946496
328145.700,438419456,414199808,1251946496
328255.535,438419456,414199808,1251946496
328365.325,438419456,414208000,1251946496
328482.920,438878208,414220288,1251946496
328597.178,438886400,414253056,1251946496
328707.225,438890496,414326784,1251946496
328817.129,439373824,414355456,1251946496
328932.878,440389632,414896128,1251946496
329042.616,440770560,415277056,1251946496
329144.484,441782272,415875072,1251946496
329253.142,442925056,417017856,1251946496
329362.498,441905152,416002048,1251946496
329484.566,442445824,416043008,1251946496
329587.003,443588608,416526336,1251946496
329696.924,442445824,416079872,1251946496
329813.091,443019264,416157696,1251946496
329927.472,443019264,416157696,1251946496
330037.951,443617280,416235520,1251946496
330147.227,443617280,416235520,1251946496
330256.976,443617280,416235520,1251946496
330373.043,444489728,416485376,1251946496
330482.895,445632512,417693696,1251946496
330582.750,444489728,416550912,1251946496
330697.338,445132800,416616448,1251946496
330806.821,445132800,416616448,1251946496
330917.962,445132800,416616448,1251946496
331020.661,445132800,416616448,1251946496
331126.917,445132800,416616448,1251946496
331236.899,445820928,416616448,1251946496
331346.720,445820928,416686080,1251946496
331456.711,445820928,416686080,1251946496
331567.951,445820928,416759808,1251946496
331677.712,445837312,416776192,1251946496
331792.776,445837312,416780288,1251946496
331896.774,446599168,416849920,1251946496
332007.402,447741952,417992704,1251946496
332117.326,446599168,416870400,1251946496
332227.096,446599168,416935936,1251946496
332336.713,446746624,417107968,1251946496
332447.741,447516672,417107968,1251946496
332553.187,447516672,417173504,1251946496
332657.457,447516672,417173504,1251946496
332774.651,447516672,417173504,1251946496
332877.403,448659456,417505280,1251946496
332987.267,448319488,417177600,1251946496
333097.674,448319488,417357824,1251946496
333218.300,448319488,417357824,1251946496
333319.641,449347584,417382400,1251946496
333427.430,449347584,417382400,1251946496
333537.253,450490368,418590720,1251946496
333652.873,450183168,417517568,1251946496
333756.520,450183168,417583104,1251946496
333866.713,450183168,417583104,1251946496
333972.835,450183168,417583104,1251946496
334093.050,451325952,418021376,1251946496
334208.097,450183168,417583104,1251946496
334317.365,451039232,417587200,1251946496
334423.346,452313088,418930688,1251946496
334537.370,452804608,419180544,1251946496
334646.169,453337088,419704832,1251946496
334757.580,454479872,420855808,1251946496
334863.099,483909632,454373376,1251946496
334984.157,472313856,441614336,1251946496
335107.563,472313856,441638912,1251946496
335223.881,473812992,443420672,1251946496
335333.797,473554944,442277888,1251946496
335447.476,473554944,442290176,1251946496
335553.005,473554944,442363904,1251946496
335663.511,474447872,442363904,1251946496
335773.253,474447872,442368000,1251946496
335877.366,474447872,442368000,1251946496
335997.432,475348992,442368000,1251946496
336097.753,476491776,442572800,1251946496
336208.005,480669696,448143360,1251946496
336318.228,477446144,455602176,1251946496
336427.453,483381248,447016960,1251946496
336533.139,483381248,447033344,1251946496
336644.586,483381248,447074304,1251946496
336753.736,483381248,447082496,1251946496
336867.256,483381248,447090688,1251946496
336983.512,483381248,447094784,1251946496
337088.090,484302848,447102976,1251946496
337194.328,484302848,447102976,1251946496
337298.285,484302848,447131648,1251946496
337414.055,472014848,446758912,1251946496
337533.494,486830080,449396736,1251946496
337647.160,486830080,449441792,1251946496
337757.099,487976960,449724416,1251946496
337867.017,486830080,449482752,1251946496
337972.717,503648256,463499264,1251946496
338087.532,621318144,531025920,1251946496
338198.162,755798016,621580288,1251946496
338297.925,755798016,662081536,1251946496
338409.064,486830080,449490944,1251946496
338519.130,486834176,449515520,1251946496
338634.271,486834176,449642496,1251946496
338747.287,486834176,449683456,1251946496
338847.691,486834176,449683456,1251946496
338967.491,486834176,449683456,1251946496
339068.057,486834176,449683456,1251946496
339179.538,487981056,450826240,1251946496
339287.827,486834176,449683456,1251946496
339393.796,486834176,449683456,1251946496
339513.211,486834176,449683456,1251946496
339617.666,486834176,449687552,1251946496
339723.143,486834176,449687552,1251946496
339833.564,487600128,449687552,1251946496
339947.979,487919616,449695744,1251946496
340057.647,489795584,450920448,1251946496
340172.790,488648704,449777664,1251946496
340293.359,488648704,449777664,1251946496
340399.698,488648704,449781760,1251946496
340503.818,488648704,449781760,1251946496
340618.176,488648704,449785856,1251946496
340727.508,488648704,449785856,1251946496
340838.367,489795584,449970176,1251946496
340948.165,488648704,449789952,1251946496
341053.404,488648704,449789952,1251946496
341167.932,488648704,449789952,1251946496
341277.637,489054208,449789952,1251946496
341378.124,505016320,465588224,1251946496
341493.978,492716032,452796416,1251946496
341598.015,492716032,452796416,1251946496
341707.996,492716032,452800512,1251946496
341813.672,492716032,452800512,1251946496
341923.824,492716032,452800512,1251946496
342037.399,492716032,452800512,1251946496
342147.848,492716032,452800512,1251946496
342263.177,493178880,452800512,1251946496
342367.054,493178880,452800512,1251946496
342473.374,493178880,452800512,1251946496
342583.070,493187072,452804608,1251946496
342698.746,494333952,453967872,1251946496
342813.503,493187072,452829184,1251946496
342923.089,493187072,452829184,1251946496
343044.155,493633536,452837376,1251946496
343148.825,493633536,452837376,1251946496
343253.835,494780416,453070848,1251946496
343371.714,493633536,452902912,1251946496
343484.069,493633536,452902912,1251946496
343604.009,493633536,452968448,1251946496
343714.487,496717824,466178048,1251946496
343824.146,495865856,455254016,1251946496
343938.337,495874048,455274496,1251946496
344054.020,497020928,456417280,1251946496
344158.116,495874048,455286784,1251946496
344268.600,495874048,455540736,1251946496
344388.354,495206400,456499200,1251946496
344514.790,495206400,456499200,1251946496
344628.667,512024576,471502848,1251946496
344745.428,629694464,575598592,1251946496
344848.239,764174336,656125952,1251946496
344958.100,764174336,656125952,1251946496
345068.197,495206400,456503296,1251946496
345178.743,495206400,456548352,1251946496
345287.829,495206400,456564736,1251946496
345398.186,495206400,456564736,1251946496
345507.480,495206400,456564736,1251946496
345623.131,495206400,456564736,1251946496
345745.525,495206400,456564736,1251946496
345854.857,495206400,456568832,1251946496
345964.433,495206400,456577024,1251946496
346068.689,495206400,456577024,1251946496
346178.536,495206400,456577024,1251946496
346288.262,496349184,456597504,1251946496
346397.950,495206400,456577024,1251946496
346508.257,495206400,456577024,1251946496
346617.827,495206400,456577024,1251946496
346728.377,495812608,456646656,1251946496
346843.611,496955392,456974336,1251946496
346964.380,495812608,456646656,1251946496
347073.628,496443392,456654848,1251946496
347177.503,496443392,456654848,1251946496
347288.417,497090560,456654848,1251946496
347404.713,498233344,457043968,1251946496
347518.443,497090560,456654848,1251946496
347633.981,497106944,456736768,1251946496
347738.155,498249728,457691136,1251946496
347848.590,497106944,456736768,1251946496
347958.023,497795072,456802304,1251946496
348074.556,498937856,457945088,1251946496
348178.034,497795072,456867840,1251946496
348294.626,497795072,456867840,1251946496
348408.256,497795072,456867840,1251946496
348517.873,497795072,456867840,1251946496
348633.564,497795072,456867840,1251946496
348738.004,497795072,456867840,1251946496
348844.195,497795072,456867840,1251946496
348958.282,497795072,456867840,1251946496
349068.579,497795072,456867840,1251946496
349177.903,497795072,456867840,1251946496
349284.191,497795072,456867840,1251946496
349394.484,497795072,456867840,1251946496
349508.207,497795072,456867840,1251946496
349614.168,497795072,456867840,1251946496
349728.342,497795072,456867840,1251946496
349839.180,497795072,456871936,1251946496
349949.713,497795072,456871936,1251946496
350054.110,497795072,456871936,1251946496
350157.701,497795072,456871936,1251946496
350267.712,497795072,456871936,1251946496
350393.499,497795072,456937472,1251946496
350509.139,497795072,456937472,1251946496
350618.325,497795072,456937472,1251946496
350724.084,497795072,456937472,1251946496
350838.252,498937856,458080256,1251946496
350938.243,497795072,456937472,1251946496
351058.245,497795072,456937472,1251946496
351164.060,498937856,458080256,1251946496
351273.905,497795072,456937472,1251946496
351378.379,497795072,456937472,1251946496
351488.126,498937856,458080256,1251946496
351608.194,497795072,456937472,1251946496
351708.128,498642944,456937472,1251946496
351813.811,499785728,458080256,1251946496
351928.524,498642944,456937472,1251946496
352034.851,498642944,456937472,1251946496
352154.573,498642944,456937472,1251946496
352259.040,498642944,456937472,1251946496
352368.722,498642944,456937472,1251946496
352478.707,498642944,456941568,1251946496
352584.580,499785728,458084352,1251946496
352689.181,502673408,472268800,1251946496
352800.727,499847168,460189696,1251946496
352908.264,500994048,461422592,1251946496
353018.577,499847168,460283904,1251946496
353128.226,499847168,460283904,1251946496
353248.020,500994048,461430784,1251946496
353358.704,499847168,460353536,1251946496
353468.905,499847168,460353536,1251946496
353575.397,499847168,460357632,1251946496
353678.882,490553344,459239424,1251946496
353788.957,491171840,459919360,1251946496
353898.448,502484992,462192640,1251946496
354008.861,503631872,462295040,1251946496
354118.553,503353344,462254080,1251946496
354227.972,503353344,462254080,1251946496
354337.776,503353344,462254080,1251946496
354447.941,503353344,462258176,1251946496
354553.782,503353344,462258176,1251946496
354657.381,503353344,462258176,1251946496
354767.437,503353344,462258176,1251946496
354877.067,511766528,468697088,1251946496
354998.486,637841408,538632192,1251946496
355099.373,772321280,607019008,1251946496
355208.902,772321280,675635200,1251946496
355324.306,772321280,675635200,1251946496
355434.433,503353344,462270464,1251946496
355537.919,504500224,463413248,1251946496
355647.454,503353344,462270464,1251946496
355757.881,503353344,462274560,1251946496
355867.907,503357440,462278656,1251946496
355973.600,504164352,462278656,1251946496
356089.979,504164352,462278656,1251946496
356197.277,505311232,462348288,1251946496
356298.301,504164352,462278656,1251946496
356414.402,506638336,462319616,1251946496
356518.400,506638336,462319616,1251946496
356638.541,506638336,462319616,1251946496
356759.377,506638336,462319616,1251946496
356869.071,506638336,462323712,1251946496
356978.662,506638336,462389248,1251946496
357078.821,506638336,462389248,1251946496
357194.400,506638336,462393344,1251946496
357297.970,506638336,462393344,1251946496
357414.108,506638336,462393344,1251946496
357518.620,506638336,462393344,1251946496
357636.190,506638336,462393344,1251946496
357738.349,506638336,462393344,1251946496
357855.000,506638336,462397440,1251946496
357963.822,506638336,462397440,1251946496
358069.443,506638336,462397440,1251946496
358178.974,507785216,463568896,1251946496
358288.615,506638336,462434304,1251946496
358394.149,507785216,463577088,1251946496
358514.848,506638336,462442496,1251946496
358624.669,506638336,462491648,1251946496
358729.230,506638336,462491648,1251946496
358828.770,506638336,462495744,1251946496
358949.532,506638336,462495744,1251946496
359054.850,506638336,462495744,1251946496
359158.928,506638336,462495744,1251946496
359274.823,506638336,462495744,1251946496
359390.740,506638336,462495744,1251946496
359495.154,506638336,462561280,1251946496
359609.275,507785216,463704064,1251946496
359719.490,506638336,462561280,1251946496
359827.368,506638336,462561280,1251946496
359929.763,506638336,462561280,1251946496
360038.819,506638336,462626816,1251946496
360149.479,506638336,462626816,1251946496
360254.687,506638336,462626816,1251946496
360368.515,506638336,462626816,1251946496
360478.480,506638336,462630912,1251946496
360588.486,507785216,463773696,1251946496
360688.832,495865856,462512128,1251946496
360804.698,506642432,463867904,1251946496
360908.248,507789312,463925248,1251946496
361026.276,506642432,463876096,1251946496
361128.570,506642432,463876096,1251946496
361239.165,521052160,480079872,1251946496
361355.377,505274368,466657280,1251946496
361464.099,505274368,466657280,1251946496
361568.083,505274368,466661376,1251946496
361678.361,506490880,467365888,1251946496
361788.943,506490880,467365888,1251946496
361899.169,507023360,467369984,1251946496
362010.187,508166144,468512768,1251946496
362117.562,521121792,481460224,1251946496
362224.825,509415424,468197376,1251946496
362329.027,510558208,468926464,1251946496
362438.747,509415424,468197376,1251946496
362554.544,509415424,468197376,1251946496
362664.833,509415424,468197376,1251946496
362768.673,509415424,468197376,1251946496
362894.152,509415424,468197376,1251946496
363009.094,543043584,499511296,1251946496
363119.475,643903488,595087360,1251946496
363228.937,778383360,669601792,1251946496
363338.728,778383360,669601792,1251946496
363449.103,509415424,468197376,1251946496
363558.820,510558208,469381120,1251946496
363674.275,509415424,468238336,1251946496
363789.278,510558208,468668416,1251946496
363899.674,509415424,468238336,1251946496
364009.401,509415424,468303872,1251946496
364125.247,510558208,468758528,1251946496
364246.660,509415424,468312064,1251946496
364349.408,509415424,468312064,1251946496
364454.962,509415424,468312064,1251946496
364569.205,509415424,468312064,1251946496
364679.553,509415424,468312064,1251946496
364788.734,509415424,468312064,1251946496
364899.289,509415424,468312064,1251946496
365000.604,509415424,468316160,1251946496
365125.792,509415424,468324352,1251946496
365239.398,509415424,468324352,1251946496
365355.050,509415424,468324352,1251946496
365465.264,510074880,468324352,1251946496
365579.312,510074880,468324352,1251946496
365689.543,510074880,468324352,1251946496
365804.555,510074880,468324352,1251946496
365910.167,510074880,468324352,1251946496
366019.610,510074880,468324352,1251946496
366135.389,510074880,468324352,1251946496
366244.760,510074880,468324352,1251946496
366349.518,510074880,468324352,1251946496
366455.923,510074880,468324352,1251946496
366574.706,510074880,468389888,1251946496
366680.061,511217664,469667840,1251946496
366789.632,510074880,469331968,1251946496
366895.389,510074880,469336064,1251946496
367005.329,510074880,469336064,1251946496
367125.918,510074880,469336064,1251946496
367245.428,510074880,469336064,1251946496
367351.185,511217664,470478848,1251946496
367465.583,510877696,469405696,1251946496
367568.958,512020480,470548480,1251946496
367675.303,511680512,469405696,1251946496
367790.703,511680512,469405696,1251946496
367899.575,511680512,469405696,1251946496
368001.437,512823296,469684224,1251946496
368120.064,511680512,469405696,1251946496
368235.889,511680512,469409792,1251946496
368351.323,511680512,469409792,1251946496
368465.505,512823296,470552576,1251946496
368565.552,511680512,469409792,1251946496
368679.336,512823296,470552576,1251946496
368795.874,511680512,469409792,1251946496
368909.669,512823296,470540288,1251946496
369032.533,511680512,469409792,1251946496
369145.412,511680512,469843968,1251946496
369266.068,514973696,483807232,1251946496
369385.116,513208320,471277568,1251946496
369496.110,514355200,472432640,1251946496
369599.575,513208320,471334912,1251946496
369709.736,513208320,471339008,1251946496
369819.244,514355200,472485888,1251946496
369929.291,513208320,471343104,1251946496
370034.174,514355200,472485888,1251946496
370155.515,528764928,486973440,1251946496
370259.747,515530752,472649728,1251946496
370365.284,515530752,472670208,1251946496
370469.174,516677632,473845760,1251946496
370579.413,515530752,472702976,1251946496
370690.204,515530752,472702976,1251946496
370810.067,515530752,472707072,1251946496
370909.511,515530752,472715264,1251946496
371025.024,515530752,472715264,1251946496
371128.665,515530752,472715264,1251946496
371243.780,515530752,472715264,1251946496
371353.615,515530752,472715264,1251946496
371459.265,515530752,472784896,1251946496
371575.184,515530752,472784896,1251946496
371678.809,515530752,472784896,1251946496
371793.775,515530752,472788992,1251946496
371895.280,582778880,516505600,1251946496
372009.599,650018816,591896576,1251946496
372119.615,784498688,663580672,1251946496
372220.129,784498688,687632384,1251946496
372335.787,515530752,472793088,1251946496
372439.928,515530752,472793088,1251946496
372555.646,515530752,472797184,1251946496
372665.450,515530752,472862720,1251946496
372769.317,516677632,474005504,1251946496
372879.402,515530752,472862720,1251946496
372995.303,515530752,472862720,1251946496
373099.385,516677632,473276416,1251946496
373209.512,515530752,472862720,1251946496
373319.347,515530752,472862720,1251946496
373435.011,516677632,474005504,1251946496
373535.197,515530752,472862720,1251946496
373649.202,515530752,472862720,1251946496
373760.281,516677632,473911296,1251946496
373875.816,515530752,472862720,1251946496
373985.230,515530752,472862720,1251946496
374099.253,516677632,474005504,1251946496
374209.541,515530752,472862720,1251946496
374325.249,515530752,472862720,1251946496
374429.610,515530752,472862720,1251946496
374539.679,515530752,472862720,1251946496
374649.456,516677632,474005504,1251946496
374755.297,515530752,472862720,1251946496
374869.315,515530752,472862720,1251946496
374975.799,516677632,474005504,1251946496
375085.144,515530752,472862720,1251946496
375200.076,515530752,472862720,1251946496
375307.975,516677632,473268224,1251946496
375426.557,515530752,472862720,1251946496
375540.110,515530752,472866816,1251946496
375651.702,516677632,474009600,1251946496
375756.630,515530752,472866816,1251946496
375876.287,515530752,472866816,1251946496
375990.162,516677632,474009600,1251946496
376099.653,515530752,472866816,1251946496
376216.139,515530752,472866816,1251946496
376329.511,515530752,472866816,1251946496
376440.014,515530752,472866816,1251946496
376550.246,516677632,472948736,1251946496
376660.038,515530752,472932352,1251946496
376775.472,515530752,472932352,1251946496
376879.957,516677632,474075136,1251946496
376989.969,515530752,472932352,1251946496
377094.834,515530752,472932352,1251946496
377215.477,516677632,474075136,1251946496
377319.890,515530752,472936448,1251946496
377430.600,515530752,472936448,1251946496
377547.513,515530752,472936448,1251946496
377665.709,515530752,472936448,1251946496
377776.386,516681728,472940544,1251946496
377895.872,515530752,472940544,1251946496
378017.064,515530752,472944640,1251946496
378130.002,516677632,474087424,1251946496
378240.139,515530752,472944640,1251946496
378350.533,515530752,472948736,1251946496
378456.357,516677632,474091520,1251946496
378566.344,515530752,472952832,1251946496
378679.989,515530752,472952832,1251946496
378789.905,516677632,474095616,1251946496
378895.506,515530752,472952832,1251946496
379015.462,515530752,472952832,1251946496
379120.273,516677632,473378816,1251946496
379220.134,515530752,472956928,1251946496
379329.970,515530752,472956928,1251946496
379439.849,515530752,472956928,1251946496
379555.834,515530752,472961024,1251946496
379659.608,516677632,473833472,1251946496
379769.984,515530752,472895488,1251946496
379880.330,518709248,487976960,1251946496
379998.012,517435392,475762688,1251946496
380110.776,518582272,476680192,1251946496
380210.888,517435392,475799552,1251946496
380320.053,517435392,475803648,1251946496
380429.924,517435392,475803648,1251946496
380545.942,517435392,475803648,1251946496
380649.624,517435392,475803648,1251946496
380761.438,531722240,490008576,1251946496
380860.479,503984128,474656768,1251946496
380980.110,515756032,475836416,1251946496
381089.771,515756032,475852800,1251946496
381189.294,515756032,475906048,1251946496
381305.936,515756032,475930624,1251946496
381415.878,515756032,475930624,1251946496
381519.954,515756032,475934720,1251946496
381629.803,515756032,475934720,1251946496
381738.778,515756032,475934720,1251946496
381848.358,515756032,475934720,1251946496
381955.142,515756032,475934720,1251946496
382075.387,516964352,476573696,1251946496
382195.800,516964352,476573696,1251946496
382299.591,518111232,477716480,1251946496
382409.980,516964352,476577792,1251946496
382519.850,516964352,476577792,1251946496
382629.613,518111232,477720576,1251946496
382739.709,516964352,476577792,1251946496
382850.056,550592512,506961920,1251946496
382960.315,651452416,600412160,1251946496
383066.058,785932288,665235456,1251946496
383185.800,785932288,692891648,1251946496
383295.787,516964352,476930048,1251946496
383399.836,516964352,476930048,1251946496
383509.579,516964352,476930048,1251946496
383625.662,516964352,476934144,1251946496
383736.249,518111232,478076928,1251946496
383850.080,516964352,476938240,1251946496
383966.646,518111232,477900800,1251946496
384080.580,516964352,476938240,1251946496
384190.008,516964352,476938240,1251946496
384299.864,516964352,476942336,1251946496
384426.302,516964352,476946432,1251946496
384539.878,516964352,476946432,1251946496
384646.073,517648384,476954624,1251946496
384760.148,517648384,476954624,1251946496
384860.466,517648384,477024256,1251946496
384980.528,517648384,477024256,1251946496
385080.508,517648384,477024256,1251946496
385197.108,518795264,478167040,1251946496
385300.503,517648384,477024256,1251946496
385410.908,518795264,478167040,1251946496
385516.267,517648384,477024256,1251946496
385636.157,518795264,477245440,1251946496
385738.492,517648384,477089792,1251946496
385845.783,517648384,477089792,1251946496
385965.922,517648384,477089792,1251946496
386085.709,517648384,477102080,1251946496
386193.743,518795264,477528064,1251946496
386300.270,517648384,477106176,1251946496
386416.124,517648384,477106176,1251946496
386521.028,517648384,477126656,1251946496
386637.206,517648384,477130752,1251946496
386740.881,518795264,478273536,1251946496
386850.577,517648384,477130752,1251946496
386960.446,518795264,478273536,1251946496
387070.078,517648384,477134848,1251946496
387186.342,517648384,477134848,1251946496
387290.102,517648384,477134848,1251946496
387400.576,517648384,477134848,1251946496
387516.223,518795264,477786112,1251946496
387620.567,518086656,477134848,1251946496
387736.254,518086656,477134848,1251946496
387850.644,518086656,477134848,1251946496
387960.799,517652480,490860544,1251946496
388070.593,516050944,478326784,1251946496
388180.567,517193728,478908416,1251946496
388290.747,516050944,478334976,1251946496
388396.856,517193728,479477760,1251946496
388506.265,516050944,478339072,1251946496
388616.663,516050944,478339072,1251946496
388720.643,511049728,479412224,1251946496
388840.380,518193152,481353728,1251946496
388940.699,517046272,480210944,1251946496
389050.598,517046272,480215040,1251946496
389160.290,517046272,480215040,1251946496
389270.363,517046272,480215040,1251946496
389380.669,517046272,480215040,1251946496
389486.393,517046272,480223232,1251946496
389601.366,517046272,480223232,1251946496
389711.024,518193152,481267712,1251946496
389820.279,517046272,480227328,1251946496
389930.982,651534336,568012800,1251946496
390036.966,786014208,658247680,1251946496
390146.675,786014208,683282432,1251946496
390256.929,517046272,480231424,1251946496
390361.172,517046272,480231424,1251946496
390474.467,517046272,480235520,1251946496
390580.887,517046272,480235520,1251946496
390700.555,517046272,480235520,1251946496
390811.607,517046272,480235520,1251946496
390920.961,518193152,481378304,1251946496
391022.407,517046272,480235520,1251946496
391130.937,518193152,481378304,1251946496
391238.280,517046272,480235520,1251946496
391356.286,518193152,481378304,1251946496
391466.411,517046272,480235520,1251946496
391571.045,518193152,481378304,1251946496
391680.927,517046272,480251904,1251946496
391782.417,518193152,480960512,1251946496
391906.955,517046272,480251904,1251946496
392016.568,517046272,480251904,1251946496
392140.476,517046272,480251904,1251946496
392240.838,517046272,480251904,1251946496
392356.913,517718016,480256000,1251946496
392466.374,518864896,480698368,1251946496
392572.906,517718016,480256000,1251946496
392679.993,518864896,480694272,1251946496
392786.481,517718016,480256000,1251946496
392900.179,518864896,481398784,1251946496
393010.740,517718016,480260096,1251946496
393120.845,517718016,480260096,1251946496
393220.337,517718016,480260096,1251946496
393331.107,517718016,480264192,1251946496
393440.855,517718016,480264192,1251946496
393551.626,517718016,480264192,1251946496
393661.234,517718016,480264192,1251946496
393771.117,517718016,480264192,1251946496
393881.185,517718016,480264192,1251946496
394001.253,517718016,480264192,1251946496
394110.832,517718016,480264192,1251946496
394221.281,532037632,495824896,1251946496
394346.345,517718016,481554432,1251946496
394457.067,517718016,481562624,1251946496
394576.738,517718016,481583104,1251946496
394680.488,517718016,481583104,1251946496
394786.827,517718016,481587200,1251946496
394901.522,517718016,481591296,1251946496
395010.611,517718016,481591296,1251946496
395120.681,517718016,481595392,1251946496
395220.329,517718016,481595392,1251946496
395330.804,517718016,481595392,1251946496
395440.849,517718016,481599488,1251946496
395556.986,518864896,482750464,1251946496
395666.701,517718016,481689600,1251946496
395770.927,517718016,481689600,1251946496
395880.509,518864896,482832384,1251946496
395990.527,517718016,481693696,1251946496
396100.267,517718016,481693696,1251946496
396210.518,518864896,482836480,1251946496
396320.990,532369408,497373184,1251946496
396437.179,514379776,484761600,1251946496
396551.572,519999488,484532224,1251946496
396667.364,521146368,485720064,1251946496
396771.197,519999488,484577280,1251946496
396880.452,519999488,484577280,1251946496
396990.623,519999488,484581376,1251946496
397100.626,519999488,484581376,1251946496
397210.774,519999488,484581376,1251946496
397326.129,519999488,484581376,1251946496
397427.588,507559936,483381248,1251946496
397547.184,519868416,484450304,1251946496
397650.933,519868416,484466688,1251946496
397761.503,521015296,485629952,1251946496
397867.569,519868416,484487168,1251946496
397977.722,519868416,484487168,1251946496
398081.374,520589312,485007360,1251946496
398191.675,520589312,485007360,1251946496
398300.454,520589312,485007360,1251946496
398409.436,520589312,485007360,1251946496
398519.568,520589312,485007360,1251946496
398631.227,520589312,485011456,1251946496
398740.991,520589312,485023744,1251946496
398857.113,521736192,486170624,1251946496
398967.382,520589312,485027840,1251946496
399081.899,520589312,485036032,1251946496
399192.032,521736192,486178816,1251946496
399312.014,520589312,485101568,1251946496
399411.152,520589312,485101568,1251946496
399520.923,521736192,486244352,1251946496
399636.954,520589312,485101568,1251946496
399746.221,537407488,497905664,1251946496
399850.901,655077376,558084096,1251946496
399960.974,789557248,626143232,1251946496
400070.459,789557248,702427136,1251946496
400186.517,789557248,702427136,1251946496
400290.560,520589312,485126144,1251946496
400401.579,520589312,485126144,1251946496
400507.859,520589312,485126144,1251946496
400616.780,520589312,485126144,1251946496
400720.857,521736192,485560320,1251946496
400831.342,520589312,485130240,1251946496
400946.527,521736192,486273024,1251946496
401050.810,520589312,485130240,1251946496
401166.419,520589312,485130240,1251946496
401270.486,520589312,485142528,1251946496
401387.154,520589312,485142528,1251946496
401490.753,520589312,485142528,1251946496
401602.951,520589312,485142528,1251946496
401717.885,521736192,486285312,1251946496
401817.163,520589312,485142528,1251946496
401930.962,520589312,485142528,1251946496
402046.840,520589312,485142528,1251946496
402151.242,521736192,486289408,1251946496
402260.888,520552448,485142528,1251946496
402360.616,520552448,485171200,1251946496
402476.670,520552448,485191680,1251946496
402580.459,520552448,485191680,1251946496
402703.123,520552448,485191680,1251946496
402811.206,521699328,486334464,1251946496
402926.838,520552448,485195776,1251946496
403036.735,520552448,485195776,1251946496
403140.663,520552448,485195776,1251946496
403258.248,520552448,485195776,1251946496
403361.851,520552448,485195776,1251946496
403471.062,520552448,485195776,1251946496
403587.261,520552448,485199872,1251946496
403698.461,521699328,486342656,1251946496
403802.608,520552448,485199872,1251946496
403910.812,521699328,485998592,1251946496
404015.809,520552448,485199872,1251946496
404131.375,520552448,485199872,1251946496
404241.512,520552448,485199872,1251946496
404351.061,520552448,485199872,1251946496
404466.388,520552448,485199872,1251946496
404586.851,520552448,485199872,1251946496
404691.236,521609216,485814272,1251946496
404803.706,520552448,485199872,1251946496
404909.483,521699328,485281792,1251946496
405027.597,520552448,485265408,1251946496
405131.023,521699328,486068224,1251946496
405240.902,520552448,485265408,1251946496
405346.411,520552448,485265408,1251946496
405461.480,520552448,485265408,1251946496
405567.543,508379136,485384192,1251946496
405677.527,521728000,487276544,1251946496
405782.765,522870784,488427520,1251946496
405901.152,521728000,487297024,1251946496
406000.990,521728000,487297024,1251946496
406121.759,521728000,487297024,1251946496
406231.515,521728000,487366656,1251946496
406347.920,521728000,487370752,1251946496
406462.241,521785344,487387136,1251946496
406577.845,521785344,487387136,1251946496
406682.219,521785344,487387136,1251946496
406791.379,521785344,487387136,1251946496
406890.919,521785344,487387136,1251946496
407000.487,521785344,487387136,1251946496
407111.039,521785344,487387136,1251946496
407226.898,521785344,487387136,1251946496
407331.910,521785344,487452672,1251946496
407441.495,521785344,487452672,1251946496
407551.784,521785344,487452672,1251946496
407661.339,522928128,488595456,1251946496
407767.476,521785344,487456768,1251946496
407882.344,656273408,560922624,1251946496
407991.781,790753280,654958592,1251946496
408102.047,790753280,691265536,1251946496
408213.584,521785344,487456768,1251946496
408317.016,521785344,487456768,1251946496
408435.930,522928128,488628224,1251946496
408542.110,521785344,487485440,1251946496
408641.533,521785344,487485440,1251946496
408752.297,521785344,487485440,1251946496
408861.621,521785344,487485440,1251946496
408983.349,521785344,487485440,1251946496
409101.845,521785344,487485440,1251946496
409207.535,521785344,487485440,1251946496
409327.429,522928128,488628224,1251946496
409431.408,521785344,487485440,1251946496
409541.927,522928128,487723008,1251946496
409652.115,521785344,487485440,1251946496
409757.807,522928128,488628224,1251946496
409867.664,521785344,487485440,1251946496
409977.810,521785344,487485440,1251946496
410087.336,521785344,487485440,1251946496
410192.057,521785344,487485440,1251946496
410302.072,521785344,487485440,1251946496
410412.163,521785344,487485440,1251946496
410518.245,522928128,487981056,1251946496
410628.030,521785344,487485440,1251946496
410741.981,521785344,487485440,1251946496
410851.636,521785344,487485440,1251946496
410957.267,522461184,487485440,1251946496
411071.974,522461184,487485440,1251946496
411181.544,522461184,487485440,1251946496
411291.988,522461184,487485440,1251946496
411407.781,522461184,487489536,1251946496
411527.366,522461184,487489536,1251946496
411632.366,522461184,487489536,1251946496
411741.986,522461184,487489536,1251946496
411858.171,522461184,487489536,1251946496
411977.830,523603968,488632320,1251946496
412082.286,522461184,487555072,1251946496
412192.148,523603968,488697856,1251946496
412302.151,523223040,487559168,1251946496
412412.000,524365824,488701952,1251946496
412522.090,523223040,487559168,1251946496
412628.053,523223040,487559168,1251946496
412741.981,523223040,487559168,1251946496
412847.702,523223040,487559168,1251946496
412977.777,523223040,487559168,1251946496
413087.198,524365824,488017920,1251946496
413202.701,523223040,487559168,1251946496
413302.698,523223040,487559168,1251946496
413405.452,523223040,487559168,1251946496
413524.024,523223040,487559168,1251946496
413632.211,523223040,487559168,1251946496
413742.175,525651968,503574528,1251946496
413851.970,525901824,492257280,1251946496
413964.455,527048704,492503040,1251946496
414078.390,525901824,492322816,1251946496
414182.177,527048704,493465600,1251946496
414291.967,525901824,492322816,1251946496
414402.393,525901824,492322816,1251946496
414508.547,526786560,504733696,1251946496
414622.441,527060992,493490176,1251946496
414738.524,528203776,494706688,1251946496
414852.388,527060992,493568000,1251946496
414968.181,527060992,493576192,1251946496
415082.181,527060992,493576192,1251946496
415189.194,527060992,493576192,1251946496
415302.546,527060992,493576192,1251946496
415408.017,527060992,493576192,1251946496
415518.606,527060992,493584384,1251946496
415638.242,527060992,493588480,1251946496
415742.622,527060992,493596672,1251946496
415847.967,527060992,493600768,1251946496
415962.091,527060992,493600768,1251946496
416072.412,527060992,493600768,1251946496
416173.540,527060992,493604864,1251946496
416282.379,527060992,493604864,1251946496
416402.152,594309120,536686592,1251946496
416512.425,661549056,616955904,1251946496
416628.423,796028928,692789248,1251946496
416742.019,796028928,710811648,1251946496
416853.428,543879168,508309504,1251946496
416967.795,661549056,573288448,1251946496
417083.823,796028928,644288512,1251946496
417192.157,796028928,710807552,1251946496
417302.307,828063744,753221632,1251946496
417407.817,876539904,806100992,1251946496
417522.596,964374528,896888832,1251946496
417628.058,1059139584,986267648,1251946496
417742.413,1169862656,1091670016,1251946496
417852.859,1267281920,1186222080,1251946496
417958.607,1069547520,1034321920,1251946496
418072.835,1119977472,1069957120,1251946496
418183.018,1187217408,1121738752,1251946496
418288.615,1321697280,1164783616,1290878976
418392.710,1168535552,1020444672,1290878976
418518.428,987267072,845086720,1290878976
418637.952,860942336,845045760,1290878976
418748.435,869351424,849326080,1290878976
418867.781,995430400,914980864,1290878976
418983.147,1129910272,988340224,1290878976
419097.545,1129910272,1061871616,1290878976
419211.637,1129910272,1061871616,1290878976
419322.585,751927296,721006592,1290878976
419439.022,852787200,795799552,1290878976
419548.316,987267072,859951104,1290878976
419662.119,987267072,919523328,1290878976
419771.875,987267072,919523328,1290878976
419883.094,731713536,716648448,1290878976
419988.901,718311424,703361024,1290878976
420102.353,718311424,703709184,1290878976
420211.877,718405632,703873024,1290878976
420327.777,718405632,703873024,1290878976
420428.590,718405632,703885312,1290878976
420538.438,718462976,702877696,1290878976
420648.123,717320192,702840832,1290878976
420752.218,717320192,702840832,1290878976
420872.452,718462976,703975424,1290878976
420983.206,717320192,702861312,1290878976
421092.729,717320192,702861312,1290878976
421202.530,718462976,703840256,1290878976
421304.698,717320192,702861312,1290878976
421412.858,717320192,702861312,1290878976
421528.299,718462976,703905792,1290878976
421638.734,717320192,702861312,1290878976
421768.479,717320192,702865408,1290878976
421882.418,718462976,704008192,1290878976
421997.090,717320192,702865408,1290878976
422102.228,717320192,702865408,1290878976
422219.736,717320192,702865408,1290878976
422331.662,717320192,702865408,1290878976
422448.728,717320192,702885888,1290878976
422552.579,718462976,704208896,1290878976
422668.399,717320192,703066112,1290878976
422772.400,716070912,701874176,1290878976
422882.380,717213696,703016960,1290878976
422988.056,716070912,701878272,1290878976
423102.308,716070912,701878272,1290878976
423218.419,716148736,701759488,1290878976
423324.797,715005952,700899328,1290878976
423438.636,715005952,700915712,1290878976
423553.476,715005952,700915712,1290878976
423660.439,715005952,700923904,1290878976
423778.179,715005952,700923904,1290878976
423878.709,715005952,700928000,1290878976
423988.592,715005952,700932096,1290878976
424109.092,715005952,700936192,1290878976
424224.804,715005952,700936192,1290878976
424334.214,715005952,700936192,1290878976
424442.384,715005952,700944384,1290878976
424558.313,716148736,702087168,1290878976
424662.656,715005952,700944384,1290878976
424771.952,715005952,700944384,1290878976
424877.649,715005952,700944384,1290878976
424988.057,715005952,700944384,1290878976
425099.321,715005952,700944384,1290878976
425212.689,716148736,702087168,1290878976
425328.414,713547776,699518976,1290878976
425437.588,713547776,699518976,1290878976
425552.577,713547776,699518976,1290878976
425669.093,713547776,699523072,1290878976
425782.861,713547776,699527168,1290878976
425898.761,713547776,699527168,1290878976
426002.721,713547776,699527168,1290878976
426112.739,713547776,699527168,1290878976
426222.351,714690560,700485632,1290878976
426334.761,713547776,699551744,1290878976
426443.268,713351168,711278592,1290878976
426553.278,706437120,697868288,1290878976
426658.720,706437120,697872384,1290878976
426779.717,706437120,697896960,1290878976
426892.679,710049792,698904576,1290878976
427012.611,710049792,698904576,1290878976
427112.505,710049792,698912768,1290878976
427222.567,710049792,698912768,1290878976
427338.124,710049792,698937344,1290878976
427442.349,710049792,698937344,1290878976
427552.922,697638912,695971840,1290878976
427662.929,708595712,696049664,1290878976
427772.932,414638080,409554944,1290878976
427882.436,419880960,413310976,1290878976
427997.670,421146624,414023680,1290878976
428112.951,422211584,414994432,1290878976
428225.253,424153088,416690176,1290878976
428348.611,423043072,415580160,1290878976
428462.188,424144896,415711232,1290878976
428568.488,425553920,416092160,1290878976
428689.454,426012672,416161792,1290878976
428803.100,426262528,416411648,1290878976
428912.590,426295296,416444416,1290878976
429032.305,427474944,416669696,1290878976
429142.756,426332160,416481280,1290878976
429252.617,426332160,416493568,1290878976
429360.379,427491328,417652736,1290878976
429472.867,426348544,416509952,1290878976
429582.732,426348544,416509952,1290878976
429692.582,427864064,417767424,1290878976
429811.760,426807296,416681984,1290878976
429919.322,426827776,416686080,1290878976
430048.988,426856448,416714752,1290878976
430157.967,426856448,416714752,1290878976
430272.061,426856448,416743424,1290878976
430382.135,494923776,460365824,1290878976
430498.376,562163712,539521024,1290878976
430603.302,696643584,601792512,1290878976
430718.693,696643584,634888192,1290878976
430832.637,427675648,417562624,1290878976
430942.740,428056576,417574912,1290878976
431053.720,428056576,417579008,1290878976
431165.222,428056576,417583104,1290878976
431269.119,428879872,417767424,1290878976
431389.157,428879872,417771520,1290878976
431492.873,429678592,417775616,1290878976
431607.086,429678592,417775616,1290878976
431726.435,430440448,417845248,1290878976
431833.139,430440448,417845248,1290878976
431949.059,431169536,417845248,1290878976
432058.579,431169536,417849344,1290878976
432163.184,431169536,417849344,1290878976
432268.982,431869952,417878016,1290878976
432383.443,433012736,419020800,1290878976
432492.785,432545792,417910784,1290878976
432602.999,432545792,417910784,1290878976
432713.090,433172480,417914880,1290878976
432813.062,434315264,419057664,1290878976
432928.777,433799168,417947648,1290878976
433043.401,433799168,417947648,1290878976
433153.027,435539968,418328576,1290878976
433253.156,434974720,418000896,1290878976
433369.241,434974720,418000896,1290878976
433472.808,436674560,419168256,1290878976
433583.286,436068352,418050048,1290878976
433688.899,436068352,418050048,1290878976
433802.576,436686848,418062336,1290878976
433913.271,437665792,418680832,1290878976
434033.518,438124544,418701312,1290878976
434149.458,439267328,419844096,1290878976
434263.153,438571008,418705408,1290878976
434369.204,438571008,418705408,1290878976
434478.904,439001088,418705408,1290878976
434582.682,439017472,418721792,1290878976
434692.809,440578048,419868672,1290878976
434798.777,411447296,401653760,1290878976
434909.221,423256064,408293376,1290878976
435021.438,423235584,407752704,1290878976
435139.132,423632896,408215552,1290878976
435263.488,439050240,424194048,1290878976
435373.363,424849408,412147712,1290878976
435473.582,425996288,413327360,1290878976
435583.664,425242624,412196864,1290878976
435688.916,425242624,412196864,1290878976
435803.748,425242624,412200960,1290878976
435908.610,427094016,412237824,1290878976
436018.772,427094016,412241920,1290878976
436129.057,427094016,412241920,1290878976
436249.626,478257152,439508992,1290878976
436369.093,562302976,533221376,1290878976
436472.983,696782848,614817792,1290878976
436583.497,696782848,614817792,1290878976
436699.547,428208128,412712960,1290878976
436803.886,433860608,413425664,1290878976
436913.466,433958912,413757440,1290878976
437023.522,434372608,413802496,1290878976
437129.300,435519488,414593024,1290878976
437239.805,434372608,413970432,1290878976
437351.341,434372608,413982720,1290878976
437469.175,434372608,413982720,1290878976
437582.287,434823168,413990912,1290878976
437688.573,434950144,414023680,1290878976
437809.027,434954240,414056448,1290878976
437913.846,436060160,414633984,1290878976
438023.491,437202944,415293440,1290878976
438133.921,437202944,415342592,1290878976
438243.909,437735424,415346688,1290878976
438358.917,438882304,416555008,1290878976
438473.873,437858304,415535104,1290878976
438583.512,438415360,415567872,1290878976
438699.960,439562240,416800768,1290878976
438813.566,438415360,415662080,1290878976
438929.855,439009280,415674368,1290878976
439044.093,439009280,415674368,1290878976
439162.345,439611392,415674368,1290878976
439268.764,440758272,416817152,1290878976
439379.721,440369152,415801344,1290878976
439490.248,441516032,417071104,1290878976
439599.653,441266176,416178176,1290878976
439709.698,442413056,417075200,1290878976
439815.329,441937920,416247808,1290878976
439925.748,443084800,416481280,1290878976
440043.946,442748928,416436224,1290878976
440153.617,442748928,416440320,1290878976
440274.106,442748928,416505856,1290878976
440389.653,442748928,416509952,1290878976
440513.734,444977152,416808960,1290878976
440639.432,445104128,416935936,1290878976
440759.827,445829120,416935936,1290878976
440863.728,445829120,416985088,1290878976
440973.968,445829120,417054720,1290878976
441079.902,446574592,417124352,1290878976
441194.387,446574592,417189888,1290878976
441299.579,446574592,417189888,1290878976
441411.876,447336448,417193984,1290878976
441519.497,447336448,417193984,1290878976
441633.951,447336448,417259520,1290878976
441743.615,447336448,417259520,1290878976
441851.649,447336448,417259520,1290878976
441964.177,448483328,418402304,1290878976
442075.404,447336448,417259520,1290878976
442179.973,448122880,417259520,1290878976
442283.812,449396736,418529280,1290878976
442399.584,448249856,417386496,1290878976
442503.661,449052672,417390592,1290878976
442613.870,449052672,417460224,1290878976
442724.249,449052672,417460224,1290878976
442839.387,449863680,417460224,1290878976
442958.477,449863680,417460224,1290878976
443089.772,449863680,417468416,1290878976
443193.953,450686976,417476608,1290878976
443304.035,450686976,417476608,1290878976
443409.550,450686976,417476608,1290878976
443524.040,459628544,439975936,1290878976
443633.788,465227776,445444096,1290878976
443743.976,483676160,446603264,1290878976
443854.337,483676160,446636032,1290878976
443963.909,483676160,446709760,1290878976
444063.773,484515840,446713856,1290878976
444180.373,484515840,446779392,1290878976
444285.564,485662720,447963136,1290878976
444409.739,484515840,446885888,1290878976
444523.952,485957632,446889984,1290878976
444634.039,487104512,447279104,1290878976
444750.259,500514816,461828096,1290878976
444874.221,477499392,448630784,1290878976
444999.778,489156608,448167936,1290878976
445119.916,489418752,448188416,1290878976
445234.275,489418752,448208896,1290878976
445343.872,490266624,448208896,1290878976
445444.388,490266624,448208896,1290878976
445559.872,491409408,449359872,1290878976
445663.944,490266624,448221184,1290878976
445773.995,490266624,448225280,1290878976
445890.279,491409408,449376256,1290878976
446005.942,491122688,448897024,1290878976
446124.406,491122688,448901120,1290878976
446239.681,492265472,450043904,1290878976
446354.076,506167296,464027648,1290878976
446464.956,491646976,449499136,1290878976
446573.835,491646976,449503232,1290878976
446684.393,492789760,450662400,1290878976
446790.047,491646976,449519616,1290878976
446899.906,491646976,449519616,1290878976
447008.802,492789760,450662400,1290878976
447114.246,491651072,449523712,1290878976
447230.412,516878336,459534336,1290878976
447345.785,626139136,519725056,1290878976
447464.125,760619008,589697024,1290878976
447564.184,760619008,657199104,1290878976
447679.502,760619008,666374144,1290878976
447791.604,491651072,449536000,1290878976
447904.185,491651072,449536000,1290878976
448014.001,491651072,449540096,1290878976
448129.579,491651072,449540096,1290878976
448244.105,491651072,449540096,1290878976
448350.171,491651072,449540096,1290878976
448454.894,491651072,449540096,1290878976
448570.170,491651072,449540096,1290878976
448674.018,491651072,449540096,1290878976
448796.557,493150208,450682880,1290878976
448904.166,492007424,449548288,1290878976
449014.022,493150208,450699264,1290878976
449130.159,492007424,449556480,1290878976
449244.053,492007424,449560576,1290878976
449360.259,492007424,449560576,1290878976
449479.877,492744704,449564672,1290878976
449580.760,492744704,449564672,1290878976
449694.546,492744704,449564672,1290878976
449804.426,493887488,450707456,1290878976
449919.977,493420544,449564672,1290878976
450021.959,494563328,450707456,1290878976
450134.794,493420544,449564672,1290878976
450249.889,493420544,449564672,1290878976
450354.376,493420544,449564672,1290878976
450470.601,494047232,449568768,1290878976
450580.037,494047232,449568768,1290878976
450694.250,494047232,449568768,1290878976
450804.187,494047232,449568768,1290878976
450910.117,494624768,449568768,1290878976
451024.156,495767552,449757184,1290878976
451140.136,495177728,449568768,1290878976
451244.269,496320512,450711552,1290878976
451360.516,495177728,449568768,1290878976
451480.185,496320512,450719744,1290878976
451590.107,513081344,467816448,1290878976
451700.358,403968000,394969088,1290878976
451809.929,410673152,399495168,1290878976
451930.204,409993216,398340096,1290878976
452034.182,411856896,400048128,1290878976
452141.782,410742784,398934016,1290878976
452254.527,411222016,398934016,1290878976
452366.041,411230208,398938112,1290878976
452474.437,412200960,399421440,1290878976
452584.461,413876224,401092608,1290878976
452694.624,413216768,399966208,1290878976
452803.581,416034816,400576512,1290878976
452914.430,416100352,400683008,1290878976
453024.640,416546816,400707584,1290878976
453139.966,423514112,407089152,1290878976
453250.764,422371328,407011328,1290878976
453355.042,422809600,407011328,1290878976
453464.493,422809600,407011328,1290878976
453564.384,423239680,407089152,1290878976
453680.262,424382464,407179264,1290878976
453790.582,438808576,423714816,1290878976
453906.585,427941888,412950528,1290878976
454014.298,431226880,413097984,1290878976
454140.287,431292416,413200384,1290878976
454240.455,431718400,413200384,1290878976
454360.400,431730688,413216768,1290878976
454474.634,432160768,413224960,1290878976
454590.162,433315840,414269440,1290878976
454700.357,421482496,414425088,1290878976
454804.433,431738880,416096256,1290878976
454914.483,432103424,416153600,1290878976
455034.771,432168960,416215040,1290878976
455154.747,432168960,416223232,1290878976
455260.438,432168960,416223232,1290878976
455364.573,432168960,416223232,1290878976
455480.025,434159616,416714752,1290878976
455590.672,433012736,416231424,1290878976
455705.089,433012736,416231424,1290878976
455814.548,433012736,416231424,1290878976
455924.522,433012736,416231424,1290878976
456034.558,434159616,417374208,1290878976
456144.630,433025024,416243712,1290878976
456254.664,434171904,416288768,1290878976
456364.529,433090560,416305152,1290878976
456474.487,442212352,424988672,1290878976
456584.588,568287232,488448000,1290878976
456691.544,702767104,552198144,1290878976
456810.448,702767104,619634688,1290878976
456920.439,702767104,619634688,1290878976
457045.317,433807360,416878592,1290878976
457165.053,433184768,416776192,1290878976
457275.035,434462720,418004992,1290878976
457385.028,433381376,416997376,1290878976
457494.720,433381376,416997376,1290878976
457594.573,433381376,417001472,1290878976
457704.506,433381376,417001472,1290878976
457814.661,433381376,417001472,1290878976
457925.010,433381376,417026048,1290878976
458044.501,433381376,417026048,1290878976
458150.478,434528256,418185216,1290878976
458255.152,433381376,417042432,1290878976
458360.719,433381376,417054720,1290878976
458475.081,434552832,417189888,1290878976
458591.209,433405952,417083392,1290878976
458714.765,434941952,417628160,1290878976
458824.858,436088832,418766848,1290878976
458934.990,434941952,417665024,1290878976
459034.755,435490816,417665024,1290878976
459151.044,435580928,417730560,1290878976
459264.973,435580928,417742848,1290878976
459365.712,436154368,417759232,1290878976
459475.870,436154368,417841152,1290878976
459590.290,436154368,417841152,1290878976
459695.032,436154368,417845248,1290878976
459804.948,437301248,419053568,1290878976
459914.852,436154368,417910784,1290878976
460035.236,436785152,417927168,1290878976
460156.929,436785152,417927168,1290878976
460264.730,437436416,417947648,1290878976
460374.773,437436416,417947648,1290878976
460494.783,437436416,417947648,1290878976
460605.109,438087680,417947648,1290878976
460705.041,438087680,418013184,1290878976
460815.074,438087680,418013184,1290878976
460930.926,438775808,418095104,1290878976
461042.702,438775808,418095104,1290878976
461151.284,438775808,418099200,1290878976
461255.146,439947264,419332096,1290878976
461370.779,441487360,418246656,1290878976
461482.825,441487360,418250752,1290878976
461585.186,446279680,423636992,1290878976
461700.891,441716736,433238016,1290878976
461800.586,455016448,433610752,1290878976
461915.143,455016448,433717248,1290878976
462021.186,455016448,433721344,1290878976
462140.442,455016448,433725440,1290878976
462245.092,455778304,433729536,1290878976
462345.015,455778304,433729536,1290878976
462455.108,455778304,433729536,1290878976
462565.184,456548352,433729536,1290878976
462675.035,456548352,433795072,1290878976
462790.523,456548352,433795072,1290878976
462900.281,456548352,433795072,1290878976
463005.231,457691136,434081792,1290878976
463111.192,457351168,433799168,1290878976
463224.923,458493952,434941952,1290878976
463331.299,458158080,433864704,1290878976
463445.183,458158080,433930240,1290878976
463560.752,458977280,433995776,1290878976
463665.386,458977280,433995776,1290878976
463773.389,458977280,434061312,1290878976
463885.358,450613248,437309440,1290878976
463995.305,462659584,438587392,1290878976
464102.597,466190336,438603776,1290878976
464211.024,466190336,438931456,1290878976
464315.146,466190336,438931456,1290878976
464435.383,466190336,438931456,1290878976
464537.323,466190336,438935552,1290878976
464645.592,466190336,438935552,1290878976
464751.398,466190336,438935552,1290878976
464870.929,467333120,440082432,1290878976
464975.622,455106560,441257984,1290878976
465086.881,468271104,442073088,1290878976
465202.150,470749184,442097664,1290878976
465322.832,471891968,443281408,1290878976
465430.987,471597056,442142720,1290878976
465541.542,471597056,442150912,1290878976
465657.720,472449024,442155008,1290878976
465775.956,473591808,443305984,1290878976
465883.285,472449024,442163200,1290878976
465996.554,472449024,442163200,1290878976
466115.151,473591808,443305984,1290878976
466225.912,472449024,442163200,1290878976
466340.755,472449024,442163200,1290878976
466451.390,473591808,442781696,1290878976
466565.650,472449024,442163200,1290878976
466675.603,473305088,442163200,1290878976
466785.692,473305088,442163200,1290878976
466898.974,473305088,442163200,1290878976
467015.972,473305088,442228736,1290878976
467135.214,474447872,442355712,1290878976
467245.834,473305088,442294272,1290878976
467355.162,473305088,442294272,1290878976
467465.401,473305088,442298368,1290878976
467572.119,473305088,442298368,1290878976
467676.069,473305088,442298368,1290878976
467786.624,473305088,442298368,1290878976
467896.267,481718272,450453504,1290878976
468013.197,675037184,574320640,1290878976
468136.552,876756992,709300224,1290878976
468236.122,742273024,641925120,1290878976
468346.138,742273024,658046976,1290878976
468456.331,473305088,442302464,1290878976
468566.025,473305088,442372096,1290878976
468682.416,473305088,442372096,1290878976
468796.164,473305088,442372096,1290878976
468917.071,474447872,443514880,1290878976
469021.964,473305088,442372096,1290878976
469137.514,474447872,443514880,1290878976
469246.987,473305088,442372096,1290878976
469356.572,473305088,442372096,1290878976
469466.374,473305088,442372096,1290878976
469588.719,474042368,442376192,1290878976
469702.816,475185152,443195392,1290878976
469817.928,474042368,442376192,1290878976
469927.132,474042368,442380288,1290878976
470049.974,474042368,442380288,1290878976
470168.527,474718208,442384384,1290878976
470278.496,474718208,442388480,1290878976
470397.915,474718208,442388480,1290878976
470513.344,475365376,442388480,1290878976
470630.917,476508160,442445824,1290878976
470741.751,475365376,442388480,1290878976
470858.793,475992064,442392576,1290878976
470981.273,477134848,443535360,1290878976
471100.330,475992064,442392576,1290878976
471207.605,475992064,442392576,1290878976
471319.017,477134848,442531840,1290878976
471434.740,475992064,442396672,1290878976
471554.142,475992064,442396672,1290878976
471672.263,475992064,442396672,1290878976
471789.700,475992064,442396672,1290878976
471899.337,475992064,442396672,1290878976
472007.534,476520448,442396672,1290878976
472124.977,478547968,442515456,1290878976
472254.532,477405184,442421248,1290878976
472363.865,478547968,442953728,1290878976
472477.966,477405184,442425344,1290878976
472586.905,477896704,442429440,1290878976
472699.533,477896704,442441728,1290878976
472807.648,477896704,442441728,1290878976
472917.909,479039488,442904576,1290878976
473033.375,477896704,442441728,1290878976
473153.048,479039488,442646528,1290878976
473266.271,477896704,442441728,1290878976
473386.057,477896704,442441728,1290878976
473498.136,477896704,442462208,1290878976
473617.605,477896704,442462208,1290878976
473726.309,479039488,443609088,1290878976
473835.141,477896704,442466304,1290878976
473955.511,477896704,442466304,1290878976
474066.994,477896704,442466304,1290878976
474178.242,483729408,459911168,1290878976
474286.060,481460224,445526016,1290878976
474392.295,482607104,446722048,1290878976
474513.788,481873920,445583360,1290878976
474616.469,483020800,446730240,1290878976
474726.033,481873920,445587456,1290878976
474836.052,482287616,445587456,1290878976
474942.197,482287616,446013440,1290878976
475065.860,483115008,446984192,1290878976
475182.377,483115008,447021056,1290878976
475286.202,483115008,447029248,1290878976
475391.813,483115008,447029248,1290878976
475505.617,484257792,448172032,1290878976
475611.595,483528704,447029248,1290878976
475725.581,484671488,448172032,1290878976
475831.493,483528704,447094784,1290878976
475946.377,483528704,447094784,1290878976
476053.564,483528704,447098880,1290878976
476165.510,483532800,447102976,1290878976
476275.682,483532800,447102976,1290878976
476381.918,483950592,447102976,1290878976
476496.304,485093376,448245760,1290878976
476601.455,483950592,447176704,1290878976
476706.481,483950592,447176704,1290878976
476815.978,483950592,447180800,1290878976
476925.661,483950592,447180800,1290878976
477035.877,483950592,447180800,1290878976
477151.738,483950592,447180800,1290878976
477257.186,483950592,447180800,1290878976
477365.579,483950592,447180800,1290878976
477475.782,517578752,469213184,1290878976
477585.994,618438656,541814784,1290878976
477698.000,752918528,611962880,1290878976
477801.860,752918528,648138752,1290878976
477915.354,752918528,648138752,1290878976
478023.347,483950592,447197184,1290878976
478143.474,483950592,447217664,1290878976
478259.240,483950592,447217664,1290878976
478369.956,485093376,448360448,1290878976
478479.570,483950592,447873024,1290878976
478595.167,499781632,464220160,1290878976
478708.115,473116672,449163264,1290878976
478818.465,483889152,449376256,1290878976
478928.808,483889152,449409024,1290878976
479037.596,485031936,450670592,1290878976
479147.620,483889152,449527808,1290878976
479257.738,484372480,449540096,1290878976
479367.213,484372480,449540096,1290878976
479477.353,484372480,449540096,1290878976
479592.969,484372480,449540096,1290878976
479718.867,484372480,449540096,1290878976
479833.363,484372480,449540096,1290878976
479948.121,484372480,449540096,1290878976
480057.217,485515264,450682880,1290878976
480163.460,484372480,449540096,1290878976
480277.609,484909056,449540096,1290878976
480387.203,484909056,449540096,1290878976
480499.303,484909056,449540096,1290878976
480620.337,485466112,449540096,1290878976
480729.977,485478400,449552384,1290878976
480840.026,486621184,450125824,1290878976
480955.350,485478400,449556480,1290878976
481069.246,486055936,449556480,1290878976
481178.945,486055936,449556480,1290878976
481290.020,486055936,449556480,1290878976
481398.111,486055936,449556480,1290878976
481514.521,486055936,449556480,1290878976
481630.532,486055936,449556480,1290878976
481738.167,486055936,449556480,1290878976
481850.438,486674432,449556480,1290878976
481960.519,486674432,449556480,1290878976
482070.424,487817216,450699264,1290878976
482177.795,486674432,449556480,1290878976
482290.203,487313408,449560576,1290878976
482399.780,488456192,449884160,1290878976
482509.237,487313408,449560576,1290878976
482618.434,487972864,449564672,1290878976
482728.533,487972864,449564672,1290878976
482839.152,489115648,449617920,1290878976
482949.798,487972864,449564672,1290878976
483057.978,487972864,449564672,1290878976
483167.775,487972864,449564672,1290878976
483285.265,487972864,449564672,1290878976
483397.208,489115648,450707456,1290878976
483507.240,487972864,449564672,1290878976
483617.595,487972864,449564672,1290878976
483730.320,489115648,450707456,1290878976
483838.515,487972864,449564672,1290878976
483948.788,487972864,449564672,1290878976
484054.193,487972864,449564672,1290878976
484170.407,487972864,449564672,1290878976
484288.139,487972864,449568768,1290878976
484399.716,487972864,449568768,1290878976
484509.616,489115648,450711552,1290878976
484620.648,487972864,449568768,1290878976
484728.840,487972864,449568768,1290878976
484838.694,487972864,449568768,1290878976
484947.364,487972864,449568768,1290878976
485059.321,489201664,449605632,1290878976
485168.360,489201664,449605632,1290878976
485277.672,490348544,450748416,1290878976
485387.820,489201664,449605632,1290878976
485499.101,489201664,449609728,1290878976
485624.126,489201664,449609728,1290878976
485739.347,489201664,449609728,1290878976
485849.828,489201664,449609728,1290878976
485958.982,489201664,449609728,1290878976
486068.231,489201664,449609728,1290878976
486180.069,489201664,449609728,1290878976
486287.636,489992192,449613824,1290878976
486399.441,489992192,449613824,1290878976
486510.040,491139072,450756608,1290878976
486620.165,490815488,450342912,1290878976
486728.214,481906688,453808128,1290878976
486839.530,482410496,454750208,1290878976
486947.085,494989312,454987776,1290878976
487053.996,494989312,454991872,1290878976
487167.234,496136192,455663616,1290878976
487278.529,494989312,455020544,1290878976
487397.787,494989312,455020544,1290878976
487507.603,494989312,455020544,1290878976
487617.945,494989312,455020544,1290878976
487728.986,496136192,456163328,1290878976
487838.093,494989312,455020544,1290878976
487949.188,494989312,455086080,1290878976
488057.812,494989312,455086080,1290878976
488167.450,496136192,455716864,1290878976
488278.376,494989312,455954432,1290878976
488387.526,483667968,456683520,1290878976
488497.545,495841280,457781248,1290878976
488607.326,495394816,456785920,1290878976
488727.161,496537600,457961472,1290878976
488837.500,495394816,456818688,1290878976
488942.821,495394816,456822784,1290878976
489057.085,496537600,456904704,1290878976
489172.357,495394816,456822784,1290878976
489287.432,495394816,456822784,1290878976
489398.260,495394816,456822784,1290878976
489502.974,495394816,456822784,1290878976
489616.888,495394816,456822784,1290878976
489727.280,495394816,456822784,1290878976
489832.869,496537600,457969664,1290878976
489942.571,495394816,456826880,1290878976
490053.184,495394816,456826880,1290878976
490158.459,496537600,457969664,1290878976
490273.814,495394816,456826880,1290878976
490387.774,495394816,456826880,1290878976
490502.939,496537600,457969664,1290878976
490617.596,495394816,456826880,1290878976
490727.752,495394816,456900608,1290878976
490838.291,495394816,456900608,1290878976
490947.489,495394816,456900608,1290878976
491057.711,495394816,456904704,1290878976
491167.477,495394816,456904704,1290878976
491277.804,495394816,456908800,1290878976
491393.129,495394816,456908800,1290878976
491515.710,495394816,456908800,1290878976
491628.979,495394816,456912896,1290878976
491739.345,495394816,456912896,1290878976
491848.940,495394816,456912896,1290878976
491969.910,495394816,456912896,1290878976
492087.097,495394816,456912896,1290878976
492198.206,495394816,456916992,1290878976
492313.428,596267008,519966720,1290878976
492435.265,629882880,542994432,1290878976
492557.178,764362752,594808832,1290878976
492669.029,764362752,658247680,1290878976
492788.519,764362752,670044160,1290878976
492898.080,495394816,456916992,1290878976
493016.220,495411200,457015296,1290878976
493129.308,495411200,457015296,1290878976
493240.347,495411200,457015296,1290878976
493349.237,496553984,458158080,1290878976
493460.762,495411200,457015296,1290878976
493570.549,495411200,457015296,1290878976
493678.980,495411200,457015296,1290878976
493789.540,496287744,457932800,1290878976
493898.350,498380800,459960320,1290878976
494008.601,497238016,458817536,1290878976
494120.205,496070656,458665984,1290878976
494229.358,496070656,458682368,1290878976
494339.611,497213440,458985472,1290878976
494449.757,496070656,458682368,1290878976
494558.614,496070656,458682368,1290878976
494667.977,496070656,458682368,1290878976
494781.052,496070656,458682368,1290878976
494899.835,497213440,459829248,1290878976
495009.650,496070656,458686464,1290878976
495119.305,496070656,458686464,1290878976
495230.532,496070656,458686464,1290878976
495342.116,496070656,458686464,1290878976
495458.774,496070656,458686464,1290878976
495575.720,496070656,458686464,1290878976
495687.874,497213440,459202560,1290878976
495809.787,496070656,458686464,1290878976
495919.580,496070656,458686464,1290878976
496039.259,496070656,458686464,1290878976
496150.392,497213440,459829248,1290878976
496260.132,496070656,458686464,1290878976
496368.161,496070656,458686464,1290878976
496475.204,496070656,458686464,1290878976
496588.413,497213440,459833344,1290878976
496698.283,496070656,458690560,1290878976
496810.624,496070656,458694656,1290878976
496925.988,496070656,458694656,1290878976
497054.808,496070656,458694656,1290878976
497168.692,496070656,458694656,1290878976
497275.545,496070656,458694656,1290878976
497387.875,497213440,459837440,1290878976
497498.155,496070656,458694656,1290878976
497618.638,496070656,458694656,1290878976
497723.765,497213440,459161600,1290878976
497838.542,496070656,458694656,1290878976
497948.053,496070656,458694656,1290878976
498053.269,496070656,458694656,1290878976
498168.579,496070656,458698752,1290878976
498277.972,496070656,458698752,1290878976
498383.966,496070656,458698752,1290878976
498493.457,496070656,458698752,1290878976
498597.091,496070656,458698752,1290878976
498723.482,496070656,458698752,1290878976
498833.354,496070656,458698752,1290878976
498948.324,496070656,458698752,1290878976
499067.611,496070656,458698752,1290878976
499173.414,496070656,458698752,1290878976
499283.791,496070656,458698752,1290878976
499404.364,496070656,458698752,1290878976
499523.497,496070656,458698752,1290878976
499627.470,496070656,458698752,1290878976
499742.958,496070656,458698752,1290878976
499847.713,496070656,458698752,1290878976
499957.059,496070656,458698752,1290878976
500067.792,496070656,458698752,1290878976
500173.090,496070656,458698752,1290878976
500287.091,496070656,458698752,1290878976
500393.530,496070656,458698752,1290878976
500507.154,496070656,458698752,1290878976
500617.695,486490112,460939264,1290878976
500727.260,486752256,462123008,1290878976
500843.169,499675136,462344192,1290878976
500942.921,500817920,463097856,1290878976
501057.813,499675136,462381056,1290878976
501163.480,499675136,462381056,1290878976
501274.647,499675136,462389248,1290878976
501377.515,499675136,462389248,1290878976
501487.442,499675136,462389248,1290878976
501597.427,499675136,462389248,1290878976
501707.222,499675136,462389248,1290878976
501822.884,487546880,462766080,1290878976
501927.752,487542784,462790656,1290878976
502033.796,498388992,462585856,1290878976
502143.475,498388992,462594048,1290878976
502257.428,498388992,462647296,1290878976
502367.296,498388992,462647296,1290878976
502483.132,499535872,463794176,1290878976
502607.586,498388992,462651392,1290878976
502719.197,498388992,462651392,1290878976
502833.523,498388992,462655488,1290878976
502943.605,498388992,462655488,1290878976
503049.167,498388992,462655488,1290878976
503167.430,498388992,462655488,1290878976
503277.401,499535872,462979072,1290878976
503383.362,498388992,462655488,1290878976
503496.125,498388992,462721024,1290878976
503603.409,498388992,462721024,1290878976
503722.484,498388992,462721024,1290878976
503840.201,498388992,462721024,1290878976
503959.488,498388992,462725120,1290878976
504063.315,498388992,462725120,1290878976
504178.796,498388992,462725120,1290878976
504287.939,498388992,462725120,1290878976
504403.037,498388992,462729216,1290878976
504513.139,498388992,462729216,1290878976
504639.058,498388992,462729216,1290878976
504743.588,498388992,462729216,1290878976
504853.482,498388992,462729216,1290878976
504963.338,515792896,473395200,1290878976
505067.671,633462784,558997504,1290878976
505177.450,767942656,654540800,1290878976
505283.324,767942656,675307520,1290878976
505399.693,498987008,463089664,1290878976
505513.503,498987008,463089664,1290878976
505633.088,498987008,463089664,1290878976
505737.455,498987008,463089664,1290878976
505844.911,500133888,464232448,1290878976
505957.874,499757056,463089664,1290878976
506077.974,500903936,464191488,1290878976
506177.340,499757056,463110144,1290878976
506287.348,499757056,463110144,1290878976
506397.611,499757056,463114240,1290878976
506507.342,499757056,463118336,1290878976
506617.532,500903936,464261120,1290878976
506723.162,499757056,463118336,1290878976
506837.892,500903936,464154624,1290878976
506947.600,499757056,463118336,1290878976
507057.487,500903936,463761408,1290878976
507167.577,499757056,463118336,1290878976
507277.930,499757056,463118336,1290878976
507383.639,499757056,463118336,1290878976
507488.264,499757056,463122432,1290878976
507609.344,499757056,463122432,1290878976
507727.311,499757056,463126528,1290878976
507837.664,499757056,463126528,1290878976
507947.659,500314112,463126528,1290878976
508052.562,501460992,464318464,1290878976
508157.476,500314112,463175680,1290878976
508273.423,501460992,464318464,1290878976
508383.884,381227008,387641344,1290878976
508487.451,394633216,389873664,1290878976
508598.055,399253504,393248768,1290878976
508708.003,399753216,393269248,1290878976
508818.385,401645568,395587584,1290878976
508934.280,400502784,394444800,1290878976
509042.612,401649664,395595776,1290878976
509147.670,400506880,394452992,1290878976
509255.406,401473536,394932224,1290878976
509367.507,401489920,394944512,1290878976
509477.510,401940480,394944512,1290878976
509583.951,403083264,396087296,1290878976
509693.986,402378752,395010048,1290878976
509807.505,403582976,395632640,1290878976
509914.473,420888576,413917184,1290878976
510023.099,402370560,402743296,1290878976
510142.314,406675456,402780160,1290878976
510259.537,407818240,403955712,1290878976
510378.220,407101440,402849792,1290878976
510498.999,407101440,402849792,1290878976
510623.852,407101440,402870272,1290878976
510751.625,407515136,402874368,1290878976
510871.463,408670208,403234816,1290878976
510982.461,407949312,403091456,1290878976
511106.245,403533824,406269952,1290878976
511221.466,411291648,406429696,1290878976
511337.243,412438528,406794240,1290878976
511448.410,411295744,406429696,1290878976
511556.574,411295744,406429696,1290878976
511668.214,411693056,406429696,1290878976
511779.541,411693056,406429696,1290878976
511899.772,412835840,407588864,1290878976
512013.523,411693056,406446080,1290878976
512131.511,412098560,406454272,1290878976
512240.743,413241344,407203840,1290878976
512350.026,412098560,406454272,1290878976
512460.400,414294016,406466560,1290878976
512569.315,414420992,406466560,1290878976
512679.215,414429184,406597632,1290878976
512791.413,414441472,406609920,1290878976
512900.346,414441472,406609920,1290878976
513014.040,414441472,406609920,1290878976
513129.277,414441472,406609920,1290878976
513241.205,414457856,406626304,1290878976
513350.204,414457856,406626304,1290878976
513470.506,414461952,406761472,1290878976
513588.899,415604736,407904256,1290878976
513707.926,414461952,406761472,1290878976
513818.908,414461952,406761472,1290878976
513929.867,414461952,406761472,1290878976
514039.765,414461952,406761472,1290878976
514151.454,414461952,406769664,1290878976
514260.687,414461952,406769664,1290878976
514370.323,414461952,406769664,1290878976
514479.967,414461952,406769664,1290878976
514591.139,414863360,406773760,1290878976
514699.965,414887936,406790144,1290878976
514821.831,414887936,406790144,1290878976
514929.391,414892032,406794240,1290878976
515040.729,414892032,406794240,1290878976
515157.326,414892032,406794240,1290878976
515271.161,414892032,406794240,1290878976
515379.572,415485952,407154688,1290878976
515490.801,449126400,434311168,1290878976
515600.839,549986304,477966336,1290878976
515709.449,549986304,539832320,1290878976
515819.788,684466176,580612096,1290878976
515936.625,684466176,604467200,1290878976
516051.548,415543296,407252992,1290878976
516162.656,415948800,407318528,1290878976
516271.309,416759808,407400448,1290878976
516381.801,418324480,408768512,1290878976
516497.249,417181696,407625728,1290878976
516612.369,417615872,407625728,1290878976
516732.729,418758656,408502272,1290878976
516853.299,417615872,407629824,1290878976
516963.563,417615872,407638016,1290878976
517076.992,417615872,407654400,1290878976
517199.183,419495936,408821760,1290878976
517311.039,442347520,433373184,1290878976
517438.751,422928384,418525184,1290878976
517556.144,423428096,418549760,1290878976
517662.000,423428096,418590720,1290878976
517769.614,423428096,418656256,1290878976
517880.409,427257856,419221504,1290878976
517988.822,427257856,419221504,1290878976
518099.240,428400640,419966976,1290878976
518215.416,427257856,419246080,1290878976
518326.981,427794432,419246080,1290878976
518457.345,427794432,419246080,1290878976
518572.895,428937216,420454400,1290878976
518678.915,427794432,419311616,1290878976
518789.070,428347392,419323904,1290878976
518902.746,428347392,419348480,1290878976
519012.656,429490176,420503552,1290878976
519120.136,428347392,419360768,1290878976
519231.722,428920832,419360768,1290878976
519341.509,428920832,419360768,1290878976
519449.217,430063616,420511744,1290878976
519559.996,428920832,419368960,1290878976
519666.642,429518848,419442688,1290878976
519785.505,429518848,419442688,1290878976
519901.970,430661632,420585472,1290878976
520009.097,429518848,419442688,1290878976
520120.900,430133248,419442688,1290878976
520230.289,430133248,419508224,1290878976
520340.702,431276032,420651008,1290878976
520451.546,430133248,419508224,1290878976
520569.468,430780416,419524608,1290878976
520679.803,431923200,419733504,1290878976
520794.928,430780416,419590144,1290878976
520911.499,431431680,419590144,1290878976
521019.626,431431680,419590144,1290878976
521140.248,432574464,420732928,1290878976
521260.762,432705536,420847616,1290878976
521378.599,452657152,441782272,1290878976
521490.835,434483200,426999808,1290878976
521602.118,441581568,427139072,1290878976
521710.139,441782272,427356160,1290878976
521819.888,442925056,428568576,1290878976
521931.494,441782272,427425792,1290878976
522040.060,442466304,427442176,1290878976
522150.559,442466304,427442176,1290878976
522262.166,443609088,427778048,1290878976
522371.763,442466304,427458560,1290878976
522481.562,442470400,427466752,1290878976
522589.262,442470400,427479040,1290878976
522702.942,443613184,428630016,1290878976
522820.045,442994688,428011520,1290878976
522931.544,442994688,428032000,1290878976
523039.513,442994688,428032000,1290878976
523151.402,444137472,429240320,1290878976
523259.747,442994688,428097536,1290878976
523370.563,442994688,428097536,1290878976
523483.094,443719680,428097536,1290878976
523601.177,443719680,428163072,1290878976
523712.053,443719680,428163072,1290878976
523823.138,443719680,428163072,1290878976
523930.888,444473344,428167168,1290878976
524040.551,444473344,428167168,1290878976
524150.793,444473344,428167168,1290878976
524265.009,459706368,443432960,1290878976
524386.648,450105344,443801600,1290878976
524500.214,441159680,429146112,1290878976
524619.866,441786368,429162496,1290878976
524735.914,442929152,429187072,1290878976
524850.450,441786368,429187072,1290878976
524955.715,441786368,429191168,1290878976
525070.066,441786368,429195264,1290878976
525180.436,442929152,429395968,1290878976
525291.749,441786368,429260800,1290878976
525400.681,444092416,429281280,1290878976
525511.991,444092416,429281280,1290878976
525623.417,445235200,430424064,1290878976
525741.351,446173184,430465024,1290878976
525849.980,461762560,446799872,1290878976
525962.619,454443008,447512576,1290878976
526070.285,454447104,447598592,1290878976
526180.065,447823872,432971776,1290878976
526293.308,447823872,432984064,1290878976
526409.662,448966656,433733632,1290878976
526531.558,447823872,433025024,1290878976
526651.772,450809856,433070080,1290878976
526761.048,450809856,433070080,1290878976
526869.480,451952640,433414144,1290878976
526985.488,450809856,433074176,1290878976
527100.776,450809856,433078272,1290878976
527214.204,450809856,433082368,1290878976
527322.663,450818048,433164288,1290878976
527432.049,452452352,434778112,1290878976
527541.737,451309568,433676288,1290878976
527651.815,451309568,433676288,1290878976
527759.773,451309568,433676288,1290878976
527873.970,452452352,434823168,1290878976
527991.223,451309568,433680384,1290878976
528106.150,451309568,433680384,1290878976
528221.339,451309568,433680384,1290878976
528340.660,452452352,434823168,1290878976
528460.944,453328896,433725440,1290878976
528571.541,454135808,433725440,1290878976
528681.986,454135808,433725440,1290878976
528790.060,454135808,433725440,1290878976
528901.654,454135808,433725440,1290878976
529011.575,454135808,433725440,1290878976
529120.316,454135808,433725440,1290878976
529233.060,455278592,434868224,1290878976
529351.123,454135808,433725440,1290878976
529461.140,454135808,433725440,1290878976
529569.516,454135808,433725440,1290878976
529688.721,454135808,433725440,1290878976
529807.168,454135808,433725440,1290878976
529923.182,454135808,433725440,1290878976
530042.049,454135808,433790976,1290878976
530150.269,454135808,433803264,1290878976
530260.671,454135808,433803264,1290878976
530370.651,455278592,435003392,1290878976
530476.470,454135808,433860608,1290878976
530581.538,454135808,433864704,1290878976
530693.557,454135808,433864704,1290878976
530800.403,454135808,433864704,1290878976
530910.461,454135808,433864704,1290878976
531020.358,454135808,433864704,1290878976
531132.114,454135808,433864704,1290878976
531247.783,455278592,435007488,1290878976
531369.988,454135808,433864704,1290878976
531483.327,460439552,436064256,1290878976
531603.411,521383936,492916736,1290878976
531715.726,588623872,558256128,1290878976
531833.796,723103744,618151936,1290878976
531940.704,723103744,643448832,1290878976
532056.445,723103744,643448832,1290878976
532169.951,454135808,433881088,1290878976
532289.955,455278592,433954816,1290878976
532399.933,454135808,433881088,1290878976
532510.135,454135808,433889280,1290878976
532623.748,455282688,434339840,1290878976
532742.471,454139904,433913856,1290878976
532855.856,454139904,433913856,1290878976
532969.854,454139904,433913856,1290878976
533082.426,454139904,433913856,1290878976
533190.282,454139904,433979392,1290878976
533306.275,454868992,433979392,1290878976
533417.059,454868992,433979392,1290878976
533531.862,454868992,433979392,1290878976
533655.748,456011776,434040832,1290878976
533772.240,454868992,433979392,1290878976
533883.229,454868992,433979392,1290878976
533995.882,456011776,434036736,1290878976
534106.847,454868992,433979392,1290878976
534230.713,455516160,433979392,1290878976
534347.440,456658944,435122176,1290878976
534466.794,455516160,433979392,1290878976
534581.319,456142848,433983488,1290878976
534690.419,456142848,433983488,1290878976
534799.978,456142848,433983488,1290878976
534911.388,457285632,434225152,1290878976
535019.972,456142848,433983488,1290878976
535139.837,457285632,434147328,1290878976
535265.741,456142848,433983488,1290878976
535380.206,456142848,433983488,1290878976
535489.650,456142848,433983488,1290878976
535599.919,456142848,433983488,1290878976
535710.035,456142848,433983488,1290878976
535819.654,456142848,433983488,1290878976
535929.603,457285632,434401280,1290878976
536039.933,456142848,433983488,1290878976
536156.114,456142848,433987584,1290878976
536269.967,456142848,433987584,1290878976
536380.083,456142848,433987584,1290878976
536489.998,457285632,435126272,1290878976
536600.170,456142848,434003968,1290878976
536715.558,456142848,434003968,1290878976
536825.991,456142848,434003968,1290878976
536939.347,456142848,434003968,1290878976
537061.100,456142848,434081792,1290878976
537165.526,446672896,437075968,1290878976
537269.602,459124736,437338112,1290878976
537379.697,460267520,438493184,1290878976
537489.324,459124736,437350400,1290878976
537599.534,459554816,437350400,1290878976
537709.442,459554816,437350400,1290878976
537819.174,459554816,437350400,1290878976
537924.740,459554816,437350400,1290878976
538045.844,475090944,453754880,1290878976
538165.548,462647296,453550080,1290878976
538269.102,460734464,438915072,1290878976
538389.201,461881344,440074240,1290878976
538489.196,460734464,438935552,1290878976
538599.646,460742656,438935552,1290878976
538705.450,460742656,438935552,1290878976
538818.833,460742656,439001088,1290878976
538925.652,461058048,439001088,1290878976
539039.159,461463552,439001088,1290878976
539149.941,462610432,440143872,1290878976
539259.489,461463552,439001088,1290878976
539369.637,461463552,439001088,1290878976
539486.757,461463552,439001088,1290878976
539605.864,461463552,439001088,1290878976
539709.913,461463552,439001088,1290878976
539825.405,461463552,439001088,1290878976
539930.102,461463552,439001088,1290878976
540039.331,462364672,439001088,1290878976
540154.697,462364672,439001088,1290878976
540269.275,462364672,439001088,1290878976
540386.887,462364672,439001088,1290878976
540502.954,462364672,439001088,1290878976
540618.290,462364672,439001088,1290878976
540740.793,462364672,439013376,1290878976
540856.193,462364672,439013376,1290878976
540970.822,463511552,439144448,1290878976
541081.781,462364672,439013376,1290878976
541191.974,462774272,439083008,1290878976
541307.112,462774272,439083008,1290878976
541416.476,463921152,440225792,1290878976
541547.156,462774272,439083008,1290878976
541674.083,462774272,439083008,1290878976
541798.765,462774272,439083008,1290878976
541930.689,462774272,439083008,1290878976
542043.895,463921152,440102912,1290878976
542179.688,462774272,439087104,1290878976
542301.292,462774272,439087104,1290878976
542419.071,462774272,439087104,1290878976
542538.876,497061888,463159296,1290878976
542659.557,597921792,508846080,1290878976
542790.956,866885632,697110528,1290878976
542909.090,732401664,629276672,1290878976
543019.277,732401664,635043840,1290878976
543133.106,732401664,611254272,1290878976
543242.786,463482880,439152640,1290878976
543353.363,463577088,439152640,1290878976
543464.151,464728064,439676928,1290878976
543571.881,463581184,439156736,1290878976
543687.833,463581184,439156736,1290878976
543803.183,463581184,439156736,1290878976
543911.138,464728064,440303616,1290878976
544022.278,463581184,439160832,1290878976
544133.294,464052224,439160832,1290878976
544241.213,464052224,439160832,1290878976
544350.736,464052224,439160832,1290878976
544461.865,464052224,439169024,1290878976
544578.078,464052224,439169024,1290878976
544691.785,465199104,440315904,1290878976
544808.810,464052224,439173120,1290878976
544921.609,464052224,439173120,1290878976
545041.076,465199104,439386112,1290878976
545148.628,464052224,439173120,1290878976
545260.999,464052224,439173120,1290878976
545370.669,465199104,439496704,1290878976
545482.305,464052224,439173120,1290878976
545601.823,464052224,439173120,1290878976
545711.725,464052224,439173120,1290878976
545820.997,464052224,439173120,1290878976
545938.203,464646144,439185408,1290878976
546050.535,464674816,439189504,1290878976
546161.418,464674816,439193600,1290878976
546271.253,465276928,439193600,1290878976
546383.573,465276928,439197696,1290878976
546492.091,466423808,440340480,1290878976
546604.331,465276928,439201792,1290878976
546713.436,465276928,439201792,1290878976
546822.246,466423808,440344576,1290878976
546933.795,465276928,439201792,1290878976
547042.924,465915904,439201792,1290878976
547152.247,465915904,439201792,1290878976
547264.073,465915904,439201792,1290878976
547380.987,466575360,439201792,1290878976
547487.460,466575360,439201792,1290878976
547602.357,467722240,439885824,1290878976
547712.163,466575360,439205888,1290878976
547822.016,467267584,439222272,1290878976
547933.069,467267584,439259136,1290878976
548042.714,467267584,439259136,1290878976
548152.232,467267584,439259136,1290878976
548262.383,467283968,439279616,1290878976
548382.096,467283968,439279616,1290878976
548493.081,468430848,440422400,1290878976
548607.363,467283968,439279616,1290878976
548710.612,467283968,439283712,1290878976
548822.606,467283968,439283712,1290878976
548932.210,468430848,440426496,1290878976
549042.822,467283968,439283712,1290878976
549154.437,467283968,439283712,1290878976
549272.896,467283968,439283712,1290878976
549383.620,468430848,439468032,1290878976
549492.420,467283968,439283712,1290878976
549603.463,467283968,439287808,1290878976
549713.997,467283968,439287808,1290878976
549822.810,468430848,440188928,1290878976
549933.298,468054016,439558144,1290878976
550040.558,483250176,455356416,1290878976
550154.460,471150592,455663616,1290878976
550276.050,465317888,441008128,1290878976
550381.884,465326080,441024512,1290878976
550493.182,465326080,441032704,1290878976
550600.816,466046976,441548800,1290878976
550711.040,470523904,441663488,1290878976
550820.982,471285760,441667584,1290878976
550933.191,472432640,443297792,1290878976
551040.998,471285760,442220544,1290878976
551153.150,472055808,442224640,1290878976
551260.619,472055808,442224640,1290878976
551371.574,472055808,442224640,1290878976
551480.977,487108608,457109504,1290878976
551592.422,459804672,442191872,1290878976
551715.429,470204416,442318848,1290878976
551820.833,470204416,442331136,1290878976
551936.452,470204416,442363904,1290878976
552050.286,470204416,442368000,1290878976
552166.484,470204416,442368000,1290878976
552276.563,471056384,443060224,1290878976
552381.528,461029376,443543552,1290878976
552492.435,473628672,443731968,1290878976
552596.233,473628672,443731968,1290878976
552706.091,473628672,443752448,1290878976
552820.626,473628672,443752448,1290878976
552930.351,473628672,443752448,1290878976
553034.082,474771456,444899328,1290878976
553143.774,473628672,443756544,1290878976
553257.927,473628672,443756544,1290878976
553365.904,474771456,444899328,1290878976
553470.400,473628672,443756544,1290878976
553586.633,473628672,443756544,1290878976
553690.561,474771456,444899328,1290878976
553800.468,473628672,443756544,1290878976
553926.780,473628672,443756544,1290878976
554046.061,473628672,443764736,1290878976
554160.301,473628672,443764736,1290878976
554270.605,473628672,443764736,1290878976
554376.269,473628672,443764736,1290878976
554490.454,473628672,443764736,1290878976
554600.054,473628672,443764736,1290878976
554706.344,474435584,443764736,1290878976
554820.537,474435584,443764736,1290878976
554936.591,474435584,443764736,1290878976
555055.946,474435584,443764736,1290878976
555166.699,474435584,443764736,1290878976
555270.387,474435584,443764736,1290878976
555380.218,474435584,443768832,1290878976
555495.890,474435584,443768832,1290878976
555600.194,474435584,443768832,1290878976
555715.999,474435584,443768832,1290878976
555820.206,474435584,443768832,1290878976
555930.888,474435584,443768832,1290878976
556036.066,474435584,443768832,1290878976
556151.010,508063744,460869632,1290878976
556260.723,608923648,525877248,1290878976
556370.414,743403520,592728064,1290878976
556480.476,743403520,651251712,1290878976
556585.533,743403520,651251712,1290878976
556691.577,541683712,477913088,1290878976
556800.424,608923648,549675008,1290878976
556916.176,743403520,620158976,1290878976
557020.592,769437696,673796096,1290878976
557136.253,833769472,746786816,1290878976
557240.419,906539008,822775808,1290878976
557350.393,990674944,909729792,1290878976
557460.721,1086205952,1001484288,1290878976
557570.528,1180086272,1090347008,1290878976
557680.480,1264685056,1172373504,1290878976
557782.306,1052332032,1009844224,1290878976
557900.496,1085952000,1043922944,1290878976
558012.007,1153191936,1077698560,1290878976
558120.698,1287671808,1125048320,1290878976
558226.174,1286619136,1124356096,1290878976
558343.995,1212956672,1055309824,1290878976
558456.737,983756800,834813952,1290878976
558571.272,852914176,834809856,1290878976
558680.611,852914176,834809856,1290878976
558782.307,886542336,867737600,1290878976
558896.406,987402240,937717760,1290878976
559010.838,1121882112,1006063616,1290878976
559128.472,1121882112,1042370560,1290878976
559240.380,714788864,697057280,1290878976
559350.522,782036992,742776832,1290878976
559456.659,849276928,814526464,1290878976
559570.869,983756800,884502528,1290878976
559676.346,983756800,904556544,1290878976
559786.538,714788864,697196544,1290878976
559896.941,714788864,698232832,1290878976
560016.708,712876032,696422400,1290878976
560135.756,713175040,696836096,1290878976
560240.506,710668288,694435840,1290878976
560351.723,709447680,693235712,1290878976
560460.311,709447680,693252096,1290878976
560570.318,709447680,693264384,1290878976
560676.144,709447680,693264384,1290878976
560788.101,709447680,693268480,1290878976
560900.685,709447680,693268480,1290878976
561016.403,709447680,693268480,1290878976
561138.384,709447680,693268480,1290878976
561246.707,709447680,693268480,1290878976
561358.348,709447680,693268480,1290878976
561470.928,709447680,693268480,1290878976
561597.153,709447680,693362688,1290878976
561711.119,710590464,694624256,1290878976
561817.287,709447680,693485568,1290878976
561930.736,709447680,693485568,1290878976
562036.402,710590464,694628352,1290878976
562157.174,709447680,693489664,1290878976
562271.309,709447680,693489664,1290878976
562380.828,709447680,693489664,1290878976
562486.963,709447680,693489664,1290878976
562606.240,709447680,693489664,1290878976
562722.486,709447680,693489664,1290878976
562830.777,709447680,693489664,1290878976
562950.615,709447680,693489664,1290878976
563056.796,709447680,693489664,1290878976
563170.807,695046144,691724288,1290878976
563280.641,697651200,688144384,1290878976
563380.885,698793984,688324608,1290878976
563490.753,697651200,688164864,1290878976
563600.588,699969536,688271360,1290878976
563716.991,699969536,688287744,1290878976
563841.264,699969536,688287744,1290878976
563950.863,699969536,688287744,1290878976
564056.842,699969536,688287744,1290878976
564170.534,699969536,688287744,1290878976
564270.448,699969536,688287744,1290878976
564380.639,699969536,688287744,1290878976
564490.344,699969536,688287744,1290878976
564596.565,699969536,688291840,1290878976
564710.912,701112320,688357376,1290878976
564820.302,699969536,688291840,1290878976
564926.194,699969536,688291840,1290878976
565040.771,701112320,689434624,1290878976
565148.770,699969536,688291840,1290878976
565261.448,699969536,688291840,1290878976
565370.771,701112320,689434624,1290878976
565480.542,701440000,689291264,1290878976
565581.077,705085440,702214144,1290878976
565696.653,699052032,686006272,1290878976
565816.316,699052032,686022656,1290878976
565930.608,699052032,686026752,1290878976
566036.342,699052032,686034944,1290878976
566150.324,699052032,686034944,1290878976
566251.088,700198912,687177728,1290878976
566360.678,699052032,686047232,1290878976
566471.774,699052032,686047232,1290878976
566581.924,699052032,686047232,1290878976
566691.025,688619520,686170112,1290878976
566801.258,699084800,686395392,1290878976
566920.706,700227584,686706688,1290878976
567021.140,701251584,686489600,1290878976
567131.215,701251584,686505984,1290878976
567248.055,701251584,686505984,1290878976
567351.431,701251584,686505984,1290878976
567460.874,701251584,686510080,1290878976
567570.812,701251584,686510080,1290878976
567681.345,715046912,700448768,1290878976
567796.311,700067840,685498368,1290878976
567920.338,699011072,684474368,1290878976
568020.942,699011072,684486656,1290878976
568131.023,699011072,684490752,1290878976
568247.316,700153856,685633536,1290878976
568360.598,699011072,684490752,1290878976
568476.555,700153856,684957696,1290878976
568581.025,699011072,684490752,1290878976
568696.980,700153856,685633536,1290878976
568800.880,699011072,684494848,1290878976
568910.776,700153856,685641728,1290878976
569021.867,699011072,684498944,1290878976
569131.177,700153856,684896256,1290878976
569241.081,699011072,684498944,1290878976
569351.074,699011072,684498944,1290878976
569466.931,699011072,684498944,1290878976
569591.231,700153856,684957696,1290878976
569700.441,699011072,684503040,1290878976
569816.087,699011072,684503040,1290878976
569930.872,699011072,684503040,1290878976
570040.140,699011072,684503040,1290878976
570150.427,749453312,713043968,1290878976
570266.101,833499136,797171712,1290878976
570381.123,967979008,878813184,1290878976
570487.011,967979008,891396096,1290878976
570600.869,699011072,684564480,1290878976
570711.591,699011072,684564480,1290878976
570826.780,699011072,684564480,1290878976
570931.290,699011072,684564480,1290878976
571040.895,700153856,685707264,1290878976
571156.329,699011072,684568576,1290878976
571260.820,699011072,684568576,1290878976
571367.123,699011072,684568576,1290878976
571480.647,699011072,684568576,1290878976
571591.130,699011072,684568576,1290878976
571701.373,699011072,684568576,1290878976
571811.094,699011072,684568576,1290878976
571910.392,699011072,684572672,1290878976
572017.421,699011072,684572672,1290878976
572130.712,700153856,685690880,1290878976
572240.562,699011072,684572672,1290878976
572352.614,700153856,684650496,1290878976
572456.207,699011072,684572672,1290878976
572571.160,699011072,684572672,1290878976
572681.329,699011072,684572672,1290878976
572791.186,699011072,684580864,1290878976
572901.044,699011072,684580864,1290878976
573011.302,699011072,684580864,1290878976
573115.745,699011072,684580864,1290878976
573221.470,699011072,684580864,1290878976
573331.124,700153856,684994560,1290878976
573440.860,699011072,684613632,1290878976
573550.571,700153856,685473792,1290878976
573667.500,414019584,417325056,1290878976
573781.402,412528640,406323200,1290878976
573890.871,416755712,409665536,1290878976
573996.723,418873344,409042944,1290878976
574100.727,420737024,409702400,1290878976
574211.302,420016128,409579520,1290878976
574321.528,415940608,413077504,1290878976
574441.501,423051264,414130176,1290878976
574551.214,424198144,415318016,1290878976
574661.103,426635264,414322688,1290878976
574766.005,427778048,415473664,1290878976
574880.820,427024384,414330880,1290878976
574996.278,428167168,415473664,1290878976
575106.451,427409408,414330880,1290878976
575215.739,428552192,415473664,1290878976
575316.320,427409408,414330880,1290878976
575430.524,428937216,415481856,1290878976
575540.884,427806720,414351360,1290878976
575653.634,428949504,415494144,1290878976
575771.456,431009792,414404608,1290878976
575881.640,432152576,415547392,1290878976
575990.838,431009792,414404608,1290878976
576100.610,432156672,415551488,1290878976
576210.728,434032640,414466048,1290878976
576326.485,435544064,415612928,1290878976
576430.687,434401280,414470144,1290878976
576540.552,435544064,415612928,1290878976
576646.684,434401280,414470144,1290878976
576750.556,451764224,430137344,1290878976
576860.984,569434112,500899840,1290878976
576971.006,703913984,568188928,1290878976
577080.784,703913984,606855168,1290878976
577191.882,434946048,415043584,1290878976
577312.056,435007488,415121408,1290878976
577420.984,441683968,415666176,1290878976
577520.414,441913344,415854592,1290878976
577626.444,442167296,416124928,1290878976
577740.985,442167296,416129024,1290878976
577850.963,442167296,416145408,1290878976
577967.092,442241024,416206848,1290878976
578069.860,442241024,416231424,1290878976
578179.967,442241024,416231424,1290878976
578295.489,442241024,416231424,1290878976
578406.866,442241024,416231424,1290878976
578522.179,442671104,416231424,1290878976
578627.149,443813888,417378304,1290878976
578736.983,442671104,416235520,1290878976
578850.969,443129856,416239616,1290878976
578961.038,446009344,416808960,1290878976
579070.811,444866560,416468992,1290878976
579180.799,445878272,417034240,1290878976
579290.675,447021056,418177024,1290878976
579397.170,447401984,417570816,1290878976
579500.869,447401984,417636352,1290878976
579616.987,447401984,417636352,1290878976
579720.940,447934464,417648640,1290878976
579830.716,447934464,417673216,1290878976
579952.402,447934464,417681408,1290878976
580057.617,448487424,417681408,1290878976
580161.324,449642496,418168832,1290878976
580267.231,448499712,417759232,1290878976
580378.100,448499712,417775616,1290878976
580491.500,448499712,417849344,1290878976
580601.862,449097728,417849344,1290878976
580711.793,449097728,417849344,1290878976
580821.810,450859008,418992128,1290878976
580931.690,450355200,417853440,1290878976
581047.226,451497984,419069952,1290878976
581167.245,451014656,418099200,1290878976
581267.815,451014656,418099200,1290878976
581377.260,451690496,418099200,1290878976
581491.622,451690496,418099200,1290878976
581607.252,452386816,418099200,1290878976
581711.403,452386816,418164736,1290878976
581820.532,452386816,418164736,1290878976
581931.153,452386816,418168832,1290878976
582041.402,453541888,418512896,1290878976
582161.209,452648960,418500608,1290878976
582277.062,453386240,418508800,1290878976
582381.235,454529024,418660352,1290878976
582497.699,480456704,448880640,1290878976
582607.668,456839168,438026240,1290878976
582721.897,470806528,437915648,1290878976
582831.107,471949312,439115776,1290878976
582941.222,470822912,438026240,1290878976
583052.185,470822912,438030336,1290878976
583161.602,471965696,439246848,1290878976
583268.039,470822912,438104064,1290878976
583382.077,470822912,438169600,1290878976
583491.925,487559168,454914048,1290878976
583597.755,478633984,457244672,1290878976
583707.685,465805312,444555264,1290878976
583821.764,478167040,445591552,1290878976
583931.328,479309824,446853120,1290878976
584041.073,478167040,445710336,1290878976
584141.003,478167040,445710336,1290878976
584250.987,479309824,446857216,1290878976
584367.339,478167040,445714432,1290878976
584471.007,478969856,445718528,1290878976
584591.553,478969856,445718528,1290878976
584697.757,478969856,445722624,1290878976
584801.814,478969856,445722624,1290878976
584911.760,478969856,445726720,1290878976
585027.784,478969856,445792256,1290878976
585131.746,478969856,445792256,1290878976
585243.425,479772672,445792256,1290878976
585351.131,479772672,445792256,1290878976
585461.022,479772672,445792256,1290878976
585567.515,480579584,445792256,1290878976
585681.421,481722368,446656512,1290878976
585781.060,480579584,445792256,1290878976
585891.543,480579584,445796352,1290878976
586011.629,481722368,446939136,1290878976
586121.990,482738176,445837312,1290878976
586222.343,482738176,445845504,1290878976
586332.497,483880960,446988288,1290878976
586441.887,482738176,445845504,1290878976
586557.796,482738176,445849600,1290878976
586661.918,482738176,445849600,1290878976
586772.055,483561472,445927424,1290878976
586887.718,483561472,445927424,1290878976
586997.170,483561472,445927424,1290878976
587100.523,483561472,445931520,1290878976
587217.012,509382656,456028160,1290878976
587317.329,551403520,513765376,1290878976
587429.012,887607296,656973824,1290878976
587541.537,753123328,651923456,1290878976
587642.580,753123328,651923456,1290878976
587751.908,484155392,446763008,1290878976
587861.740,485298176,447217664,1290878976
587977.849,484155392,446767104,1290878976
588088.528,484155392,446767104,1290878976
588202.776,484155392,446767104,1290878976
588322.464,484155392,446767104,1290878976
588432.105,484155392,446787584,1290878976
588537.721,484155392,446787584,1290878976
588641.553,484155392,446791680,1290878976
588751.634,484200448,446828544,1290878976
588862.236,485761024,447922176,1290878976
588972.276,484618240,446779392,1290878976
589082.109,486465536,447926272,1290878976
589191.605,485994496,446783488,1290878976
589297.435,485994496,446783488,1290878976
589412.081,487137280,447102976,1290878976
589527.772,486621184,446787584,1290878976
589632.023,486621184,446787584,1290878976
589738.064,487763968,447934464,1290878976
589852.040,486621184,446791680,1290878976
589962.213,487170048,446791680,1290878976
590068.541,487170048,446791680,1290878976
590182.018,487170048,446795776,1290878976
590291.641,487170048,446795776,1290878976
590402.395,487170048,446795776,1290878976
590512.097,487170048,446795776,1290878976
590618.066,487170048,446795776,1290878976
590722.355,487636992,446795776,1290878976
590832.499,479805440,448557056,1290878976
590942.572,486322176,448618496,1290878976
591048.314,495951872,464826368,1290878976
591161.883,493129728,452190208,1290878976
591272.255,491974656,452456448,1290878976
591382.119,491974656,452456448,1290878976
591492.372,491974656,452456448,1290878976
591602.235,493121536,453603328,1290878976
591718.093,497446912,456986624,1290878976
591821.766,498995200,457801728,1290878976
591932.131,497852416,457007104,1290878976
592041.887,499011584,458166272,1290878976
592147.909,497393664,459431936,1290878976
592251.814,498536448,460574720,1290878976
592372.601,499720192,459493376,1290878976
592482.466,499720192,459493376,1290878976
592593.770,499720192,459493376,1290878976
592712.471,499720192,459558912,1290878976
592818.379,499720192,459558912,1290878976
592927.967,499736576,459575296,1290878976
593034.248,500162560,459575296,1290878976
593142.430,500162560,459575296,1290878976
593253.943,501305344,460718080,1290878976
593362.005,502329344,459694080,1290878976
593472.244,502329344,459698176,1290878976
593587.855,502771712,459702272,1290878976
593697.498,502771712,459702272,1290878976
593802.177,503230464,459714560,1290878976
593907.194,503230464,459714560,1290878976
594022.051,570478592,507842560,1290878976
594128.875,637718528,584777728,1290878976
594248.542,772198400,651964416,1290878976
594358.025,772198400,651964416,1290878976
594461.804,503230464,459735040,1290878976
594568.158,504373248,460894208,1290878976
594682.054,503230464,459751424,1290878976
594791.358,503230464,459751424,1290878976
594900.840,503230464,459751424,1290878976
595011.212,503230464,459751424,1290878976
595112.386,503230464,459755520,1290878976
595233.682,503230464,459755520,1290878976
595348.279,503230464,459759616,1290878976
595458.136,503767040,459759616,1290878976
595578.041,504918016,460910592,1290878976
595688.949,504340480,459771904,1290878976
595800.027,504340480,459771904,1290878976
595912.487,506400768,462508032,1290878976
596018.080,505257984,461688832,1290878976
596132.271,505843712,461692928,1290878976
596238.321,505843712,461697024,1290878976
596352.846,505843712,461697024,1290878976
596462.638,505843712,461701120,1290878976
596578.299,505843712,461701120,1290878976
596688.343,505843712,462360576,1290878976
596802.461,507744256,464211968,1290878976
596908.175,507240448,463069184,1290878976
597021.826,507240448,463077376,1290878976
597127.907,507240448,463077376,1290878976
597242.287,507912192,463093760,1290878976
597352.985,507912192,463093760,1290878976
597462.524,507912192,463093760,1290878976
597572.509,507912192,463093760,1290878976
597688.286,509054976,464236544,1290878976
597808.449,508600320,463097856,1290878976
597912.222,509743104,463753216,1290878976
598020.732,508600320,463106048,1290878976
598132.547,509743104,464248832,1290878976
598248.281,508600320,463106048,1290878976
598358.089,508600320,463106048,1290878976
598461.783,509743104,464248832,1290878976
598572.512,508600320,463110144,1290878976
598673.037,509743104,464252928,1290878976
598789.167,508600320,463110144,1290878976
598892.484,508600320,463114240,1290878976
599002.270,509743104,464257024,1290878976
599122.830,525840384,481091584,1290878976
599243.298,507260928,471228416,1290878976
599352.792,513884160,470200320,1290878976
599468.484,513884160,470224896,1290878976
599578.064,513884160,470224896,1290878976
599688.201,515026944,471371776,1290878976
599802.488,513884160,470233088,1290878976
599917.846,513884160,470233088,1290878976
600022.227,513884160,470233088,1290878976
600132.582,503128064,471916544,1290878976
600238.460,504881152,473677824,1290878976
600344.778,513654784,473542656,1290878976
600462.923,514801664,474701824,1290878976
600572.508,513654784,473567232,1290878976
600682.285,514801664,474714112,1290878976
600792.548,513654784,473571328,1290878976
600902.789,514461696,473571328,1290878976
601018.199,515608576,474714112,1290878976
601132.442,514461696,473636864,1290878976
601242.106,514461696,473636864,1290878976
601352.154,514461696,473702400,1290878976
601468.280,514461696,473706496,1290878976
601567.959,514461696,473706496,1290878976
601677.866,514461696,473772032,1290878976
601792.559,514461696,473837568,1290878976
601893.716,514461696,473837568,1290878976
602002.628,514461696,473837568,1290878976
602112.691,514461696,473837568,1290878976
602222.470,514461696,473837568,1290878976
602333.395,514461696,473837568,1290878976
602438.249,514461696,473841664,1290878976
602552.632,514461696,473841664,1290878976
602658.481,514461696,473841664,1290878976
602772.899,514461696,473841664,1290878976
602882.503,514461696,473841664,1290878976
602992.785,518750208,473858048,1290878976
603102.279,518750208,473858048,1290878976
603212.104,518750208,473858048,1290878976
603324.410,518750208,473866240,1290878976
603433.623,518750208,473866240,1290878976
603532.696,519892992,474841088,1290878976
603642.537,518750208,473866240,1290878976
603758.845,518750208,473866240,1290878976
603862.185,519892992,474341376,1290878976
603977.339,518750208,473866240,1290878976
604082.022,518750208,473866240,1290878976
604186.967,518750208,473866240,1290878976
604301.227,518750208,473866240,1290878976
604411.346,518750208,473866240,1290878976
604521.719,518750208,473866240,1290878976
604638.567,552378368,501616640,1290878976
604759.277,653238272,583323648,1290878976
604868.678,787718144,652337152,1290878976
604984.782,787718144,678223872,1290878976
605089.134,518750208,473866240,1290878976
605198.963,518750208,473866240,1290878976
605314.089,518750208,473866240,1290878976
605428.480,518750208,473866240,1290878976
605538.339,518750208,473886720,1290878976
605648.592,519892992,475029504,1290878976
605753.353,518750208,473890816,1290878976
605862.768,518750208,473890816,1290878976
605972.370,518750208,473890816,1290878976
606078.126,518750208,473890816,1290878976
606189.980,519442432,473890816,1290878976
606298.062,519442432,473890816,1290878976
606409.122,520110080,473894912,1290878976
606523.766,520110080,473894912,1290878976
606632.957,520110080,473894912,1290878976
606743.096,520724480,473899008,1290878976
606848.583,520724480,473899008,1290878976
606962.599,520724480,473899008,1290878976
607070.938,521293824,473899008,1290878976
607187.003,522436608,475041792,1290878976
607302.523,521842688,473903104,1290878976
607412.113,522985472,475045888,1290878976
607518.795,521842688,473907200,1290878976
607641.184,521842688,473907200,1290878976
607749.437,521842688,473907200,1290878976
607868.816,522985472,474374144,1290878976
607972.626,521842688,473907200,1290878976
608083.481,522985472,474505216,1290878976
608188.688,522903552,489951232,1290878976
608298.748,518868992,477138944,1290878976
608412.275,520011776,478306304,1290878976
608528.920,518868992,477163520,1290878976
608632.392,520011776,477310976,1290878976
608749.138,519315456,477163520,1290878976
608848.625,519315456,477188096,1290878976
608963.190,512192512,479555584,1290878976
609074.550,523042816,479698944,1290878976
609189.595,523042816,479711232,1290878976
609303.691,523042816,479715328,1290878976
609413.104,523042816,479719424,1290878976
609522.805,523042816,479723520,1290878976
609628.613,524185600,480866304,1290878976
609742.877,523042816,479727616,1290878976
609848.484,524185600,479739904,1290878976
609962.929,523042816,479727616,1290878976
610069.214,524185600,480235520,1290878976
610172.519,523042816,479731712,1290878976
610282.652,524185600,480063488,1290878976
610392.874,523042816,479735808,1290878976
610515.390,523042816,479735808,1290878976
610633.197,523042816,479735808,1290878976
610743.009,523042816,479739904,1290878976
610848.419,523042816,479739904,1290878976
610958.803,523042816,479744000,1290878976
611062.422,524185600,480886784,1290878976
611182.750,523042816,479744000,1290878976
611292.682,524185600,480886784,1290878976
611408.275,525189120,479797248,1290878976
611529.637,525189120,479797248,1290878976
611643.598,525189120,479797248,1290878976
611753.414,525189120,479801344,1290878976
611863.576,525189120,479801344,1290878976
611973.487,525189120,479801344,1290878976
612084.007,525189120,479801344,1290878976
612188.177,525189120,479801344,1290878976
612302.922,525189120,479801344,1290878976
612413.040,542007296,490258432,1290878976
612519.165,659677184,579112960,1290878976
612635.216,794157056,669941760,1290878976
612743.153,794157056,669941760,1290878976
612858.961,525189120,479809536,1290878976
612973.126,526626816,480337920,1290878976
613083.445,525484032,479776768,1290878976
613192.992,525484032,479776768,1290878976
613299.532,525484032,479776768,1290878976
613409.499,525484032,479776768,1290878976
613523.684,526635008,480931840,1290878976
613638.553,525492224,479789056,1290878976
613763.488,526635008,480931840,1290878976
613873.416,525492224,479854592,1290878976
613993.307,525492224,479854592,1290878976
614099.648,525492224,479854592,1290878976
614219.178,525492224,479854592,1290878976
614333.783,525492224,479854592,1290878976
614443.338,525492224,479854592,1290878976
614553.687,525492224,479854592,1290878976
614663.408,526635008,480890880,1290878976
614768.846,525492224,479854592,1290878976
614889.696,525492224,479854592,1290878976
614993.519,525492224,479854592,1290878976
615103.276,526635008,480997376,1290878976
615213.256,525492224,479854592,1290878976
615313.573,526635008,480997376,1290878976
615438.928,525492224,479854592,1290878976
615553.713,526635008,480997376,1290878976
615659.047,525492224,479854592,1290878976
615773.508,526635008,480694272,1290878976
615883.456,525492224,479858688,1290878976
615994.424,525492224,479858688,1290878976
616103.670,525492224,479858688,1290878976
616214.175,525492224,479858688,1290878976
616323.487,525492224,479858688,1290878976
616424.120,516734976,484646912,1290878976
616533.859,522747904,484380672,1290878976
616643.766,522747904,484397056,1290878976
616753.648,522747904,484397056,1290878976
616863.413,522747904,484401152,1290878976
616973.098,522747904,484401152,1290878976
617083.992,516624384,485539840,1290878976
617203.884,524644352,486637568,1290878976
617303.722,524963840,486641664,1290878976
617409.075,524963840,486658048,1290878976
617523.445,526106624,486813696,1290878976
617633.886,516952064,487776256,1290878976
617743.850,527867904,487956480,1290878976
617853.598,529010688,489099264,1290878976
617959.562,527867904,487956480,1290878976
618063.373,529010688,488169472,1290878976
618178.389,527867904,487956480,1290878976
618283.571,529010688,489099264,1290878976
618409.287,527867904,487956480,1290878976
618523.363,527867904,487956480,1290878976
618639.890,527867904,487956480,1290878976
618763.413,527867904,487956480,1290878976
618873.455,527867904,487956480,1290878976
618973.275,527867904,487956480,1290878976
619083.270,527867904,487956480,1290878976
619193.591,527867904,487956480,1290878976
619304.199,527867904,487964672,1290878976
619414.453,530006016,488001536,1290878976
619523.886,530006016,488001536,1290878976
619639.603,530006016,488001536,1290878976
619749.566,530006016,488001536,1290878976
619869.161,530006016,488009728,1290878976
619967.955,530006016,488009728,1290878976
620077.281,530006016,488009728,1290878976
620192.344,530006016,488009728,1290878976
620298.989,530006016,488009728,1290878976
620409.796,530010112,488013824,1290878976
620523.489,534216704,491069440,1290878976
620629.692,664498176,580358144,1290878976
620739.908,798978048,675864576,1290878976
620853.966,798978048,691200000,1290878976
620954.139,530018304,488083456,1290878976
621069.102,530018304,488083456,1290878976
621179.808,530018304,488148992,1290878976
621289.364,530018304,488148992,1290878976
621399.744,530018304,488148992,1290878976
621503.328,530866176,488148992,1290878976
621613.223,530866176,488148992,1290878976
621723.204,530866176,488148992,1290878976
621839.658,530866176,488148992,1290878976
621943.284,532008960,489291776,1290878976
622049.364,530866176,488148992,1290878976
622158.922,532008960,489291776,1290878976
622274.601,530866176,488148992,1290878976
622384.341,532008960,489295872,1290878976
622493.818,530866176,488153088,1290878976
622603.779,532008960,489295872,1290878976
622704.233,530866176,488153088,1290878976
622813.767,532008960,489295872,1290878976
622934.960,530866176,488153088,1290878976
623044.133,537903104,493453312,1290878976
623143.998,534417408,492146688,1290878976
623264.128,534417408,492208128,1290878976
623369.496,534417408,492212224,1290878976
623473.555,534417408,492220416,1290878976
623583.407,534417408,492220416,1290878976
623694.013,534417408,492220416,1290878976
623803.974,534417408,492220416,1290878976
623914.207,534417408,492220416,1290878976
624024.395,535560192,493363200,1290878976
624130.191,535437312,507531264,1290878976
624239.868,528642048,494387200,1290878976
624349.213,529788928,495579136,1290878976
624453.412,530968576,494448640,1290878976
624569.063,530968576,494452736,1290878976
624673.605,530968576,494452736,1290878976
624783.690,530968576,494452736,1290878976
624894.085,521908224,495833088,1290878976
625004.381,530206720,494264320,1290878976
625113.904,530206720,494301184,1290878976
625220.253,530206720,494301184,1290878976
625334.478,530206720,494301184,1290878976
625444.700,525430784,494608384,1290878976
625553.968,532111360,494428160,1290878976
625670.087,532111360,494436352,1290878976
625799.433,533258240,494727168,1290878976
625914.005,532111360,494436352,1290878976
626023.943,533258240,495263744,1290878976
626129.809,532111360,494501888,1290878976
626244.207,532111360,494501888,1290878976
626349.686,532111360,494501888,1290878976
626453.590,532111360,494501888,1290878976
626564.137,534245376,494530560,1290878976
626673.675,534245376,494530560,1290878976
626784.032,534245376,494530560,1290878976
626894.339,535388160,495673344,1290878976
627004.234,534245376,494530560,1290878976
627114.486,534245376,494530560,1290878976
627224.266,534245376,494530560,1290878976
627333.765,535388160,495673344,1290878976
627440.218,534245376,494530560,1290878976
627549.493,535388160,495673344,1290878976
627659.468,534245376,494530560,1290878976
627769.627,534245376,494530560,1290878976
627883.308,534245376,494530560,1290878976
627994.022,534245376,494530560,1290878976
628104.594,534245376,494530560,1290878976
628214.655,534245376,494530560,1290878976
628320.145,534245376,494530560,1290878976
628425.011,534245376,494530560,1290878976
628546.028,601493504,528429056,1290878976
628647.066,668733440,618864640,1290878976
628754.227,803213312,697638912,1290878976
628870.177,803213312,697638912,1290878976
628980.338,534245376,494534656,1290878976
629089.559,534245376,494534656,1290878976
629194.815,547999744,508301312,1290878976
629300.243,534814720,495132672,1290878976
629409.304,534814720,495132672,1290878976
629529.500,534814720,495132672,1290878976
629629.695,534814720,495132672,1290878976
629744.076,534814720,495132672,1290878976
629847.009,534814720,495132672,1290878976
629964.560,535957504,496275456,1290878976
630070.734,534814720,495132672,1290878976
630180.001,534814720,495132672,1290878976
630284.160,535957504,495480832,1290878976
630394.435,534814720,495132672,1290878976
630503.801,534814720,495132672,1290878976
630613.491,534814720,495132672,1290878976
630724.110,535957504,495341568,1290878976
630829.309,534814720,495132672,1290878976
630940.257,522850304,496562176,1290878976
631054.299,528420864,498671616,1290878976
631163.809,531333120,498765824,1290878976
631269.571,531333120,498765824,1290878976
631383.890,534802432,499916800,1290878976
631495.466,525221888,499871744,1290878976
631594.605,534683648,499974144,1290878976
631715.508,534683648,499978240,1290878976
631834.542,534683648,499978240,1290878976
631944.283,535830528,501121024,1290878976
632053.706,534683648,499978240,1290878976
632159.766,534683648,499978240,1290878976
632273.677,533610496,499757056,1290878976
632383.744,534757376,499761152,1290878976
632499.751,533610496,499757056,1290878976
632603.510,533610496,499757056,1290878976
632709.042,536678400,500903936,1290878976
632813.731,535535616,499830784,1290878976
632929.547,537669632,499875840,1290878976
633034.796,538816512,500060160,1290878976
633154.971,537669632,499892224,1290878976
633260.359,538816512,501035008,1290878976
633364.490,537669632,499896320,1290878976
633474.351,537669632,499896320,1290878976
633579.587,537669632,499896320,1290878976
633709.116,537669632,499896320,1290878976
633818.634,537669632,499896320,1290878976
633929.430,537669632,499900416,1290878976
634033.428,537669632,499900416,1290878976
634159.514,537669632,499904512,1290878976
634273.452,538726400,500912128,1290878976
634384.120,672157696,598052864,1290878976
634490.181,806637568,688390144,1290878976
634594.369,806637568,688390144,1290878976
634705.092,537681920,499937280,1290878976
634814.698,537681920,499949568,1290878976
634924.622,537681920,499949568,1290878976
635034.313,537681920,499949568,1290878976
635150.379,537681920,499949568,1290878976
635254.074,537681920,499949568,1290878976
635364.450,537681920,499953664,1290878976
635470.020,538828800,499974144,1290878976
635590.439,537681920,499965952,1290878976
635693.797,538828800,501108736,1290878976
635810.540,537681920,499965952,1290878976
635920.208,537681920,499970048,1290878976
636020.285,537681920,499970048,1290878976
636134.775,537681920,499970048,1290878976
636236.465,537681920,499970048,1290878976
636344.634,537681920,499970048,1290878976
636454.537,537681920,499970048,1290878976
636564.611,537681920,499970048,1290878976
636674.294,537681920,499970048,1290878976
636784.693,537681920,499970048,1290878976
636894.595,537681920,499970048,1290878976
637004.219,537681920,499970048,1290878976
637114.654,537681920,499970048,1290878976
637224.537,537681920,499970048,1290878976
637340.188,537681920,499970048,1290878976
637451.053,537698304,500559872,1290878976
637570.612,537804800,514428928,1290878976
637691.032,531386368,501358592,1290878976
637800.774,531386368,501379072,1290878976
637914.557,531386368,501383168,1290878976
638024.418,531386368,501383168,1290878976
638140.053,531386368,501387264,1290878976
638245.749,544628736,514867200,1290878976
638354.968,537817088,514818048,1290878976
638460.675,528490496,501714944,1290878976
638570.670,528490496,501727232,1290878976
638675.444,529264640,501727232,1290878976
638785.079,530407424,501866496,1290878976
638895.208,529264640,501735424,1290878976
639005.697,531599360,501780480,1290878976
639120.979,531599360,501780480,1290878976
639226.884,531599360,501780480,1290878976
639334.484,531599360,501780480,1290878976
639443.647,531599360,501780480,1290878976
639553.479,531599360,501780480,1290878976
639665.059,531599360,501780480,1290878976
639770.172,531599360,501780480,1290878976
639884.529,533721088,501788672,1290878976
639990.058,533721088,501788672,1290878976
640100.076,533721088,501788672,1290878976
640204.638,535650304,501825536,1290878976
640315.402,535650304,501825536,1290878976
640424.671,549797888,515981312,1290878976
640535.033,536600576,502820864,1290878976
640644.924,537747456,503975936,1290878976
640755.072,536600576,502837248,1290878976
640870.381,536600576,502837248,1290878976
640970.509,536600576,502837248,1290878976
641090.627,536600576,502837248,1290878976
641194.594,536600576,502837248,1290878976
641305.174,536600576,502837248,1290878976
641421.447,536600576,502837248,1290878976
641536.193,536600576,502837248,1290878976
641647.178,536600576,502837248,1290878976
641755.344,537747456,503980032,1290878976
641865.482,536600576,502837248,1290878976
641974.904,536600576,502837248,1290878976
642085.172,536600576,502837248,1290878976
642201.933,536600576,502837248,1290878976
642315.238,537747456,503980032,1290878976
642425.093,536600576,502837248,1290878976
642535.018,671088640,575352832,1290878976
642645.257,805568512,671023104,1290878976
642765.277,805568512,704577536,1290878976
642865.421,536600576,502837248,1290878976
642980.949,536600576,502845440,1290878976
643085.813,539516928,502849536,1290878976
643192.117,538447872,502669312,1290878976
643301.572,539590656,502906880,1290878976
643411.510,538447872,502669312,1290878976
643527.554,538447872,502669312,1290878976
643635.634,538447872,502669312,1290878976
643735.587,538447872,502669312,1290878976
643844.805,539590656,503603200,1290878976
643955.488,539127808,502673408,1290878976
644065.579,539127808,502673408,1290878976
644175.335,540270592,503816192,1290878976
644285.272,539127808,502673408,1290878976
644405.514,539127808,502738944,1290878976
644525.774,539127808,502738944,1290878976
644635.402,539127808,502738944,1290878976
644745.090,539127808,502738944,1290878976
644845.737,539127808,502738944,1290878976
644956.531,395698176,398942208,1290878976
645065.286,403636224,401371136,1290878976
645175.565,406052864,403218432,1290878976
645300.846,408342528,404344832,1290878976
645415.427,408842240,404348928,1290878976
645526.578,426422272,422580224,1290878976
645635.767,409427968,411136000,1290878976
645751.468,416944128,411246592,1290878976
645871.502,416944128,411246592,1290878976
645975.636,417914880,411725824,1290878976
646085.917,419057664,412028928,1290878976
646191.780,417931264,411746304,1290878976
646305.857,417931264,411750400,1290878976
646415.497,417931264,411750400,1290878976
646526.416,417931264,411750400,1290878976
646641.472,417947648,411766784,1290878976
646757.363,420122624,411766784,1290878976
646871.420,420122624,411766784,1290878976
646983.974,422244352,411832320,1290878976
647086.134,424689664,412569600,1290878976
647196.052,423559168,412205056,1290878976
647311.770,423997440,412217344,1290878976
647425.508,423997440,412217344,1290878976
647535.624,424419328,412217344,1290878976
647641.888,425570304,413364224,1290878976
647751.450,424427520,412229632,1290878976
647866.556,425582592,413003776,1290878976
647975.899,424439808,412233728,1290878976
648081.490,424448000,412241920,1290878976
648190.731,424448000,412241920,1290878976
648311.525,424448000,412241920,1290878976
648441.895,426397696,412266496,1290878976
648556.129,427540480,413343744,1290878976
648671.843,426397696,412278784,1290878976
648785.810,426397696,412278784,1290878976
648891.630,426397696,412278784,1290878976
649007.326,426397696,412278784,1290878976
649111.794,426401792,412413952,1290878976
649226.027,427544576,413450240,1290878976
649336.024,426401792,412413952,1290878976
649445.705,426401792,412418048,1290878976
649561.965,426401792,412418048,1290878976
649686.137,426401792,412418048,1290878976
649786.137,427544576,413560832,1290878976
649895.804,426401792,412418048,1290878976
650001.390,460189696,442896384,1290878976
650115.965,561049600,515833856,1290878976
650221.981,695529472,577798144,1290878976
650335.676,695529472,600866816,1290878976
650446.021,426622976,413032448,1290878976
650556.137,426692608,413052928,1290878976
650661.660,426786816,413126656,1290878976
650781.279,426786816,413126656,1290878976
650892.022,426786816,413126656,1290878976
651011.814,426799104,413126656,1290878976
651125.818,426799104,413126656,1290878976
651235.836,427290624,413126656,1290878976
651351.742,427290624,413126656,1290878976
651456.446,427290624,413126656,1290878976
651566.265,427290624,413192192,1290878976
651676.946,427290624,413204480,1290878976
651792.862,427290624,413204480,1290878976
651896.154,427302912,413216768,1290878976
652006.001,427302912,413216768,1290878976
652122.618,427302912,413216768,1290878976
652226.493,427302912,413237248,1290878976
652335.911,427302912,413319168,1290878976
652446.155,427302912,413319168,1290878976
652555.738,427896832,413388800,1290878976
652666.121,427896832,413388800,1290878976
652776.233,427896832,413388800,1290878976
652882.219,428507136,413388800,1290878976
653001.824,428507136,413401088,1290878976
653124.568,428507136,413401088,1290878976
653242.851,429137920,413401088,1290878976
653346.275,429137920,413466624,1290878976
653456.303,430190592,414093312,1290878976
653566.306,429797376,413532160,1290878976
653676.172,429797376,413532160,1290878976
653791.386,429797376,413532160,1290878976
653901.947,430477312,413532160,1290878976
654006.119,430477312,413532160,1290878976
654116.454,430477312,413532160,1290878976
654232.387,431173632,413548544,1290878976
654359.427,431173632,413548544,1290878976
654466.077,431173632,413614080,1290878976
654572.319,426418176,423202816,1290878976
654677.606,427692032,425218048,1290878976
654783.469,428707840,425263104,1290878976
654895.814,428707840,425283584,1290878976
655002.102,428707840,425291776,1290878976
655115.963,429441024,425357312,1290878976
655226.038,429441024,425373696,1290878976
655335.855,430161920,425881600,1290878976
655446.089,430161920,425885696,1290878976
655561.517,430161920,425897984,1290878976
655666.223,430161920,425902080,1290878976
655771.789,432640000,429936640,1290878976
655882.224,434999296,430903296,1290878976
655992.120,437567488,431034368,1290878976
656112.437,437567488,431149056,1290878976
656226.114,438349824,431218688,1290878976
656341.487,438349824,431222784,1290878976
656446.495,436686848,434147328,1290878976
656562.255,440602624,434262016,1290878976
656683.634,440602624,434294784,1290878976
656802.246,443744256,434319360,1290878976
656916.274,443744256,434319360,1290878976
657025.809,444551168,434319360,1290878976
657135.718,445693952,435462144,1290878976
657236.008,444551168,434319360,1290878976
657351.861,447496192,434343936,1290878976
657456.097,448638976,435486720,1290878976
657571.794,447496192,434343936,1290878976
657676.623,448319488,434348032,1290878976
657791.625,449462272,435040256,1290878976
657895.428,448319488,434413568,1290878976
658006.064,448319488,434429952,1290878976
658111.612,448319488,434495488,1290878976
658232.052,448319488,434495488,1290878976
658341.398,448319488,434499584,1290878976
658452.549,449462272,434950144,1290878976
658566.025,448319488,434499584,1290878976
658675.894,448319488,434499584,1290878976
658791.594,448319488,434499584,1290878976
658896.082,448319488,434507776,1290878976
659012.254,448319488,434573312,1290878976
659126.499,448319488,434581504,1290878976
659236.396,448319488,434581504,1290878976
659355.934,449167360,434593792,1290878976
659466.012,449167360,434593792,1290878976
659572.116,449167360,434593792,1290878976
659675.961,449167360,434593792,1290878976
659792.456,449167360,434634752,1290878976
659906.050,449167360,434642944,1290878976
660006.013,449167360,434642944,1290878976
660116.113,449167360,434647040,1290878976
660226.207,451125248,434708480,1290878976
660336.155,451125248,434712576,1290878976
660452.015,452268032,434716672,1290878976
660562.179,453300224,434716672,1290878976
660683.129,453300224,434728960,1290878976
660786.941,454443008,435150848,1290878976
660892.012,453300224,434728960,1290878976
661012.121,453300224,434737152,1290878976
661116.297,453300224,434737152,1290878976
661236.173,453300224,434737152,1290878976
661356.519,453300224,434761728,1290878976
661472.244,453300224,434761728,1290878976
661588.348,461533184,442847232,1290878976
661696.353,456613888,437932032,1290878976
661804.544,456613888,437964800,1290878976
661922.045,490242048,462843904,1290878976
662022.718,591101952,516186112,1290878976
662134.997,725581824,581242880,1290878976
662246.429,725581824,638849024,1290878976
662355.859,725581824,638849024,1290878976
662466.313,523862016,489058304,1290878976
662576.176,591101952,563544064,1290878976
662676.230,725581824,623304704,1290878976
662782.257,769716224,673271808,1290878976
662902.223,857890816,765489152,1290878976
663006.280,951451648,856322048,1290878976
663116.257,1040420864,950198272,1290878976
663232.923,1147314176,1051037696,1290878976
663347.106,1237790720,1138622464,1290878976
663466.928,1024909312,989298688,1290878976
663582.814,1193013248,1049149440,1290878976
663694.486,1125769216,1073065984,1290878976
663798.334,1260249088,1094234112,1290878976
663922.774,1239179264,1076244480,1290878976
664036.221,1007652864,853475328,1290878976
664153.377,873455616,853417984,1290878976
664256.426,873455616,853417984,1290878976
664372.640,940703744,887906304,1290878976
664489.438,1007943680,961368064,1290878976
664597.029,1142423552,1023238144,1290878976
664706.641,1142423552,1054367744,1290878976
664816.532,738684928,718962688,1290878976
664926.408,805933056,764121088,1290878976
665036.252,873172992,838950912,1290878976
665146.488,1007652864,904978432,1290878976
665261.946,1007652864,919855104,1290878976
665366.376,738684928,719101952,1290878976
665482.277,737611776,718766080,1290878976
665592.111,737611776,718827520,1290878976
665696.343,737611776,718934016,1290878976
665797.834,737742848,719081472,1290878976
665911.884,737763328,719097856,1290878976
666017.044,737763328,719110144,1290878976
666127.271,737763328,719110144,1290878976
666236.425,737763328,719114240,1290878976
666352.283,737763328,719114240,1290878976
666462.068,737763328,719114240,1290878976
666566.135,737763328,719114240,1290878976
666682.198,737763328,719114240,1290878976
666786.384,737763328,719114240,1290878976
666896.821,737763328,719114240,1290878976
667004.965,737763328,719114240,1290878976
667123.095,737763328,719114240,1290878976
667231.673,737763328,719114240,1290878976
667336.719,737763328,719179776,1290878976
667438.338,737763328,719179776,1290878976
667556.457,737763328,719179776,1290878976
667667.078,737763328,719179776,1290878976
667782.576,737763328,719179776,1290878976
667891.916,737763328,719179776,1290878976
668010.606,737763328,719179776,1290878976
668115.960,737763328,719179776,1290878976
668235.931,737763328,719179776,1290878976
668352.349,737763328,719179776,1290878976
668458.420,737763328,719179776,1290878976
668566.436,737763328,719179776,1290878976
668686.892,737763328,719179776,1290878976
668807.035,738906112,719425536,1290878976
668916.998,737763328,719179776,1290878976
669023.173,737763328,719179776,1290878976
669136.704,737763328,719179776,1290878976
669243.090,737763328,719200256,1290878976
669346.920,723398656,718159872,1290878976
669456.506,725590016,718249984,1290878976
669566.513,728252416,716255232,1290878976
669676.729,729395200,717426688,1290878976
669787.606,728252416,716283904,1290878976
669896.605,730587136,716283904,1290878976
670006.580,730587136,716283904,1290878976
670112.237,730587136,716283904,1290878976
670222.986,730587136,716283904,1290878976
670336.790,730554368,716267520,1290878976
670446.853,730554368,716267520,1290878976
670556.776,721285120,716349440,1290878976
670667.107,723484672,716525568,1290878976
670775.569,726880256,712962048,1290878976
670886.773,728027136,713379840,1290878976
670996.710,726880256,712978432,1290878976
671102.939,726880256,713048064,1290878976
671206.958,726880256,713048064,1290878976
671326.829,726880256,713052160,1290878976
671427.255,726880256,713052160,1290878976
671536.976,726880256,713052160,1290878976
671647.685,726880256,713052160,1290878976
671752.707,728989696,713080832,1290878976
671866.949,728989696,713080832,1290878976
671976.661,728989696,713080832,1290878976
672092.292,728989696,713080832,1290878976
672207.427,728989696,713080832,1290878976
672318.718,728989696,713080832,1290878976
672422.678,728989696,713080832,1290878976
672542.552,728989696,713080832,1290878976
672646.654,728989696,713080832,1290878976
672757.143,728989696,713080832,1290878976
672867.212,728989696,713080832,1290878976
672972.796,730136576,714223616,1290878976
673085.896,728989696,713080832,1290878976
673196.845,728989696,713080832,1290878976
673312.994,730136576,714223616,1290878976
673423.027,728989696,713080832,1290878976
673533.132,728989696,713080832,1290878976
673647.063,730136576,714223616,1290878976
673752.751,728989696,713080832,1290878976
673873.014,728989696,713080832,1290878976
673979.120,730136576,714223616,1290878976
674093.721,728989696,713080832,1290878976
674222.902,728989696,713080832,1290878976
674337.094,730136576,714223616,1290878976
674446.778,728989696,713080832,1290878976
674552.778,728989696,713080832,1290878976
674663.373,728989696,713080832,1290878976
674773.101,728989696,713080832,1290878976
674882.998,728989696,713080832,1290878976
674996.974,728989696,713080832,1290878976
675111.635,728989696,713080832,1290878976
675233.737,728989696,713080832,1290878976
675342.826,728989696,713080832,1290878976
675447.297,728989696,713080832,1290878976
675557.094,730955776,713097216,1290878976
675672.946,730968064,713113600,1290878976
675787.134,732114944,714256384,1290878976
675897.196,730968064,713113600,1290878976
676007.269,730968064,713113600,1290878976
676113.134,732114944,714256384,1290878976
676231.781,744407040,726847488,1290878976
676337.035,728129536,713371648,1290878976
676446.564,728129536,713379840,1290878976
676557.061,729272320,714530816,1290878976
676666.858,728129536,713392128,1290878976
676782.697,728129536,713392128,1290878976
676897.419,728129536,713392128,1290878976
677013.595,728129536,713392128,1290878976
677127.374,728129536,713392128,1290878976
677242.763,732336128,717107200,1290878976
677346.981,795377664,779988992,1290878976
677464.370,1131581440,893030400,1290878976
677567.407,997097472,914141184,1290878976
677682.265,997097472,914141184,1290878976
677787.321,728129536,713396224,1290878976
677896.692,728129536,713400320,1290878976
678007.454,728129536,713465856,1290878976
678123.807,729272320,714608640,1290878976
678247.805,728129536,713465856,1290878976
678346.888,728129536,713465856,1290878976
678456.750,728129536,713465856,1290878976
678567.253,728137728,713486336,1290878976
678673.495,728137728,713490432,1290878976
678787.954,728137728,713490432,1290878976
678903.576,728137728,713494528,1290878976
679007.152,728137728,713494528,1290878976
679112.501,728137728,713494528,1290878976
679234.292,728137728,713494528,1290878976
679353.249,728137728,713494528,1290878976
679457.604,728137728,713494528,1290878976
679577.889,728137728,713494528,1290878976
679682.913,728137728,713494528,1290878976
679793.090,731103232,713531392,1290878976
679897.090,731103232,713531392,1290878976
680007.443,744505344,727040000,1290878976
680117.338,716349440,707325952,1290878976
680231.869,717492224,707452928,1290878976
680346.874,716349440,707346432,1290878976
680456.615,716349440,707346432,1290878976
680567.622,716349440,707350528,1290878976
680677.485,720498688,707448832,1290878976
680783.079,720576512,707633152,1290878976
680897.459,710819840,707198976,1290878976
681007.490,393789440,392785920,1290878976
681122.712,399572992,397279232,1290878976
681247.199,399028224,396242944,1290878976
681352.565,400908288,396972032,1290878976
681457.530,399806464,396820480,1290878976
681567.358,400310272,396840960,1290878976
681677.056,400310272,396840960,1290878976
681787.452,401301504,397340672,1290878976
681905.229,401301504,397340672,1290878976
682027.776,403877888,397365248,1290878976
682137.851,403877888,397365248,1290878976
682242.960,404316160,397385728,1290878976
682347.349,405463040,398528512,1290878976
682457.315,404742144,397385728,1290878976
682567.830,405889024,398528512,1290878976
682677.302,407076864,397410304,1290878976
682792.954,407511040,397430784,1290878976
682897.573,407511040,397430784,1290878976
683013.855,409079808,398585856,1290878976
683137.472,408334336,397459456,1290878976
683252.319,408334336,397459456,1290878976
683368.084,409886720,397766656,1290878976
683473.219,408739840,397467648,1290878976
683587.443,409145344,397479936,1290878976
683693.048,409145344,397479936,1290878976
683807.518,410955776,397492224,1290878976
683917.703,412102656,398635008,1290878976
684033.258,411418624,397500416,1290878976
684143.736,413122560,398397440,1290878976
684263.675,411975680,397574144,1290878976
684393.536,411983872,397586432,1290878976
684503.217,411983872,397586432,1290878976
684617.628,411987968,397598720,1290878976
684727.806,412000256,397619200,1290878976
684837.762,412758016,398102528,1290878976
684948.165,480006144,445083648,1290878976
685058.062,547246080,517648384,1290878976
685163.993,681725952,579469312,1290878976
685292.735,681725952,584187904,1290878976
685393.828,412262400,398262272,1290878976
685507.474,412262400,398262272,1290878976
685617.306,413487104,399462400,1290878976
685723.120,412381184,398360576,1290878976
685839.094,412409856,398393344,1290878976
685942.683,412409856,398393344,1290878976
686047.774,412409856,398393344,1290878976
686157.279,412409856,398393344,1290878976
686267.066,412409856,398393344,1290878976
686393.595,414818304,398417920,1290878976
686507.754,417193984,398966784,1290878976
686623.647,416047104,398499840,1290878976
686744.066,416067584,398528512,1290878976
686847.944,417558528,398745600,1290878976
686957.533,418045952,398790656,1290878976
687072.478,419192832,399933440,1290878976
687177.886,419569664,399314944,1290878976
687296.347,419569664,399380480,1290878976
687416.295,419569664,399380480,1290878976
687527.299,419569664,399400960,1290878976
687628.051,419569664,399421440,1290878976
687737.302,419569664,399433728,1290878976
687847.587,419569664,399441920,1290878976
687968.417,420716544,399577088,1290878976
688068.119,419569664,399511552,1290878976
688178.177,420163584,399597568,1290878976
688287.446,420163584,399597568,1290878976
688402.893,420163584,399613952,1290878976
688513.046,420773888,399613952,1290878976
688623.620,421920768,400564224,1290878976
688727.066,420773888,399613952,1290878976
688837.978,421404672,399613952,1290878976
688947.563,422551552,400822272,1290878976
689047.078,421404672,399679488,1290878976
689157.848,422060032,399745024,1290878976
689268.195,423206912,400056320,1290878976
689378.201,455172096,432467968,1290878976
689500.593,430022656,420397056,1290878976
689604.005,440463360,420544512,1290878976
689717.723,440463360,420601856,1290878976
689823.328,442290176,420700160,1290878976
689927.143,442290176,420700160,1290878976
690037.113,442290176,420773888,1290878976
690143.445,441348096,420442112,1290878976
690262.314,441348096,420442112,1290878976
690367.166,442101760,420704256,1290878976
690474.183,449884160,436178944,1290878976
690587.873,445755392,422866944,1290878976
690698.248,445755392,422903808,1290878976
690808.137,445755392,422916096,1290878976
690918.236,445755392,422981632,1290878976
691032.901,446898176,423710720,1290878976
691148.222,447864832,422998016,1290878976
691263.932,449007616,424206336,1290878976
691377.559,447864832,423063552,1290878976
691503.591,447864832,423063552,1290878976
691623.207,449007616,424271872,1290878976
691733.517,448663552,423133184,1290878976
691837.659,448663552,423133184,1290878976
691948.097,448663552,423133184,1290878976
692058.159,449466368,423133184,1290878976
692163.867,449466368,423133184,1290878976
692267.308,449466368,423133184,1290878976
692393.800,450285568,423137280,1290878976
692507.966,450285568,423202816,1290878976
692617.322,450285568,423202816,1290878976
692734.025,451108864,423202816,1290878976
692853.765,451108864,423268352,1290878976
692957.772,451940352,423268352,1290878976
693067.653,451940352,423268352,1290878976
693177.242,451940352,423268352,1290878976
693287.699,455110656,423313408,1290878976
693400.748,456253440,423407616,1290878976
693504.052,455110656,423313408,1290878976
693617.873,455954432,423313408,1290878976
693727.913,455954432,423313408,1290878976
693843.354,455954432,423313408,1290878976
693947.451,456802304,423313408,1290878976
694063.252,456802304,423313408,1290878976
694182.964,456802304,423313408,1290878976
694287.703,457658368,423321600,1290878976
694393.127,457658368,423321600,1290878976
694507.908,457658368,423321600,1290878976
694634.340,458514432,423329792,1290878976
694747.819,459657216,423632896,1290878976
694848.079,458514432,423329792,1290878976
694957.858,458514432,423337984,1290878976
695063.513,459657216,423489536,1290878976
695177.818,458514432,423337984,1290878976
695283.464,458514432,423337984,1290878976
695402.825,458514432,423346176,1290878976
695513.503,458518528,423350272,1290878976
695617.068,458518528,423350272,1290878976
695723.345,458518528,423366656,1290878976
695837.737,458518528,423370752,1290878976
695947.829,458518528,423370752,1290878976
696057.302,458518528,423370752,1290878976
696168.630,458518528,423370752,1290878976
696279.299,458526720,423370752,1290878976
696398.388,525774848,484921344,1290878976
696509.162,861978624,613572608,1290878976
696618.489,727494656,623267840,1290878976
696728.151,727494656,623267840,1290878976
696843.985,458526720,423411712,1290878976
696947.561,459669504,424562688,1290878976
697047.881,458526720,423419904,1290878976
697173.883,460496896,424562688,1290878976
697288.116,461336576,423436288,1290878976
697398.792,462479360,424579072,1290878976
697504.087,461336576,423436288,1290878976
697617.721,462143488,423477248,1290878976
697723.492,462143488,423526400,1290878976
697837.807,462143488,423526400,1290878976
697943.197,462143488,423526400,1290878976
698053.696,462143488,423526400,1290878976
698163.305,462143488,423542784,1290878976
698268.035,462831616,423546880,1290878976
698377.366,463974400,424689664,1290878976
698487.819,462831616,423546880,1290878976
698604.952,463974400,424689664,1290878976
698709.480,462831616,423546880,1290878976
698828.373,462831616,423546880,1290878976
698938.210,463437824,423546880,1290878976
699048.145,463736832,423759872,1290878976
699158.526,457494528,426913792,1290878976
699279.063,465125376,426999808,1290878976
699403.209,465125376,427028480,1290878976
699513.579,465125376,427028480,1290878976
699617.618,465125376,427028480,1290878976
699727.609,465666048,427028480,1290878976
699838.148,465666048,427028480,1290878976
699949.037,460324864,428785664,1290878976
700058.735,469708800,429043712,1290878976
700164.815,470851584,430014464,1290878976
700268.740,470208512,429047808,1290878976
700386.400,471351296,429494272,1290878976
700494.329,472305664,429064192,1290878976
700598.139,472305664,429064192,1290878976
700713.928,472776704,429498368,1290878976
700818.290,472776704,429498368,1290878976
700927.974,473239552,429502464,1290878976
701037.872,473686016,429502464,1290878976
701143.701,473686016,429502464,1290878976
701253.743,475262976,430645248,1290878976
701372.716,474550272,429502464,1290878976
701477.654,473542656,429260800,1290878976
701588.657,473964544,429260800,1290878976
701698.287,473964544,429260800,1290878976
701808.431,473964544,429264896,1290878976
701918.770,474378240,429264896,1290878976
702034.348,474386432,429268992,1290878976
702153.962,474386432,429273088,1290878976
702258.495,474386432,429277184,1290878976
702368.487,475529216,430419968,1290878976
702478.350,474386432,429277184,1290878976
702593.988,474386432,429277184,1290878976
702704.713,474386432,429277184,1290878976
702818.886,474386432,429277184,1290878976
702934.091,475529216,429641728,1290878976
703044.284,474804224,429277184,1290878976
703154.532,475947008,430419968,1290878976
703268.505,474804224,429277184,1290878976
703377.359,474804224,429277184,1290878976
703487.768,474804224,429285376,1290878976
703613.632,483823616,434896896,1290878976
703728.635,609898496,529694720,1290878976
703838.360,744378368,614891520,1290878976
703944.048,744378368,614891520,1290878976
704048.178,475410432,429678592,1290878976
704168.414,477519872,430829568,1290878976
704268.740,476377088,429686784,1290878976
704388.652,476831744,429686784,1290878976
704488.235,476921856,430583808,1290878976
704598.572,475779072,429473792,1290878976
704703.920,475779072,429477888,1290878976
704814.259,475779072,429477888,1290878976
704928.496,475779072,429477888,1290878976
705044.183,476315648,429477888,1290878976
705147.943,476315648,429477888,1290878976
705263.788,477458432,430620672,1290878976
705368.030,478294016,429539328,1290878976
705477.622,479436800,430682112,1290878976
705589.151,465612800,431493120,1290878976
705698.539,469442560,431652864,1290878976
705808.952,469635072,431726592,1290878976
705914.928,471973888,431759360,1290878976
706018.603,473120768,432918528,1290878976
706134.929,472625152,431775744,1290878976
706239.508,473772032,432144384,1290878976
706344.740,481992704,447447040,1290878976
706458.994,476061696,434044928,1290878976
706568.011,476061696,434081792,1290878976
706678.808,476061696,434081792,1290878976
706788.310,476061696,434081792,1290878976
706899.079,476078080,434098176,1290878976
707015.107,487596032,446242816,1290878976
707134.457,476696576,434782208,1290878976
707238.730,477839360,435392512,1290878976
707344.712,476696576,434880512,1290878976
707458.672,476696576,434896896,1290878976
707574.948,478904320,434937856,1290878976
707679.003,482164736,434995200,1290878976
707784.475,482164736,434995200,1290878976
707898.921,482164736,434999296,1290878976
708008.337,482164736,434999296,1290878976
708120.368,483307520,436142080,1290878976
708228.742,482164736,434999296,1290878976
708328.265,483307520,436142080,1290878976
708440.312,482164736,435003392,1290878976
708548.585,483307520,435224576,1290878976
708658.371,482164736,435003392,1290878976
708769.376,483028992,436994048,1290878976
708889.002,484798464,438693888,1290878976
708999.394,486670336,438611968,1290878976
709104.370,487813120,438726656,1290878976
709208.808,486670336,438632448,1290878976
709314.920,487813120,439775232,1290878976
709428.842,486670336,438632448,1290878976
709543.692,487813120,439775232,1290878976
709654.706,486670336,438632448,1290878976
709763.957,487813120,439775232,1290878976
709874.379,486670336,438640640,1290878976
709978.489,487813120,439783424,1290878976
710091.362,489013248,438710272,1290878976
710205.095,490156032,439816192,1290878976
710319.075,489013248,438710272,1290878976
710424.547,490156032,439853056,1290878976
710539.071,489013248,438718464,1290878976
710648.400,490156032,439861248,1290878976
710758.492,489881600,438718464,1290878976
710864.486,489881600,438718464,1290878976
710973.825,489881600,438722560,1290878976
711077.322,489881600,438722560,1290878976
711196.917,489881600,438734848,1290878976
711307.934,489881600,438743040,1290878976
711408.143,489881600,438743040,1290878976
711524.200,498294784,445087744,1290878976
711629.399,624369664,518270976,1290878976
711740.840,758849536,595529728,1290878976
711848.731,758849536,638128128,1290878976
711959.023,489881600,438747136,1290878976
712068.490,491024384,439889920,1290878976
712174.525,489881600,438747136,1290878976
712284.069,489881600,438747136,1290878976
712403.943,489881600,438755328,1290878976
712507.932,491024384,439898112,1290878976
712624.188,489881600,438755328,1290878976
712728.193,489881600,438755328,1290878976
712828.109,489881600,438755328,1290878976
712944.077,489881600,438755328,1290878976
713048.107,490545152,438755328,1290878976
713159.630,490545152,438755328,1290878976
713279.612,493162496,438763520,1290878976
713385.220,494546944,453443584,1290878976
713487.814,490221568,440078336,1290878976
713598.057,490221568,440107008,1290878976
713707.580,490221568,440107008,1290878976
713824.853,491364352,441249792,1290878976
713929.292,489250816,441417728,1290878976
714038.669,489250816,441446400,1290878976
714143.973,493465600,441520128,1290878976
714258.612,493465600,441524224,1290878976
714365.260,493465600,441524224,1290878976
714479.015,494608384,441802752,1290878976
714594.359,493465600,441528320,1290878976
714709.990,493465600,441528320,1290878976
714819.496,494608384,442515456,1290878976
714928.692,493465600,441528320,1290878976
715039.367,493465600,441528320,1290878976
715148.932,494608384,442671104,1290878976
715258.265,493465600,441528320,1290878976
715363.887,492392448,441278464,1290878976
715478.486,493535232,442421248,1290878976
715604.925,492392448,441278464,1290878976
715709.230,494608384,441319424,1290878976
715814.345,495751168,442462208,1290878976
715928.664,494608384,441319424,1290878976
716034.365,494608384,441319424,1290878976
716148.557,495751168,442462208,1290878976
716259.460,494608384,441319424,1290878976
716365.156,495751168,442208256,1290878976
716481.152,494608384,441319424,1290878976
716595.349,494608384,441319424,1290878976
716708.789,495751168,442462208,1290878976
716818.341,494608384,441319424,1290878976
716923.834,494608384,441319424,1290878976
717032.929,494608384,441319424,1290878976
717147.751,494608384,441384960,1290878976
717263.753,494608384,441384960,1290878976
717367.852,528236544,460591104,1290878976
717479.567,629096448,562098176,1290878976
717587.894,763576320,626192384,1290878976
717700.683,763576320,501751808,1290878976
717810.221,494608384,441405440,1290878976
717915.362,495751168,442552320,1290878976
718029.187,494608384,441409536,1290878976
718129.061,495751168,441561088,1290878976
718240.927,494608384,441413632,1290878976
718349.233,494608384,441413632,1290878976
718454.966,494608384,441413632,1290878976
718569.031,494608384,441413632,1290878976
718679.247,495149056,441413632,1290878976
718794.812,495149056,441413632,1290878976
718914.858,495149056,441413632,1290878976
719034.932,495149056,441413632,1290878976
719155.007,496291840,442556416,1290878976
719259.200,495149056,441413632,1290878976
719369.775,496291840,442560512,1290878976
719469.695,495149056,441417728,1290878976
719579.390,495149056,441417728,1290878976
719689.738,495149056,441425920,1290878976
719799.897,484667392,444620800,1290878976
719925.858,494682112,444731392,1290878976
720045.569,494682112,444751872,1290878976
720149.253,495824896,445894656,1290878976
720259.425,494682112,444751872,1290878976
720368.903,495824896,445894656,1290878976
720479.578,500609024,459685888,1290878976
720595.553,498708480,446316544,1290878976
720709.529,499851264,447488000,1290878976
720825.429,500588544,446398464,1290878976
720929.733,500588544,446406656,1290878976
721039.732,500588544,446414848,1290878976
721145.218,500588544,446414848,1290878976
721255.012,500588544,446414848,1290878976
721374.603,501731328,446627840,1290878976
721479.339,500588544,446414848,1290878976
721578.331,501731328,447557632,1290878976
721689.261,500588544,446414848,1290878976
721798.826,501731328,447557632,1290878976
721919.415,500588544,446414848,1290878976
722019.319,500588544,446414848,1290878976
722129.191,500588544,446418944,1290878976
722239.915,501731328,447561728,1290878976
722355.440,500588544,446418944,1290878976
722465.615,501731328,446902272,1290878976
722579.584,500588544,446418944,1290878976
722689.334,501731328,447561728,1290878976
722799.490,500588544,446418944,1290878976
722909.061,501731328,447045632,1290878976
723019.271,500588544,446418944,1290878976
723139.961,500588544,446418944,1290878976
723239.792,500588544,446418944,1290878976
723345.480,501731328,447561728,1290878976
723459.529,500588544,446423040,1290878976
723568.162,501731328,447565824,1290878976
723679.621,500588544,446427136,1290878976
723795.587,500588544,446427136,1290878976
723899.747,500588544,446427136,1290878976
724005.994,500588544,446427136,1290878976
724115.279,501731328,447569920,1290878976
724220.178,500588544,446492672,1290878976
724334.939,501731328,447635456,1290878976
724439.136,500588544,446496768,1290878976
724558.295,500588544,446496768,1290878976
724668.341,500588544,446496768,1290878976
724785.294,500588544,446500864,1290878976
724898.829,500588544,446500864,1290878976
725009.395,500588544,446504960,1290878976
725120.079,500588544,446504960,1290878976
725230.580,534216704,469098496,1290878976
725339.661,635076608,556187648,1290878976
725455.513,769556480,644931584,1290878976
725569.740,769556480,644931584,1290878976
725679.685,500588544,446513152,1290878976
725789.181,500588544,446513152,1290878976
725900.034,500588544,446513152,1290878976
726009.586,501731328,447655936,1290878976
726126.072,500588544,446513152,1290878976
726240.410,501731328,447655936,1290878976
726350.217,500588544,446513152,1290878976
726455.735,501731328,447655936,1290878976
726569.941,500588544,446513152,1290878976
726679.806,501731328,447655936,1290878976
726790.013,500588544,446513152,1290878976
726910.248,501731328,447655936,1290878976
727031.125,500588544,446513152,1290878976
727149.887,500588544,446513152,1290878976
727255.468,500588544,446517248,1290878976
727370.075,501501952,446894080,1290878976
727470.480,490414080,449236992,1290878976
727579.640,502124544,449257472,1290878976
727695.888,502124544,449286144,1290878976
727799.737,502124544,449286144,1290878976
727915.905,502124544,449294336,1290878976
728025.943,502124544,449298432,1290878976
728130.147,502124544,449302528,1290878976
728241.145,515706880,463679488,1290878976
728356.139,499810304,450166784,1290878976
728459.780,499630080,450043904,1290878976
728575.487,501968896,450117632,1290878976
728690.051,503111680,451264512,1290878976
728806.098,501968896,450121728,1290878976
728915.878,503111680,451198976,1290878976
729032.241,501968896,450129920,1290878976
729156.311,501968896,450129920,1290878976
729270.979,490467328,449953792,1290878976
729380.298,496586752,450064384,1290878976
729489.798,497729536,451219456,1290878976
729600.497,498683904,450125824,1290878976
729708.749,498683904,450125824,1290878976
729818.891,498683904,450125824,1290878976
729930.535,498683904,450129920,1290878976
730039.314,498683904,450129920,1290878976
730148.979,498683904,450129920,1290878976
730259.879,498683904,450129920,1290878976
730369.680,499826688,450367488,1290878976
730475.267,498683904,450129920,1290878976
730586.478,499552256,450129920,1290878976
730695.998,500695040,450723840,1290878976
730799.238,499552256,450129920,1290878976
730910.214,500428800,450134016,1290878976
731020.645,500428800,450134016,1290878976
731125.825,502775808,450158592,1290878976
731239.826,503918592,451301376,1290878976
731355.591,502775808,450158592,1290878976
731459.740,502775808,450158592,1290878976
731565.626,502775808,450158592,1290878976
731679.391,502775808,450158592,1290878976
731785.900,502775808,450158592,1290878976
731899.550,502775808,450158592,1290878976
732009.806,502775808,450224128,1290878976
732121.300,502775808,450224128,1290878976
732230.132,502775808,450224128,1290878976
732330.397,502775808,450224128,1290878976
732439.444,502775808,450224128,1290878976
732551.842,502775808,450224128,1290878976
732660.252,502775808,450224128,1290878976
732770.039,502775808,450224128,1290878976
732886.587,502775808,450224128,1290878976
732995.918,502775808,450244608,1290878976
733095.252,502775808,450244608,1290878976
733215.279,502775808,450244608,1290878976
733318.302,502775808,450244608,1290878976
733429.400,502775808,450256896,1290878976
733545.998,502775808,450256896,1290878976
733650.324,503918592,450785280,1290878976
733766.558,502775808,450260992,1290878976
733880.535,502775808,450260992,1290878976
733986.933,505806848,450306048,1290878976
734106.414,506949632,450519040,1290878976
734219.871,505806848,450318336,1290878976
734330.358,573054976,488312832,1290878976
734440.156,640294912,562536448,1290878976
734555.672,774774784,631287808,1290878976
734659.524,774774784,648900608,1290878976
734769.470,505806848,450322432,1290878976
734879.575,505806848,450322432,1290878976
734985.959,505806848,450322432,1290878976
735106.124,505806848,450322432,1290878976
735210.953,505806848,450322432,1290878976
735320.455,506613760,450322432,1290878976
735429.645,507756544,451465216,1290878976
735531.476,506613760,450322432,1290878976
735645.927,507756544,451469312,1290878976
735765.915,506613760,450326528,1290878976
735879.697,506613760,450338816,1290878976
735996.463,506613760,450338816,1290878976
736100.639,506613760,450338816,1290878976
736206.104,506613760,450338816,1290878976
736316.201,506613760,450338816,1290878976
736430.936,520884224,464113664,1290878976
736540.459,502804480,450248704,1290878976
736660.303,503947264,451403776,1290878976
736767.220,505151488,450277376,1290878976
736876.071,505151488,450277376,1290878976
736990.540,505151488,450277376,1290878976
737096.791,505151488,450277376,1290878976
737217.048,507277312,463814656,1290878976
737336.578,505184256,450289664,1290878976
737451.808,505184256,450293760,1290878976
737560.748,505184256,450293760,1290878976
737666.545,505184256,450564096,1290878976
737770.324,505184256,450564096,1290878976
737881.055,506327040,451706880,1290878976
737991.060,505184256,450564096,1290878976
738102.319,506327040,451706880,1290878976
738217.927,505184256,450629632,1290878976
738317.506,505184256,450629632,1290878976
738431.277,505184256,450629632,1290878976
738546.615,505184256,450629632,1290878976
738650.550,505184256,450629632,1290878976
738760.680,505184256,450629632,1290878976
738876.502,505184256,450629632,1290878976
738996.211,505184256,450629632,1290878976
739096.483,505184256,450629632,1290878976
739215.738,506327040,451772416,1290878976
739320.600,505184256,450629632,1290878976
739432.798,506327040,451772416,1290878976
739537.190,505184256,450629632,1290878976
739646.676,505184256,450629632,1290878976
739762.754,503037952,450105344,1290878976
739870.728,505126912,450113536,1290878976
739972.654,506269696,451256320,1290878976
740080.861,505126912,450179072,1290878976
740190.963,505131008,450179072,1290878976
740306.978,505131008,450187264,1290878976
740410.848,505131008,450187264,1290878976
740521.274,505131008,450187264,1290878976
740630.827,505131008,450187264,1290878976
740740.786,491581440,450535424,1290878976
740850.759,505245696,450719744,1290878976
740957.122,506388480,451866624,1290878976
741066.780,505245696,450723840,1290878976
741176.884,506388480,450981888,1290878976
741292.437,505245696,450727936,1290878976
741396.557,505245696,450727936,1290878976
741501.027,505245696,450727936,1290878976
741616.276,505245696,450727936,1290878976
741719.184,505245696,450727936,1290878976
741832.934,505245696,450732032,1290878976
741948.776,505245696,450732032,1290878976
742052.539,505245696,450732032,1290878976
742161.002,505245696,450732032,1290878976
742271.370,506388480,451874816,1290878976
742377.069,505245696,450797568,1290878976
742491.123,505667584,450797568,1290878976
742600.856,505667584,450797568,1290878976
742711.449,505667584,450797568,1290878976
742821.664,572915712,507293696,1290878976
742931.390,640155648,582623232,1290878976
743037.355,774635520,634785792,1290878976
743157.616,774635520,634785792,1290878976
743272.080,505667584,450801664,1290878976
743382.021,505708544,450801664,1290878976
743495.340,506855424,451952640,1290878976
743602.826,505712640,450809856,1290878976
743714.917,505712640,450809856,1290878976
743824.631,505712640,450809856,1290878976
743935.100,506855424,451956736,1290878976
744052.560,505712640,450813952,1290878976
744161.461,505712640,450813952,1290878976
744273.557,505712640,450813952,1290878976
744382.344,505712640,450813952,1290878976
744493.741,505712640,450813952,1290878976
744602.107,505712640,450813952,1290878976
744711.886,506855424,451072000,1290878976
744828.115,505712640,450813952,1290878976
744941.441,505712640,450813952,1290878976
745051.043,506855424,451112960,1290878976
745161.189,505712640,450813952,1290878976
745272.109,505712640,450813952,1290878976
745381.386,506855424,451280896,1290878976
745487.611,505712640,450813952,1290878976
745600.911,505712640,450813952,1290878976
745711.781,506855424,451956736,1290878976
745822.049,519376896,465129472,1290878976
745932.970,492703744,451919872,1290878976
746032.508,499200000,452046848,1290878976
746154.155,500342784,453193728,1290878976
746261.626,501547008,452091904,1290878976
746370.912,501547008,452096000,1290878976
746481.543,501547008,452100096,1290878976
746591.338,502198272,452100096,1290878976
746691.936,502198272,452100096,1290878976
746801.234,502198272,452100096,1290878976
746916.503,493727744,451874816,1290878976
747021.150,507162624,453849088,1290878976
747130.643,505626624,452009984,1290878976
747241.711,506769408,453169152,1290878976
747366.795,505626624,452026368,1290878976
747470.713,505626624,452026368,1290878976
747596.347,505626624,452026368,1290878976
747711.135,505626624,452026368,1290878976
747820.968,505626624,452026368,1290878976
747926.924,506769408,453128192,1290878976
748050.454,505626624,452026368,1290878976
748159.996,505626624,452026368,1290878976
748275.267,505626624,452026368,1290878976
748387.365,505626624,452026368,1290878976
748493.423,506769408,453169152,1290878976
748610.095,505626624,452026368,1290878976
748734.260,505626624,452026368,1290878976
748862.901,505626624,452026368,1290878976
748981.878,505626624,452026368,1290878976
749102.698,506769408,453169152,1290878976
749222.583,505626624,452161536,1290878976
749339.332,505626624,452161536,1290878976
749457.946,505626624,452161536,1290878976
749581.728,505626624,452161536,1290878976
749703.809,505626624,452161536,1290878976
749825.302,505626624,452161536,1290878976
749946.492,506392576,452165632,1290878976
750057.078,506392576,452165632,1290878976
750163.943,507535360,453308416,1290878976
750274.166,506392576,452165632,1290878976
750382.864,506392576,452165632,1290878976
750491.987,506392576,452165632,1290878976
750602.988,506392576,452165632,1290878976
750712.900,506392576,452165632,1290878976
750828.538,506392576,452165632,1290878976
750942.760,506392576,452165632,1290878976
751063.395,506392576,452165632,1290878976
751184.054,506392576,452169728,1290878976
751294.371,506392576,452169728,1290878976
751403.735,507195392,452173824,1290878976
751513.798,507195392,452173824,1290878976
751629.341,507195392,452173824,1290878976
751744.152,507195392,452173824,1290878976
751852.209,507195392,452177920,1290878976
751963.022,507195392,452177920,1290878976
752068.034,507195392,452177920,1290878976
752182.455,507195392,452177920,1290878976
752292.430,507195392,452177920,1290878976
752402.900,508338176,453320704,1290878976
752517.308,507195392,452177920,1290878976
752631.739,507195392,452177920,1290878976
752748.131,507195392,452177920,1290878976
752868.062,507195392,452177920,1290878976
752972.386,507195392,452177920,1290878976
753082.498,507195392,452177920,1290878976
753192.555,508338176,453320704,1290878976
753302.448,507195392,452177920,1290878976
753412.218,507195392,452177920,1290878976
753527.588,508338176,453320704,1290878976
753633.103,508080128,453066752,1290878976
753742.006,509390848,455061504,1290878976
753853.404,498462720,455155712,1290878976
753961.865,509771776,455262208,1290878976
754072.553,509771776,455270400,1290878976
754179.884,509771776,455278592,1290878976
754287.935,509771776,455278592,1290878976
754391.608,509771776,455278592,1290878976
754502.243,510914560,456421376,1290878976
754627.814,509771776,455282688,1290878976
754741.843,509771776,455282688,1290878976
754853.111,509771776,455282688,1290878976
754967.343,509771776,455282688,1290878976
755071.255,509771776,455282688,1290878976
755187.218,509771776,455348224,1290878976
755291.377,509771776,455348224,1290878976
755401.581,510914560,456491008,1290878976
755512.658,525688832,471441408,1290878976
755621.577,512299008,457814016,1290878976
755722.074,512299008,457842688,1290878976
755842.476,513441792,458833920,1290878976
755958.263,512299008,457850880,1290878976
756071.333,512299008,457871360,1290878976
756187.125,513441792,458309632,1290878976
756291.730,512299008,457871360,1290878976
756397.813,512299008,457908224,1290878976
756511.679,513441792,459051008,1290878976
756627.678,512299008,457912320,1290878976
756747.542,545927168,478654464,1290878976
756868.259,646787072,548319232,1290878976
756981.726,781266944,619008000,1290878976
757107.580,781266944,655663104,1290878976
757232.288,512299008,457916416,1290878976
757347.893,512299008,457916416,1290878976
757457.433,512299008,457916416,1290878976
757571.527,512299008,457920512,1290878976
757681.668,513441792,459063296,1290878976
757791.413,512299008,457920512,1290878976
757897.421,513441792,459063296,1290878976
758007.557,512299008,457920512,1290878976
758111.628,512299008,457920512,1290878976
758237.320,512299008,457920512,1290878976
758351.541,513441792,457940992,1290878976
758461.496,512299008,457920512,1290878976
758572.056,512299008,457945088,1290878976
758688.353,383578112,391729152,1290878976
758791.842,402423808,398737408,1290878976
758891.881,405524480,400588800,1290878976
759017.975,407949312,402726912,1290878976
759137.745,409616384,403451904,1290878976
759241.754,409628672,403464192,1290878976
759346.621,412176384,403472384,1290878976
759460.907,412176384,403472384,1290878976
759577.828,404701184,405135360,1290878976
759691.906,416858112,405344256,1290878976
759801.608,416980992,405409792,1290878976
759917.377,417628160,405475328,1290878976
760027.728,417640448,405483520,1290878976
760137.945,418197504,405483520,1290878976
760252.245,418197504,405483520,1290878976
760361.875,418734080,405483520,1290878976
760482.096,419876864,406626304,1290878976
760592.044,419262464,405487616,1290878976
760701.813,420515840,406683648,1290878976
760811.845,419872768,405540864,1290878976
760911.835,421031936,405983232,1290878976
761028.956,419889152,405561344,1290878976
761143.254,420372480,405565440,1290878976
761262.122,420372480,405630976,1290878976
761382.483,421343232,406114304,1290878976
761496.368,421343232,406114304,1290878976
761601.894,421797888,406114304,1290878976
761721.978,421797888,406118400,1290878976
761831.682,422244352,406122496,1290878976
761952.662,422264832,406142976,1290878976
762057.946,422694912,406142976,1290878976
762167.498,422694912,406142976,1290878976
762271.613,423444480,406261760,1290878976
762382.088,424267776,406630400,1290878976
762487.424,425828352,407265280,1290878976
762607.534,414883840,408711168,1290878976
762711.666,421085184,408883200,1290878976
762821.688,421085184,408883200,1290878976
762937.586,423579648,408891392,1290878976
763041.698,424722432,409333760,1290878976
763147.136,423579648,408899584,1290878976
763256.820,424722432,408920064,1290878976
763361.159,423579648,408899584,1290878976
763472.030,423579648,408899584,1290878976
763581.711,423645184,408944640,1290878976
763700.691,423645184,408948736,1290878976
763799.899,423645184,408948736,1290878976
763909.759,423645184,408948736,1290878976
764019.662,423645184,408948736,1290878976
764125.307,423645184,408948736,1290878976
764241.895,423645184,408965120,1290878976
764347.166,424787968,410116096,1290878976
764458.075,425500672,410906624,1290878976
764572.737,427974656,411078656,1290878976
764681.851,429248512,412155904,1290878976
764781.749,428105728,411090944,1290878976
764891.504,431165440,411140096,1290878976
765011.578,431165440,411140096,1290878976
765121.542,431169536,411209728,1290878976
765220.788,431169536,411209728,1290878976
765331.145,431169536,411209728,1290878976
765441.934,498675712,454021120,1290878976
765551.931,565915648,527949824,1290878976
765662.337,700395520,592011264,1290878976
765772.544,700395520,595615744,1290878976
765882.421,431427584,411996160,1290878976
765991.888,431509504,412000256,1290878976
766101.774,432848896,413331456,1290878976
766208.269,431706112,412188672,1290878976
766317.544,432373760,412229632,1290878976
766437.243,432373760,412229632,1290878976
766537.629,432373760,412258304,1290878976
766642.257,432373760,412258304,1290878976
766751.631,432373760,412258304,1290878976
766861.363,432373760,412258304,1290878976
766972.058,432373760,412258304,1290878976
767088.450,432373760,412258304,1290878976
767202.900,432914432,412258304,1290878976
767307.867,432914432,412258304,1290878976
767411.774,432914432,412258304,1290878976
767527.679,432914432,412258304,1290878976
767637.876,432914432,412258304,1290878976
767737.731,433545216,412512256,1290878976
767852.172,439750656,433348608,1290878976
767962.069,430501888,419786752,1290878976
768071.283,430501888,419794944,1290878976
768177.140,431644672,421031936,1290878976
768287.429,433467392,419938304,1290878976
768392.487,433467392,419938304,1290878976
768513.915,433467392,419938304,1290878976
768618.499,435376128,419999744,1290878976
768738.229,436518912,421142528,1290878976
768859.235,449802240,434499584,1290878976
768982.084,429711360,422141952,1290878976
769083.048,439672832,422371328,1290878976
769197.834,440815616,423542784,1290878976
769302.492,439889920,422420480,1290878976
769412.320,440561664,422420480,1290878976
769521.665,441704448,423493632,1290878976
769637.989,440561664,422436864,1290878976
769742.259,441253888,422436864,1290878976
769860.296,442396672,423645184,1290878976
769968.505,441253888,422502400,1290878976
770087.776,441253888,422510592,1290878976
770192.113,442843136,424767488,1290878976
770302.457,444256256,426369024,1290878976
770418.503,443842560,425242624,1290878976
770527.306,443842560,425242624,1290878976
770631.308,444985344,426385408,1290878976
770742.559,443842560,425242624,1290878976
770852.189,444985344,426397696,1290878976
770962.166,444604416,425259008,1290878976
771068.891,444604416,425324544,1290878976
771182.268,444604416,425324544,1290878976
771282.072,444604416,425324544,1290878976
771402.708,444604416,425390080,1290878976
771508.470,446857216,425406464,1290878976
771622.133,446857216,425406464,1290878976
771731.958,446857216,425406464,1290878976
771842.760,447655936,425406464,1290878976
771952.575,448798720,426549248,1290878976
772052.604,447655936,425406464,1290878976
772161.770,448471040,425410560,1290878976
772271.784,449613824,426618880,1290878976
772386.943,448471040,425476096,1290878976
772492.134,449290240,425480192,1290878976
772603.351,449290240,425549824,1290878976
772714.821,449290240,425549824,1290878976
772822.322,450121728,425549824,1290878976
772933.014,451264512,425644032,1290878976
773042.466,450121728,425549824,1290878976
773142.468,451264512,426692608,1290878976
773262.272,450121728,425549824,1290878976
773362.821,450121728,425549824,1290878976
773472.368,450121728,425549824,1290878976
773588.425,450969600,425549824,1290878976
773692.701,450969600,425549824,1290878976
773808.385,451821568,425558016,1290878976
773912.523,451821568,425558016,1290878976
774018.654,451821568,425558016,1290878976
774132.722,451821568,425558016,1290878976
774242.895,451821568,425558016,1290878976
774357.946,451821568,425558016,1290878976
774472.090,452677632,425558016,1290878976
774592.713,452677632,425558016,1290878976
774692.524,453537792,425558016,1290878976
774802.373,453537792,425558016,1290878976
774908.194,453537792,425570304,1290878976
775027.975,453537792,425570304,1290878976
775132.508,453537792,425635840,1290878976
775242.216,454680576,426778624,1290878976
775352.292,454402048,425635840,1290878976
775462.588,455544832,426020864,1290878976
775578.286,454402048,425959424,1290878976
775699.346,521650176,491810816,1290878976
775798.789,723369984,566919168,1290878976
775912.466,723369984,623476736,1290878976
776022.439,471220224,434860032,1290878976
776132.811,588890112,519176192,1290878976
776242.969,723369984,612540416,1290878976
776357.860,812650496,709369856,1290878976
776482.697,957063168,856379392,1290878976
776582.828,1072275456,977809408,1290878976
776692.927,1205526528,1105653760,1290878976
776802.515,1009528832,978264064,1290878976
776912.818,1110388736,1014710272,1290878976
777028.536,1110388736,1079394304,1290878976
777142.734,1092251648,1063477248,1290878976
777262.734,905355264,883470336,1290878976
777378.547,903995392,883453952,1290878976
777492.777,937623552,909352960,1290878976
777602.356,1038483456,1000374272,1290878976
777712.740,1172963328,1081032704,1290878976
777822.558,1172963328,1081032704,1290878976
777933.089,838115328,785326080,1290878976
778032.823,905355264,873504768,1290878976
778142.454,1039835136,948203520,1290878976
778252.525,1039835136,948203520,1290878976
778369.775,770875392,751640576,1290878976
778487.651,770875392,751779840,1290878976
778599.341,770957312,752050176,1290878976
778719.044,767926272,749166592,1290878976
778824.458,767926272,749178880,1290878976
778932.697,767926272,749195264,1290878976
779042.655,767926272,749199360,1290878976
779142.878,767926272,749207552,1290878976
779253.056,767926272,749207552,1290878976
779373.053,767926272,749207552,1290878976
779472.902,767926272,749207552,1290878976
779583.200,756416512,749379584,1290878976
779688.685,758231040,748326912,1290878976
779808.609,759373824,749514752,1290878976
779912.792,760582144,748433408,1290878976
780029.258,760582144,748433408,1290878976
780132.666,760582144,748433408,1290878976
780242.764,761724928,748691456,1290878976
780357.789,755138560,748433408,1290878976
780480.732,763351040,747646976,1290878976
780582.487,764493824,748826624,1290878976
780698.516,763351040,747687936,1290878976
780802.562,763351040,747692032,1290878976
780913.116,763351040,747700224,1290878976
781023.797,763351040,747700224,1290878976
781133.200,763351040,747700224,1290878976
781243.130,764493824,748843008,1290878976
781357.604,763351040,747700224,1290878976
781473.005,764493824,748843008,1290878976
781583.261,763351040,747700224,1290878976
781688.590,764493824,748843008,1290878976
781802.751,763351040,747700224,1290878976
781918.939,763351040,747700224,1290878976
782023.025,763351040,747700224,1290878976
782128.406,763351040,747700224,1290878976
782242.588,763351040,747700224,1290878976
782352.865,763351040,747700224,1290878976
782457.645,763351040,747700224,1290878976
782572.016,763351040,747700224,1290878976
782682.739,763351040,747700224,1290878976
782792.474,763351040,747700224,1290878976
782892.957,763351040,747700224,1290878976
783018.808,763351040,747700224,1290878976
783132.109,763351040,747700224,1290878976
783242.493,763351040,747700224,1290878976
783354.064,763351040,747700224,1290878976
783462.557,763351040,747700224,1290878976
783568.413,763351040,747700224,1290878976
783672.506,763351040,747704320,1290878976
783792.767,764493824,748847104,1290878976
783898.805,765612032,747753472,1290878976
784002.758,766754816,748896256,1290878976
784114.932,765612032,747753472,1290878976
784223.108,766754816,748642304,1290878976
784333.483,765612032,747753472,1290878976
784443.548,765612032,747753472,1290878976
784549.355,765612032,747753472,1290878976
784663.260,765612032,747753472,1290878976
784773.105,765624320,747765760,1290878976
784883.121,765624320,747765760,1290878976
784988.457,765624320,747765760,1290878976
785098.469,765624320,747765760,1290878976
785213.489,765624320,747765760,1290878976
785314.902,765624320,747765760,1290878976
785423.036,765624320,747765760,1290878976
785539.554,766767104,748908544,1290878976
785653.436,765624320,747765760,1290878976
785772.975,765624320,747765760,1290878976
785883.755,766767104,748908544,1290878976
785993.864,765624320,747765760,1290878976
786105.962,765624320,747765760,1290878976
786208.906,765624320,747765760,1290878976
786313.223,767696896,747769856,1290878976
786422.788,767696896,747769856,1290878976
786538.702,767696896,747769856,1290878976
786642.715,767696896,747769856,1290878976
786752.635,768839680,748912640,1290878976
786862.925,767696896,747773952,1290878976
786978.047,767696896,747773952,1290878976
787081.809,767696896,747773952,1290878976
787192.594,767696896,747773952,1290878976
787299.635,767696896,747773952,1290878976
787413.186,767696896,747773952,1290878976
787523.321,767696896,747786240,1290878976
787639.039,834945024,798912512,1290878976
787745.155,1171148800,925192192,1290878976
787853.445,1036664832,945373184,1290878976
787963.292,1036664832,945373184,1290878976
788073.135,767696896,747790336,1290878976
788183.251,768839680,748953600,1290878976
788283.570,767696896,747810816,1290878976
788392.968,767696896,747810816,1290878976
788502.824,767696896,747810816,1290878976
788613.271,767696896,747810816,1290878976
788728.658,768839680,748953600,1290878976
788833.676,767696896,747810816,1290878976
788939.558,768839680,747859968,1290878976
789053.546,754077696,747712512,1290878976
789163.496,761765888,747888640,1290878976
789273.039,762908672,749064192,1290878976
789383.158,761765888,747921408,1290878976
789493.448,761765888,747921408,1290878976
789603.263,761765888,747929600,1290878976
789712.402,762908672,749072384,1290878976
789813.714,775462912,761659392,1290878976
789923.304,761323520,748142592,1290878976
790033.175,762466304,748843008,1290878976
790143.960,763670528,748171264,1290878976
790259.362,764813312,749318144,1290878976
790363.015,763670528,748175360,1290878976
790478.855,763670528,748175360,1290878976
790578.164,763670528,748175360,1290878976
790693.262,764813312,749318144,1290878976
790803.016,763670528,748175360,1290878976
790918.459,763670528,748175360,1290878976
791023.943,763670528,748175360,1290878976
791133.240,763670528,748175360,1290878976
791243.070,763670528,748175360,1290878976
791352.687,764813312,749318144,1290878976
791468.953,763670528,748175360,1290878976
791583.549,763670528,748175360,1290878976
791693.938,764813312,748441600,1290878976
791799.928,763670528,748191744,1290878976
791914.459,765669376,748224512,1290878976
792023.350,765669376,748240896,1290878976
792138.677,766812160,749383680,1290878976
792249.078,765669376,748240896,1290878976
792352.540,765669376,748240896,1290878976
792463.401,765669376,748244992,1290878976
792563.473,765669376,748244992,1290878976
792673.197,765669376,748244992,1290878976
792783.699,764596224,747241472,1290878976
792899.092,765739008,748384256,1290878976
793003.513,764596224,747241472,1290878976
793113.985,764596224,747241472,1290878976
793234.193,765739008,748388352,1290878976
793333.611,764596224,747245568,1290878976
793442.159,764428288,747110400,1290878976
793558.542,763285504,745967616,1290878976
793669.111,763293696,745975808,1290878976
793782.979,763293696,745975808,1290878976
793898.914,764436480,747118592,1290878976
794003.142,761954304,744656896,1290878976
794113.969,761954304,744656896,1290878976
794222.925,795586560,766410752,1290878976
794329.994,896446464,850083840,1290878976
794443.621,1030926336,918110208,1290878976
794559.249,1030926336,926498816,1290878976
794669.254,764030976,744673280,1290878976
794773.776,764030976,744673280,1290878976
794880.270,765173760,745816064,1290878976
794993.845,764030976,744673280,1290878976
795103.529,764030976,744677376,1290878976
795203.501,765173760,744738816,1290878976
795319.050,764030976,744677376,1290878976
795423.231,764030976,744677376,1290878976
795532.491,764030976,744677376,1290878976
795641.877,764030976,744677376,1290878976
795752.701,764030976,744677376,1290878976
795870.003,752668672,744734720,1290878976
795973.913,751325184,743424000,1290878976
796083.939,751325184,743424000,1290878976
796189.674,751329280,743428096,1290878976
796303.210,752472064,744574976,1290878976
796410.964,751329280,743432192,1290878976
796524.031,751329280,743432192,1290878976
796633.543,752472064,744574976,1290878976
796743.718,751329280,743432192,1290878976
796858.955,751329280,743432192,1290878976
796963.279,752472064,744574976,1290878976
797074.201,748998656,743510016,1290878976
797183.808,756703232,743686144,1290878976
797283.379,756715520,743739392,1290878976
797393.105,757858304,743899136,1290878976
797509.940,756715520,743739392,1290878976
797623.676,756715520,743743488,1290878976
797734.325,756715520,743755776,1290878976
797837.271,756715520,743755776,1290878976
797941.425,756715520,743755776,1290878976
798054.039,756715520,743759872,1290878976
798163.714,749006848,743706624,1290878976
798273.415,758603776,743755776,1290878976
798384.584,758603776,743755776,1290878976
798493.390,758603776,743759872,1290878976
798604.200,758603776,743759872,1290878976
798708.831,758603776,743763968,1290878976
798815.204,758603776,743763968,1290878976
798925.555,758603776,743763968,1290878976
799033.625,758603776,743763968,1290878976
799149.226,758607872,743763968,1290878976
799254.260,759750656,744906752,1290878976
799364.467,758607872,743763968,1290878976
799474.004,758607872,743763968,1290878976
799583.860,758607872,743763968,1290878976
799690.095,758607872,743763968,1290878976
799803.837,758607872,743763968,1290878976
799914.270,758607872,743763968,1290878976
800023.560,758607872,743763968,1290878976
800134.307,758607872,743763968,1290878976
800244.312,758611968,743768064,1290878976
800353.618,758611968,743768064,1290878976
800464.450,758611968,743768064,1290878976
800564.304,758611968,743772160,1290878976
800674.086,758611968,743772160,1290878976
800794.236,758611968,743772160,1290878976
800903.644,758611968,743772160,1290878976
801015.154,758611968,743772160,1290878976
801123.831,758611968,743776256,1290878976
801224.161,758611968,743776256,1290878976
801339.838,758611968,743776256,1290878976
801444.434,758611968,743776256,1290878976
801549.558,758611968,743776256,1290878976
801660.057,758611968,743714816,1290878976
801774.152,758611968,743706624,1290878976
801883.935,757506048,742641664,1290878976
802000.027,757506048,742645760,1290878976
802124.527,757506048,742645760,1290878976
802244.368,757506048,742645760,1290878976
802355.458,757506048,742645760,1290878976
802464.119,757506048,742645760,1290878976
802579.455,757506048,742645760,1290878976
802699.893,757506048,742645760,1290878976
802804.027,759504896,742711296,1290878976
802916.376,759504896,742711296,1290878976
803024.204,759504896,742711296,1290878976
803134.223,759504896,742711296,1290878976
803244.631,759504896,742711296,1290878976
803353.905,759504896,742715392,1290878976
803459.912,793133056,775426048,1290878976
803564.684,893992960,865169408,1290878976
803674.026,1028472832,939159552,1290878976
803784.006,1028472832,939159552,1290878976
803900.143,761606144,742846464,1290878976
804009.177,761606144,742850560,1290878976
804113.147,761606144,742850560,1290878976
804223.152,761606144,742850560,1290878976
804339.254,761606144,742850560,1290878976
804441.153,762748928,743993344,1290878976
804559.915,761606144,742854656,1290878976
804660.038,761606144,742854656,1290878976
804780.042,760532992,741822464,1290878976
804879.610,760532992,741822464,1290878976
804994.397,758292480,753319936,1290878976
805104.545,749993984,739729408,1290878976
805210.212,749993984,739741696,1290878976
805318.302,749993984,739741696,1290878976
805425.538,749993984,739741696,1290878976
805533.823,749993984,739741696,1290878976
805654.688,744603648,739827712,1290878976
805773.870,754159616,739942400,1290878976
805879.400,754159616,739950592,1290878976
806000.501,754159616,739954688,1290878976
806110.094,754159616,739954688,1290878976
806219.436,754159616,739958784,1290878976
806333.465,754159616,739958784,1290878976
806450.246,754159616,739958784,1290878976
806554.108,754159616,739958784,1290878976
806669.907,754159616,739958784,1290878976
806774.779,755302400,740139008,1290878976
806879.862,754159616,739958784,1290878976
806994.173,755302400,740491264,1290878976
807099.817,754159616,739958784,1290878976
807204.279,754159616,739962880,1290878976
807314.126,754159616,739962880,1290878976
807429.530,755302400,740544512,1290878976
807533.887,754159616,739962880,1290878976
807654.790,755302400,740814848,1290878976
807753.383,754159616,739962880,1290878976
807863.730,754159616,739962880,1290878976
807970.089,754159616,739962880,1290878976
808080.698,754159616,739962880,1290878976
808195.072,754159616,739962880,1290878976
808304.914,754159616,739962880,1290878976
808410.282,754159616,739962880,1290878976
808524.230,754159616,739962880,1290878976
808629.847,756158464,740016128,1290878976
808744.017,755093504,739033088,1290878976
808844.049,755093504,739033088,1290878976
808953.883,756236288,740175872,1290878976
809064.066,755093504,739041280,1290878976
809173.654,756236288,740192256,1290878976
809283.779,755093504,739049472,1290878976
809393.716,755093504,739049472,1290878976
809504.319,755093504,739049472,1290878976
809610.092,755093504,739053568,1290878976
809726.926,755093504,739053568,1290878976
809840.530,755093504,739053568,1290878976
809944.046,755093504,739053568,1290878976
810054.499,755093504,739053568,1290878976
810164.656,757157888,739074048,1290878976
810276.035,758300672,740216832,1290878976
810380.304,756088832,738029568,1290878976
810491.808,757231616,739172352,1290878976
810594.464,756097024,738033664,1290878976
810713.890,764510208,745713664,1290878976
810825.193,890585088,842964992,1290878976
810931.340,1025064960,913747968,1290878976
811033.772,1025064960,920301568,1290878976
811144.596,756097024,738033664,1290878976
811254.889,756097024,738033664,1290878976
811366.596,757239808,739180544,1290878976
811474.964,756097024,738037760,1290878976
811580.619,756097024,738037760,1290878976
811693.988,756097024,738037760,1290878976
811799.435,756097024,738037760,1290878976
811913.009,756097024,738037760,1290878976
812024.839,756097024,738037760,1290878976
812134.500,758202368,738103296,1290878976
812240.362,759345152,739262464,1290878976
812344.467,758202368,738119680,1290878976
812454.291,758202368,738119680,1290878976
812564.032,759345152,738586624,1290878976
812684.495,758202368,738123776,1290878976
812786.123,758202368,738123776,1290878976
812894.985,759345152,739266560,1290878976
813005.201,758202368,738123776,1290878976
813112.263,758202368,738127872,1290878976
813221.298,744558592,737964032,1290878976
813336.557,747651072,738017280,1290878976
813438.008,747651072,738037760,1290878976
813555.246,747651072,738037760,1290878976
813670.974,747651072,738037760,1290878976
813790.450,747651072,738037760,1290878976
813900.183,747651072,738037760,1290878976
814005.125,744521728,738000896,1290878976
814116.766,746803200,738058240,1290878976
814220.639,747945984,739201024,1290878976
814335.865,752250880,738131968,1290878976
814445.460,752250880,738131968,1290878976
814554.704,752250880,738131968,1290878976
814664.840,752250880,738131968,1290878976
814775.029,752250880,738131968,1290878976
814884.791,752250880,738131968,1290878976
814990.344,753393664,739274752,1290878976
815094.733,752250880,738131968,1290878976
815210.398,752250880,738131968,1290878976
815314.442,752250880,738131968,1290878976
815430.669,752250880,738131968,1290878976
815534.146,753393664,739274752,1290878976
815645.052,752250880,738131968,1290878976
815754.861,752250880,738131968,1290878976
815865.503,752250880,738131968,1290878976
815980.804,752250880,738136064,1290878976
816080.330,752250880,738136064,1290878976
816201.562,752250880,738136064,1290878976
816305.293,752250880,738136064,1290878976
816414.787,752250880,738172928,1290878976
816525.220,748769280,738103296,1290878976
816634.577,754221056,738140160,1290878976
816744.771,755367936,738426880,1290878976
816846.060,754221056,738148352,1290878976
816954.423,754221056,738148352,1290878976
817064.479,755367936,738402304,1290878976
817174.779,754221056,738152448,1290878976
817291.025,754221056,738152448,1290878976
817395.215,755367936,738451456,1290878976
817500.669,754221056,738152448,1290878976
817610.243,754221056,738156544,1290878976
817730.609,754221056,738156544,1290878976
817834.609,754221056,738156544,1290878976
817950.696,755367936,739299328,1290878976
818060.115,756289536,738217984,1290878976
818165.036,756289536,738217984,1290878976
818274.668,757432320,739360768,1290878976
818380.539,756289536,738217984,1290878976
818484.370,756289536,738217984,1290878976
818594.262,757432320,739360768,1290878976
818720.659,756289536,738217984,1290878976
818835.500,756289536,738217984,1290878976
818945.112,757432320,739360768,1290878976
819055.213,756289536,738217984,1290878976
819160.159,756289536,738217984,1290878976
819274.433,756289536,738217984,1290878976
819386.788,756289536,738217984,1290878976
819494.704,756289536,738217984,1290878976
819604.894,756289536,738217984,1290878976
819715.134,756289536,738217984,1290878976
819824.903,757432320,738717696,1290878976
819929.885,756289536,738217984,1290878976
820040.757,756289536,738217984,1290878976
820144.563,757432320,739360768,1290878976
820254.555,756289536,738217984,1290878976
820371.352,756289536,738217984,1290878976
820485.338,757432320,739360768,1290878976
820601.274,769871872,751779840,1290878976
820716.700,756334592,738271232,1290878976
820825.360,756334592,738271232,1290878976
820924.973,756334592,738271232,1290878976
821034.485,756334592,738271232,1290878976
821143.570,756334592,738271232,1290878976
821261.432,756334592,738271232,1290878976
821371.685,756334592,738271232,1290878976
821475.547,756334592,738271232,1290878976
821585.444,789962752,761413632,1290878976
821690.713,890822656,847654912,1290878976
821805.224,1025302528,934215680,1290878976
821921.131,1025302528,934215680,1290878976
822025.763,756334592,738271232,1290878976
822134.969,756334592,738271232,1290878976
822251.008,756334592,738271232,1290878976
822365.142,756334592,738271232,1290878976
822481.052,756334592,738271232,1290878976
822584.719,756334592,738271232,1290878976
822691.501,743424000,737046528,1290878976
822805.168,745484288,736161792,1290878976
822915.483,745484288,736182272,1290878976
823024.826,746627072,737329152,1290878976
823141.325,745484288,736186368,1290878976
823261.395,742330368,736129024,1290878976
823380.849,745447424,736227328,1290878976
823485.188,745447424,736235520,1290878976
823594.911,745447424,736235520,1290878976
823710.470,745447424,736235520,1290878976
823815.579,745447424,736235520,1290878976
823931.354,746590208,736489472,1290878976
824035.412,742309888,736190464,1290878976
824155.214,742309888,736210944,1290878976
824255.870,746946560,736296960,1290878976
824365.432,746946560,736296960,1290878976
824475.806,746946560,736296960,1290878976
824585.508,746946560,736296960,1290878976
824691.095,746946560,736296960,1290878976
824810.946,751194112,737497088,1290878976
824915.002,742309888,736305152,1290878976
825015.969,752041984,736387072,1290878976
825134.950,752041984,736387072,1290878976
825240.914,752041984,736387072,1290878976
825345.024,752041984,736387072,1290878976
825455.519,742318080,736354304,1290878976
825565.291,754110464,736587776,1290878976
825681.748,754110464,736591872,1290878976
825785.485,754110464,736591872,1290878976
825894.890,754110464,736591872,1290878976
826005.444,754110464,736600064,1290878976
826121.760,754110464,736604160,1290878976
826235.595,754110464,736608256,1290878976
826351.504,754110464,736608256,1290878976
826454.464,754110464,736608256,1290878976
826574.899,754110464,736608256,1290878976
826684.808,754110464,736608256,1290878976
826794.515,755253248,737751040,1290878976
826895.758,397078528,391876608,1290878976
827007.587,405782528,398077952,1290878976
827114.760,405164032,397475840,1290878976
827220.399,405925888,398020608,1290878976
827335.478,408285184,398061568,1290878976
827446.084,422731776,412463104,1290878976
827555.452,407560192,400015360,1290878976
827665.546,408498176,401006592,1290878976
827774.702,408498176,401010688,1290878976
827884.552,408498176,401010688,1290878976
827983.584,408498176,401010688,1290878976
828099.555,408686592,401137664,1290878976
828205.931,543174656,484265984,1290878976
828321.574,677654528,583733248,1290878976
828425.537,677654528,583733248,1290878976
828541.444,413196288,401301504,1290878976
828645.010,420372480,402173952,1290878976
828760.845,421912576,402751488,1290878976
828865.520,423002112,403132416,1290878976
828981.774,427204608,407298048,1290878976
829085.856,434053120,414040064,1290878976
829195.171,435593216,414580736,1290878976
829311.322,435593216,414662656,1290878976
829421.438,436150272,414699520,1290878976
829531.523,437297152,415879168,1290878976
829642.040,424275968,417890304,1290878976
829755.956,427876352,417923072,1290878976
829864.974,427876352,418168832,1290878976
829975.738,427876352,418258944,1290878976
830085.742,427876352,418267136,1290878976
830195.473,428503040,418287616,1290878976
830311.978,429645824,418734080,1290878976
830416.053,440815616,429961216,1290878976
830521.383,429707264,420646912,1290878976
830631.064,435163136,420757504,1290878976
830751.619,435163136,420876288,1290878976
830865.196,435179520,420958208,1290878976
830975.540,435179520,420958208,1290878976
831090.729,435867648,420958208,1290878976
831195.297,435867648,420966400,1290878976
831305.195,435867648,421036032,1290878976
831410.738,435867648,421036032,1290878976
831525.524,436592640,421101568,1290878976
831641.081,436592640,421101568,1290878976
831755.359,437342208,421126144,1290878976
831862.630,437342208,421126144,1290878976
831976.246,438104064,421146624,1290878976
832085.520,438104064,421146624,1290878976
832195.850,438878208,421212160,1290878976
832311.191,438878208,421212160,1290878976
832414.246,440025088,421326848,1290878976
832525.577,439672832,421277696,1290878976
832625.480,439672832,421281792,1290878976
832735.896,440475648,421281792,1290878976
832845.315,441622528,421621760,1290878976
832965.316,441286656,421281792,1290878976
833065.309,442433536,422424576,1290878976
833182.203,448045056,427585536,1290878976
833285.998,454475776,429178880,1290878976
833396.536,454475776,429273088,1290878976
833505.946,456749056,431603712,1290878976
833616.195,458788864,430555136,1290878976
833732.246,459931648,431697920,1290878976
833835.908,458788864,430559232,1290878976
833945.628,459931648,431702016,1290878976
834055.811,458788864,430567424,1290878976
834161.354,458788864,430632960,1290878976
834281.295,458788864,430632960,1290878976
834385.471,458788864,430632960,1290878976
834501.197,459636736,430641152,1290878976
834615.458,459636736,430641152,1290878976
834726.238,459636736,430641152,1290878976
834836.096,459636736,430641152,1290878976
834946.019,459636736,430649344,1290878976
835056.017,460779520,431792128,1290878976
835166.349,459636736,430649344,1290878976
835272.382,460492800,430657536,1290878976
835386.046,461635584,431800320,1290878976
835485.804,461635584,431800320,1290878976
835595.023,461635584,431800320,1290878976
835716.433,461635584,431800320,1290878976
835826.200,461635584,431800320,1290878976
835935.999,461635584,431800320,1290878976
836035.643,461635584,431800320,1290878976
836145.144,461635584,431800320,1290878976
836255.871,461635584,431800320,1290878976
836371.597,461635584,431800320,1290878976
836476.499,461635584,431800320,1290878976
836591.886,461635584,431800320,1290878976
836696.400,461635584,431800320,1290878976
836805.684,461635584,431800320,1290878976
836915.808,461635584,431800320,1290878976
837026.778,461635584,431800320,1290878976
837140.243,461635584,431800320,1290878976
837251.643,461635584,431800320,1290878976
837371.519,461635584,431800320,1290878976
837475.380,461635584,431800320,1290878976
837591.430,461635584,431800320,1290878976
837695.081,461635584,431800320,1290878976
837805.941,461635584,431800320,1290878976
837918.382,461635584,431800320,1290878976
838028.437,461635584,431800320,1290878976
838136.202,461635584,431800320,1290878976
838246.152,461635584,431800320,1290878976
838356.195,461635584,431800320,1290878976
838471.522,461635584,431800320,1290878976
838591.500,461635584,431800320,1290878976
838701.950,461635584,431800320,1290878976
838804.977,461635584,431800320,1290878976
838910.655,461635584,431800320,1290878976
839026.169,461635584,431800320,1290878976
839130.479,461635584,431800320,1290878976
839235.517,461635584,431800320,1290878976
839345.236,461635584,431800320,1290878976
839456.158,461635584,431800320,1290878976
839566.381,461635584,431800320,1290878976
839676.958,461635584,431800320,1290878976
839785.883,461635584,431800320,1290878976
839894.947,461635584,431800320,1290878976
840003.836,461635584,431800320,1290878976
840115.360,461635584,431800320,1290878976
840225.103,461635584,431800320,1290878976
840341.044,461635584,431800320,1290878976
840445.048,461635584,431800320,1290878976
840561.732,461635584,431800320,1290878976
840666.420,461635584,431800320,1290878976
840764.870,461635584,431800320,1290878976
840875.587,461635584,431800320,1290878976
841008.601,461635584,431800320,1290878976
841112.539,461635584,431800320,1290878976
841231.539,461635584,431800320,1290878976
841342.030,461635584,431800320,1290878976
841452.017,461635584,431800320,1290878976
841555.133,461635584,431800320,1290878976
841671.392,461635584,431800320,1290878976
841780.926,461635584,431800320,1290878976
841902.270,461635584,431800320,1290878976
842010.621,461635584,431800320,1290878976
842115.389,461635584,431800320,1290878976
842226.162,461635584,431800320,1290878976
842336.869,461635584,431800320,1290878976
842447.575,461635584,431800320,1290878976
842556.550,461635584,431800320,1290878976
842672.973,461635584,431800320,1290878976
842776.346,461635584,431800320,1290878976
842886.156,461635584,431800320,1290878976
843001.803,461635584,431800320,1290878976
843114.956,461635584,431800320,1290878976
843225.777,461635584,431800320,1290878976
843341.629,461635584,431800320,1290878976
843445.408,461635584,431800320,1290878976
843562.326,461635584,431800320,1290878976
843672.220,461635584,431800320,1290878976
843781.642,461635584,431800320,1290878976
843891.954,461635584,431800320,1290878976
844006.555,461635584,431800320,1290878976
844116.836,461635584,431800320,1290878976
844226.409,461635584,431800320,1290878976
844336.469,461635584,431800320,1290878976
844446.784,461635584,431800320,1290878976
844552.000,461635584,431800320,1290878976
844665.302,461635584,431800320,1290878976
844776.267,461635584,431800320,1290878976
844892.893,461635584,431800320,1290878976
845013.612,461635584,431800320,1290878976
845126.438,461635584,431800320,1290878976
845235.625,461635584,431800320,1290878976
845356.317,461635584,431800320,1290878976
845456.854,461635584,431800320,1290878976
845572.375,461635584,431800320,1290878976
845676.434,461635584,431800320,1290878976
845791.908,461635584,431800320,1290878976
845896.311,461635584,431800320,1290878976
846004.059,461635584,431800320,1290878976
846121.617,461635584,431800320,1290878976
846222.368,461635584,431800320,1290878976
846342.412,461635584,431800320,1290878976
846457.695,461635584,431800320,1290878976
846571.452,461635584,431800320,1290878976
846676.441,461635584,431800320,1290878976
846785.512,461635584,431800320,1290878976
846896.123,461635584,431800320,1290878976
847013.228,461635584,431800320,1290878976
847117.203,461635584,431800320,1290878976
847226.841,461635584,431800320,1290878976
847332.096,461635584,431800320,1290878976
847442.272,461635584,431800320,1290878976
847556.440,461635584,431800320,1290878976
847672.206,461635584,431800320,1290878976
847786.800,461635584,431800320,1290878976
847896.257,461635584,431800320,1290878976
848005.820,461635584,431800320,1290878976
848113.071,461635584,431800320,1290878976
848226.463,461635584,431800320,1290878976
848336.944,461635584,431800320,1290878976
848442.667,461635584,431800320,1290878976
848555.640,461635584,431800320,1290878976
848667.942,461635584,431800320,1290878976
848765.925,461635584,431800320,1290878976
848887.093,461635584,431800320,1290878976
848995.861,461635584,431800320,1290878976
849105.344,461635584,431800320,1290878976
849207.875,461635584,431800320,1290878976
849321.365,461635584,431800320,1290878976
849424.962,461635584,431800320,1290878976
849536.025,461635584,431800320,1290878976
849645.149,461635584,431800320,1290878976
849756.260,461635584,431800320,1290878976
849868.665,461635584,431800320,1290878976
849975.777,461635584,431800320,1290878976
850085.667,461635584,431800320,1290878976
850195.507,461635584,431800320,1290878976
850306.074,461635584,431800320,1290878976
850405.886,461635584,431800320,1290878976
850520.915,461635584,431800320,1290878976
850632.081,461635584,431800320,1290878976
850736.063,461635584,431800320,1290878976
850861.614,461635584,431800320,1290878976
850971.707,461635584,431800320,1290878976
851081.643,461635584,431800320,1290878976
851194.862,461635584,431800320,1290878976
851306.643,461635584,431800320,1290878976
851409.436,461635584,431800320,1290878976
851516.653,461635584,431800320,1290878976
851625.165,461635584,431800320,1290878976
851741.057,461635584,431800320,1290878976
851845.782,461635584,431800320,1290878976
851955.901,461635584,431800320,1290878976
852068.114,461635584,431800320,1290878976
852175.704,461635584,431800320,1290878976
852286.634,461635584,431800320,1290878976
852403.211,461635584,431800320,1290878976
852522.191,461635584,431800320,1290878976
852626.476,461635584,431800320,1290878976
852737.684,461635584,431800320,1290878976
852846.973,461635584,431800320,1290878976
852958.391,461635584,431800320,1290878976
853065.760,461635584,431800320,1290878976
853176.124,461635584,431800320,1290878976
853282.741,461635584,431800320,1290878976
853402.905,461635584,431800320,1290878976
853507.061,461635584,431800320,1290878976
853616.532,461635584,431800320,1290878976
853726.582,461635584,431800320,1290878976
853832.102,461635584,431800320,1290878976
853945.774,461635584,431800320,1290878976
854062.341,461635584,431800320,1290878976
854167.162,461635584,431800320,1290878976
854278.786,461635584,431800320,1290878976
854378.912,461635584,431800320,1290878976
854486.157,461635584,431800320,1290878976
854601.748,461635584,431800320,1290878976
854705.610,461635584,431800320,1290878976
854818.083,461635584,431800320,1290878976
854925.755,461635584,431800320,1290878976
855041.452,461635584,431800320,1290878976
855144.871,461635584,431800320,1290878976
855260.782,461635584,431800320,1290878976
855365.441,461635584,431800320,1290878976
855477.199,461635584,431800320,1290878976
855587.195,461635584,431800320,1290878976
855703.554,461635584,431800320,1290878976
855817.835,461635584,431800320,1290878976
855925.078,461635584,431800320,1290878976
856042.495,461635584,431800320,1290878976
856146.198,461635584,431800320,1290878976
856262.111,461635584,431800320,1290878976
856372.145,461635584,431800320,1290878976
856476.029,461635584,431800320,1290878976
856591.985,461635584,431800320,1290878976
856701.763,461635584,431800320,1290878976
856802.971,461635584,431800320,1290878976
856918.932,461635584,431800320,1290878976
857027.770,461635584,431800320,1290878976
857125.822,461635584,431800320,1290878976
857242.515,461635584,431800320,1290878976
857351.589,461635584,431800320,1290878976
857466.440,461635584,431800320,1290878976
857585.587,461635584,431800320,1290878976
857695.656,461635584,431800320,1290878976
857802.370,461635584,431800320,1290878976
857920.178,461635584,431800320,1290878976
858025.850,461635584,431800320,1290878976
858132.269,461635584,431800320,1290878976
858237.288,461635584,431800320,1290878976
858358.939,461635584,431800320,1290878976
858462.399,461635584,431800320,1290878976
858562.598,461635584,431800320,1290878976
858677.331,461635584,431800320,1290878976
858781.441,461635584,431800320,1290878976
858897.164,461635584,431800320,1290878976
859006.454,461635584,431800320,1290878976
859116.154,461635584,431800320,1290878976
859221.444,461635584,431800320,1290878976
859336.247,461635584,431800320,1290878976
859445.813,461635584,431800320,1290878976
859555.636,461635584,431800320,1290878976
859663.041,461635584,431800320,1290878976
859767.783,461635584,431800320,1290878976
859877.736,461635584,431800320,1290878976
859986.077,461635584,431800320,1290878976
860109.983,461635584,431800320,1290878976
860226.544,461635584,431800320,1290878976
860335.842,461635584,431800320,1290878976
860437.554,461635584,431800320,1290878976
860556.733,461635584,431800320,1290878976
860656.433,461635584,431800320,1290878976
860781.598,461635584,431800320,1290878976
860895.722,461635584,431800320,1290878976
861006.454,461635584,431800320,1290878976
861124.345,461635584,431800320,1290878976
861238.427,461635584,431800320,1290878976
861347.488,461635584,431800320,1290878976
861457.036,461635584,431800320,1290878976
861566.723,461635584,431800320,1290878976
861679.793,461635584,431800320,1290878976
861787.550,461635584,431800320,1290878976
861891.587,461635584,431800320,1290878976
862009.144,461635584,431800320,1290878976
862119.786,461635584,431800320,1290878976
862227.203,461635584,431800320,1290878976
862337.422,461635584,431800320,1290878976
862447.032,461635584,431800320,1290878976
862547.264,461635584,431800320,1290878976
862657.126,461635584,431800320,1290878976
862783.068,461635584,431800320,1290878976
862899.094,461635584,431800320,1290878976
863006.742,461635584,431800320,1290878976
863116.456,461635584,431800320,1290878976
863222.030,461635584,431800320,1290878976
863343.128,461635584,431800320,1290878976
863446.988,461635584,431800320,1290878976
863553.104,461635584,431800320,1290878976
863656.749,461635584,431800320,1290878976
863778.332,461635584,431800320,1290878976
863889.379,461635584,431800320,1290878976
863997.804,461635584,431800320,1290878976
864113.008,461635584,431800320,1290878976
864234.009,461635584,431800320,1290878976
864347.606,461635584,431800320,1290878976
864457.186,461635584,431800320,1290878976
864573.094,461635584,431800320,1290878976
864677.310,461635584,431800320,1290878976
864787.401,461635584,431800320,1290878976
864897.565,461635584,431800320,1290878976
865007.194,461635584,431800320,1290878976
865117.699,461635584,431800320,1290878976
865223.743,461635584,431800320,1290878976
865329.767,461635584,431800320,1290878976
865447.764,461635584,431800320,1290878976
865553.446,461635584,431800320,1290878976
865657.830,461635584,431800320,1290878976
865774.182,461635584,431800320,1290878976
865877.553,461635584,431800320,1290878976
865993.178,461635584,431800320,1290878976
866102.435,461635584,431800320,1290878976
866213.998,461635584,431800320,1290878976
866320.689,461635584,431800320,1290878976
866427.669,461635584,431800320,1290878976
866537.807,461635584,431800320,1290878976
866643.111,461635584,431800320,1290878976
866753.542,461635584,431800320,1290878976
866867.591,461635584,431800320,1290878976
866985.751,461635584,431800320,1290878976
867107.671,461635584,431800320,1290878976
867233.641,461635584,431800320,1290878976
867347.835,461635584,431800320,1290878976
867458.176,461635584,431800320,1290878976
867567.852,461635584,431800320,1290878976
867684.492,461635584,431800320,1290878976
867789.332,461635584,431800320,1290878976
867898.476,461635584,431800320,1290878976
868003.548,461635584,431800320,1290878976
868119.343,461635584,431800320,1290878976
868227.635,461635584,431800320,1290878976
868333.687,461635584,431800320,1290878976
868444.601,461635584,431800320,1290878976
868549.838,461635584,431800320,1290878976
868668.565,461635584,431800320,1290878976
868772.821,461635584,431800320,1290878976
868887.616,461635584,431800320,1290878976
868993.662,461635584,431800320,1290878976
869104.569,461635584,431800320,1290878976
869212.499,461635584,431800320,1290878976
869323.586,461635584,431800320,1290878976
869433.920,461635584,431800320,1290878976
869537.020,461635584,431800320,1290878976
869642.471,461635584,431800320,1290878976
869754.112,461635584,431800320,1290878976
869867.691,461635584,431800320,1290878976
869984.100,461635584,431800320,1290878976
870111.401,461635584,431800320,1290878976
870212.042,461635584,431800320,1290878976
870318.801,461635584,431800320,1290878976
870427.747,461635584,431800320,1290878976
870537.012,461635584,431800320,1290878976
870653.345,461635584,431800320,1290878976
870757.207,461635584,431800320,1290878976
870872.937,461635584,431800320,1290878976
870973.001,461635584,431800320,1290878976
871087.535,461635584,431800320,1290878976
871196.950,461635584,431800320,1290878976
871297.399,461635584,431800320,1290878976
871405.919,461635584,431800320,1290878976
871517.919,461635584,431800320,1290878976
871627.448,461635584,431800320,1290878976
871746.518,461635584,431800320,1290878976
871862.036,461635584,431800320,1290878976
871967.932,461635584,431800320,1290878976
872086.213,461635584,431800320,1290878976
872197.181,461635584,431800320,1290878976
872297.745,461635584,431800320,1290878976
872412.249,461635584,431800320,1290878976
872518.666,461635584,431800320,1290878976
872632.529,461635584,431800320,1290878976
872735.496,461635584,431800320,1290878976
872848.779,461635584,431800320,1290878976
872961.378,461635584,431800320,1290878976
873073.811,461635584,431800320,1290878976
873177.867,461635584,431800320,1290878976
873294.407,461635584,431800320,1290878976
873408.947,461635584,431800320,1290878976
873519.012,461635584,431800320,1290878976
873644.350,461635584,431800320,1290878976
873754.656,461635584,431800320,1290878976
873870.419,461635584,431800320,1290878976
873987.355,461635584,431800320,1290878976
874110.028,461635584,431800320,1290878976
874228.485,461635584,431800320,1290878976
874334.684,461635584,431800320,1290878976
874438.895,461635584,431800320,1290878976
874548.655,461635584,431800320,1290878976
874658.605,461635584,431800320,1290878976
874768.905,461635584,431800320,1290878976
874877.816,461635584,431800320,1290878976
874988.640,461635584,431800320,1290878976
875098.924,461635584,431800320,1290878976
875209.061,461635584,431800320,1290878976
875318.426,461635584,431800320,1290878976
875424.950,461635584,431800320,1290878976
875534.473,461635584,431800320,1290878976
875648.989,461635584,431800320,1290878976
875764.578,461635584,431800320,1290878976
875868.536,461635584,431800320,1290878976
875984.572,461635584,431800320,1290878976
876096.508,461635584,431800320,1290878976
876207.118,461635584,431800320,1290878976
876318.191,461635584,431800320,1290878976
876433.484,461635584,431800320,1290878976
876540.068,461635584,431800320,1290878976
876645.815,461635584,431800320,1290878976
876758.799,461635584,431800320,1290878976
876868.755,461635584,431800320,1290878976
876979.057,461635584,431800320,1290878976
877089.188,461635584,431800320,1290878976
877190.459,461635584,431800320,1290878976
877304.965,461635584,431800320,1290878976
877418.524,461635584,431800320,1290878976
877518.264,461635584,431800320,1290878976
877628.732,461635584,431800320,1290878976
877754.527,461635584,431800320,1290878976
877869.033,461635584,431800320,1290878976
877974.096,461635584,431800320,1290878976
878088.605,461635584,431800320,1290878976
878204.845,461635584,431800320,1290878976
878319.095,461635584,431800320,1290878976
878428.927,461635584,431800320,1290878976
878534.553,461635584,431800320,1290878976
878649.502,461635584,431800320,1290878976
878765.113,461635584,431800320,1290878976
878889.095,461635584,431800320,1290878976
878994.292,461635584,431800320,1290878976
879105.956,461635584,431800320,1290878976
879208.568,461635584,431800320,1290878976
879317.852,461635584,431800320,1290878976
879424.156,461635584,431800320,1290878976
879544.708,461635584,431800320,1290878976
879648.790,461635584,431800320,1290878976
879759.139,461635584,431800320,1290878976
879868.604,461635584,431800320,1290878976
879979.412,461635584,431800320,1290878976
880095.246,461635584,431800320,1290878976
880209.964,461635584,431800320,1290878976
880319.119,461635584,431800320,1290878976
880424.673,461635584,431800320,1290878976
880534.725,461635584,431800320,1290878976
880648.835,461635584,431800320,1290878976
880758.695,461635584,431800320,1290878976
880868.633,461635584,431800320,1290878976
880974.380,461635584,431800320,1290878976
881083.843,461635584,431800320,1290878976
881188.867,461635584,431800320,1290878976
881307.297,461635584,431800320,1290878976
881425.096,461635584,431800320,1290878976
881538.916,461635584,431800320,1290878976
881655.284,461635584,431800320,1290878976
881775.118,461635584,431800320,1290878976
881879.226,461635584,431800320,1290878976
881989.002,461635584,431800320,1290878976
882099.050,461635584,431800320,1290878976
882210.944,461635584,431800320,1290878976
882319.192,461635584,431800320,1290878976
882433.000,461635584,431800320,1290878976
882544.129,461635584,431800320,1290878976
882644.037,461635584,431800320,1290878976
882764.522,461635584,431800320,1290878976
882874.987,461635584,431800320,1290878976
882987.574,461635584,431800320,1290878976
883098.917,461635584,431800320,1290878976
883204.140,461635584,431800320,1290878976
883316.766,461635584,431800320,1290878976
883434.839,461635584,431800320,1290878976
883546.706,461635584,431800320,1290878976
883659.347,461635584,431800320,1290878976
883775.269,461635584,431800320,1290878976
883879.313,461635584,431800320,1290878976
883988.726,461635584,431800320,1290878976
884098.593,461635584,431800320,1290878976
884209.613,461635584,431800320,1290878976
884319.200,461635584,431800320,1290878976
884429.241,461635584,431800320,1290878976
884539.131,461635584,431800320,1290878976
884648.882,461635584,431800320,1290878976
884758.601,461635584,431800320,1290878976
884869.215,461635584,431800320,1290878976
884979.268,461635584,431800320,1290878976
885089.423,461635584,431800320,1290878976
885198.723,461635584,431800320,1290878976
885307.948,461635584,431800320,1290878976
885417.562,461635584,431800320,1290878976
885519.447,461635584,431800320,1290878976
885629.372,461635584,431800320,1290878976
885749.376,461635584,431800320,1290878976
885865.437,461635584,431800320,1290878976
885979.136,461635584,431800320,1290878976
886079.145,461635584,431800320,1290878976
886204.729,461635584,431800320,1290878976
886319.277,461635584,431800320,1290878976
886429.230,461635584,431800320,1290878976
886544.990,461635584,431800320,1290878976
886649.936,461635584,431800320,1290878976
886759.475,461635584,431800320,1290878976
886870.050,461635584,431800320,1290878976
886970.163,461635584,431800320,1290878976
887095.117,461635584,431800320,1290878976
887209.958,461635584,431800320,1290878976
887319.310,461635584,431800320,1290878976
887428.998,461635584,431800320,1290878976
887539.175,461635584,431800320,1290878976
887649.653,461635584,431800320,1290878976
887759.482,461635584,431800320,1290878976
887869.559,461635584,431800320,1290878976
887979.453,461635584,431800320,1290878976
888089.114,461635584,431800320,1290878976
888194.578,461635584,431800320,1290878976
888299.235,461635584,431800320,1290878976
888408.987,461635584,431800320,1290878976
888529.866,461635584,431800320,1290878976
888629.326,461635584,431800320,1290878976
888739.154,461635584,431800320,1290878976
888848.957,461635584,431800320,1290878976
888959.276,461635584,431800320,1290878976
889069.681,461635584,431800320,1290878976
889179.755,461635584,431800320,1290878976
889289.311,461635584,431800320,1290878976
889399.329,461635584,431800320,1290878976
889505.166,461635584,431800320,1290878976
889619.244,461635584,431800320,1290878976
889729.558,461635584,431800320,1290878976
889829.321,461635584,431800320,1290878976
889949.281,461635584,431800320,1290878976
890049.727,461635584,431800320,1290878976
890165.488,461635584,431800320,1290878976
890269.321,461635584,431800320,1290878976
890379.279,461635584,431800320,1290878976
890494.488,461635584,431800320,1290878976
890606.618,461635584,431800320,1290878976
890735.054,461635584,431800320,1290878976
890849.451,461635584,431800320,1290878976
890965.791,461635584,431800320,1290878976
891069.804,461635584,431800320,1290878976
891179.912,461635584,431800320,1290878976
891295.972,461635584,431800320,1290878976
891399.690,461635584,431800320,1290878976
891505.506,461635584,431800320,1290878976
891625.641,461635584,431800320,1290878976
891734.607,461635584,431800320,1290878976
891849.422,461635584,431800320,1290878976
891955.084,461635584,431800320,1290878976
892064.376,461635584,431800320,1290878976
892179.012,461635584,431800320,1290878976
892289.609,461635584,431800320,1290878976
892394.089,461635584,431800320,1290878976
892510.287,461635584,431800320,1290878976
892625.522,461635584,431800320,1290878976
892723.262,461635584,431800320,1290878976
892839.681,461635584,431800320,1290878976
892939.487,461635584,431800320,1290878976
893047.663,461635584,431800320,1290878976
893170.881,461635584,431800320,1290878976
893286.979,461635584,431800320,1290878976
893399.189,461635584,431800320,1290878976
893513.711,461635584,431800320,1290878976
893631.160,460492800,430657536,1290878976
893739.762,460492800,430657536,1290878976
893849.926,474820608,444977152,1290878976
893954.743,452661248,432267264,1290878976
894069.676,461725696,432328704,1290878976
894179.674,461725696,432361472,1290878976
894285.058,461725696,432361472,1290878976
894399.750,461725696,432361472,1290878976
894505.147,461725696,432361472,1290878976
894619.065,464076800,432414720,1290878976
894718.681,464076800,432414720,1290878976
894829.532,455405568,433692672,1290878976
894939.664,455405568,433737728,1290878976
895048.755,455405568,433762304,1290878976
895175.504,522653696,484655104,1290878976
895289.498,589893632,560250880,1290878976
895399.334,724373504,627953664,1290878976
895509.796,724373504,629788672,1290878976
895620.089,465731584,433991680,1290878976
895725.375,463982592,433061888,1290878976
895829.503,465125376,434204672,1290878976
895939.758,463982592,433061888,1290878976
896049.230,463982592,433061888,1290878976
896159.280,465125376,434208768,1290878976
896269.442,463982592,433086464,1290878976
896389.724,465125376,434229248,1290878976
896509.843,471789568,450699264,1290878976
896625.153,463314944,436854784,1290878976
896745.063,464457728,438063104,1290878976
896849.289,465612800,437018624,1290878976
896965.285,466472960,437022720,1290878976
897076.082,467615744,437440512,1290878976
897185.353,466472960,437030912,1290878976
897295.264,466472960,437030912,1290878976
897405.196,467615744,437248000,1290878976
897506.162,467382272,437944320,1290878976
897615.425,474193920,452116480,1290878976
897731.529,465653760,438837248,1290878976
897839.628,465653760,438849536,1290878976
897941.257,465653760,438882304,1290878976
898049.844,467951616,438919168,1290878976
898159.026,467951616,438919168,1290878976
898275.278,467951616,438923264,1290878976
898391.686,467951616,438923264,1290878976
898509.816,467951616,438923264,1290878976
898625.294,467951616,438923264,1290878976
898735.203,467951616,438923264,1290878976
898849.308,467951616,438923264,1290878976
898959.044,467951616,438923264,1290878976
899075.403,467951616,438923264,1290878976
899179.220,467951616,438923264,1290878976
899288.840,467951616,438923264,1290878976
899399.732,467951616,438923264,1290878976
899509.415,469094400,439197696,1290878976
899619.887,467951616,438923264,1290878976
899729.710,469094400,438923264,1290878976
899835.970,467951616,438923264,1290878976
899945.555,467951616,438923264,1290878976
900049.594,467951616,438923264,1290878976
900165.404,467951616,438923264,1290878976
900275.794,467951616,438923264,1290878976
900379.380,467951616,438923264,1290878976
900489.715,467951616,438923264,1290878976
900599.281,469094400,439386112,1290878976
900715.526,467951616,438923264,1290878976
900819.189,467951616,438923264,1290878976
900928.793,469094400,439144448,1290878976
901039.220,467951616,438923264,1290878976
901155.082,467951616,438923264,1290878976
901265.342,469094400,439988224,1290878976
901385.977,467951616,438923264,1290878976
901489.750,467951616,438927360,1290878976
901599.420,469094400,440070144,1290878976
901709.434,467951616,438927360,1290878976
901815.262,467951616,438927360,1290878976
901929.091,467951616,438927360,1290878976
902035.363,467951616,438927360,1290878976
902149.011,467951616,438927360,1290878976
902259.397,467951616,438927360,1290878976
902369.511,467951616,438927360,1290878976
902478.755,467951616,438927360,1290878976
902588.753,467951616,438927360,1290878976
902689.470,467951616,438927360,1290878976
902799.333,467951616,438927360,1290878976
902916.308,467951616,438927360,1290878976
903035.554,467951616,438935552,1290878976
903149.265,467951616,438935552,1290878976
903262.382,467951616,438935552,1290878976
903369.913,467955712,438939648,1290878976
903469.600,469098496,440082432,1290878976
903579.360,472367104,439021568,1290878976
903688.974,472367104,439021568,1290878976
903809.197,472367104,439021568,1290878976
903909.688,472367104,439021568,1290878976
904025.101,472367104,439021568,1290878976
904129.179,473509888,440164352,1290878976
904235.450,486129664,452726784,1290878976
904355.739,475193344,439320576,1290878976
904460.466,475193344,439332864,1290878976
904569.829,475193344,439402496,1290878976
904679.793,463355904,439349248,1290878976
904790.161,474681344,450744320,1290878976
904896.159,472858624,439554048,1290878976
905016.396,472858624,439562240,1290878976
905125.722,472858624,439607296,1290878976
905239.714,472858624,439607296,1290878976
905348.885,472858624,439607296,1290878976
905458.830,472858624,439607296,1290878976
905574.103,472858624,439607296,1290878976
905679.528,475213824,439615488,1290878976
905795.102,475213824,439615488,1290878976
905895.296,475213824,439615488,1290878976
906016.495,475213824,439615488,1290878976
906120.338,476356608,440758272,1290878976
906219.464,475213824,439615488,1290878976
906329.715,508366848,463679488,1290878976
906450.064,609226752,540135424,1290878976
906555.745,743706624,605036544,1290878976
906665.660,743706624,635248640,1290878976
906775.559,474738688,439726080,1290878976
906879.793,474738688,439726080,1290878976
906988.929,474738688,439726080,1290878976
907099.559,474738688,439726080,1290878976
907209.551,475881472,440594432,1290878976
907320.584,386826240,393854976,1290878976
907430.132,401911808,401231872,1290878976
907536.157,412766208,407085056,1290878976
907645.916,413458432,406839296,1290878976
907759.596,414191616,407384064,1290878976
907859.641,414928896,407396352,1290878976
907970.593,422834176,422461440,1290878976
908080.300,416972800,409419776,1290878976
908190.034,417648640,409423872,1290878976
908299.368,418791424,410550272,1290878976
908419.453,418295808,409432064,1290878976
908529.424,419438592,410574848,1290878976
908629.204,418295808,409432064,1290878976
908739.836,420065280,410583040,1290878976
908850.604,419520512,409440256,1290878976
908967.810,434761728,424722432,1290878976
909075.677,421482496,411643904,1290878976
909180.540,422055936,411648000,1290878976
909290.393,422055936,411648000,1290878976
909399.917,422612992,411652096,1290878976
909510.128,422612992,411652096,1290878976
909615.945,424378368,411869184,1290878976
909725.677,423743488,411848704,1290878976
909829.422,423772160,411877376,1290878976
909945.247,423772160,411877376,1290878976
910049.602,424280064,411893760,1290878976
910159.170,424280064,411893760,1290878976
910269.600,424280064,411893760,1290878976
910387.605,424280064,411893760,1290878976
910500.984,425246720,412385280,1290878976
910601.104,426389504,413417472,1290878976
910710.446,425697280,412385280,1290878976
910819.688,425721856,412405760,1290878976
910930.330,426160128,412405760,1290878976
911040.315,426160128,412405760,1290878976
911150.347,427732992,413126656,1290878976
911260.344,426803200,414154752,1290878976
911360.232,428376064,415096832,1290878976
911475.300,427237376,414244864,1290878976
911579.943,428834816,414408704,1290878976
911689.282,430391296,414572544,1290878976
911797.981,432775168,414449664,1290878976
911916.571,433917952,415592448,1290878976
912020.850,432775168,414461952,1290878976
912130.349,433917952,415604736,1290878976
912240.340,432775168,414461952,1290878976
912346.130,432775168,414466048,1290878976
912460.163,433917952,415608832,1290878976
912570.360,424386560,416071680,1290878976
912680.478,433881088,416272384,1290878976
912790.341,433897472,416292864,1290878976
912895.980,433897472,416292864,1290878976
913009.811,433897472,416292864,1290878976
913120.111,433922048,416309248,1290878976
913226.285,436690944,416333824,1290878976
913330.202,436690944,416337920,1290878976
913440.560,436695040,416342016,1290878976
913550.247,436695040,416342016,1290878976
913677.277,638427136,513064960,1290878976
913790.020,705662976,576610304,1290878976
913896.420,705662976,597299200,1290878976
914010.507,436703232,416366592,1290878976
914120.547,436985856,416526336,1290878976
914226.095,437194752,416681984,1290878976
914335.897,437194752,416727040,1290878976
914445.959,438824960,418889728,1290878976
914550.111,433053696,420847616,1290878976
914660.850,436662272,420921344,1290878976
914770.861,436875264,421130240,1290878976
914878.048,436875264,421146624,1290878976
914995.600,436875264,421146624,1290878976
915100.364,437407744,421216256,1290878976
915210.527,437481472,421851136,1290878976
915320.975,435437568,422977536,1290878976
915426.054,435441664,423043072,1290878976
915540.348,439148544,423272448,1290878976
915649.802,440295424,424415232,1290878976
915760.303,439754752,423276544,1290878976
915870.155,440901632,424419328,1290878976
915979.903,439754752,423276544,1290878976
916079.716,439754752,423276544,1290878976
916200.343,440401920,423280640,1290878976
916306.378,441548800,424423424,1290878976
916410.950,440401920,423280640,1290878976
916520.659,441069568,423288832,1290878976
916630.625,441069568,423288832,1290878976
916740.534,441757696,423288832,1290878976
916850.633,444035072,426090496,1290878976
916966.468,444157952,426217472,1290878976
917070.582,444157952,426237952,1290878976
917180.563,444882944,426237952,1290878976
917290.007,444882944,426237952,1290878976
917399.775,444882944,426242048,1290878976
917520.412,444882944,426258432,1290878976
917630.110,444882944,426262528,1290878976
917746.205,444882944,426262528,1290878976
917851.122,445657088,426262528,1290878976
917959.294,445657088,426328064,1290878976
918065.854,446443520,426328064,1290878976
918180.674,446443520,426328064,1290878976
918290.322,447246336,426328064,1290878976
918400.191,447246336,426328064,1290878976
918516.094,448065536,426328064,1290878976
918632.707,448065536,426328064,1290878976
918740.947,448892928,426328064,1290878976
918850.315,448892928,426328064,1290878976
918960.409,448892928,426328064,1290878976
919070.852,448892928,426393600,1290878976
919180.761,449736704,426393600,1290878976
919290.923,450883584,427601920,1290878976
919400.513,450592768,426463232,1290878976
919520.584,450592768,426463232,1290878976
919630.251,452653056,426500096,1290878976
919736.878,452653056,426500096,1290878976
919850.952,453513216,426504192,1290878976
919960.180,453513216,426504192,1290878976
920070.303,454381568,426512384,1290878976
920180.604,458080256,430301184,1290878976
920291.531,456454144,433180672,1290878976
920400.882,465661952,433283072,1290878976
920520.953,465661952,433348608,1290878976
920630.753,465661952,433348608,1290878976
920740.318,465661952,433348608,1290878976
920856.345,465661952,433348608,1290878976
920960.856,465661952,433348608,1290878976
921070.484,465661952,433352704,1290878976
921186.741,465661952,433352704,1290878976
921286.082,465661952,433352704,1290878976
921406.424,465661952,433352704,1290878976
921510.121,465661952,433356800,1290878976
921616.796,533516288,497254400,1290878976
921721.446,735236096,579776512,1290878976
921840.609,735236096,629059584,1290878976
921940.806,466268160,433684480,1290878976
922050.559,467410944,434827264,1290878976
922157.200,469700608,448917504,1290878976
922277.056,463953920,435888128,1290878976
922390.311,463953920,435900416,1290878976
922500.398,465907712,437071872,1290878976
922610.298,464764928,435929088,1290878976
922720.608,458084352,436822016,1290878976
922840.607,465547264,437407744,1290878976
922950.538,465547264,437411840,1290878976
923050.060,465547264,437411840,1290878976
923160.072,466690048,437579776,1290878976
923269.832,466219008,437420032,1290878976
923379.848,466219008,437420032,1290878976
923489.639,466219008,437420032,1290878976
923600.449,467980288,438562816,1290878976
923711.615,466837504,437424128,1290878976
923821.334,466837504,437424128,1290878976
923936.800,468549632,438566912,1290878976
924036.868,467955712,437428224,1290878976
924150.584,467955712,437436416,1290878976
924255.764,469098496,438591488,1290878976
924370.322,467955712,437448704,1290878976
924475.789,467955712,437448704,1290878976
924579.993,469098496,438591488,1290878976
924689.952,467955712,437448704,1290878976
924807.216,467955712,437448704,1290878976
924921.376,469098496,437862400,1290878976
925027.095,468406272,437448704,1290878976
925130.740,468406272,437448704,1290878976
925240.801,469549056,438599680,1290878976
925350.676,468406272,437522432,1290878976
925455.984,468406272,437522432,1290878976
925570.147,469995520,438697984,1290878976
925680.360,468852736,437555200,1290878976
925796.004,468852736,437555200,1290878976
925900.084,469995520,438697984,1290878976
926005.935,469270528,437559296,1290878976
926110.272,471330816,437563392,1290878976
926220.294,471330816,437563392,1290878976
926336.669,471728128,438022144,1290878976
926447.941,471728128,438038528,1290878976
926561.234,471728128,438042624,1290878976
926666.044,471728128,438042624,1290878976
926766.230,472358912,438042624,1290878976
926880.487,474705920,438050816,1290878976
926990.120,475852800,439197696,1290878976
927100.631,474705920,438054912,1290878976
927210.201,474705920,438054912,1290878976
927320.196,475852800,439197696,1290878976
927425.874,475324416,438394880,1290878976
927537.246,609812480,507068416,1290878976
927646.909,744292352,602886144,1290878976
927757.310,744292352,619073536,1290878976
927871.609,475324416,438411264,1290878976
927981.289,475324416,438419456,1290878976
928087.740,488960000,452141056,1290878976
928197.312,469135360,439517184,1290878976
928301.560,470208512,439365632,1290878976
928416.293,470208512,439390208,1290878976
928526.894,470695936,439406592,1290878976
928631.027,471220224,439414784,1290878976
928741.061,472367104,439894016,1290878976
928857.382,466026496,439898112,1290878976
928971.117,469303296,439734272,1290878976
929081.576,469303296,439758848,1290878976
929191.153,472440832,439767040,1290878976
929301.524,472440832,439767040,1290878976
929412.905,473034752,439771136,1290878976
929527.242,473034752,439771136,1290878976
929627.155,473034752,439771136,1290878976
929747.160,474796032,440111104,1290878976
929851.138,474284032,439771136,1290878976
929961.387,475430912,440913920,1290878976
930076.741,474939392,439771136,1290878976
930186.569,476086272,440913920,1290878976
930301.142,474939392,439771136,1290878976
930416.987,474939392,439775232,1290878976
930521.415,474939392,439779328,1290878976
930626.571,474939392,439779328,1290878976
930737.635,474939392,439779328,1290878976
930857.329,474939392,439779328,1290878976
930960.962,474939392,439779328,1290878976
931071.559,474939392,439779328,1290878976
931187.564,474939392,439848960,1290878976
931311.352,474939392,439848960,1290878976
931427.070,475709440,439848960,1290878976
931536.939,475709440,439848960,1290878976
931640.941,475709440,439848960,1290878976
931751.099,475709440,439848960,1290878976
931866.833,475709440,439914496,1290878976
931980.798,475709440,439914496,1290878976
932091.015,475709440,439914496,1290878976
932191.426,475709440,439914496,1290878976
932302.005,476532736,439980032,1290878976
932411.937,476532736,439980032,1290878976
932521.594,476532736,439980032,1290878976
932631.726,476532736,439980032,1290878976
932741.213,476532736,439980032,1290878976
932851.319,476532736,439980032,1290878976
932961.192,476532736,439980032,1290878976
933076.934,476532736,439984128,1290878976
933177.263,476532736,439984128,1290878976
933291.035,476532736,439984128,1290878976
933400.946,476532736,439984128,1290878976
933510.890,477679616,441126912,1290878976
933621.029,476532736,439988224,1290878976
933722.121,476532736,439988224,1290878976
933831.561,491724800,454909952,1290878976
933941.959,483926016,442859520,1290878976
934051.543,484884480,442699776,1290878976
934169.125,484884480,442847232,1290878976
934270.344,484884480,442912768,1290878976
934375.336,484884480,442912768,1290878976
934496.165,484884480,442925056,1290878976
934600.491,485765120,442925056,1290878976
934711.293,485765120,442937344,1290878976
934821.382,485765120,442941440,1290878976
934931.356,485765120,442941440,1290878976
935041.183,486907904,443015168,1290878976
935141.638,485765120,442945536,1290878976
935252.056,485765120,442945536,1290878976
935362.009,485765120,442945536,1290878976
935471.964,474832896,443785216,1290878976
935582.122,489275392,457961472,1290878976
935701.563,543444992,505393152,1290878976
935801.813,745164800,583614464,1290878976
935912.048,745164800,639713280,1290878976
936021.264,493010944,457019392,1290878976
936131.780,610684928,551063552,1290878976
936237.527,745164800,639725568,1290878976
936351.837,850800640,748343296,1290878976
936459.964,950734848,858075136,1290878976
936577.746,1089015808,1002786816,1290878976
936691.514,1211576320,1120075776,1290878976
936797.586,1001848832,982130688,1290878976
936907.616,1102708736,1031639040,1290878976
937016.907,1102708736,1081774080,1290878976
937127.506,981413888,966492160,1290878976
937241.287,939331584,925757440,1290878976
937351.417,936624128,925732864,1290878976
937462.778,1003872256,968675328,1290878976
937573.319,1340076032,1188864000,1290878976
937687.178,1205592064,1120636928,1290878976
937788.148,936624128,859836416,1290878976
937891.760,872091648,830988288,1290878976
938007.870,939331584,925560832,1290878976
938111.648,1073811456,989114368,1290878976
938221.810,1073811456,989114368,1290878976
938332.266,803557376,788062208,1290878976
938452.010,803557376,788291584,1290878976
938550.843,799375360,784543744,1290878976
938661.097,799375360,784576512,1290878976
938770.981,799449088,784695296,1290878976
938876.937,798302208,783552512,1290878976
938991.404,798302208,783564800,1290878976
939098.346,791592960,783597568,1290878976
939212.068,789471232,779653120,1290878976
939321.419,790618112,780840960,1290878976
939428.106,792616960,779702272,1290878976
939541.415,793759744,780849152,1290878976
939652.016,792616960,779710464,1290878976
939756.995,792616960,779710464,1290878976
939861.540,792616960,779710464,1290878976
939971.180,792616960,779710464,1290878976
940091.314,792616960,779710464,1290878976
940191.578,792616960,779714560,1290878976
940301.457,792616960,779714560,1290878976
940417.224,792616960,779714560,1290878976
940527.783,794931200,779743232,1290878976
940638.176,794931200,779743232,1290878976
940752.427,794931200,779747328,1290878976
940867.552,796078080,780890112,1290878976
940982.157,794931200,779747328,1290878976
941097.718,794931200,779747328,1290878976
941212.158,794931200,779755520,1290878976
941317.483,794931200,779755520,1290878976
941431.620,794931200,779755520,1290878976
941531.552,794931200,779755520,1290878976
941651.387,794931200,779759616,1290878976
941751.398,794931200,779759616,1290878976
941862.039,794931200,779763712,1290878976
941971.459,794931200,779763712,1290878976
942082.011,794931200,779833344,1290878976
942192.163,796078080,780939264,1290878976
942298.457,794931200,779837440,1290878976
942407.635,794931200,779837440,1290878976
942533.915,794931200,779841536,1290878976
942641.954,794931200,779841536,1290878976
942751.631,794931200,779841536,1290878976
942861.573,796078080,780988416,1290878976
942971.784,794931200,779845632,1290878976
943081.901,796078080,780988416,1290878976
943191.719,794931200,779845632,1290878976
943297.854,796078080,780988416,1290878976
943412.649,794931200,779845632,1290878976
943521.986,796078080,780259328,1290878976
943631.758,794931200,779845632,1290878976
943742.663,794931200,779943936,1290878976
943852.344,794931200,779988992,1290878976
943962.387,794931200,779988992,1290878976
944072.389,794931200,780021760,1290878976
944178.547,787410944,779931648,1290878976
944292.244,792293376,777469952,1290878976
944392.174,792293376,777478144,1290878976
944512.272,792293376,777506816,1290878976
944622.152,794640384,777523200,1290878976
944737.644,794640384,777523200,1290878976
944852.395,794640384,777523200,1290878976
944962.429,795787264,778665984,1290878976
945071.814,794640384,777523200,1290878976
945182.324,795787264,777981952,1290878976
945288.067,796659712,777564160,1290878976
945392.348,797802496,778711040,1290878976
945512.517,797810688,790466560,1290878976
945611.999,794443776,775516160,1290878976
945732.245,794443776,775540736,1290878976
945831.289,794443776,775544832,1290878976
945940.952,794443776,775544832,1290878976
946062.542,794443776,775544832,1290878976
946172.943,794443776,775553024,1290878976
946282.309,928931840,855089152,1290878976
946403.710,1063411712,967282688,1290878976
946509.191,1063411712,970362880,1290878976
946612.037,794443776,775557120,1290878976
946721.615,794443776,775557120,1290878976
946841.855,795586560,776179712,1290878976
946942.368,781484032,774397952,1290878976
947058.339,786649088,774447104,1290878976
947168.214,786649088,774447104,1290878976
947272.800,786649088,774447104,1290878976
947382.283,786649088,774512640,1290878976
947497.751,786649088,774512640,1290878976
947612.187,787791872,775655424,1290878976
947733.294,786649088,774512640,1290878976
947842.357,786649088,774512640,1290878976
947957.538,786649088,774512640,1290878976
948071.700,787791872,775655424,1290878976
948171.591,786649088,774512640,1290878976
948291.563,786649088,774512640,1290878976
948391.165,787791872,775659520,1290878976
948503.204,786649088,774516736,1290878976
948617.080,786649088,774520832,1290878976
948721.704,786649088,774606848,1290878976
948832.348,786649088,774606848,1290878976
948940.181,787791872,775749632,1290878976
949052.117,788971520,774627328,1290878976
949162.459,788971520,774627328,1290878976
949272.476,790114304,775770112,1290878976
949381.630,788971520,774643712,1290878976
949496.203,787128320,772837376,1290878976
949611.399,787128320,772837376,1290878976
949722.060,788271104,773140480,1290878976
949847.814,787128320,772837376,1290878976
949961.401,787128320,772837376,1290878976
950071.819,787128320,772837376,1290878976
950178.433,787128320,772841472,1290878976
950282.742,787128320,772841472,1290878976
950402.618,787128320,772841472,1290878976
950513.828,787128320,772841472,1290878976
950632.852,399990784,398024704,1290878976
950738.581,416051200,402370560,1290878976
950852.776,419373056,405729280,1290878976
950967.615,420093952,406274048,1290878976
951072.145,421625856,407429120,1290878976
951181.439,420487168,406290432,1290878976
951287.231,420560896,406335488,1290878976
951392.662,488591360,453357568,1290878976
951507.614,690311168,546226176,1290878976
951612.498,690311168,585613312,1290878976
951723.063,422404096,406863872,1290878976
951839.117,422424576,406949888,1290878976
951952.848,424325120,407982080,1290878976
952053.125,420683776,415166464,1290878976
952168.520,431517696,415371264,1290878976
952272.608,431517696,415457280,1290878976
952381.506,431517696,415526912,1290878976
952490.951,431517696,415526912,1290878976
952601.010,431517696,415526912,1290878976
952711.970,431968256,415596544,1290878976
952822.242,433111040,416763904,1290878976
952932.194,432455680,415649792,1290878976
953042.186,433467392,416190464,1290878976
953149.037,425132032,417878016,1290878976
953262.965,427933696,417914880,1290878976
953372.895,427933696,417947648,1290878976
953479.014,433102848,418017280,1290878976
953582.599,434655232,418607104,1290878976
953688.895,435482624,418721792,1290878976
953802.337,435486720,418955264,1290878976
953918.625,436080640,419024896,1290878976
954024.571,437227520,419229696,1290878976
954134.871,436695040,419028992,1290878976
954242.208,437841920,420171776,1290878976
954352.529,437334016,419028992,1290878976
954462.418,437334016,419094528,1290878976
954572.890,437993472,419160064,1290878976
954678.524,437993472,419160064,1290878976
954782.613,437993472,419160064,1290878976
954893.159,438677504,419164160,1290878976
955013.013,439386112,419233792,1290878976
955128.671,440532992,420442112,1290878976
955248.446,439386112,419303424,1290878976
955358.402,439386112,419303424,1290878976
955462.522,442462208,419340288,1290878976
955572.784,442462208,419360768,1290878976
955682.405,442462208,419364864,1290878976
955788.272,442462208,419430400,1290878976
955898.662,443240448,419434496,1290878976
956002.324,443240448,419500032,1290878976
956123.467,444035072,419504128,1290878976
956234.613,444035072,419504128,1290878976
956352.556,444837888,419504128,1290878976
956468.484,444837888,419504128,1290878976
956582.882,445657088,419569664,1290878976
956692.973,445657088,419635200,1290878976
956802.386,446488576,419700736,1290878976
956912.880,447328256,419700736,1290878976
957023.108,448471040,420388864,1290878976
957139.170,447328256,419708928,1290878976
957259.258,448176128,419717120,1290878976
957363.534,448176128,419717120,1290878976
957473.456,449032192,419721216,1290878976
957582.861,449032192,419721216,1290878976
957693.250,449892352,419725312,1290878976
957808.764,449892352,419725312,1290878976
957908.825,450760704,419729408,1290878976
958024.851,451227648,420196352,1290878976
958132.971,454770688,432017408,1290878976
958243.326,468164608,432340992,1290878976
958348.545,468164608,432357376,1290878976
958463.028,471388160,432422912,1290878976
958572.914,471388160,432422912,1290878976
958673.069,471388160,432431104,1290878976
958783.132,471388160,432496640,1290878976
958892.949,471388160,432500736,1290878976
959004.693,471388160,432504832,1290878976
959113.046,471388160,432504832,1290878976
959233.390,471388160,432504832,1290878976
959353.528,464703488,434814976,1290878976
959460.153,466984960,436047872,1290878976
959568.868,601473024,521900032,1290878976
959684.792,735952896,626364416,1290878976
959803.190,735952896,629903360,1290878976
959918.965,481161216,437043200,1290878976
960028.145,481484800,437096448,1290878976
960143.135,481484800,437096448,1290878976
960253.293,481484800,437096448,1290878976
960369.029,481484800,437096448,1290878976
960473.041,481484800,437104640,1290878976
960589.086,481484800,437104640,1290878976
960692.878,482332672,437145600,1290878976
960804.210,487129088,451805184,1290878976
960913.483,482725888,439988224,1290878976
961022.907,482742272,440008704,1290878976
961133.163,482742272,440008704,1290878976
961240.018,483467264,440016896,1290878976
961352.948,483467264,440016896,1290878976
961464.243,483467264,440016896,1290878976
961573.558,483467264,440016896,1290878976
961683.323,483467264,440016896,1290878976
961792.692,485257216,440369152,1290878976
961902.743,484732928,440016896,1290878976
962002.516,484732928,440016896,1290878976
962112.385,485330944,440020992,1290878976
962222.992,485330944,440020992,1290878976
962338.851,485904384,440025088,1290878976
962443.422,489861120,443424768,1290878976
962549.124,489861120,443445248,1290878976
962659.474,489861120,443445248,1290878976
962772.892,489865216,443445248,1290878976
962882.895,490373120,443445248,1290878976
962993.968,491515904,444588032,1290878976
963103.452,490373120,443445248,1290878976
963209.089,490373120,443445248,1290878976
963312.520,490373120,443445248,1290878976
963432.607,490373120,443449344,1290878976
963532.798,490373120,443449344,1290878976
963652.801,491515904,444592128,1290878976
963762.844,490827776,443449344,1290878976
963872.601,491970560,444592128,1290878976
963992.961,491274240,443453440,1290878976
964103.377,491274240,443469824,1290878976
964213.023,491274240,443473920,1290878976
964328.693,492417024,443723776,1290878976
964439.281,491274240,443473920,1290878976
964553.777,496398336,443678720,1290878976
964663.912,496447488,443731968,1290878976
964773.537,496447488,443740160,1290878976
964883.309,498491392,443760640,1290878976
964993.147,498491392,443760640,1290878976
965102.869,498499584,443764736,1290878976
965213.094,498917376,443777024,1290878976
965319.793,503136256,457564160,1290878976
965429.268,501506048,445792256,1290878976
965533.107,502652928,446955520,1290878976
965643.297,501506048,445812736,1290878976
965752.667,501506048,445812736,1290878976
965863.233,501506048,445812736,1290878976
965984.512,501506048,445812736,1290878976
966089.107,502652928,446955520,1290878976
966199.559,501506048,445812736,1290878976
966303.142,501506048,445812736,1290878976
966413.162,501506048,445812736,1290878976
966518.042,501506048,445812736,1290878976
966632.955,501506048,445812736,1290878976
966745.601,491634688,445743104,1290878976
966853.285,592506880,481222656,1290878976
966958.766,626122752,549191680,1290878976
967063.311,760602624,611311616,1290878976
967178.922,760602624,624812032,1290878976
967284.030,503398400,446824448,1290878976
967394.558,503447552,446885888,1290878976
967503.662,504590336,448049152,1290878976
967618.954,503447552,446906368,1290878976
967722.109,503447552,446976000,1290878976
967831.750,503447552,446984192,1290878976
967947.275,503447552,446988288,1290878976
968051.482,503447552,446988288,1290878976
968161.586,503447552,446988288,1290878976
968273.081,503447552,446988288,1290878976
968389.458,504590336,448147456,1290878976
968493.367,503447552,447004672,1290878976
968603.515,503447552,447004672,1290878976
968713.516,503447552,447004672,1290878976
968823.925,515391488,458985472,1290878976
968939.431,491716608,446033920,1290878976
969049.308,499240960,446087168,1290878976
969163.503,500445184,447332352,1290878976
969279.620,499834880,446193664,1290878976
969383.144,500998144,447373312,1290878976
969493.744,500412416,446230528,1290878976
969599.094,500412416,446230528,1290878976
969719.152,500412416,446230528,1290878976
969833.064,500412416,446230528,1290878976
969943.042,501555200,447373312,1290878976
970049.266,500412416,446230528,1290878976
970169.619,500412416,446230528,1290878976
970279.885,501555200,447123456,1290878976
970383.961,500412416,446230528,1290878976
970493.228,501043200,446234624,1290878976
970603.561,501043200,446234624,1290878976
970709.312,501043200,446234624,1290878976
970823.350,501043200,446234624,1290878976
970933.581,501043200,446234624,1290878976
971033.389,501043200,446234624,1290878976
971143.344,501043200,446238720,1290878976
971258.940,501043200,446238720,1290878976
971371.404,501731328,446238720,1290878976
971472.534,501731328,446238720,1290878976
971583.181,501731328,446238720,1290878976
971692.861,501731328,446238720,1290878976
971803.199,501731328,446242816,1290878976
971913.108,502874112,447385600,1290878976
972019.019,501731328,446242816,1290878976
972133.949,501731328,446242816,1290878976
972239.053,501731328,446242816,1290878976
972353.375,501731328,446242816,1290878976
972459.090,501731328,446242816,1290878976
972563.960,514473984,460959744,1290878976
972685.642,502538240,449048576,1290878976
972793.522,503300096,449060864,1290878976
972893.090,504442880,450203648,1290878976
973013.260,503300096,449064960,1290878976
973119.528,504070144,449069056,1290878976
973223.941,505212928,450220032,1290878976
973329.798,504070144,449077248,1290878976
973443.790,504070144,449077248,1290878976
973563.545,505212928,450220032,1290878976
973683.713,504070144,449077248,1290878976
973795.526,504070144,449081344,1290878976
973909.260,505212928,450224128,1290878976
974029.481,504070144,449081344,1290878976
974140.007,504070144,449085440,1290878976
974253.491,505212928,450146304,1290878976
974364.828,504070144,449085440,1290878976
974474.626,504893440,449085440,1290878976
974590.166,506036224,450228224,1290878976
974693.929,504893440,449085440,1290878976
974799.135,504893440,449085440,1290878976
974919.247,506036224,450228224,1290878976
975023.983,504893440,449085440,1290878976
975139.818,504893440,449085440,1290878976
975243.862,504893440,449085440,1290878976
975353.639,504893440,449085440,1290878976
975453.437,504893440,449085440,1290878976
975569.304,504893440,449085440,1290878976
975674.064,505745408,449085440,1290878976
975784.551,505745408,449085440,1290878976
975900.758,505745408,449085440,1290878976
976004.270,502657024,453242880,1290878976
976113.911,503885824,455024640,1290878976
976225.740,512933888,455561216,1290878976
976334.175,516354048,455610368,1290878976
976443.647,517496832,456773632,1290878976
976554.528,516354048,455630848,1290878976
976664.199,516354048,455630848,1290878976
976769.167,517496832,456773632,1290878976
976883.741,516354048,455630848,1290878976
976989.649,516354048,455639040,1290878976
977103.609,517496832,455983104,1290878976
977209.479,516354048,455639040,1290878976
977320.439,516354048,455639040,1290878976
977429.981,517496832,456781824,1290878976
977533.583,516354048,455639040,1290878976
977643.731,516354048,455639040,1290878976
977763.853,517496832,456781824,1290878976
977874.296,504422400,455454720,1290878976
977984.157,505335808,456417280,1290878976
978104.121,516833280,456572928,1290878976
978210.303,516833280,456572928,1290878976
978314.287,516833280,456581120,1290878976
978423.752,516833280,456589312,1290878976
978558.967,516833280,456589312,1290878976
978664.319,516833280,456589312,1290878976
978773.661,516833280,456593408,1290878976
978884.198,584081408,520257536,1290878976
978989.636,785801216,599928832,1290878976
979102.825,785801216,649801728,1290878976
979205.776,518578176,457609216,1290878976
979313.909,519729152,458522624,1290878976
979439.419,518582272,457613312,1290878976
979559.887,518582272,457912320,1290878976
979664.042,513875968,459227136,1290878976
979774.177,514682880,459264000,1290878976
979890.125,517844992,459309056,1290878976
979994.304,517844992,459309056,1290878976
980104.293,517844992,459309056,1290878976
980213.803,517844992,459309056,1290878976
980320.055,518987776,460451840,1290878976
980424.352,517844992,459309056,1290878976
980534.190,517844992,459309056,1290878976
980644.124,518987776,460451840,1290878976
980753.845,518479872,459309056,1290878976
980864.160,518479872,459309056,1290878976
980969.922,519622656,459476992,1290878976
981080.111,519065600,459309056,1290878976
981190.283,519065600,459309056,1290878976
981310.027,519065600,459309056,1290878976
981409.716,519065600,459309056,1290878976
981534.164,520208384,460451840,1290878976
981660.168,519065600,459309056,1290878976
981770.096,519065600,459317248,1290878976
981883.876,521592832,459325440,1290878976
982000.129,521592832,459325440,1290878976
982104.292,521592832,459325440,1290878976
982220.211,521592832,459325440,1290878976
982330.390,521592832,459325440,1290878976
982444.652,522051584,459325440,1290878976
982555.602,522051584,459325440,1290878976
982672.189,523194368,460468224,1290878976
982783.002,522051584,459325440,1290878976
982894.844,522051584,459325440,1290878976
983014.857,522051584,459325440,1290878976
983114.568,522051584,459325440,1290878976
983220.365,522051584,459325440,1290878976
983329.604,522051584,459329536,1290878976
983444.468,522051584,459329536,1290878976
983549.913,522051584,459767808,1290878976
983664.718,525737984,461225984,1290878976
983773.858,525737984,461225984,1290878976
983884.504,529227776,461631488,1290878976
983994.361,528084992,461225984,1290878976
984100.307,529227776,462368768,1290878976
984204.641,528084992,461225984,1290878976
984314.373,529227776,461488128,1290878976
984424.266,528084992,461225984,1290878976
984534.132,540037120,473161728,1290878976
984649.936,523698176,461660160,1290878976
984770.072,523698176,461660160,1290878976
984883.968,523698176,461660160,1290878976
984992.939,523698176,461660160,1290878976
985108.885,523698176,461660160,1290878976
985223.953,557326336,479850496,1290878976
985335.003,658186240,566173696,1290878976
985450.384,792666112,640196608,1290878976
985568.937,792666112,640196608,1290878976
985690.292,528908288,462610432,1290878976
985804.469,530055168,463753216,1290878976
985913.716,528912384,462610432,1290878976
986019.724,529362944,462610432,1290878976
986140.037,530505728,463753216,1290878976
986245.233,542621696,475910144,1290878976
986351.100,527785984,464269312,1290878976
986464.522,527785984,464281600,1290878976
986573.542,527785984,464281600,1290878976
986674.061,527785984,464281600,1290878976
986784.249,527785984,464281600,1290878976
986905.058,527785984,464281600,1290878976
987010.947,528318464,464285696,1290878976
987124.434,528318464,464285696,1290878976
987224.403,528318464,464285696,1290878976
987340.250,528318464,464285696,1290878976
987443.925,528318464,464285696,1290878976
987552.099,528318464,464285696,1290878976
987664.035,528318464,464285696,1290878976
987773.934,528318464,464285696,1290878976
987890.135,528318464,464285696,1290878976
987994.909,528318464,464285696,1290878976
988100.573,528318464,464285696,1290878976
988205.101,528945152,464289792,1290878976
988326.940,528945152,464289792,1290878976
988434.905,528945152,464289792,1290878976
988554.824,529592320,464293888,1290878976
988674.755,530735104,465436672,1290878976
988784.769,529592320,464293888,1290878976
988894.758,529592320,464293888,1290878976
989004.289,530735104,465436672,1290878976
989114.036,529592320,464293888,1290878976
989220.085,529592320,464293888,1290878976
989334.493,529592320,464293888,1290878976
989440.250,529592320,464297984,1290878976
989554.926,530305024,464302080,1290878976
989664.320,530305024,464302080,1290878976
989781.035,530305024,464302080,1290878976
989900.706,530305024,464367616,1290878976
990010.475,531042304,464388096,1290878976
990120.963,531042304,464388096,1290878976
990231.002,531042304,464388096,1290878976
990344.845,531042304,464388096,1290878976
990454.970,531042304,464388096,1290878976
990565.093,531042304,464388096,1290878976
990680.744,532185088,464531456,1290878976
990784.790,531042304,464400384,1290878976
990894.943,523436032,464982016,1290878976
991004.953,533032960,465346560,1290878976
991110.508,533032960,465354752,1290878976
991224.681,533032960,465354752,1290878976
991330.812,533032960,465354752,1290878976
991441.566,533032960,465354752,1290878976
991555.255,533032960,465354752,1290878976
991664.779,534179840,465891328,1290878976
991775.117,533032960,465354752,1290878976
991884.593,533032960,465354752,1290878976
991994.389,533032960,465354752,1290878976
992100.561,533868544,465354752,1290878976
992204.329,533868544,465354752,1290878976
992320.177,533868544,465358848,1290878976
992434.544,534712320,465362944,1290878976
992542.593,534712320,465362944,1290878976
992644.304,534712320,465362944,1290878976
992751.091,534712320,465367040,1290878976
992865.194,534712320,465367040,1290878976
992974.498,534712320,465375232,1290878976
993080.248,535572480,465379328,1290878976
993190.521,535572480,465379328,1290878976
993305.102,552493056,482365440,1290878976
993421.256,530931712,470335488,1290878976
993520.922,530931712,470798336,1290878976
993641.281,537178112,470720512,1290878976
993760.797,537178112,470724608,1290878976
993863.994,537178112,471187456,1290878976
993974.491,542687232,471195648,1290878976
994084.634,542687232,471195648,1290878976
994194.774,542687232,471203840,1290878976
994305.609,542687232,471203840,1290878976
994415.352,542687232,471203840,1290878976
994524.809,542687232,471203840,1290878976
994634.604,542687232,471207936,1290878976
994734.961,542687232,471207936,1290878976
994844.701,542687232,471207936,1290878976
994970.947,543567872,471207936,1290878976
995084.700,543567872,471207936,1290878976
995190.686,531628032,471105536,1290878976
995305.124,531623936,471121920,1290878976
995414.970,544751616,471179264,1290878976
995520.309,545894400,472358912,1290878976
995641.698,544751616,471228416,1290878976
995755.304,544751616,471228416,1290878976
995865.483,544751616,471232512,1290878976
995982.095,544751616,471232512,1290878976
996084.857,545636352,471236608,1290878976
996200.409,545636352,471236608,1290878976
996304.646,545636352,471306240,1290878976
996414.474,545636352,471310336,1290878976
996524.980,612884480,534540288,1290878976
996642.053,949088256,694194176,1290878976
996754.562,814604288,664879104,1290878976
996864.997,814604288,664879104,1290878976
996975.395,547168256,472133632,1290878976
997086.898,547168256,472133632,1290878976
997200.954,547168256,472137728,1290878976
997305.182,534614016,472907776,1290878976
997415.177,535142400,472915968,1290878976
997520.298,544227328,472821760,1290878976
997640.968,544792576,473399296,1290878976
997744.849,544792576,473415680,1290878976
997846.843,544792576,473423872,1290878976
997965.116,544792576,473423872,1290878976
998071.282,544792576,473423872,1290878976
998186.839,544792576,473423872,1290878976
998301.637,544792576,473423872,1290878976
998421.303,544792576,473427968,1290878976
998534.949,545681408,473432064,1290878976
998650.785,545681408,473432064,1290878976
998754.558,545681408,473432064,1290878976
998866.837,545681408,473432064,1290878976
998980.677,545681408,473432064,1290878976
999086.338,545681408,473432064,1290878976
999194.924,545681408,473432064,1290878976
999300.432,545681408,473432064,1290878976
999414.723,545681408,473432064,1290878976
999519.802,545681408,473432064,1290878976
999634.992,545681408,473432064,1290878976
999736.081,545681408,473395200,1290878976
999855.404,545943552,474075136,1290878976
999965.409,545943552,474091520,1290878976
1000064.782,545943552,474091520,1290878976
1000180.995,547086336,475242496,1290878976
1000285.235,545943552,474099712,1290878976
1000394.853,545943552,474103808,1290878976
1000510.799,547086336,475246592,1290878976
1000615.454,545943552,474103808,1290878976
1000725.061,545943552,474103808,1290878976
1000835.497,547086336,475246592,1290878976
1000944.810,545943552,474103808,1290878976
1001054.902,545943552,474103808,1290878976
1001164.996,547086336,475246592,1290878976
1001276.033,545943552,474103808,1290878976
1001380.827,545943552,474103808,1290878976
1001487.357,545943552,474103808,1290878976
1001595.066,545943552,474103808,1290878976
1001705.400,545943552,474103808,1290878976
1001821.474,545943552,474103808,1290878976
1001925.523,545943552,474103808,1290878976
1002036.759,558321664,486412288,1290878976
1002152.159,548089856,474476544,1290878976
1002262.765,548089856,474476544,1290878976
1002365.693,548089856,474488832,1290878976
1002475.160,560054272,487915520,1290878976
1002591.106,548614144,475471872,1290878976
1002695.680,549756928,476618752,1290878976
1002801.621,548614144,475475968,1290878976
1002915.685,548614144,475475968,1290878976
1003025.796,549335040,475983872,1290878976
1003141.407,549335040,475983872,1290878976
1003255.666,549335040,475983872,1290878976
1003365.370,549335040,475983872,1290878976
1003475.529,550477824,476131328,1290878976
1003585.826,549335040,475987968,1290878976
1003695.236,549335040,475987968,1290878976
1003805.926,549335040,475987968,1290878976
1003915.264,549335040,475987968,1290878976
1004025.515,550477824,477130752,1290878976
1004135.716,549335040,475987968,1290878976
1004245.643,549335040,475987968,1290878976
1004355.898,549335040,475987968,1290878976
1004461.191,549335040,475987968,1290878976
1004576.036,549335040,475992064,1290878976
1004675.890,541782016,478109696,1290878976
1004795.607,549851136,475688960,1290878976
1004905.736,549851136,476053504,1290878976
1005010.982,549851136,476053504,1290878976
1005111.453,550993920,476696576,1290878976
1005232.100,549851136,476057600,1290878976
1005345.612,549851136,476057600,1290878976
1005467.042,549851136,476065792,1290878976
1005575.832,549851136,476065792,1290878976
1005685.701,549851136,476065792,1290878976
1005791.252,549851136,476065792,1290878976
1005895.596,549851136,476069888,1290878976
1006005.899,550137856,476016640,1290878976
1006115.755,551084032,488837120,1290878976
1006231.524,547143680,476209152,1290878976
1006335.631,548286464,477388800,1290878976
1006441.062,547143680,476258304,1290878976
1006565.117,547143680,476258304,1290878976
1006675.789,547143680,476258304,1290878976
1006796.136,547143680,476258304,1290878976
1006896.069,550313984,476307456,1290878976
1007001.571,550313984,476311552,1290878976
1007116.304,550313984,476315648,1290878976
1007226.060,550313984,476319744,1290878976
1007331.809,538345472,476053504,1290878976
1007451.678,605593600,514359296,1290878976
1007563.322,941797376,699523072,1290878976
1007675.662,807313408,669831168,1290878976
1007787.733,538345472,476065792,1290878976
1007895.690,547368960,476344320,1290878976
1008001.782,546226176,476151808,1290878976
1008115.740,547368960,477298688,1290878976
1008226.072,546226176,476155904,1290878976
1008335.514,546226176,476155904,1290878976
1008451.631,546226176,476155904,1290878976
1008571.194,547368960,477298688,1290878976
1008680.860,546226176,476155904,1290878976
1008790.942,546226176,476176384,1290878976
1008895.310,547368960,476905472,1290878976
1009005.641,546226176,476180480,1290878976
1009115.409,546226176,476180480,1290878976
1009227.297,546226176,476184576,1290878976
1009332.923,546226176,476184576,1290878976
1009451.186,546226176,476184576,1290878976
1009556.236,546226176,476184576,1290878976
1009657.872,546799616,476188672,1290878976
1009775.426,546799616,476188672,1290878976
1009875.436,547942400,476782592,1290878976
1009985.315,546799616,476188672,1290878976
1010095.721,546799616,476188672,1290878976
1010205.792,546799616,476188672,1290878976
1010328.277,546799616,476188672,1290878976
1010435.499,546799616,476188672,1290878976
1010542.323,547278848,476188672,1290878976
1010645.896,548421632,477331456,1290878976
1010750.857,547278848,476188672,1290878976
1010867.723,548884480,476618752,1290878976
1010976.008,547741696,476188672,1290878976
1011091.562,549335040,477331456,1290878976
1011196.455,548192256,476188672,1290878976
1011311.950,548192256,476192768,1290878976
1011421.688,548192256,476192768,1290878976
1011525.429,548192256,476192768,1290878976
1011627.411,548192256,476192768,1290878976
1011741.626,549335040,477401088,1290878976
1011846.570,544702464,481562624,1290878976
1011956.200,552280064,477364224,1290878976
1012078.335,552280064,477388800,1290878976
1012191.846,553422848,478334976,1290878976
1012305.499,552280064,477388800,1290878976
1012421.612,552280064,477388800,1290878976
1012525.656,552280064,477388800,1290878976
1012635.884,553422848,478531584,1290878976
1012736.537,552280064,477388800,1290878976
1012847.777,553422848,477593600,1290878976
1012962.085,551460864,479666176,1290878976
1013081.706,552292352,477437952,1290878976
1013201.449,552292352,477442048,1290878976
1013310.293,552292352,477442048,1290878976
1013413.994,552292352,477442048,1290878976
1013520.260,552292352,477442048,1290878976
1013630.773,552292352,477442048,1290878976
1013739.931,552292352,477446144,1290878976
1013845.124,552292352,477446144,1290878976
1013954.887,553435136,478588928,1290878976
1014066.153,540311552,477319168,1290878976
1014185.677,552300544,477503488,1290878976
1014303.755,552300544,477507584,1290878976
1014416.431,564281344,489926656,1290878976
1014521.986,540766208,478228480,1290878976
1014627.681,608014336,531152896,1290878976
1014736.347,675254272,605556736,1290878976
1014863.206,809734144,656797696,1290878976
1014983.089,540766208,478228480,1290878976
1015085.804,552751104,478367744,1290878976
1015196.178,552751104,478367744,1290878976
1015305.334,552751104,478367744,1290878976
1015421.602,552751104,478367744,1290878976
1015531.237,552751104,478367744,1290878976
1015646.563,552751104,478371840,1290878976
1015756.635,552751104,478375936,1290878976
1015862.411,552751104,478375936,1290878976
1015972.280,552751104,478375936,1290878976
1016086.719,552751104,478375936,1290878976
1016196.797,552751104,478375936,1290878976
1016302.489,552751104,478375936,1290878976
1016416.475,553299968,478380032,1290878976
1016526.104,553299968,478380032,1290878976
1016632.332,553299968,478380032,1290878976
1016736.289,553299968,478380032,1290878976
1016845.812,553299968,478380032,1290878976
1016957.296,554442752,478486528,1290878976
1017071.871,553299968,478384128,1290878976
1017186.585,553914368,478384128,1290878976
1017301.982,553914368,478384128,1290878976
1017422.296,553914368,478384128,1290878976
1017540.973,553914368,478404608,1290878976
1017651.961,553914368,478404608,1290878976
1017755.963,553914368,478404608,1290878976
1017861.024,553914368,478404608,1290878976
1017976.352,553914368,478404608,1290878976
1018086.038,553914368,478408704,1290878976
1018195.612,553914368,478408704,1290878976
1018301.667,555057152,479551488,1290878976
1018414.560,553914368,478408704,1290878976
1018526.241,553914368,478408704,1290878976
1018641.719,555057152,478474240,1290878976
1018762.042,553914368,478408704,1290878976
1018866.401,553914368,478408704,1290878976
1018976.088,553914368,478408704,1290878976
1019087.216,553930752,478425088,1290878976
1019195.996,553930752,478425088,1290878976
1019306.125,554684416,478425088,1290878976
1019415.677,554684416,478425088,1290878976
1019515.337,554684416,478425088,1290878976
1019625.997,554684416,478425088,1290878976
1019736.350,554684416,478425088,1290878976
1019846.270,554684416,478425088,1290878976
1019962.255,554684416,478425088,1290878976
1020065.955,554684416,478425088,1290878976
1020176.336,555827200,479567872,1290878976
1020286.168,554684416,478425088,1290878976
1020395.873,554684416,478425088,1290878976
1020501.465,555827200,479567872,1290878976
1020612.670,554684416,478425088,1290878976
1020727.924,554684416,478425088,1290878976
1020842.829,554684416,478425088,1290878976
1020956.461,554684416,478425088,1290878976
1021066.741,555827200,479567872,1290878976
1021176.350,554684416,478425088,1290878976
1021286.124,554684416,478425088,1290878976
1021396.314,555827200,479567872,1290878976
1021512.154,554684416,478425088,1290878976
1021621.858,554684416,478425088,1290878976
1021732.894,554684416,479277056,1290878976
1021847.055,543580160,481538048,1290878976
1021972.727,556167168,481710080,1290878976
1022086.920,556167168,481746944,1290878976
1022202.325,556167168,481746944,1290878976
1022302.275,556167168,481755136,1290878976
1022416.726,556167168,481755136,1290878976
1022522.172,556167168,481755136,1290878976
1022632.928,556167168,481759232,1290878976
1022738.234,557309952,482902016,1290878976
1022847.329,556167168,481759232,1290878976
1022962.364,556167168,481759232,1290878976
1023066.151,557309952,482156544,1290878976
1023177.162,568156160,493596672,1290878976
1023286.458,544202752,481525760,1290878976
1023392.634,556462080,481710080,1290878976
1023506.283,556462080,481718272,1290878976
1023618.962,556462080,481792000,1290878976
1023731.946,556462080,481792000,1290878976
1023834.886,556462080,481792000,1290878976
1023940.326,556462080,481792000,1290878976
1024050.515,556462080,481792000,1290878976
1024161.285,556462080,481792000,1290878976
1024267.006,556462080,481792000,1290878976
1024376.885,556462080,481792000,1290878976
1024486.413,556462080,481792000,1290878976
1024596.945,558034944,483028992,1290878976
1024722.768,546836480,483741696,1290878976
1024832.497,555651072,483831808,1290878976
1024946.842,556793856,485023744,1290878976
1025056.637,555651072,483897344,1290878976
1025172.862,546840576,483835904,1290878976
1025293.097,558833664,484016128,1290878976
1025412.707,558661632,483368960,1290878976
1025522.568,558661632,483385344,1290878976
1025626.649,592289792,505069568,1290878976
1025736.412,693149696,596889600,1290878976
1025847.106,827629568,676589568,1290878976
1025956.645,827629568,676589568,1290878976
1026066.592,558661632,483807232,1290878976
1026176.814,558661632,483811328,1290878976
1026286.686,558661632,483811328,1290878976
1026396.192,558661632,483811328,1290878976
1026502.356,558661632,483811328,1290878976
1026622.027,559804416,484220928,1290878976
1026726.760,558661632,483811328,1290878976
1026836.608,558661632,483811328,1290878976
1026946.901,551890944,484384768,1290878976
1027049.960,551890944,484413440,1290878976
1027172.413,551890944,484413440,1290878976
1027292.828,551890944,484413440,1290878976
1027397.098,551890944,484413440,1290878976
1027502.011,551890944,484413440,1290878976
1027616.716,553037824,485556224,1290878976
1027726.849,551890944,484413440,1290878976
1027836.788,551890944,484413440,1290878976
1027946.806,553037824,485556224,1290878976
1028052.387,552460288,484413440,1290878976
1028172.294,552460288,484413440,1290878976
1028286.544,553607168,485556224,1290878976
1028397.168,552460288,484413440,1290878976
1028507.806,552460288,484417536,1290878976
1028617.140,552460288,484417536,1290878976
1028726.823,552460288,484417536,1290878976
1028836.721,554094592,485560320,1290878976
1028948.685,552947712,484417536,1290878976
1029052.889,552947712,484417536,1290878976
1029167.197,552947712,484417536,1290878976
1029266.778,552947712,484417536,1290878976
1029376.532,552947712,484417536,1290878976
1029486.603,552947712,484417536,1290878976
1029597.007,552947712,484421632,1290878976
1029717.092,552947712,484421632,1290878976
1029826.742,564940800,496947200,1290878976
1029947.200,560128000,485617664,1290878976
1030052.039,560128000,485629952,1290878976
1030162.599,560128000,485629952,1290878976
1030267.673,560128000,485634048,1290878976
1030377.136,560128000,485634048,1290878976
1030487.069,560128000,485634048,1290878976
1030596.917,560128000,485634048,1290878976
1030717.198,560128000,485634048,1290878976
1030816.541,560128000,485634048,1290878976
1030927.586,554631168,485535744,1290878976
1031037.383,554631168,485535744,1290878976
1031146.904,554631168,485535744,1290878976
1031255.846,554631168,485535744,1290878976
1031365.383,554631168,485535744,1290878976
1031476.965,560148480,485605376,1290878976
1031603.208,560148480,485605376,1290878976
1031704.561,560148480,485609472,1290878976
1031817.277,572153856,497602560,1290878976
1031927.116,560152576,485613568,1290878976
1032036.816,560152576,485617664,1290878976
1032152.823,593780736,518971392,1290878976
1032254.751,694640640,608780288,1290878976
1032367.031,829120512,663928832,1290878976
1032483.256,560152576,485621760,1290878976
1032596.793,560152576,485621760,1290878976
1032713.431,561295360,486445056,1290878976
1032817.272,548155392,486039552,1290878976
1032927.343,552873984,486096896,1290878976
1033036.808,552873984,486096896,1290878976
1033153.630,556056576,486150144,1290878976
1033263.651,556056576,486150144,1290878976
1033387.481,556056576,486154240,1290878976
1033487.639,556056576,486154240,1290878976
1033603.267,556056576,486154240,1290878976
1033713.061,556056576,486154240,1290878976
1033817.106,556056576,486154240,1290878976
1033922.892,556056576,486154240,1290878976
1034043.425,556056576,486154240,1290878976
1034147.346,556056576,486154240,1290878976
1034257.168,557203456,486481920,1290878976
1034363.051,556056576,486154240,1290878976
1034472.604,556056576,486154240,1290878976
1034587.019,557203456,487297024,1290878976
1034703.802,556056576,486154240,1290878976
1034817.224,556056576,486154240,1290878976
1034922.855,557203456,487297024,1290878976
1035032.890,556056576,486154240,1290878976
1035142.752,556056576,486154240,1290878976
1035254.591,557203456,487297024,1290878976
1035366.765,556056576,486154240,1290878976
1035476.806,556056576,486154240,1290878976
1035591.904,557203456,487297024,1290878976
1035698.736,556056576,486154240,1290878976
1035813.141,556056576,486158336,1290878976
1035922.598,557203456,486416384,1290878976
1036032.492,556056576,486158336,1290878976
1036152.910,556056576,486162432,1290878976
1036257.821,557203456,486502400,1290878976
1036363.069,556056576,486162432,1290878976
1036473.424,556785664,486166528,1290878976
1036586.863,556785664,486166528,1290878976
1036702.992,556785664,486166528,1290878976
1036807.223,556785664,486166528,1290878976
1036922.868,557932544,486203392,1290878976
1037043.039,556785664,486166528,1290878976
1037146.929,556785664,486166528,1290878976
1037256.731,557932544,486555648,1290878976
1037367.060,556785664,486166528,1290878976
1037473.562,556785664,486166528,1290878976
1037594.413,556785664,486174720,1290878976
1037703.805,558469120,487813120,1290878976
1037813.307,557322240,486670336,1290878976
1037929.287,557322240,486670336,1290878976
1038033.512,557322240,486670336,1290878976
1038143.230,558125056,486670336,1290878976
1038263.525,558125056,486670336,1290878976
1038367.560,559271936,487813120,1290878976
1038472.634,558125056,486670336,1290878976
1038583.871,558125056,486670336,1290878976
1038698.387,558125056,486670336,1290878976
1038813.394,550748160,486932480,1290878976
1038933.214,555438080,486174720,1290878976
1039037.871,555438080,486174720,1290878976
1039149.544,555438080,486215680,1290878976
1039253.128,560152576,486285312,1290878976
1039366.885,560152576,486285312,1290878976
1039479.674,560152576,486285312,1290878976
1039587.260,560152576,486285312,1290878976
1039694.035,560152576,486285312,1290878976
1039803.211,560152576,486285312,1290878976
1039913.545,560152576,486285312,1290878976
1040017.413,560152576,486285312,1290878976
1040127.709,560152576,486752256,1290878976
1040237.711,560181248,498536448,1290878976
1040353.395,557187072,486424576,1290878976
1040457.155,557187072,486428672,1290878976
1040563.833,558329856,487600128,1290878976
1040683.743,557187072,486461440,1290878976
1040786.090,557187072,486461440,1290878976
1040895.773,557187072,486461440,1290878976
1041005.519,557187072,486461440,1290878976
1041112.042,557187072,486461440,1290878976
1041233.262,557187072,486461440,1290878976
1041332.882,557187072,486461440,1290878976
1041447.990,557187072,486469632,1290878976
1041553.367,557187072,486473728,1290878976
1041657.050,557187072,486473728,1290878976
1041773.280,557187072,486481920,1290878976
1041877.486,547246080,486318080,1290878976
1041988.069,557182976,486473728,1290878976
1042097.716,557182976,486473728,1290878976
1042207.766,557182976,486490112,1290878976
1042322.295,557182976,486494208,1290878976
1042426.129,557182976,486494208,1290878976
1042536.973,557182976,486498304,1290878976
1042647.620,590811136,508493824,1290878976
1042758.186,691671040,606707712,1290878976
1042873.881,826150912,678838272,1290878976
1043004.074,565592064,493633536,1290878976
1043118.055,691671040,587800576,1290878976
1043228.073,826150912,678825984,1290878976
1043337.972,871718912,734613504,1290878976
1043447.312,918937600,803753984,1290878976
1043557.574,966500352,864096256,1290878976
1043658.428,1048375296,943230976,1290878976
1043767.916,1124569088,1022607360,1290878976
1043877.788,1211342848,1107025920,1290878976
1043994.057,993673216,961748992,1290878976
1044103.405,1027293184,995098624,1290878976
1044219.584,1094533120,1039753216,1290878976
1044334.064,1088098304,1056505856,1290878976
1044447.635,957530112,933486592,1290878976
1044563.791,953520128,933486592,1290878976
1044677.566,953520128,933502976,1290878976
1044787.637,1020768256,995172352,1290878976
1044898.048,1088008192,1065865216,1290878976
1045014.297,1222488064,1125543936,1290878976
1045127.515,1222488064,1125543936,1290878976
1045238.396,856670208,830910464,1290878976
1045354.157,957530112,899960832,1290878976
1045457.835,1092009984,959602688,1290878976
1045569.243,1092009984,995319808,1290878976
1045677.131,823042048,803315712,1290878976
1045789.714,890290176,854654976,1290878976
1045893.614,957530112,922251264,1290878976
1046007.821,1092009984,989679616,1290878976
1046113.583,1092009984,995315712,1290878976
1046225.554,807968768,788627456,1290878976
