asset_id,name,category,deliverable_type,phase,game_id,baseline,status,integration_status,dependencies,required_variants,acceptance_brief,source_path,output_path,provenance,review_evidence
catalogue.inf_light.v1,Light Infantry Formation,Existing catalogue / Infantry,base_asset,P3,inf_light,Existing procedural model,reviewed,integrated,P0 pipeline,LOD0/1/2; existing game name; representative formation/refit label where applicable,Refine existing recognizable silhouette; exact DECK identity; shared renderer; retain glyph fallback.,spheres-web/ui/arsenal-models.js,runtime only; OBJ via tools/arsenal/export_obj.js,Original game art keyed to arsenal::DECK ids; names frozen to the deck.,"cc34065. Deck 20,780 -> 272,491 tris (avg 452 -> 5,924), coarse LOD added (avg 859). All 46 inside 4,000..12,000 near and 300..1,500 coarse. 50.7% of corners smoothed; faceted-identity models (F-117, B-2, RQ-170) kept faceted. Audit closed a budget-test escape hatch that would have let a class ship at 452 tris green. Checks: check_arsenal_models.cjs + Rust deck parity."
catalogue.inf_mech.v1,Mechanised Infantry Formation,Existing catalogue / Infantry,base_asset,P3,inf_mech,Existing procedural model,reviewed,integrated,P0 pipeline,LOD0/1/2; existing game name; representative formation/refit label where applicable,Refine existing recognizable silhouette; exact DECK identity; shared renderer; retain glyph fallback.,spheres-web/ui/arsenal-models.js,runtime only; OBJ via tools/arsenal/export_obj.js,Original game art keyed to arsenal::DECK ids; names frozen to the deck.,"cc34065. Deck 20,780 -> 272,491 tris (avg 452 -> 5,924), coarse LOD added (avg 859). All 46 inside 4,000..12,000 near and 300..1,500 coarse. 50.7% of corners smoothed; faceted-identity models (F-117, B-2, RQ-170) kept faceted. Audit closed a budget-test escape hatch that would have let a class ship at 452 tris green. Checks: check_arsenal_models.cjs + Rust deck parity."
catalogue.arm_gen2.v1,Second-Generation Armour,Existing catalogue / Armour,base_asset,P3,arm_gen2,Existing procedural model,reviewed,integrated,P0 pipeline,LOD0/1/2; existing game name; representative formation/refit label where applicable,Refine existing recognizable silhouette; exact DECK identity; shared renderer; retain glyph fallback.,spheres-web/ui/arsenal-models.js,runtime only; OBJ via tools/arsenal/export_obj.js,Original game art keyed to arsenal::DECK ids; names frozen to the deck.,"cc34065. Deck 20,780 -> 272,491 tris (avg 452 -> 5,924), coarse LOD added (avg 859). All 46 inside 4,000..12,000 near and 300..1,500 coarse. 50.7% of corners smoothed; faceted-identity models (F-117, B-2, RQ-170) kept faceted. Audit closed a budget-test escape hatch that would have let a class ship at 452 tris green. Checks: check_arsenal_models.cjs + Rust deck parity."
catalogue.arm_gen3.v1,Third-Generation Armour,Existing catalogue / Armour,base_asset,P3,arm_gen3,Existing procedural model,reviewed,integrated,P0 pipeline,LOD0/1/2; existing game name; representative formation/refit label where applicable,Refine existing recognizable silhouette; exact DECK identity; shared renderer; retain glyph fallback.,spheres-web/ui/arsenal-models.js,runtime only; OBJ via tools/arsenal/export_obj.js,Original game art keyed to arsenal::DECK ids; names frozen to the deck.,"cc34065. Deck 20,780 -> 272,491 tris (avg 452 -> 5,924), coarse LOD added (avg 859). All 46 inside 4,000..12,000 near and 300..1,500 coarse. 50.7% of corners smoothed; faceted-identity models (F-117, B-2, RQ-170) kept faceted. Audit closed a budget-test escape hatch that would have let a class ship at 452 tris green. Checks: check_arsenal_models.cjs + Rust deck parity."
catalogue.air_gen2.v1,Second-Generation Combat Aircraft,Existing catalogue / Air,base_asset,P3,air_gen2,Existing procedural model,reviewed,integrated,P0 pipeline,LOD0/1/2; existing game name; representative formation/refit label where applicable,Refine existing recognizable silhouette; exact DECK identity; shared renderer; retain glyph fallback.,spheres-web/ui/arsenal-models.js,runtime only; OBJ via tools/arsenal/export_obj.js,Original game art keyed to arsenal::DECK ids; names frozen to the deck.,"cc34065. Deck 20,780 -> 272,491 tris (avg 452 -> 5,924), coarse LOD added (avg 859). All 46 inside 4,000..12,000 near and 300..1,500 coarse. 50.7% of corners smoothed; faceted-identity models (F-117, B-2, RQ-170) kept faceted. Audit closed a budget-test escape hatch that would have let a class ship at 452 tris green. Checks: check_arsenal_models.cjs + Rust deck parity."
catalogue.air_gen3.v1,Third-Generation Combat Aircraft,Existing catalogue / Air,base_asset,P3,air_gen3,Existing procedural model,reviewed,integrated,P0 pipeline,LOD0/1/2; existing game name; representative formation/refit label where applicable,Refine existing recognizable silhouette; exact DECK identity; shared renderer; retain glyph fallback.,spheres-web/ui/arsenal-models.js,runtime only; OBJ via tools/arsenal/export_obj.js,Original game art keyed to arsenal::DECK ids; names frozen to the deck.,"cc34065. Deck 20,780 -> 272,491 tris (avg 452 -> 5,924), coarse LOD added (avg 859). All 46 inside 4,000..12,000 near and 300..1,500 coarse. 50.7% of corners smoothed; faceted-identity models (F-117, B-2, RQ-170) kept faceted. Audit closed a budget-test escape hatch that would have let a class ship at 452 tris green. Checks: check_arsenal_models.cjs + Rust deck parity."
catalogue.air_gen4.v1,Fourth-Generation Combat Aircraft,Existing catalogue / Air,base_asset,P3,air_gen4,Existing procedural model,reviewed,integrated,P0 pipeline,LOD0/1/2; existing game name; representative formation/refit label where applicable,Refine existing recognizable silhouette; exact DECK identity; shared renderer; retain glyph fallback.,spheres-web/ui/arsenal-models.js,runtime only; OBJ via tools/arsenal/export_obj.js,Original game art keyed to arsenal::DECK ids; names frozen to the deck.,"cc34065. Deck 20,780 -> 272,491 tris (avg 452 -> 5,924), coarse LOD added (avg 859). All 46 inside 4,000..12,000 near and 300..1,500 coarse. 50.7% of corners smoothed; faceted-identity models (F-117, B-2, RQ-170) kept faceted. Audit closed a budget-test escape hatch that would have let a class ship at 452 tris green. Checks: check_arsenal_models.cjs + Rust deck parity."
catalogue.nav_patrol.v1,Patrol and Coastal Craft,Existing catalogue / Naval,base_asset,P3,nav_patrol,Existing procedural model,reviewed,integrated,P0 pipeline,LOD0/1/2; existing game name; representative formation/refit label where applicable,Refine existing recognizable silhouette; exact DECK identity; shared renderer; retain glyph fallback.,spheres-web/ui/arsenal-models.js,runtime only; OBJ via tools/arsenal/export_obj.js,Original game art keyed to arsenal::DECK ids; names frozen to the deck.,"cc34065. Deck 20,780 -> 272,491 tris (avg 452 -> 5,924), coarse LOD added (avg 859). All 46 inside 4,000..12,000 near and 300..1,500 coarse. 50.7% of corners smoothed; faceted-identity models (F-117, B-2, RQ-170) kept faceted. Audit closed a budget-test escape hatch that would have let a class ship at 452 tris green. Checks: check_arsenal_models.cjs + Rust deck parity."
catalogue.nav_escort.v1,Escort Frigate or Destroyer,Existing catalogue / Naval,base_asset,P3,nav_escort,Existing procedural model,reviewed,integrated,P0 pipeline,LOD0/1/2; existing game name; representative formation/refit label where applicable,Refine existing recognizable silhouette; exact DECK identity; shared renderer; retain glyph fallback.,spheres-web/ui/arsenal-models.js,runtime only; OBJ via tools/arsenal/export_obj.js,Original game art keyed to arsenal::DECK ids; names frozen to the deck.,"cc34065. Deck 20,780 -> 272,491 tris (avg 452 -> 5,924), coarse LOD added (avg 859). All 46 inside 4,000..12,000 near and 300..1,500 coarse. 50.7% of corners smoothed; faceted-identity models (F-117, B-2, RQ-170) kept faceted. Audit closed a budget-test escape hatch that would have let a class ship at 452 tris green. Checks: check_arsenal_models.cjs + Rust deck parity."
catalogue.nav_blue.v1,Blue-Water Task Group,Existing catalogue / Naval,base_asset,P3,nav_blue,Existing procedural model,reviewed,integrated,P0 pipeline,LOD0/1/2; existing game name; representative formation/refit label where applicable,Refine existing recognizable silhouette; exact DECK identity; shared renderer; retain glyph fallback.,spheres-web/ui/arsenal-models.js,runtime only; OBJ via tools/arsenal/export_obj.js,Original game art keyed to arsenal::DECK ids; names frozen to the deck.,"cc34065. Deck 20,780 -> 272,491 tris (avg 452 -> 5,924), coarse LOD added (avg 859). All 46 inside 4,000..12,000 near and 300..1,500 coarse. 50.7% of corners smoothed; faceted-identity models (F-117, B-2, RQ-170) kept faceted. Audit closed a budget-test escape hatch that would have let a class ship at 452 tris green. Checks: check_arsenal_models.cjs + Rust deck parity."
catalogue.msl_sam.v1,Area Air-Defence System,Existing catalogue / Missile,base_asset,P3,msl_sam,Existing procedural model,reviewed,integrated,P0 pipeline,LOD0/1/2; existing game name; representative formation/refit label where applicable,Refine existing recognizable silhouette; exact DECK identity; shared renderer; retain glyph fallback.,spheres-web/ui/arsenal-models.js,runtime only; OBJ via tools/arsenal/export_obj.js,Original game art keyed to arsenal::DECK ids; names frozen to the deck.,"cc34065. Deck 20,780 -> 272,491 tris (avg 452 -> 5,924), coarse LOD added (avg 859). All 46 inside 4,000..12,000 near and 300..1,500 coarse. 50.7% of corners smoothed; faceted-identity models (F-117, B-2, RQ-170) kept faceted. Audit closed a budget-test escape hatch that would have let a class ship at 452 tris green. Checks: check_arsenal_models.cjs + Rust deck parity."
catalogue.msl_brm.v1,Theatre Ballistic Missile,Existing catalogue / Missile,base_asset,P3,msl_brm,Existing procedural model,reviewed,integrated,P0 pipeline,LOD0/1/2; existing game name; representative formation/refit label where applicable,Refine existing recognizable silhouette; exact DECK identity; shared renderer; retain glyph fallback.,spheres-web/ui/arsenal-models.js,runtime only; OBJ via tools/arsenal/export_obj.js,Original game art keyed to arsenal::DECK ids; names frozen to the deck.,"cc34065. Deck 20,780 -> 272,491 tris (avg 452 -> 5,924), coarse LOD added (avg 859). All 46 inside 4,000..12,000 near and 300..1,500 coarse. 50.7% of corners smoothed; faceted-identity models (F-117, B-2, RQ-170) kept faceted. Audit closed a budget-test escape hatch that would have let a class ship at 452 tris green. Checks: check_arsenal_models.cjs + Rust deck parity."
catalogue.msl_deterrent.v1,Strategic Deterrent Force,Existing catalogue / Missile,base_asset,P3,msl_deterrent,Existing procedural model,reviewed,integrated,P0 pipeline,LOD0/1/2; existing game name; representative formation/refit label where applicable,Refine existing recognizable silhouette; exact DECK identity; shared renderer; retain glyph fallback.,spheres-web/ui/arsenal-models.js,runtime only; OBJ via tools/arsenal/export_obj.js,Original game art keyed to arsenal::DECK ids; names frozen to the deck.,"cc34065. Deck 20,780 -> 272,491 tris (avg 452 -> 5,924), coarse LOD added (avg 859). All 46 inside 4,000..12,000 near and 300..1,500 coarse. 50.7% of corners smoothed; faceted-identity models (F-117, B-2, RQ-170) kept faceted. Audit closed a budget-test escape hatch that would have let a class ship at 452 tris green. Checks: check_arsenal_models.cjs + Rust deck parity."
catalogue.spc_recon.v1,Reconnaissance Satellite Constellation,Existing catalogue / Space,base_asset,P3,spc_recon,Existing procedural model,reviewed,integrated,P0 pipeline,LOD0/1/2; existing game name; representative formation/refit label where applicable,Refine existing recognizable silhouette; exact DECK identity; shared renderer; retain glyph fallback.,spheres-web/ui/arsenal-models.js,runtime only; OBJ via tools/arsenal/export_obj.js,Original game art keyed to arsenal::DECK ids; names frozen to the deck.,"cc34065. Deck 20,780 -> 272,491 tris (avg 452 -> 5,924), coarse LOD added (avg 859). All 46 inside 4,000..12,000 near and 300..1,500 coarse. 50.7% of corners smoothed; faceted-identity models (F-117, B-2, RQ-170) kept faceted. Audit closed a budget-test escape hatch that would have let a class ship at 452 tris green. Checks: check_arsenal_models.cjs + Rust deck parity."
catalogue.f15e.v1,F-15E Strike Eagle,Existing catalogue / Air,base_asset,P3,f15e,Existing procedural model,reviewed,integrated,P0 pipeline,LOD0/1/2; existing game name; representative formation/refit label where applicable,Refine existing recognizable silhouette; exact DECK identity; shared renderer; retain glyph fallback.,spheres-web/ui/arsenal-models.js,runtime only; OBJ via tools/arsenal/export_obj.js,Original game art keyed to arsenal::DECK ids; names frozen to the deck.,"cc34065. Deck 20,780 -> 272,491 tris (avg 452 -> 5,924), coarse LOD added (avg 859). All 46 inside 4,000..12,000 near and 300..1,500 coarse. 50.7% of corners smoothed; faceted-identity models (F-117, B-2, RQ-170) kept faceted. Audit closed a budget-test escape hatch that would have let a class ship at 452 tris green. Checks: check_arsenal_models.cjs + Rust deck parity."
catalogue.f117.v1,F-117 Nighthawk,Existing catalogue / Air,base_asset,P3,f117,Existing procedural model,reviewed,integrated,P0 pipeline,LOD0/1/2; existing game name; representative formation/refit label where applicable,Refine existing recognizable silhouette; exact DECK identity; shared renderer; retain glyph fallback.,spheres-web/ui/arsenal-models.js,runtime only; OBJ via tools/arsenal/export_obj.js,Original game art keyed to arsenal::DECK ids; names frozen to the deck.,"cc34065. Deck 20,780 -> 272,491 tris (avg 452 -> 5,924), coarse LOD added (avg 859). All 46 inside 4,000..12,000 near and 300..1,500 coarse. 50.7% of corners smoothed; faceted-identity models (F-117, B-2, RQ-170) kept faceted. Audit closed a budget-test escape hatch that would have let a class ship at 452 tris green. Checks: check_arsenal_models.cjs + Rust deck parity."
catalogue.e3.v1,E-3 Sentry AWACS,Existing catalogue / Air,base_asset,P3,e3,Existing procedural model,reviewed,integrated,P0 pipeline,LOD0/1/2; existing game name; representative formation/refit label where applicable,Refine existing recognizable silhouette; exact DECK identity; shared renderer; retain glyph fallback.,spheres-web/ui/arsenal-models.js,runtime only; OBJ via tools/arsenal/export_obj.js,Original game art keyed to arsenal::DECK ids; names frozen to the deck.,"cc34065. Deck 20,780 -> 272,491 tris (avg 452 -> 5,924), coarse LOD added (avg 859). All 46 inside 4,000..12,000 near and 300..1,500 coarse. 50.7% of corners smoothed; faceted-identity models (F-117, B-2, RQ-170) kept faceted. Audit closed a budget-test escape hatch that would have let a class ship at 452 tris green. Checks: check_arsenal_models.cjs + Rust deck parity."
catalogue.b2.v1,B-2 Spirit,Existing catalogue / Air,base_asset,P3,b2,Existing procedural model,reviewed,integrated,P0 pipeline,LOD0/1/2; existing game name; representative formation/refit label where applicable,Refine existing recognizable silhouette; exact DECK identity; shared renderer; retain glyph fallback.,spheres-web/ui/arsenal-models.js,runtime only; OBJ via tools/arsenal/export_obj.js,Original game art keyed to arsenal::DECK ids; names frozen to the deck.,"cc34065. Deck 20,780 -> 272,491 tris (avg 452 -> 5,924), coarse LOD added (avg 859). All 46 inside 4,000..12,000 near and 300..1,500 coarse. 50.7% of corners smoothed; faceted-identity models (F-117, B-2, RQ-170) kept faceted. Audit closed a budget-test escape hatch that would have let a class ship at 452 tris green. Checks: check_arsenal_models.cjs + Rust deck parity."
catalogue.predator.v1,RQ-1 Predator,Existing catalogue / Air,base_asset,P3,predator,Existing procedural model,reviewed,integrated,P0 pipeline,LOD0/1/2; existing game name; representative formation/refit label where applicable,Refine existing recognizable silhouette; exact DECK identity; shared renderer; retain glyph fallback.,spheres-web/ui/arsenal-models.js,runtime only; OBJ via tools/arsenal/export_obj.js,Original game art keyed to arsenal::DECK ids; names frozen to the deck.,"cc34065. Deck 20,780 -> 272,491 tris (avg 452 -> 5,924), coarse LOD added (avg 859). All 46 inside 4,000..12,000 near and 300..1,500 coarse. 50.7% of corners smoothed; faceted-identity models (F-117, B-2, RQ-170) kept faceted. Audit closed a budget-test escape hatch that would have let a class ship at 452 tris green. Checks: check_arsenal_models.cjs + Rust deck parity."
catalogue.mq1b.v1,MQ-1B Predator,Existing catalogue / Air,base_asset,P3,mq1b,Existing procedural model,reviewed,integrated,P0 pipeline,LOD0/1/2; existing game name; representative formation/refit label where applicable,Refine existing recognizable silhouette; exact DECK identity; shared renderer; retain glyph fallback.,spheres-web/ui/arsenal-models.js,runtime only; OBJ via tools/arsenal/export_obj.js,Original game art keyed to arsenal::DECK ids; names frozen to the deck.,"cc34065. Deck 20,780 -> 272,491 tris (avg 452 -> 5,924), coarse LOD added (avg 859). All 46 inside 4,000..12,000 near and 300..1,500 coarse. 50.7% of corners smoothed; faceted-identity models (F-117, B-2, RQ-170) kept faceted. Audit closed a budget-test escape hatch that would have let a class ship at 452 tris green. Checks: check_arsenal_models.cjs + Rust deck parity."
catalogue.f22.v1,F-22 Raptor,Existing catalogue / Air,base_asset,P3,f22,Existing procedural model,reviewed,integrated,P0 pipeline,LOD0/1/2; existing game name; representative formation/refit label where applicable,Refine existing recognizable silhouette; exact DECK identity; shared renderer; retain glyph fallback.,spheres-web/ui/arsenal-models.js,runtime only; OBJ via tools/arsenal/export_obj.js,Original game art keyed to arsenal::DECK ids; names frozen to the deck.,"cc34065. Deck 20,780 -> 272,491 tris (avg 452 -> 5,924), coarse LOD added (avg 859). All 46 inside 4,000..12,000 near and 300..1,500 coarse. 50.7% of corners smoothed; faceted-identity models (F-117, B-2, RQ-170) kept faceted. Audit closed a budget-test escape hatch that would have let a class ship at 452 tris green. Checks: check_arsenal_models.cjs + Rust deck parity."
catalogue.ea18g.v1,EA-18G Growler,Existing catalogue / Air,base_asset,P3,ea18g,Existing procedural model,reviewed,integrated,P0 pipeline,LOD0/1/2; existing game name; representative formation/refit label where applicable,Refine existing recognizable silhouette; exact DECK identity; shared renderer; retain glyph fallback.,spheres-web/ui/arsenal-models.js,runtime only; OBJ via tools/arsenal/export_obj.js,Original game art keyed to arsenal::DECK ids; names frozen to the deck.,"cc34065. Deck 20,780 -> 272,491 tris (avg 452 -> 5,924), coarse LOD added (avg 859). All 46 inside 4,000..12,000 near and 300..1,500 coarse. 50.7% of corners smoothed; faceted-identity models (F-117, B-2, RQ-170) kept faceted. Audit closed a budget-test escape hatch that would have let a class ship at 452 tris green. Checks: check_arsenal_models.cjs + Rust deck parity."
catalogue.rq170.v1,RQ-170 Sentinel,Existing catalogue / Air,base_asset,P3,rq170,Existing procedural model,reviewed,integrated,P0 pipeline,LOD0/1/2; existing game name; representative formation/refit label where applicable,Refine existing recognizable silhouette; exact DECK identity; shared renderer; retain glyph fallback.,spheres-web/ui/arsenal-models.js,runtime only; OBJ via tools/arsenal/export_obj.js,Original game art keyed to arsenal::DECK ids; names frozen to the deck.,"cc34065. Deck 20,780 -> 272,491 tris (avg 452 -> 5,924), coarse LOD added (avg 859). All 46 inside 4,000..12,000 near and 300..1,500 coarse. 50.7% of corners smoothed; faceted-identity models (F-117, B-2, RQ-170) kept faceted. Audit closed a budget-test escape hatch that would have let a class ship at 452 tris green. Checks: check_arsenal_models.cjs + Rust deck parity."
catalogue.f35a.v1,F-35A Lightning II,Existing catalogue / Air,base_asset,P3,f35a,Existing procedural model,reviewed,integrated,P0 pipeline,LOD0/1/2; existing game name; representative formation/refit label where applicable,Refine existing recognizable silhouette; exact DECK identity; shared renderer; retain glyph fallback.,spheres-web/ui/arsenal-models.js,runtime only; OBJ via tools/arsenal/export_obj.js,Original game art keyed to arsenal::DECK ids; names frozen to the deck.,"cc34065. Deck 20,780 -> 272,491 tris (avg 452 -> 5,924), coarse LOD added (avg 859). All 46 inside 4,000..12,000 near and 300..1,500 coarse. 50.7% of corners smoothed; faceted-identity models (F-117, B-2, RQ-170) kept faceted. Audit closed a budget-test escape hatch that would have let a class ship at 452 tris green. Checks: check_arsenal_models.cjs + Rust deck parity."
catalogue.cca.v1,Collaborative Combat Aircraft,Existing catalogue / Air,base_asset,P3,cca,Existing procedural model,reviewed,integrated,P0 pipeline,LOD0/1/2; existing game name; representative formation/refit label where applicable,Refine existing recognizable silhouette; exact DECK identity; shared renderer; retain glyph fallback.,spheres-web/ui/arsenal-models.js,runtime only; OBJ via tools/arsenal/export_obj.js,Original game art keyed to arsenal::DECK ids; names frozen to the deck.,"cc34065. Deck 20,780 -> 272,491 tris (avg 452 -> 5,924), coarse LOD added (avg 859). All 46 inside 4,000..12,000 near and 300..1,500 coarse. 50.7% of corners smoothed; faceted-identity models (F-117, B-2, RQ-170) kept faceted. Audit closed a budget-test escape hatch that would have let a class ship at 452 tris green. Checks: check_arsenal_models.cjs + Rust deck parity."
catalogue.sixthgen.v1,Sixth-Generation Fighter,Existing catalogue / Air,base_asset,P3,sixthgen,Existing procedural model,reviewed,integrated,P0 pipeline,LOD0/1/2; existing game name; representative formation/refit label where applicable,Refine existing recognizable silhouette; exact DECK identity; shared renderer; retain glyph fallback.,spheres-web/ui/arsenal-models.js,runtime only; OBJ via tools/arsenal/export_obj.js,Original game art keyed to arsenal::DECK ids; names frozen to the deck.,"cc34065. Deck 20,780 -> 272,491 tris (avg 452 -> 5,924), coarse LOD added (avg 859). All 46 inside 4,000..12,000 near and 300..1,500 coarse. 50.7% of corners smoothed; faceted-identity models (F-117, B-2, RQ-170) kept faceted. Audit closed a budget-test escape hatch that would have let a class ship at 452 tris green. Checks: check_arsenal_models.cjs + Rust deck parity."
catalogue.aesa.v1,AESA Radar Refit,Existing catalogue / Air,base_asset,P3,aesa,Existing procedural model,reviewed,integrated,P0 pipeline,LOD0/1/2; existing game name; representative formation/refit label where applicable,Refine existing recognizable silhouette; exact DECK identity; shared renderer; retain glyph fallback.,spheres-web/ui/arsenal-models.js,runtime only; OBJ via tools/arsenal/export_obj.js,Original game art keyed to arsenal::DECK ids; names frozen to the deck.,"cc34065. Deck 20,780 -> 272,491 tris (avg 452 -> 5,924), coarse LOD added (avg 859). All 46 inside 4,000..12,000 near and 300..1,500 coarse. 50.7% of corners smoothed; faceted-identity models (F-117, B-2, RQ-170) kept faceted. Audit closed a budget-test escape hatch that would have let a class ship at 452 tris green. Checks: check_arsenal_models.cjs + Rust deck parity."
catalogue.la_ssn.v1,Los Angeles-class SSN,Existing catalogue / Naval,base_asset,P3,la_ssn,Existing procedural model,reviewed,integrated,P0 pipeline,LOD0/1/2; existing game name; representative formation/refit label where applicable,Refine existing recognizable silhouette; exact DECK identity; shared renderer; retain glyph fallback.,spheres-web/ui/arsenal-models.js,runtime only; OBJ via tools/arsenal/export_obj.js,Original game art keyed to arsenal::DECK ids; names frozen to the deck.,"cc34065. Deck 20,780 -> 272,491 tris (avg 452 -> 5,924), coarse LOD added (avg 859). All 46 inside 4,000..12,000 near and 300..1,500 coarse. 50.7% of corners smoothed; faceted-identity models (F-117, B-2, RQ-170) kept faceted. Audit closed a budget-test escape hatch that would have let a class ship at 452 tris green. Checks: check_arsenal_models.cjs + Rust deck parity."
catalogue.aip_ssk.v1,Air-Independent Propulsion Submarine,Existing catalogue / Naval,base_asset,P3,aip_ssk,Existing procedural model,reviewed,integrated,P0 pipeline,LOD0/1/2; existing game name; representative formation/refit label where applicable,Refine existing recognizable silhouette; exact DECK identity; shared renderer; retain glyph fallback.,spheres-web/ui/arsenal-models.js,runtime only; OBJ via tools/arsenal/export_obj.js,Original game art keyed to arsenal::DECK ids; names frozen to the deck.,"cc34065. Deck 20,780 -> 272,491 tris (avg 452 -> 5,924), coarse LOD added (avg 859). All 46 inside 4,000..12,000 near and 300..1,500 coarse. 50.7% of corners smoothed; faceted-identity models (F-117, B-2, RQ-170) kept faceted. Audit closed a budget-test escape hatch that would have let a class ship at 452 tris green. Checks: check_arsenal_models.cjs + Rust deck parity."
catalogue.laws.v1,Shipboard Directed-Energy Mount,Existing catalogue / Naval,base_asset,P3,laws,Existing procedural model,reviewed,integrated,P0 pipeline,LOD0/1/2; existing game name; representative formation/refit label where applicable,Refine existing recognizable silhouette; exact DECK identity; shared renderer; retain glyph fallback.,spheres-web/ui/arsenal-models.js,runtime only; OBJ via tools/arsenal/export_obj.js,Original game art keyed to arsenal::DECK ids; names frozen to the deck.,"cc34065. Deck 20,780 -> 272,491 tris (avg 452 -> 5,924), coarse LOD added (avg 859). All 46 inside 4,000..12,000 near and 300..1,500 coarse. 50.7% of corners smoothed; faceted-identity models (F-117, B-2, RQ-170) kept faceted. Audit closed a budget-test escape hatch that would have let a class ship at 452 tris green. Checks: check_arsenal_models.cjs + Rust deck parity."
catalogue.paveway.v1,GBU-24 Paveway III,Existing catalogue / Missile,base_asset,P3,paveway,Existing procedural model,reviewed,integrated,P0 pipeline,LOD0/1/2; existing game name; representative formation/refit label where applicable,Refine existing recognizable silhouette; exact DECK identity; shared renderer; retain glyph fallback.,spheres-web/ui/arsenal-models.js,runtime only; OBJ via tools/arsenal/export_obj.js,Original game art keyed to arsenal::DECK ids; names frozen to the deck.,"cc34065. Deck 20,780 -> 272,491 tris (avg 452 -> 5,924), coarse LOD added (avg 859). All 46 inside 4,000..12,000 near and 300..1,500 coarse. 50.7% of corners smoothed; faceted-identity models (F-117, B-2, RQ-170) kept faceted. Audit closed a budget-test escape hatch that would have let a class ship at 452 tris green. Checks: check_arsenal_models.cjs + Rust deck parity."
catalogue.tomahawk.v1,BGM-109 Tomahawk,Existing catalogue / Missile,base_asset,P3,tomahawk,Existing procedural model,reviewed,integrated,P0 pipeline,LOD0/1/2; existing game name; representative formation/refit label where applicable,Refine existing recognizable silhouette; exact DECK identity; shared renderer; retain glyph fallback.,spheres-web/ui/arsenal-models.js,runtime only; OBJ via tools/arsenal/export_obj.js,Original game art keyed to arsenal::DECK ids; names frozen to the deck.,"cc34065. Deck 20,780 -> 272,491 tris (avg 452 -> 5,924), coarse LOD added (avg 859). All 46 inside 4,000..12,000 near and 300..1,500 coarse. 50.7% of corners smoothed; faceted-identity models (F-117, B-2, RQ-170) kept faceted. Audit closed a budget-test escape hatch that would have let a class ship at 452 tris green. Checks: check_arsenal_models.cjs + Rust deck parity."
catalogue.patriot.v1,MIM-104 Patriot,Existing catalogue / Missile,base_asset,P3,patriot,Existing procedural model,reviewed,integrated,P0 pipeline,LOD0/1/2; existing game name; representative formation/refit label where applicable,Refine existing recognizable silhouette; exact DECK identity; shared renderer; retain glyph fallback.,spheres-web/ui/arsenal-models.js,runtime only; OBJ via tools/arsenal/export_obj.js,Original game art keyed to arsenal::DECK ids; names frozen to the deck.,"cc34065. Deck 20,780 -> 272,491 tris (avg 452 -> 5,924), coarse LOD added (avg 859). All 46 inside 4,000..12,000 near and 300..1,500 coarse. 50.7% of corners smoothed; faceted-identity models (F-117, B-2, RQ-170) kept faceted. Audit closed a budget-test escape hatch that would have let a class ship at 452 tris green. Checks: check_arsenal_models.cjs + Rust deck parity."
catalogue.jdam.v1,JDAM Guidance Kit,Existing catalogue / Missile,base_asset,P3,jdam,Existing procedural model,reviewed,integrated,P0 pipeline,LOD0/1/2; existing game name; representative formation/refit label where applicable,Refine existing recognizable silhouette; exact DECK identity; shared renderer; retain glyph fallback.,spheres-web/ui/arsenal-models.js,runtime only; OBJ via tools/arsenal/export_obj.js,Original game art keyed to arsenal::DECK ids; names frozen to the deck.,"cc34065. Deck 20,780 -> 272,491 tris (avg 452 -> 5,924), coarse LOD added (avg 859). All 46 inside 4,000..12,000 near and 300..1,500 coarse. 50.7% of corners smoothed; faceted-identity models (F-117, B-2, RQ-170) kept faceted. Audit closed a budget-test escape hatch that would have let a class ship at 452 tris green. Checks: check_arsenal_models.cjs + Rust deck parity."
catalogue.gbi.v1,Ground-Based Interceptor,Existing catalogue / Missile,base_asset,P3,gbi,Existing procedural model,reviewed,integrated,P0 pipeline,LOD0/1/2; existing game name; representative formation/refit label where applicable,Refine existing recognizable silhouette; exact DECK identity; shared renderer; retain glyph fallback.,spheres-web/ui/arsenal-models.js,runtime only; OBJ via tools/arsenal/export_obj.js,Original game art keyed to arsenal::DECK ids; names frozen to the deck.,"cc34065. Deck 20,780 -> 272,491 tris (avg 452 -> 5,924), coarse LOD added (avg 859). All 46 inside 4,000..12,000 near and 300..1,500 coarse. 50.7% of corners smoothed; faceted-identity models (F-117, B-2, RQ-170) kept faceted. Audit closed a budget-test escape hatch that would have let a class ship at 452 tris green. Checks: check_arsenal_models.cjs + Rust deck parity."
catalogue.x51.v1,Scramjet Test Vehicle,Existing catalogue / Missile,base_asset,P3,x51,Existing procedural model,reviewed,integrated,P0 pipeline,LOD0/1/2; existing game name; representative formation/refit label where applicable,Refine existing recognizable silhouette; exact DECK identity; shared renderer; retain glyph fallback.,spheres-web/ui/arsenal-models.js,runtime only; OBJ via tools/arsenal/export_obj.js,Original game art keyed to arsenal::DECK ids; names frozen to the deck.,"cc34065. Deck 20,780 -> 272,491 tris (avg 452 -> 5,924), coarse LOD added (avg 859). All 46 inside 4,000..12,000 near and 300..1,500 coarse. 50.7% of corners smoothed; faceted-identity models (F-117, B-2, RQ-170) kept faceted. Audit closed a budget-test escape hatch that would have let a class ship at 452 tris green. Checks: check_arsenal_models.cjs + Rust deck parity."
catalogue.hgv.v1,Hypersonic Glide Vehicle,Existing catalogue / Missile,base_asset,P3,hgv,Existing procedural model,reviewed,integrated,P0 pipeline,LOD0/1/2; existing game name; representative formation/refit label where applicable,Refine existing recognizable silhouette; exact DECK identity; shared renderer; retain glyph fallback.,spheres-web/ui/arsenal-models.js,runtime only; OBJ via tools/arsenal/export_obj.js,Original game art keyed to arsenal::DECK ids; names frozen to the deck.,"cc34065. Deck 20,780 -> 272,491 tris (avg 452 -> 5,924), coarse LOD added (avg 859). All 46 inside 4,000..12,000 near and 300..1,500 coarse. 50.7% of corners smoothed; faceted-identity models (F-117, B-2, RQ-170) kept faceted. Audit closed a budget-test escape hatch that would have let a class ship at 452 tris green. Checks: check_arsenal_models.cjs + Rust deck parity."
catalogue.owa.v1,One-Way Attack Drone,Existing catalogue / Missile,base_asset,P3,owa,Existing procedural model,reviewed,integrated,P0 pipeline,LOD0/1/2; existing game name; representative formation/refit label where applicable,Refine existing recognizable silhouette; exact DECK identity; shared renderer; retain glyph fallback.,spheres-web/ui/arsenal-models.js,runtime only; OBJ via tools/arsenal/export_obj.js,Original game art keyed to arsenal::DECK ids; names frozen to the deck.,"cc34065. Deck 20,780 -> 272,491 tris (avg 452 -> 5,924), coarse LOD added (avg 859). All 46 inside 4,000..12,000 near and 300..1,500 coarse. 50.7% of corners smoothed; faceted-identity models (F-117, B-2, RQ-170) kept faceted. Audit closed a budget-test escape hatch that would have let a class ship at 452 tris green. Checks: check_arsenal_models.cjs + Rust deck parity."
catalogue.trophy.v1,Trophy Active Protection,Existing catalogue / Armour,base_asset,P3,trophy,Existing procedural model,reviewed,integrated,P0 pipeline,LOD0/1/2; existing game name; representative formation/refit label where applicable,Refine existing recognizable silhouette; exact DECK identity; shared renderer; retain glyph fallback.,spheres-web/ui/arsenal-models.js,runtime only; OBJ via tools/arsenal/export_obj.js,Original game art keyed to arsenal::DECK ids; names frozen to the deck.,"cc34065. Deck 20,780 -> 272,491 tris (avg 452 -> 5,924), coarse LOD added (avg 859). All 46 inside 4,000..12,000 near and 300..1,500 coarse. 50.7% of corners smoothed; faceted-identity models (F-117, B-2, RQ-170) kept faceted. Audit closed a budget-test escape hatch that would have let a class ship at 452 tris green. Checks: check_arsenal_models.cjs + Rust deck parity."
catalogue.raven.v1,RQ-11 Raven,Existing catalogue / Infantry,base_asset,P3,raven,Existing procedural model,reviewed,integrated,P0 pipeline,LOD0/1/2; existing game name; representative formation/refit label where applicable,Refine existing recognizable silhouette; exact DECK identity; shared renderer; retain glyph fallback.,spheres-web/ui/arsenal-models.js,runtime only; OBJ via tools/arsenal/export_obj.js,Original game art keyed to arsenal::DECK ids; names frozen to the deck.,"cc34065. Deck 20,780 -> 272,491 tris (avg 452 -> 5,924), coarse LOD added (avg 859). All 46 inside 4,000..12,000 near and 300..1,500 coarse. 50.7% of corners smoothed; faceted-identity models (F-117, B-2, RQ-170) kept faceted. Audit closed a budget-test escape hatch that would have let a class ship at 452 tris green. Checks: check_arsenal_models.cjs + Rust deck parity."
catalogue.switchblade.v1,Switchblade Loitering Munition,Existing catalogue / Infantry,base_asset,P3,switchblade,Existing procedural model,reviewed,integrated,P0 pipeline,LOD0/1/2; existing game name; representative formation/refit label where applicable,Refine existing recognizable silhouette; exact DECK identity; shared renderer; retain glyph fallback.,spheres-web/ui/arsenal-models.js,runtime only; OBJ via tools/arsenal/export_obj.js,Original game art keyed to arsenal::DECK ids; names frozen to the deck.,"cc34065. Deck 20,780 -> 272,491 tris (avg 452 -> 5,924), coarse LOD added (avg 859). All 46 inside 4,000..12,000 near and 300..1,500 coarse. 50.7% of corners smoothed; faceted-identity models (F-117, B-2, RQ-170) kept faceted. Audit closed a budget-test escape hatch that would have let a class ship at 452 tris green. Checks: check_arsenal_models.cjs + Rust deck parity."
catalogue.cuas.v1,Counter-UAS Battery,Existing catalogue / Infantry,base_asset,P3,cuas,Existing procedural model,reviewed,integrated,P0 pipeline,LOD0/1/2; existing game name; representative formation/refit label where applicable,Refine existing recognizable silhouette; exact DECK identity; shared renderer; retain glyph fallback.,spheres-web/ui/arsenal-models.js,runtime only; OBJ via tools/arsenal/export_obj.js,Original game art keyed to arsenal::DECK ids; names frozen to the deck.,"cc34065. Deck 20,780 -> 272,491 tris (avg 452 -> 5,924), coarse LOD added (avg 859). All 46 inside 4,000..12,000 near and 300..1,500 coarse. 50.7% of corners smoothed; faceted-identity models (F-117, B-2, RQ-170) kept faceted. Audit closed a budget-test escape hatch that would have let a class ship at 452 tris green. Checks: check_arsenal_models.cjs + Rust deck parity."
catalogue.link16.v1,Tactical Data Link Fit,Existing catalogue / Infantry,base_asset,P3,link16,Existing procedural model,reviewed,integrated,P0 pipeline,LOD0/1/2; existing game name; representative formation/refit label where applicable,Refine existing recognizable silhouette; exact DECK identity; shared renderer; retain glyph fallback.,spheres-web/ui/arsenal-models.js,runtime only; OBJ via tools/arsenal/export_obj.js,Original game art keyed to arsenal::DECK ids; names frozen to the deck.,"cc34065. Deck 20,780 -> 272,491 tris (avg 452 -> 5,924), coarse LOD added (avg 859). All 46 inside 4,000..12,000 near and 300..1,500 coarse. 50.7% of corners smoothed; faceted-identity models (F-117, B-2, RQ-170) kept faceted. Audit closed a budget-test escape hatch that would have let a class ship at 452 tris green. Checks: check_arsenal_models.cjs + Rust deck parity."
catalogue.c4isr.v1,Networked C4ISR,Existing catalogue / Infantry,base_asset,P3,c4isr,Existing procedural model,reviewed,integrated,P0 pipeline,LOD0/1/2; existing game name; representative formation/refit label where applicable,Refine existing recognizable silhouette; exact DECK identity; shared renderer; retain glyph fallback.,spheres-web/ui/arsenal-models.js,runtime only; OBJ via tools/arsenal/export_obj.js,Original game art keyed to arsenal::DECK ids; names frozen to the deck.,"cc34065. Deck 20,780 -> 272,491 tris (avg 452 -> 5,924), coarse LOD added (avg 859). All 46 inside 4,000..12,000 near and 300..1,500 coarse. 50.7% of corners smoothed; faceted-identity models (F-117, B-2, RQ-170) kept faceted. Audit closed a budget-test escape hatch that would have let a class ship at 452 tris green. Checks: check_arsenal_models.cjs + Rust deck parity."
catalogue.atr.v1,Autonomous Target Recognition,Existing catalogue / Infantry,base_asset,P3,atr,Existing procedural model,reviewed,integrated,P0 pipeline,LOD0/1/2; existing game name; representative formation/refit label where applicable,Refine existing recognizable silhouette; exact DECK identity; shared renderer; retain glyph fallback.,spheres-web/ui/arsenal-models.js,runtime only; OBJ via tools/arsenal/export_obj.js,Original game art keyed to arsenal::DECK ids; names frozen to the deck.,"cc34065. Deck 20,780 -> 272,491 tris (avg 452 -> 5,924), coarse LOD added (avg 859). All 46 inside 4,000..12,000 near and 300..1,500 coarse. 50.7% of corners smoothed; faceted-identity models (F-117, B-2, RQ-170) kept faceted. Audit closed a budget-test escape hatch that would have let a class ship at 452 tris green. Checks: check_arsenal_models.cjs + Rust deck parity."
catalogue.kh11.v1,Electro-Optical Reconnaissance Satellite,Existing catalogue / Space,base_asset,P3,kh11,Existing procedural model,reviewed,integrated,P0 pipeline,LOD0/1/2; existing game name; representative formation/refit label where applicable,Refine existing recognizable silhouette; exact DECK identity; shared renderer; retain glyph fallback.,spheres-web/ui/arsenal-models.js,runtime only; OBJ via tools/arsenal/export_obj.js,Original game art keyed to arsenal::DECK ids; names frozen to the deck.,"cc34065. Deck 20,780 -> 272,491 tris (avg 452 -> 5,924), coarse LOD added (avg 859). All 46 inside 4,000..12,000 near and 300..1,500 coarse. 50.7% of corners smoothed; faceted-identity models (F-117, B-2, RQ-170) kept faceted. Audit closed a budget-test escape hatch that would have let a class ship at 452 tris green. Checks: check_arsenal_models.cjs + Rust deck parity."
designer.tank_standard.v1,Main battle tank,Ground designer,modular_platform,P0,tank_standard,Existing configurable model,reviewed,integrated,P0 pipeline,Baseline plus all legal current component swaps; olive/sand/winter; LOD0/1/2,Improve current geometry; exact slot identity and picking; legal module variants; portable export.,spheres-web/ui/equipment-mesh.js,spheres-web/ui/equipment-models/spheres-tank-balanced.glb,"Original game art. Fictional design; no named real vehicle, no sourced dimensions.","13f7de7. 41,144->44,172 tri, 18->21 parts, bounds unchanged. 11,025 configurations swept: 0 failures. Regenerate: node tools/ui/build_equipment_models.cjs. Checks: check_equipment_mesh/model/export.cjs. NO LOD1/LOD2 yet - single detail level only."
designer.tank_heavy.v1,Heavy tank,Ground designer,modular_platform,P1,tank_heavy,Existing configurable model,reviewed,integrated,P0 pipeline,Baseline plus all legal current component swaps; olive/sand/winter; LOD0/1/2,Improve current geometry; exact slot identity and picking; legal module variants; portable export.,spheres-web/ui/equipment-mesh.js,spheres-web/ui/equipment-models/*.glb,"Original game art. Fictional designs; no named real vehicle, no sourced dimensions.","a4ab336 + 6f1508f. Smooth shading (shared normals, asserted), three LODs with part-name parity, LOD0 17,884-50,840. Component coverage 169/169 distinct, 0 weak, 0 absent; the ammunition exemption removed from the contract. Regenerate: node tools/ui/build_equipment_models.cjs."
designer.tank_light.v1,Light tank,Ground designer,modular_platform,P1,tank_light,Existing configurable model,reviewed,integrated,P0 pipeline,Baseline plus all legal current component swaps; olive/sand/winter; LOD0/1/2,Improve current geometry; exact slot identity and picking; legal module variants; portable export.,spheres-web/ui/equipment-mesh.js,spheres-web/ui/equipment-models/*.glb,"Original game art. Fictional designs; no named real vehicle, no sourced dimensions.","a4ab336 + 6f1508f. Smooth shading (shared normals, asserted), three LODs with part-name parity, LOD0 17,884-50,840. Component coverage 169/169 distinct, 0 weak, 0 absent; the ammunition exemption removed from the contract. Regenerate: node tools/ui/build_equipment_models.cjs."
designer.tank_destroyer.v1,Tank destroyer,Ground designer,modular_platform,P1,tank_destroyer,Existing configurable model,reviewed,integrated,P0 pipeline,Baseline plus all legal current component swaps; olive/sand/winter; LOD0/1/2,Improve current geometry; exact slot identity and picking; legal module variants; portable export.,spheres-web/ui/equipment-mesh.js,spheres-web/ui/equipment-models/*.glb,"Original game art. Fictional designs; no named real vehicle, no sourced dimensions.","a4ab336 + 6f1508f. Smooth shading (shared normals, asserted), three LODs with part-name parity, LOD0 17,884-50,840. Component coverage 169/169 distinct, 0 weak, 0 absent; the ammunition exemption removed from the contract. Regenerate: node tools/ui/build_equipment_models.cjs."
designer.ground_ifv.v1,Infantry fighting vehicle,Ground designer,modular_platform,P1,ground_ifv,Existing configurable model,reviewed,integrated,P0 pipeline,Baseline plus all legal current component swaps; olive/sand/winter; LOD0/1/2,Improve current geometry; exact slot identity and picking; legal module variants; portable export.,spheres-web/ui/equipment-mesh.js,spheres-web/ui/equipment-models/*.glb,"Original game art. Fictional designs; no named real vehicle, no sourced dimensions.","a4ab336 + 6f1508f. Smooth shading (shared normals, asserted), three LODs with part-name parity, LOD0 17,884-50,840. Component coverage 169/169 distinct, 0 weak, 0 absent; the ammunition exemption removed from the contract. Regenerate: node tools/ui/build_equipment_models.cjs."
designer.ground_apc.v1,Armored personnel carrier,Ground designer,modular_platform,P0,ground_apc,Existing configurable model,reviewed,integrated,P0 pipeline,Baseline plus all legal current component swaps; olive/sand/winter; LOD0/1/2,Improve current geometry; exact slot identity and picking; legal module variants; portable export.,spheres-web/ui/equipment-mesh.js,spheres-web/ui/equipment-models/spheres-ground-apc.glb,"Original game art. Fictional wheeled APC; component-driven, simulation values separate.","13f7de7. 10,752->16,064 tri (+49%), 18->22 parts, 6 road tyres (8 with runflat), no track parts, 13 spec keys. Regenerate: node tools/ui/build_equipment_models.cjs. NO LOD1/LOD2 yet."
designer.ground_recon.v1,Reconnaissance vehicle,Ground designer,modular_platform,P1,ground_recon,Existing configurable model,reviewed,integrated,P0 pipeline,Baseline plus all legal current component swaps; olive/sand/winter; LOD0/1/2,Improve current geometry; exact slot identity and picking; legal module variants; portable export.,spheres-web/ui/equipment-mesh.js,spheres-web/ui/equipment-models/*.glb,"Original game art. Fictional designs; no named real vehicle, no sourced dimensions.","a4ab336 + 6f1508f. Smooth shading (shared normals, asserted), three LODs with part-name parity, LOD0 17,884-50,840. Component coverage 169/169 distinct, 0 weak, 0 absent; the ammunition exemption removed from the contract. Regenerate: node tools/ui/build_equipment_models.cjs."
designer.ground_artillery.v1,Self-propelled artillery,Ground designer,modular_platform,P1,ground_artillery,Existing configurable model,reviewed,integrated,P0 pipeline,Baseline plus all legal current component swaps; olive/sand/winter; LOD0/1/2,Improve current geometry; exact slot identity and picking; legal module variants; portable export.,spheres-web/ui/equipment-mesh.js,spheres-web/ui/equipment-models/*.glb,"Original game art. Fictional designs; no named real vehicle, no sourced dimensions.","a4ab336 + 6f1508f. Smooth shading (shared normals, asserted), three LODs with part-name parity, LOD0 17,884-50,840. Component coverage 169/169 distinct, 0 weak, 0 absent; the ammunition exemption removed from the contract. Regenerate: node tools/ui/build_equipment_models.cjs."
designer.ground_air_defense.v1,Mobile air defense,Ground designer,modular_platform,P1,ground_air_defense,Existing configurable model,reviewed,integrated,P0 pipeline,Baseline plus all legal current component swaps; olive/sand/winter; LOD0/1/2,Improve current geometry; exact slot identity and picking; legal module variants; portable export.,spheres-web/ui/equipment-mesh.js,spheres-web/ui/equipment-models/*.glb,"Original game art. Fictional designs; no named real vehicle, no sourced dimensions.","a4ab336 + 6f1508f. Smooth shading (shared normals, asserted), three LODs with part-name parity, LOD0 17,884-50,840. Component coverage 169/169 distinct, 0 weak, 0 absent; the ammunition exemption removed from the contract. Regenerate: node tools/ui/build_equipment_models.cjs."
components.ground.mobility.v1,"Powertrain, exhaust and cooling fixtures",Ground components,component_kit,P1,mobility,Existing slot; geometry refinement required,reviewed,integrated,P0 pipeline,Every implemented choice in this slot; LOD0/1/2; no invented stats,"Enumerate every compatible component ID from actual registry; maintain per-platform legality, part metadata and pivots.",spheres-web/ui/equipment-mesh.js,runtime only; GLB via tools/ui/build_equipment_models.cjs,,"2026-09-07 ledger correction: this was built and measured earlier and the row was stale. 22 component/platform pairs in the `mobility` slot, enumerated from equipment_specs.rs and equipment_ground.rs on every platform that legally fields them under component_compatible: 22 distinct, 0 weak, 0 absent. Every pair carries its change at LOD1. All 9 platforms build LOD0/1/2 with identical part counts, so slot+ordinal identity survives the LOD swap and picking with it. Regenerate and verify: node tools/ui/build_component_coverage.cjs --check, which tools/ui/check_equipment_mesh.cjs runs. Table: docs/art/COMPONENT_COVERAGE.md."
components.ground.transmission.v1,Transmission access and removable display pack,Ground components,component_kit,P1,transmission,Existing slot; geometry refinement required,reviewed,integrated,P0 pipeline,Every implemented choice in this slot; LOD0/1/2; no invented stats,"Enumerate every compatible component ID from actual registry; maintain per-platform legality, part metadata and pivots.",spheres-web/ui/equipment-mesh.js,runtime only; GLB via tools/ui/build_equipment_models.cjs,,"2026-09-07 ledger correction: this was built and measured earlier and the row was stale. 14 component/platform pairs in the `transmission` slot, enumerated from equipment_specs.rs and equipment_ground.rs on every platform that legally fields them under component_compatible: 14 distinct, 0 weak, 0 absent. Every pair carries its change at LOD1. All 9 platforms build LOD0/1/2 with identical part counts, so slot+ordinal identity survives the LOD swap and picking with it. Regenerate and verify: node tools/ui/build_component_coverage.cjs --check, which tools/ui/check_equipment_mesh.cjs runs. Table: docs/art/COMPONENT_COVERAGE.md."
components.ground.tracks.v1,"Standard, wide and padded tracks",Ground components,component_kit,P1,tracks,Existing slot; geometry refinement required,reviewed,integrated,P0 pipeline,Every implemented choice in this slot; LOD0/1/2; no invented stats,"Enumerate every compatible component ID from actual registry; maintain per-platform legality, part metadata and pivots.",spheres-web/ui/equipment-mesh.js,runtime only; GLB via tools/ui/build_equipment_models.cjs,,"2026-09-07 ledger correction: this was built and measured earlier and the row was stale. 14 component/platform pairs in the `tracks` slot, enumerated from equipment_specs.rs and equipment_ground.rs on every platform that legally fields them under component_compatible: 14 distinct, 0 weak, 0 absent. Every pair carries its change at LOD1. All 9 platforms build LOD0/1/2 with identical part counts, so slot+ordinal identity survives the LOD swap and picking with it. Regenerate and verify: node tools/ui/build_component_coverage.cjs --check, which tools/ui/check_equipment_mesh.cjs runs. Table: docs/art/COMPONENT_COVERAGE.md."
components.ground.wheels.v1,Six/eight-wheel running gear and tire variants,Ground components,component_kit,P1,wheels,Existing slot; geometry refinement required,reviewed,integrated,P0 pipeline,Every implemented choice in this slot; LOD0/1/2; no invented stats,"Enumerate every compatible component ID from actual registry; maintain per-platform legality, part metadata and pivots.",spheres-web/ui/equipment-mesh.js,runtime only; GLB via tools/ui/build_equipment_models.cjs,,"2026-09-07 ledger correction: this was built and measured earlier and the row was stale. 2 component/platform pairs in the `wheels` slot, enumerated from equipment_specs.rs and equipment_ground.rs on every platform that legally fields them under component_compatible: 2 distinct, 0 weak, 0 absent. Every pair carries its change at LOD1. All 9 platforms build LOD0/1/2 with identical part counts, so slot+ordinal identity survives the LOD swap and picking with it. Regenerate and verify: node tools/ui/build_component_coverage.cjs --check, which tools/ui/check_equipment_mesh.cjs runs. Table: docs/art/COMPONENT_COVERAGE.md."
components.ground.suspension.v1,Suspension and wheel assemblies,Ground components,component_kit,P1,suspension,Existing slot; geometry refinement required,reviewed,integrated,P0 pipeline,Every implemented choice in this slot; LOD0/1/2; no invented stats,"Enumerate every compatible component ID from actual registry; maintain per-platform legality, part metadata and pivots.",spheres-web/ui/equipment-mesh.js,runtime only; GLB via tools/ui/build_equipment_models.cjs,,"2026-09-07 ledger correction: this was built and measured earlier and the row was stale. 11 component/platform pairs in the `suspension` slot, enumerated from equipment_specs.rs and equipment_ground.rs on every platform that legally fields them under component_compatible: 11 distinct, 0 weak, 0 absent. Every pair carries its change at LOD1. All 9 platforms build LOD0/1/2 with identical part counts, so slot+ordinal identity survives the LOD swap and picking with it. Regenerate and verify: node tools/ui/build_component_coverage.cjs --check, which tools/ui/check_equipment_mesh.cjs runs. Table: docs/art/COMPONENT_COVERAGE.md."
components.ground.turret.v1,"Turrets, casemate and specialist weapon stations",Ground components,component_kit,P1,turret,Existing slot; geometry refinement required,reviewed,integrated,P0 pipeline,Every implemented choice in this slot; LOD0/1/2; no invented stats,"Enumerate every compatible component ID from actual registry; maintain per-platform legality, part metadata and pivots.",spheres-web/ui/equipment-mesh.js,runtime only; GLB via tools/ui/build_equipment_models.cjs,,"2026-09-07 ledger correction: this was built and measured earlier and the row was stale. 8 component/platform pairs in the `turret` slot, enumerated from equipment_specs.rs and equipment_ground.rs on every platform that legally fields them under component_compatible: 8 distinct, 0 weak, 0 absent. Every pair carries its change at LOD1. All 9 platforms build LOD0/1/2 with identical part counts, so slot+ordinal identity survives the LOD swap and picking with it. Regenerate and verify: node tools/ui/build_component_coverage.cjs --check, which tools/ui/check_equipment_mesh.cjs runs. Table: docs/art/COMPONENT_COVERAGE.md."
components.ground.armament.v1,External barrels and specialist weapon modules,Ground components,component_kit,P1,armament,Existing slot; geometry refinement required,reviewed,integrated,P0 pipeline,Every implemented choice in this slot; LOD0/1/2; no invented stats,"Enumerate every compatible component ID from actual registry; maintain per-platform legality, part metadata and pivots.",spheres-web/ui/equipment-mesh.js,runtime only; GLB via tools/ui/build_equipment_models.cjs,,"2026-09-07 ledger correction: this was built and measured earlier and the row was stale. 15 component/platform pairs in the `armament` slot, enumerated from equipment_specs.rs and equipment_ground.rs on every platform that legally fields them under component_compatible: 15 distinct, 0 weak, 0 absent. Every pair carries its change at LOD1. All 9 platforms build LOD0/1/2 with identical part counts, so slot+ordinal identity survives the LOD swap and picking with it. Regenerate and verify: node tools/ui/build_component_coverage.cjs --check, which tools/ui/check_equipment_mesh.cjs runs. Table: docs/art/COMPONENT_COVERAGE.md."
components.ground.ammunition.v1,Stowage and inspection bay representations,Ground components,component_kit,P1,ammunition,Existing slot; geometry refinement required,reviewed,integrated,P0 pipeline,Every implemented choice in this slot; LOD0/1/2; no invented stats,"Enumerate every compatible component ID from actual registry; maintain per-platform legality, part metadata and pivots.",spheres-web/ui/equipment-mesh.js,runtime only; GLB via tools/ui/build_equipment_models.cjs,,"2026-09-07 ledger correction: this was built and measured earlier and the row was stale. 11 component/platform pairs in the `ammunition` slot, enumerated from equipment_specs.rs and equipment_ground.rs on every platform that legally fields them under component_compatible: 11 distinct, 0 weak, 0 absent. Every pair carries its change at LOD1. All 9 platforms build LOD0/1/2 with identical part counts, so slot+ordinal identity survives the LOD swap and picking with it. Regenerate and verify: node tools/ui/build_component_coverage.cjs --check, which tools/ui/check_equipment_mesh.cjs runs. Table: docs/art/COMPONENT_COVERAGE.md."
components.ground.protection.v1,Hull and modular armor panels,Ground components,component_kit,P1,protection,Existing slot; geometry refinement required,reviewed,integrated,P0 pipeline,Every implemented choice in this slot; LOD0/1/2; no invented stats,"Enumerate every compatible component ID from actual registry; maintain per-platform legality, part metadata and pivots.",spheres-web/ui/equipment-mesh.js,runtime only; GLB via tools/ui/build_equipment_models.cjs,,"2026-09-07 ledger correction: this was built and measured earlier and the row was stale. 5 component/platform pairs in the `protection` slot, enumerated from equipment_specs.rs and equipment_ground.rs on every platform that legally fields them under component_compatible: 5 distinct, 0 weak, 0 absent. Every pair carries its change at LOD1. All 9 platforms build LOD0/1/2 with identical part counts, so slot+ordinal identity survives the LOD swap and picking with it. Regenerate and verify: node tools/ui/build_component_coverage.cjs --check, which tools/ui/check_equipment_mesh.cjs runs. Table: docs/art/COMPONENT_COVERAGE.md."
components.ground.active_protection.v1,Countermeasure and protection fittings,Ground components,component_kit,P1,active_protection,Existing slot; geometry refinement required,reviewed,integrated,P0 pipeline,Every implemented choice in this slot; LOD0/1/2; no invented stats,"Enumerate every compatible component ID from actual registry; maintain per-platform legality, part metadata and pivots.",spheres-web/ui/equipment-mesh.js,runtime only; GLB via tools/ui/build_equipment_models.cjs,,"2026-09-07 ledger correction: this was built and measured earlier and the row was stale. 18 component/platform pairs in the `active_protection` slot, enumerated from equipment_specs.rs and equipment_ground.rs on every platform that legally fields them under component_compatible: 18 distinct, 0 weak, 0 absent. Every pair carries its change at LOD1. All 9 platforms build LOD0/1/2 with identical part counts, so slot+ordinal identity survives the LOD swap and picking with it. Regenerate and verify: node tools/ui/build_component_coverage.cjs --check, which tools/ui/check_equipment_mesh.cjs runs. Table: docs/art/COMPONENT_COVERAGE.md."
components.ground.sensors.v1,Day/night/thermal sight fittings,Ground components,component_kit,P1,sensors,Existing slot; geometry refinement required,reviewed,integrated,P0 pipeline,Every implemented choice in this slot; LOD0/1/2; no invented stats,"Enumerate every compatible component ID from actual registry; maintain per-platform legality, part metadata and pivots.",spheres-web/ui/equipment-mesh.js,runtime only; GLB via tools/ui/build_equipment_models.cjs,,"2026-09-07 ledger correction: this was built and measured earlier and the row was stale. 20 component/platform pairs in the `sensors` slot, enumerated from equipment_specs.rs and equipment_ground.rs on every platform that legally fields them under component_compatible: 20 distinct, 0 weak, 0 absent. Every pair carries its change at LOD1. All 9 platforms build LOD0/1/2 with identical part counts, so slot+ordinal identity survives the LOD swap and picking with it. Regenerate and verify: node tools/ui/build_component_coverage.cjs --check, which tools/ui/check_equipment_mesh.cjs runs. Table: docs/art/COMPONENT_COVERAGE.md."
components.ground.fire_control.v1,Fire-control housings and inspection representation,Ground components,component_kit,P1,fire_control,Existing slot; geometry refinement required,reviewed,integrated,P0 pipeline,Every implemented choice in this slot; LOD0/1/2; no invented stats,"Enumerate every compatible component ID from actual registry; maintain per-platform legality, part metadata and pivots.",spheres-web/ui/equipment-mesh.js,runtime only; GLB via tools/ui/build_equipment_models.cjs,,"2026-09-07 ledger correction: this was built and measured earlier and the row was stale. 18 component/platform pairs in the `fire_control` slot, enumerated from equipment_specs.rs and equipment_ground.rs on every platform that legally fields them under component_compatible: 18 distinct, 0 weak, 0 absent. Every pair carries its change at LOD1. All 9 platforms build LOD0/1/2 with identical part counts, so slot+ordinal identity survives the LOD swap and picking with it. Regenerate and verify: node tools/ui/build_component_coverage.cjs --check, which tools/ui/check_equipment_mesh.cjs runs. Table: docs/art/COMPONENT_COVERAGE.md."
components.ground.communications.v1,Radio antennas and data-link fittings,Ground components,component_kit,P1,communications,Existing slot; geometry refinement required,reviewed,integrated,P0 pipeline,Every implemented choice in this slot; LOD0/1/2; no invented stats,"Enumerate every compatible component ID from actual registry; maintain per-platform legality, part metadata and pivots.",spheres-web/ui/equipment-mesh.js,runtime only; GLB via tools/ui/build_equipment_models.cjs,,"2026-09-07 ledger correction: this was built and measured earlier and the row was stale. 12 component/platform pairs in the `communications` slot, enumerated from equipment_specs.rs and equipment_ground.rs on every platform that legally fields them under component_compatible: 12 distinct, 0 weak, 0 absent. Every pair carries its change at LOD1. All 9 platforms build LOD0/1/2 with identical part counts, so slot+ordinal identity survives the LOD swap and picking with it. Regenerate and verify: node tools/ui/build_component_coverage.cjs --check, which tools/ui/check_equipment_mesh.cjs runs. Table: docs/art/COMPONENT_COVERAGE.md."
components.ground.troop_compartment.v1,Troop bays and rear access,Ground components,component_kit,P1,troop_compartment,Existing slot; geometry refinement required,reviewed,integrated,P0 pipeline,Every implemented choice in this slot; LOD0/1/2; no invented stats,"Enumerate every compatible component ID from actual registry; maintain per-platform legality, part metadata and pivots.",spheres-web/ui/equipment-mesh.js,runtime only; GLB via tools/ui/build_equipment_models.cjs,,"2026-09-07 ledger correction: this was built and measured earlier and the row was stale. 2 component/platform pairs in the `troop_compartment` slot, enumerated from equipment_specs.rs and equipment_ground.rs on every platform that legally fields them under component_compatible: 2 distinct, 0 weak, 0 absent. Every pair carries its change at LOD1. All 9 platforms build LOD0/1/2 with identical part counts, so slot+ordinal identity survives the LOD swap and picking with it. Regenerate and verify: node tools/ui/build_component_coverage.cjs --check, which tools/ui/check_equipment_mesh.cjs runs. Table: docs/art/COMPONENT_COVERAGE.md."
components.ground.recon_package.v1,"Scout sights, mast and observation package",Ground components,component_kit,P1,recon_package,Existing slot; geometry refinement required,reviewed,integrated,P0 pipeline,Every implemented choice in this slot; LOD0/1/2; no invented stats,"Enumerate every compatible component ID from actual registry; maintain per-platform legality, part metadata and pivots.",spheres-web/ui/equipment-mesh.js,runtime only; GLB via tools/ui/build_equipment_models.cjs,,"2026-09-07 ledger correction: this was built and measured earlier and the row was stale. 1 component/platform pairs in the `recon_package` slot, enumerated from equipment_specs.rs and equipment_ground.rs on every platform that legally fields them under component_compatible: 1 distinct, 0 weak, 0 absent. Every pair carries its change at LOD1. All 9 platforms build LOD0/1/2 with identical part counts, so slot+ordinal identity survives the LOD swap and picking with it. Regenerate and verify: node tools/ui/build_component_coverage.cjs --check, which tools/ui/check_equipment_mesh.cjs runs. Table: docs/art/COMPONENT_COVERAGE.md."
components.ground.artillery_loader.v1,Loading and stowage fittings,Ground components,component_kit,P1,artillery_loader,Existing slot; geometry refinement required,reviewed,integrated,P0 pipeline,Every implemented choice in this slot; LOD0/1/2; no invented stats,"Enumerate every compatible component ID from actual registry; maintain per-platform legality, part metadata and pivots.",spheres-web/ui/equipment-mesh.js,runtime only; GLB via tools/ui/build_equipment_models.cjs,,"2026-09-07 ledger correction: this was built and measured earlier and the row was stale. 1 component/platform pairs in the `artillery_loader` slot, enumerated from equipment_specs.rs and equipment_ground.rs on every platform that legally fields them under component_compatible: 1 distinct, 0 weak, 0 absent. Every pair carries its change at LOD1. All 9 platforms build LOD0/1/2 with identical part counts, so slot+ordinal identity survives the LOD swap and picking with it. Regenerate and verify: node tools/ui/build_component_coverage.cjs --check, which tools/ui/check_equipment_mesh.cjs runs. Table: docs/art/COMPONENT_COVERAGE.md."
components.ground.radar.v1,Search and tracking arrays,Ground components,component_kit,P1,radar,Existing slot; geometry refinement required,reviewed,integrated,P0 pipeline,Every implemented choice in this slot; LOD0/1/2; no invented stats,"Enumerate every compatible component ID from actual registry; maintain per-platform legality, part metadata and pivots.",spheres-web/ui/equipment-mesh.js,runtime only; GLB via tools/ui/build_equipment_models.cjs,,"2026-09-07 ledger correction: this was built and measured earlier and the row was stale. 1 component/platform pairs in the `radar` slot, enumerated from equipment_specs.rs and equipment_ground.rs on every platform that legally fields them under component_compatible: 1 distinct, 0 weak, 0 absent. Every pair carries its change at LOD1. All 9 platforms build LOD0/1/2 with identical part counts, so slot+ordinal identity survives the LOD swap and picking with it. Regenerate and verify: node tools/ui/build_component_coverage.cjs --check, which tools/ui/check_equipment_mesh.cjs runs. Table: docs/art/COMPONENT_COVERAGE.md."
construction.infrastructure.v1,"Road, bridge and utility corridor",Construction,facility_assembly,P2,infrastructure,Game project exists; new 3D asset planned,reviewed,integrated,P0 pipeline,Site/foundation/frame/enclosed/complete; paused overlay; level expansion,Five work stages; reusable yard; meaningful level expansion; project pin connects to actual province record.,spheres-web/ui/site-mesh.js,runtime only - no GLB exporter for site meshes yet,"Original game art. Representative facilities; no sourced building, no fabricated capacity. generation is deliberately generic and a check enforces it names no technology.","006d7c2. Own composition across five stages bound to recorded progress; placeholders 12/13 -> 0/13, asserted as a pinned set. LOD0 7,250-39,302 (ceiling 40,000), map 164-756 (hard 100..800). Retrofits keep their host vertex-identical across stages. NOT LOOKED AT beyond the review bench: interpenetration is unverified."
construction.civilian_industry.v1,Civilian factory compound,Construction,facility_assembly,P2,civilian_industry,Game project exists; new 3D asset planned,reviewed,integrated,P0 pipeline,Site/foundation/frame/enclosed/complete; paused overlay; level expansion,Five work stages; reusable yard; meaningful level expansion; project pin connects to actual province record.,spheres-web/ui/site-mesh.js,runtime only - no GLB exporter for site meshes yet,"Original game art. Representative facilities; no sourced building, no fabricated capacity. generation is deliberately generic and a check enforces it names no technology.","006d7c2. Own composition across five stages bound to recorded progress; placeholders 12/13 -> 0/13, asserted as a pinned set. LOD0 7,250-39,302 (ceiling 40,000), map 164-756 (hard 100..800). Retrofits keep their host vertex-identical across stages. NOT LOOKED AT beyond the review bench: interpenetration is unverified."
construction.power_grid.v1,Power substation and transmission yard,Construction,facility_assembly,P2,power_grid,Game project exists; new 3D asset planned,reviewed,integrated,P0 pipeline,Site/foundation/frame/enclosed/complete; paused overlay; level expansion,Five work stages; reusable yard; meaningful level expansion; project pin connects to actual province record.,spheres-web/ui/site-mesh.js,runtime only - no GLB exporter for site meshes yet,"Original game art. Representative facilities; no sourced building, no fabricated capacity. generation is deliberately generic and a check enforces it names no technology.","006d7c2. Own composition across five stages bound to recorded progress; placeholders 12/13 -> 0/13, asserted as a pinned set. LOD0 7,250-39,302 (ceiling 40,000), map 164-756 (hard 100..800). Retrofits keep their host vertex-identical across stages. NOT LOOKED AT beyond the review bench: interpenetration is unverified."
construction.research_center.v1,Research campus,Construction,facility_assembly,P2,research_center,Game project exists; new 3D asset planned,reviewed,integrated,P0 pipeline,Site/foundation/frame/enclosed/complete; paused overlay; level expansion,Five work stages; reusable yard; meaningful level expansion; project pin connects to actual province record.,spheres-web/ui/site-mesh.js,runtime only - no GLB exporter for site meshes yet,"Original game art. Representative facilities; no sourced building, no fabricated capacity. generation is deliberately generic and a check enforces it names no technology.","006d7c2. Own composition across five stages bound to recorded progress; placeholders 12/13 -> 0/13, asserted as a pinned set. LOD0 7,250-39,302 (ceiling 40,000), map 164-756 (hard 100..800). Retrofits keep their host vertex-identical across stages. NOT LOOKED AT beyond the review bench: interpenetration is unverified."
construction.arms_plant.v1,Arms assembly plant,Construction,facility_assembly,P0,arms_plant,Game project exists; new 3D asset planned,reviewed,integrated,P0 pipeline,Site/foundation/frame/enclosed/complete; paused overlay; level expansion,Five work stages; reusable yard; meaningful level expansion; project pin connects to actual province record.,spheres-web/ui/site-mesh.js,runtime only - no GLB exporter for site meshes yet,"Original game art. Representative industrial scenery; no sourced building, no fabricated capacity.","13f7de7. 5 stages bound to recorded progress_days/total_days (0/.12/.34/.62/1.0), never wall-clock. LOD0 2,274-6,356 tri, LOD1 204-482, all 650 kind/stage/level/lod configs in budget. Verified live in a Japan campaign: card went blocked->building on funding and the stage id followed. Checks: check_site_mesh.cjs (12)."
construction.machinery_works.v1,Machinery works,Construction,facility_assembly,P2,machinery_works,Game project exists; new 3D asset planned,reviewed,integrated,P0 pipeline,Site/foundation/frame/enclosed/complete; paused overlay; level expansion,Five work stages; reusable yard; meaningful level expansion; project pin connects to actual province record.,spheres-web/ui/site-mesh.js,runtime only - no GLB exporter for site meshes yet,"Original game art. Representative facilities; no sourced building, no fabricated capacity. generation is deliberately generic and a check enforces it names no technology.","006d7c2. Own composition across five stages bound to recorded progress; placeholders 12/13 -> 0/13, asserted as a pinned set. LOD0 7,250-39,302 (ceiling 40,000), map 164-756 (hard 100..800). Retrofits keep their host vertex-identical across stages. NOT LOOKED AT beyond the review bench: interpenetration is unverified."
construction.generation.v1,Power generation compound,Construction,facility_assembly,P2,generation,Game project exists; new 3D asset planned,reviewed,integrated,P0 pipeline,Site/foundation/frame/enclosed/complete; paused overlay; level expansion,Five work stages; reusable yard; meaningful level expansion; project pin connects to actual province record.,spheres-web/ui/site-mesh.js,runtime only - no GLB exporter for site meshes yet,"Original game art. Representative facilities; no sourced building, no fabricated capacity. generation is deliberately generic and a check enforces it names no technology.","006d7c2. Own composition across five stages bound to recorded progress; placeholders 12/13 -> 0/13, asserted as a pinned set. LOD0 7,250-39,302 (ceiling 40,000), map 164-756 (hard 100..800). Retrofits keep their host vertex-identical across stages. NOT LOOKED AT beyond the review bench: interpenetration is unverified."
construction.processing_plant.v1,Processing plant,Construction,facility_assembly,P2,processing_plant,Game project exists; new 3D asset planned,reviewed,integrated,P0 pipeline,Site/foundation/frame/enclosed/complete; paused overlay; level expansion,Five work stages; reusable yard; meaningful level expansion; project pin connects to actual province record.,spheres-web/ui/site-mesh.js,runtime only - no GLB exporter for site meshes yet,"Original game art. Representative facilities; no sourced building, no fabricated capacity. generation is deliberately generic and a check enforces it names no technology.","006d7c2. Own composition across five stages bound to recorded progress; placeholders 12/13 -> 0/13, asserted as a pinned set. LOD0 7,250-39,302 (ceiling 40,000), map 164-756 (hard 100..800). Retrofits keep their host vertex-identical across stages. NOT LOOKED AT beyond the review bench: interpenetration is unverified."
construction.freight_terminal.v1,Freight interchange terminal,Construction,facility_assembly,P2,freight_terminal,Game project exists; new 3D asset planned,reviewed,integrated,P0 pipeline,Site/foundation/frame/enclosed/complete; paused overlay; level expansion,Five work stages; reusable yard; meaningful level expansion; project pin connects to actual province record.,spheres-web/ui/site-mesh.js,runtime only - no GLB exporter for site meshes yet,"Original game art. Representative facilities; no sourced building, no fabricated capacity. generation is deliberately generic and a check enforces it names no technology.","006d7c2. Own composition across five stages bound to recorded progress; placeholders 12/13 -> 0/13, asserted as a pinned set. LOD0 7,250-39,302 (ceiling 40,000), map 164-756 (hard 100..800). Retrofits keep their host vertex-identical across stages. NOT LOOKED AT beyond the review bench: interpenetration is unverified."
construction.warehouse.v1,Warehouse compound,Construction,facility_assembly,P2,warehouse,Game project exists; new 3D asset planned,reviewed,integrated,P0 pipeline,Site/foundation/frame/enclosed/complete; paused overlay; level expansion,Five work stages; reusable yard; meaningful level expansion; project pin connects to actual province record.,spheres-web/ui/site-mesh.js,runtime only - no GLB exporter for site meshes yet,"Original game art. Representative facilities; no sourced building, no fabricated capacity. generation is deliberately generic and a check enforces it names no technology.","006d7c2. Own composition across five stages bound to recorded progress; placeholders 12/13 -> 0/13, asserted as a pinned set. LOD0 7,250-39,302 (ceiling 40,000), map 164-756 (hard 100..800). Retrofits keep their host vertex-identical across stages. NOT LOOKED AT beyond the review bench: interpenetration is unverified."
construction.automation.v1,Automation retrofit kit,Construction,retrofit_kit,P2,automation,Game project exists; new 3D asset planned,reviewed,integrated,P0 pipeline,Installation stages and completed upgrade,Bind appearance to actual work and level; no fictional capacity; retrofit host facility rather than duplicate it.,spheres-web/ui/site-mesh.js,runtime only - no GLB exporter for site meshes yet,"Original game art. Representative facilities; no sourced building, no fabricated capacity. generation is deliberately generic and a check enforces it names no technology.","006d7c2. Own composition across five stages bound to recorded progress; placeholders 12/13 -> 0/13, asserted as a pinned set. LOD0 7,250-39,302 (ceiling 40,000), map 164-756 (hard 100..800). Retrofits keep their host vertex-identical across stages. NOT LOOKED AT beyond the review bench: interpenetration is unverified."
construction.efficiency.v1,Efficiency retrofit kit,Construction,retrofit_kit,P2,efficiency,Game project exists; new 3D asset planned,reviewed,integrated,P0 pipeline,Installation stages and completed upgrade,Bind appearance to actual work and level; no fictional capacity; retrofit host facility rather than duplicate it.,spheres-web/ui/site-mesh.js,runtime only - no GLB exporter for site meshes yet,"Original game art. Representative facilities; no sourced building, no fabricated capacity. generation is deliberately generic and a check enforces it names no technology.","006d7c2. Own composition across five stages bound to recorded progress; placeholders 12/13 -> 0/13, asserted as a pinned set. LOD0 7,250-39,302 (ceiling 40,000), map 164-756 (hard 100..800). Retrofits keep their host vertex-identical across stages. NOT LOOKED AT beyond the review bench: interpenetration is unverified."
construction.starter_industry.v1,Starter workshop compound,Construction,facility_assembly,P2,starter_industry,Game project exists; new 3D asset planned,reviewed,integrated,P0 pipeline,Site/foundation/frame/enclosed/complete; paused overlay; level expansion,Five work stages; reusable yard; meaningful level expansion; project pin connects to actual province record.,spheres-web/ui/site-mesh.js,runtime only - no GLB exporter for site meshes yet,"Original game art. Representative facilities; no sourced building, no fabricated capacity. generation is deliberately generic and a check enforces it names no technology.","006d7c2. Own composition across five stages bound to recorded progress; placeholders 12/13 -> 0/13, asserted as a pinned set. LOD0 7,250-39,302 (ceiling 40,000), map 164-756 (hard 100..800). Retrofits keep their host vertex-identical across stages. NOT LOOKED AT beyond the review bench: interpenetration is unverified."
support.logistics.v1,Logistics truck,Future ground support,base_asset,P6,visual_only,Proposed,planned,not_integrated,P0 pipeline,LOD0/1/2; neutral previews; fallback,Original distinct exterior silhouette; reusable chassis/sockets; visual-only until gameplay support exists.,,,,
support.fuel.v1,Fuel truck,Future ground support,base_asset,P6,visual_only,Proposed,planned,not_integrated,P0 pipeline,LOD0/1/2; neutral previews; fallback,Original distinct exterior silhouette; reusable chassis/sockets; visual-only until gameplay support exists.,,,,
support.recovery.v1,Armored recovery vehicle,Future ground support,base_asset,P6,visual_only,Proposed,planned,not_integrated,P0 pipeline,LOD0/1/2; neutral previews; fallback,Original distinct exterior silhouette; reusable chassis/sockets; visual-only until gameplay support exists.,,,,
support.engineer.v1,Combat engineer vehicle,Future ground support,base_asset,P6,visual_only,Proposed,planned,not_integrated,P0 pipeline,LOD0/1/2; neutral previews; fallback,Original distinct exterior silhouette; reusable chassis/sockets; visual-only until gameplay support exists.,,,,
support.bridge.v1,Bridge layer,Future ground support,base_asset,P6,visual_only,Proposed,planned,not_integrated,P0 pipeline,LOD0/1/2; neutral previews; fallback,Original distinct exterior silhouette; reusable chassis/sockets; visual-only until gameplay support exists.,,,,
support.command.v1,Command vehicle,Future ground support,base_asset,P6,visual_only,Proposed,planned,not_integrated,P0 pipeline,LOD0/1/2; neutral previews; fallback,Original distinct exterior silhouette; reusable chassis/sockets; visual-only until gameplay support exists.,,,,
support.ambulance.v1,Field ambulance,Future ground support,base_asset,P6,visual_only,Proposed,planned,not_integrated,P0 pipeline,LOD0/1/2; neutral previews; fallback,Original distinct exterior silhouette; reusable chassis/sockets; visual-only until gameplay support exists.,,,,
support.missile.v1,Missile carrier,Future ground support,base_asset,P6,visual_only,Proposed,planned,not_integrated,P0 pipeline,LOD0/1/2; neutral previews; fallback,Original distinct exterior silhouette; reusable chassis/sockets; visual-only until gameplay support exists.,,,,
support.radar.v1,Radar carrier,Future ground support,base_asset,P6,visual_only,Proposed,planned,not_integrated,P0 pipeline,LOD0/1/2; neutral previews; fallback,Original distinct exterior silhouette; reusable chassis/sockets; visual-only until gameplay support exists.,,,,
support.rocket.v1,Multiple-launch rocket vehicle,Future ground support,base_asset,P6,visual_only,Proposed,planned,not_integrated,P0 pipeline,LOD0/1/2; neutral previews; fallback,Original distinct exterior silhouette; reusable chassis/sockets; visual-only until gameplay support exists.,,,,
support.towed_artillery.v1,Towed artillery,Future ground support,base_asset,P6,visual_only,Proposed,planned,not_integrated,P0 pipeline,LOD0/1/2; neutral previews; fallback,Original distinct exterior silhouette; reusable chassis/sockets; visual-only until gameplay support exists.,,,,
support.unmanned.v1,Unmanned ground scout,Future ground support,base_asset,P6,visual_only,Proposed,planned,not_integrated,P0 pipeline,LOD0/1/2; neutral previews; fallback,Original distinct exterior silhouette; reusable chassis/sockets; visual-only until gameplay support exists.,,,,
air.light_fighter.v1,Light fighter,Future air designer,modular_platform,P4,visual_only,Proposed,planned,not_integrated,P0 pipeline,LOD0/1/2; neutral previews; fallback,Distinct fuselage; future compatible module sockets; gear contact points; retain static-only status until designer implementation.,,,,
air.multirole.v1,Twin-engine multirole aircraft,Future air designer,modular_platform,P4,visual_only,Proposed,planned,not_integrated,P0 pipeline,LOD0/1/2; neutral previews; fallback,Distinct fuselage; future compatible module sockets; gear contact points; retain static-only status until designer implementation.,,,,
air.stealth_fighter.v1,Stealth fighter,Future air designer,modular_platform,P4,visual_only,Proposed,planned,not_integrated,P0 pipeline,LOD0/1/2; neutral previews; fallback,Distinct fuselage; future compatible module sockets; gear contact points; retain static-only status until designer implementation.,,,,
air.interceptor.v1,Interceptor,Future air designer,modular_platform,P4,visual_only,Proposed,planned,not_integrated,P0 pipeline,LOD0/1/2; neutral previews; fallback,Distinct fuselage; future compatible module sockets; gear contact points; retain static-only status until designer implementation.,,,,
air.close_support.v1,Close-air-support aircraft,Future air designer,modular_platform,P4,visual_only,Proposed,planned,not_integrated,P0 pipeline,LOD0/1/2; neutral previews; fallback,Distinct fuselage; future compatible module sockets; gear contact points; retain static-only status until designer implementation.,,,,
air.bomber.v1,Strategic bomber,Future air designer,modular_platform,P4,visual_only,Proposed,planned,not_integrated,P0 pipeline,LOD0/1/2; neutral previews; fallback,Distinct fuselage; future compatible module sockets; gear contact points; retain static-only status until designer implementation.,,,,
air.flying_wing.v1,Flying-wing bomber,Future air designer,modular_platform,P4,visual_only,Proposed,planned,not_integrated,P0 pipeline,LOD0/1/2; neutral previews; fallback,Distinct fuselage; future compatible module sockets; gear contact points; retain static-only status until designer implementation.,,,,
air.transport.v1,Military transport aircraft,Future air designer,modular_platform,P4,visual_only,Proposed,planned,not_integrated,P0 pipeline,LOD0/1/2; neutral previews; fallback,Distinct fuselage; future compatible module sockets; gear contact points; retain static-only status until designer implementation.,,,,
air.tanker.v1,Aerial tanker,Future air designer,modular_platform,P4,visual_only,Proposed,planned,not_integrated,P0 pipeline,LOD0/1/2; neutral previews; fallback,Distinct fuselage; future compatible module sockets; gear contact points; retain static-only status until designer implementation.,,,,
air.early_warning.v1,Airborne early-warning aircraft,Future air designer,modular_platform,P4,visual_only,Proposed,planned,not_integrated,P0 pipeline,LOD0/1/2; neutral previews; fallback,Distinct fuselage; future compatible module sockets; gear contact points; retain static-only status until designer implementation.,,,,
air.electronic.v1,Electronic warfare aircraft,Future air designer,modular_platform,P4,visual_only,Proposed,planned,not_integrated,P0 pipeline,LOD0/1/2; neutral previews; fallback,Distinct fuselage; future compatible module sockets; gear contact points; retain static-only status until designer implementation.,,,,
air.maritime.v1,Maritime patrol aircraft,Future air designer,modular_platform,P4,visual_only,Proposed,planned,not_integrated,P0 pipeline,LOD0/1/2; neutral previews; fallback,Distinct fuselage; future compatible module sockets; gear contact points; retain static-only status until designer implementation.,,,,
air.trainer.v1,Trainer aircraft,Future air designer,modular_platform,P4,visual_only,Proposed,planned,not_integrated,P0 pipeline,LOD0/1/2; neutral previews; fallback,Distinct fuselage; future compatible module sockets; gear contact points; retain static-only status until designer implementation.,,,,
air.scout_drone.v1,Scout drone,Future air designer,modular_platform,P4,visual_only,Proposed,planned,not_integrated,P0 pipeline,LOD0/1/2; neutral previews; fallback,Distinct fuselage; future compatible module sockets; gear contact points; retain static-only status until designer implementation.,,,,
air.armed_drone.v1,Armed drone,Future air designer,modular_platform,P4,visual_only,Proposed,planned,not_integrated,P0 pipeline,LOD0/1/2; neutral previews; fallback,Distinct fuselage; future compatible module sockets; gear contact points; retain static-only status until designer implementation.,,,,
air.stealth_drone.v1,Stealth drone,Future air designer,modular_platform,P4,visual_only,Proposed,planned,not_integrated,P0 pipeline,LOD0/1/2; neutral previews; fallback,Distinct fuselage; future compatible module sockets; gear contact points; retain static-only status until designer implementation.,,,,
air.attack_helicopter.v1,Attack helicopter,Future air designer,modular_platform,P4,visual_only,Proposed,planned,not_integrated,P0 pipeline,LOD0/1/2; neutral previews; fallback,Distinct fuselage; future compatible module sockets; gear contact points; retain static-only status until designer implementation.,,,,
air.utility_helicopter.v1,Utility helicopter,Future air designer,modular_platform,P4,visual_only,Proposed,planned,not_integrated,P0 pipeline,LOD0/1/2; neutral previews; fallback,Distinct fuselage; future compatible module sockets; gear contact points; retain static-only status until designer implementation.,,,,
air.heavy_helicopter.v1,Heavy-lift helicopter,Future air designer,modular_platform,P4,visual_only,Proposed,planned,not_integrated,P0 pipeline,LOD0/1/2; neutral previews; fallback,Distinct fuselage; future compatible module sockets; gear contact points; retain static-only status until designer implementation.,,,,
components.air.wings.v1,Wings and control surfaces,Air components,component_kit,P4,visual_only,Proposed,planned,not_integrated,P0 pipeline,LOD0/1/2; neutral previews; fallback,Document compatible families and pivot/socket metadata; no universal mix-and-match promise.,,,,
components.air.tails.v1,Tail assemblies,Air components,component_kit,P4,visual_only,Proposed,planned,not_integrated,P0 pipeline,LOD0/1/2; neutral previews; fallback,Document compatible families and pivot/socket metadata; no universal mix-and-match promise.,,,,
components.air.engines.v1,"Engines, intakes and nacelles",Air components,component_kit,P4,visual_only,Proposed,planned,not_integrated,P0 pipeline,LOD0/1/2; neutral previews; fallback,Document compatible families and pivot/socket metadata; no universal mix-and-match promise.,,,,
components.air.gear.v1,Landing gear,Air components,component_kit,P4,visual_only,Proposed,planned,not_integrated,P0 pipeline,LOD0/1/2; neutral previews; fallback,Document compatible families and pivot/socket metadata; no universal mix-and-match promise.,,,,
components.air.cockpit.v1,Cockpit and canopy,Air components,component_kit,P4,visual_only,Proposed,planned,not_integrated,P0 pipeline,LOD0/1/2; neutral previews; fallback,Document compatible families and pivot/socket metadata; no universal mix-and-match promise.,,,,
components.air.sensors.v1,Nose sensors and avionics representation,Air components,component_kit,P4,visual_only,Proposed,planned,not_integrated,P0 pipeline,LOD0/1/2; neutral previews; fallback,Document compatible families and pivot/socket metadata; no universal mix-and-match promise.,,,,
components.air.pylons.v1,Pylons and external store adapters,Air components,component_kit,P4,visual_only,Proposed,planned,not_integrated,P0 pipeline,LOD0/1/2; neutral previews; fallback,Document compatible families and pivot/socket metadata; no universal mix-and-match promise.,,,,
components.air.stores.v1,External stores and tanks,Air components,component_kit,P4,visual_only,Proposed,planned,not_integrated,P0 pipeline,LOD0/1/2; neutral previews; fallback,Document compatible families and pivot/socket metadata; no universal mix-and-match promise.,,,,
components.air.countermeasures.v1,Countermeasure fittings,Air components,component_kit,P4,visual_only,Proposed,planned,not_integrated,P0 pipeline,LOD0/1/2; neutral previews; fallback,Document compatible families and pivot/socket metadata; no universal mix-and-match promise.,,,,
components.air.rotors.v1,"Rotor, hub and tail assemblies",Air components,component_kit,P4,visual_only,Proposed,planned,not_integrated,P0 pipeline,LOD0/1/2; neutral previews; fallback,Document compatible families and pivot/socket metadata; no universal mix-and-match promise.,,,,
naval.patrol.v1,Patrol boat,Future naval designer,modular_platform,P5,visual_only,Proposed,planned,not_integrated,P0 pipeline,LOD0/1/2; neutral previews; fallback,Recognizable class silhouette; waterline root; authored deck sockets; future rules explicit.,,,,
naval.missile_boat.v1,Missile boat,Future naval designer,modular_platform,P5,visual_only,Proposed,planned,not_integrated,P0 pipeline,LOD0/1/2; neutral previews; fallback,Recognizable class silhouette; waterline root; authored deck sockets; future rules explicit.,,,,
naval.corvette.v1,Corvette,Future naval designer,modular_platform,P5,visual_only,Proposed,planned,not_integrated,P0 pipeline,LOD0/1/2; neutral previews; fallback,Recognizable class silhouette; waterline root; authored deck sockets; future rules explicit.,,,,
naval.frigate.v1,Frigate,Future naval designer,modular_platform,P5,visual_only,Proposed,planned,not_integrated,P0 pipeline,LOD0/1/2; neutral previews; fallback,Recognizable class silhouette; waterline root; authored deck sockets; future rules explicit.,,,,
naval.destroyer.v1,Destroyer,Future naval designer,modular_platform,P5,visual_only,Proposed,planned,not_integrated,P0 pipeline,LOD0/1/2; neutral previews; fallback,Recognizable class silhouette; waterline root; authored deck sockets; future rules explicit.,,,,
naval.cruiser.v1,Cruiser,Future naval designer,modular_platform,P5,visual_only,Proposed,planned,not_integrated,P0 pipeline,LOD0/1/2; neutral previews; fallback,Recognizable class silhouette; waterline root; authored deck sockets; future rules explicit.,,,,
naval.carrier.v1,Aircraft carrier,Future naval designer,modular_platform,P5,visual_only,Proposed,planned,not_integrated,P0 pipeline,LOD0/1/2; neutral previews; fallback,Recognizable class silhouette; waterline root; authored deck sockets; future rules explicit.,,,,
naval.amphibious.v1,Helicopter/amphibious ship,Future naval designer,modular_platform,P5,visual_only,Proposed,planned,not_integrated,P0 pipeline,LOD0/1/2; neutral previews; fallback,Recognizable class silhouette; waterline root; authored deck sockets; future rules explicit.,,,,
naval.landing.v1,Landing craft,Future naval designer,modular_platform,P5,visual_only,Proposed,planned,not_integrated,P0 pipeline,LOD0/1/2; neutral previews; fallback,Recognizable class silhouette; waterline root; authored deck sockets; future rules explicit.,,,,
naval.conventional_sub.v1,Conventional submarine,Future naval designer,modular_platform,P5,visual_only,Proposed,planned,not_integrated,P0 pipeline,LOD0/1/2; neutral previews; fallback,Recognizable class silhouette; waterline root; authored deck sockets; future rules explicit.,,,,
naval.attack_sub.v1,Nuclear attack submarine,Future naval designer,modular_platform,P5,visual_only,Proposed,planned,not_integrated,P0 pipeline,LOD0/1/2; neutral previews; fallback,Recognizable class silhouette; waterline root; authored deck sockets; future rules explicit.,,,,
naval.strategic_sub.v1,Strategic submarine,Future naval designer,modular_platform,P5,visual_only,Proposed,planned,not_integrated,P0 pipeline,LOD0/1/2; neutral previews; fallback,Recognizable class silhouette; waterline root; authored deck sockets; future rules explicit.,,,,
naval.replenishment.v1,Fleet replenishment ship,Future naval designer,modular_platform,P5,visual_only,Proposed,planned,not_integrated,P0 pipeline,LOD0/1/2; neutral previews; fallback,Recognizable class silhouette; waterline root; authored deck sockets; future rules explicit.,,,,
naval.mine_countermeasure.v1,Mine-countermeasure vessel,Future naval designer,modular_platform,P5,visual_only,Proposed,planned,not_integrated,P0 pipeline,LOD0/1/2; neutral previews; fallback,Recognizable class silhouette; waterline root; authored deck sockets; future rules explicit.,,,,
components.naval.bridge.v1,Bridge and superstructure,Naval components,component_kit,P5,visual_only,Proposed,planned,not_integrated,P0 pipeline,LOD0/1/2; neutral previews; fallback,Reusable fittings with class-specific placement and no clipping; preserve waterline scale.,,,,
components.naval.mast.v1,Masts and sensor arrays,Naval components,component_kit,P5,visual_only,Proposed,planned,not_integrated,P0 pipeline,LOD0/1/2; neutral previews; fallback,Reusable fittings with class-specific placement and no clipping; preserve waterline scale.,,,,
components.naval.funnel.v1,Funnels and propulsion fittings,Naval components,component_kit,P5,visual_only,Proposed,planned,not_integrated,P0 pipeline,LOD0/1/2; neutral previews; fallback,Reusable fittings with class-specific placement and no clipping; preserve waterline scale.,,,,
components.naval.deck_mount.v1,Deck weapon and defense mounts,Naval components,component_kit,P5,visual_only,Proposed,planned,not_integrated,P0 pipeline,LOD0/1/2; neutral previews; fallback,Reusable fittings with class-specific placement and no clipping; preserve waterline scale.,,,,
components.naval.launch.v1,Closed launch-module visuals,Naval components,component_kit,P5,visual_only,Proposed,planned,not_integrated,P0 pipeline,LOD0/1/2; neutral previews; fallback,Reusable fittings with class-specific placement and no clipping; preserve waterline scale.,,,,
components.naval.hangar.v1,Hangars and flight decks,Naval components,component_kit,P5,visual_only,Proposed,planned,not_integrated,P0 pipeline,LOD0/1/2; neutral previews; fallback,Reusable fittings with class-specific placement and no clipping; preserve waterline scale.,,,,
components.naval.boats.v1,Ship boats and davits,Naval components,component_kit,P5,visual_only,Proposed,planned,not_integrated,P0 pipeline,LOD0/1/2; neutral previews; fallback,Reusable fittings with class-specific placement and no clipping; preserve waterline scale.,,,,
components.naval.deck_props.v1,Carrier aircraft and deck service props,Naval components,component_kit,P5,visual_only,Proposed,planned,not_integrated,P0 pipeline,LOD0/1/2; neutral previews; fallback,Reusable fittings with class-specific placement and no clipping; preserve waterline scale.,,,,
personnel.human.v1,Strategy-scale human base rig,Infantry and abstract systems,assembly_kit,P6,visual_only,Proposed,planned,not_integrated,P0 pipeline,LOD0/1/2; neutral previews; fallback,"Readable external gear; shared low-detail rig; standing/walking/carrying/idle; representative scale, no literal formation count.",,,,
personnel.gear.v1,"Uniform, helmet, pack and radio kit",Infantry and abstract systems,assembly_kit,P6,visual_only,Proposed,planned,not_integrated,P0 pipeline,LOD0/1/2; neutral previews; fallback,"Readable external gear; shared low-detail rig; standing/walking/carrying/idle; representative scale, no literal formation count.",,,,
personnel.field_team.v1,Infantry representative diorama,Infantry and abstract systems,assembly_kit,P6,visual_only,Proposed,planned,not_integrated,P0 pipeline,LOD0/1/2; neutral previews; fallback,"Readable external gear; shared low-detail rig; standing/walking/carrying/idle; representative scale, no literal formation count.",,,,
personnel.mechanized.v1,Mechanized formation diorama,Infantry and abstract systems,assembly_kit,P6,visual_only,Proposed,planned,not_integrated,P0 pipeline,LOD0/1/2; neutral previews; fallback,"Readable external gear; shared low-detail rig; standing/walking/carrying/idle; representative scale, no literal formation count.",,,,
personnel.command.v1,Field command and network terminals,Infantry and abstract systems,assembly_kit,P6,visual_only,Proposed,planned,not_integrated,P0 pipeline,LOD0/1/2; neutral previews; fallback,"Readable external gear; shared low-detail rig; standing/walking/carrying/idle; representative scale, no literal formation count.",,,,
personnel.maintenance.v1,Civilian and military maintenance crew,Infantry and abstract systems,assembly_kit,P6,visual_only,Proposed,planned,not_integrated,P0 pipeline,LOD0/1/2; neutral previews; fallback,"Readable external gear; shared low-detail rig; standing/walking/carrying/idle; representative scale, no literal formation count.",,,,
ordnance.canisters.v1,Storage and transport canisters,Missile support,assembly_kit,P6,visual_only,Proposed,planned,not_integrated,P0 pipeline,LOD0/1/2; neutral previews; fallback,External visual context for existing catalogue assets; no changes to simulation capability.,,,,
ordnance.trailers.v1,Transport and launcher trailers,Missile support,assembly_kit,P6,visual_only,Proposed,planned,not_integrated,P0 pipeline,LOD0/1/2; neutral previews; fallback,External visual context for existing catalogue assets; no changes to simulation capability.,,,,
ordnance.battery.v1,Air-defense battery scene kit,Missile support,assembly_kit,P6,visual_only,Proposed,planned,not_integrated,P0 pipeline,LOD0/1/2; neutral previews; fallback,External visual context for existing catalogue assets; no changes to simulation capability.,,,,
ordnance.display.v1,Munition inspection supports,Missile support,assembly_kit,P6,visual_only,Proposed,planned,not_integrated,P0 pipeline,LOD0/1/2; neutral previews; fallback,External visual context for existing catalogue assets; no changes to simulation capability.,,,,
space.observation.v1,Observation satellite,Space,base_asset,P6,visual_only,Proposed,planned,not_integrated,P0 pipeline,LOD0/1/2; neutral previews; fallback,Reuse existing satellite meshes where appropriate; named panel/antenna pivots; future entries remain visual-only.,,,,
space.communications.v1,Communications satellite,Space,base_asset,P6,visual_only,Proposed,planned,not_integrated,P0 pipeline,LOD0/1/2; neutral previews; fallback,Reuse existing satellite meshes where appropriate; named panel/antenna pivots; future entries remain visual-only.,,,,
space.navigation.v1,Navigation satellite,Space,base_asset,P6,visual_only,Proposed,planned,not_integrated,P0 pipeline,LOD0/1/2; neutral previews; fallback,Reuse existing satellite meshes where appropriate; named panel/antenna pivots; future entries remain visual-only.,,,,
space.radar.v1,Radar satellite,Space,base_asset,P6,visual_only,Proposed,planned,not_integrated,P0 pipeline,LOD0/1/2; neutral previews; fallback,Reuse existing satellite meshes where appropriate; named panel/antenna pivots; future entries remain visual-only.,,,,
space.small_bus.v1,Small-satellite bus,Space,base_asset,P6,visual_only,Proposed,planned,not_integrated,P0 pipeline,LOD0/1/2; neutral previews; fallback,Reuse existing satellite meshes where appropriate; named panel/antenna pivots; future entries remain visual-only.,,,,
space.ground_station.v1,Ground antenna station,Space,base_asset,P6,visual_only,Proposed,planned,not_integrated,P0 pipeline,LOD0/1/2; neutral previews; fallback,Reuse existing satellite meshes where appropriate; named panel/antenna pivots; future entries remain visual-only.,,,,
space.launch_vehicle.v1,Launch vehicle,Space,base_asset,P6,visual_only,Proposed,planned,not_integrated,P0 pipeline,LOD0/1/2; neutral previews; fallback,Reuse existing satellite meshes where appropriate; named panel/antenna pivots; future entries remain visual-only.,,,,
space.launch_pad.v1,Launch-pad assembly,Space,base_asset,P6,visual_only,Proposed,planned,not_integrated,P0 pipeline,LOD0/1/2; neutral previews; fallback,Reuse existing satellite meshes where appropriate; named panel/antenna pivots; future entries remain visual-only.,,,,
industry.open_pit.v1,Open-pit mine,Resources and industrial facilities,facility_assembly,P6,visual_only,Proposed,planned,not_integrated,P0 pipeline,LOD0/1/2; neutral previews; fallback,Match actual facility/technology if integrated; otherwise representative scenery; shared construction/yard parts; no invented resource yields.,,,,
industry.underground.v1,Underground mine entrance,Resources and industrial facilities,facility_assembly,P6,visual_only,Proposed,planned,not_integrated,P0 pipeline,LOD0/1/2; neutral previews; fallback,Match actual facility/technology if integrated; otherwise representative scenery; shared construction/yard parts; no invented resource yields.,,,,
industry.quarry.v1,Stone quarry,Resources and industrial facilities,facility_assembly,P6,visual_only,Proposed,planned,not_integrated,P0 pipeline,LOD0/1/2; neutral previews; fallback,Match actual facility/technology if integrated; otherwise representative scenery; shared construction/yard parts; no invented resource yields.,,,,
industry.oil_field.v1,Oil-field equipment,Resources and industrial facilities,facility_assembly,P6,visual_only,Proposed,planned,not_integrated,P0 pipeline,LOD0/1/2; neutral previews; fallback,Match actual facility/technology if integrated; otherwise representative scenery; shared construction/yard parts; no invented resource yields.,,,,
industry.offshore.v1,Offshore platform,Resources and industrial facilities,facility_assembly,P6,visual_only,Proposed,planned,not_integrated,P0 pipeline,LOD0/1/2; neutral previews; fallback,Match actual facility/technology if integrated; otherwise representative scenery; shared construction/yard parts; no invented resource yields.,,,,
industry.gas.v1,Gas processing facility,Resources and industrial facilities,facility_assembly,P6,visual_only,Proposed,planned,not_integrated,P0 pipeline,LOD0/1/2; neutral previews; fallback,Match actual facility/technology if integrated; otherwise representative scenery; shared construction/yard parts; no invented resource yields.,,,,
industry.refinery.v1,Oil refinery,Resources and industrial facilities,facility_assembly,P6,visual_only,Proposed,planned,not_integrated,P0 pipeline,LOD0/1/2; neutral previews; fallback,Match actual facility/technology if integrated; otherwise representative scenery; shared construction/yard parts; no invented resource yields.,,,,
industry.ore.v1,Ore processing facility,Resources and industrial facilities,facility_assembly,P6,visual_only,Proposed,planned,not_integrated,P0 pipeline,LOD0/1/2; neutral previews; fallback,Match actual facility/technology if integrated; otherwise representative scenery; shared construction/yard parts; no invented resource yields.,,,,
industry.steel.v1,Steel works,Resources and industrial facilities,facility_assembly,P6,visual_only,Proposed,planned,not_integrated,P0 pipeline,LOD0/1/2; neutral previews; fallback,Match actual facility/technology if integrated; otherwise representative scenery; shared construction/yard parts; no invented resource yields.,,,,
industry.cement.v1,Cement plant,Resources and industrial facilities,facility_assembly,P6,visual_only,Proposed,planned,not_integrated,P0 pipeline,LOD0/1/2; neutral previews; fallback,Match actual facility/technology if integrated; otherwise representative scenery; shared construction/yard parts; no invented resource yields.,,,,
industry.farm.v1,Farm compound,Resources and industrial facilities,facility_assembly,P6,visual_only,Proposed,planned,not_integrated,P0 pipeline,LOD0/1/2; neutral previews; fallback,Match actual facility/technology if integrated; otherwise representative scenery; shared construction/yard parts; no invented resource yields.,,,,
industry.grain.v1,Grain silos,Resources and industrial facilities,facility_assembly,P6,visual_only,Proposed,planned,not_integrated,P0 pipeline,LOD0/1/2; neutral previews; fallback,Match actual facility/technology if integrated; otherwise representative scenery; shared construction/yard parts; no invented resource yields.,,,,
industry.greenhouse.v1,Greenhouse compound,Resources and industrial facilities,facility_assembly,P6,visual_only,Proposed,planned,not_integrated,P0 pipeline,LOD0/1/2; neutral previews; fallback,Match actual facility/technology if integrated; otherwise representative scenery; shared construction/yard parts; no invented resource yields.,,,,
industry.timber.v1,Timber yard,Resources and industrial facilities,facility_assembly,P6,visual_only,Proposed,planned,not_integrated,P0 pipeline,LOD0/1/2; neutral previews; fallback,Match actual facility/technology if integrated; otherwise representative scenery; shared construction/yard parts; no invented resource yields.,,,,
industry.fishing.v1,Fishing harbor,Resources and industrial facilities,facility_assembly,P6,visual_only,Proposed,planned,not_integrated,P0 pipeline,LOD0/1/2; neutral previews; fallback,Match actual facility/technology if integrated; otherwise representative scenery; shared construction/yard parts; no invented resource yields.,,,,
industry.water.v1,Water treatment works,Resources and industrial facilities,facility_assembly,P6,visual_only,Proposed,planned,not_integrated,P0 pipeline,LOD0/1/2; neutral previews; fallback,Match actual facility/technology if integrated; otherwise representative scenery; shared construction/yard parts; no invented resource yields.,,,,
industry.recycling.v1,Recycling facility,Resources and industrial facilities,facility_assembly,P6,visual_only,Proposed,planned,not_integrated,P0 pipeline,LOD0/1/2; neutral previews; fallback,Match actual facility/technology if integrated; otherwise representative scenery; shared construction/yard parts; no invented resource yields.,,,,
industry.wind.v1,Wind generation variant,Resources and industrial facilities,facility_assembly,P6,visual_only,Proposed,planned,not_integrated,P0 pipeline,LOD0/1/2; neutral previews; fallback,Match actual facility/technology if integrated; otherwise representative scenery; shared construction/yard parts; no invented resource yields.,,,,
industry.solar.v1,Solar generation variant,Resources and industrial facilities,facility_assembly,P6,visual_only,Proposed,planned,not_integrated,P0 pipeline,LOD0/1/2; neutral previews; fallback,Match actual facility/technology if integrated; otherwise representative scenery; shared construction/yard parts; no invented resource yields.,,,,
industry.hydro.v1,Hydroelectric generation variant,Resources and industrial facilities,facility_assembly,P6,visual_only,Proposed,planned,not_integrated,P0 pipeline,LOD0/1/2; neutral previews; fallback,Match actual facility/technology if integrated; otherwise representative scenery; shared construction/yard parts; no invented resource yields.,,,,
industry.thermal.v1,Thermal generation variant,Resources and industrial facilities,facility_assembly,P6,visual_only,Proposed,planned,not_integrated,P0 pipeline,LOD0/1/2; neutral previews; fallback,Match actual facility/technology if integrated; otherwise representative scenery; shared construction/yard parts; no invented resource yields.,,,,
industry.nuclear.v1,Nuclear generation exterior variant,Resources and industrial facilities,facility_assembly,P6,visual_only,Proposed,planned,not_integrated,P0 pipeline,LOD0/1/2; neutral previews; fallback,Match actual facility/technology if integrated; otherwise representative scenery; shared construction/yard parts; no invented resource yields.,,,,
transport.car.v1,Passenger car,Civilian vehicles,base_asset,P2,visual_only,Proposed,reviewed,not_integrated,P0 pipeline,LOD0/1/2; neutral previews; fallback,Map LOD first; bounded traffic; share chassis where appropriate; movement is not cargo accounting.,spheres-web/ui/prop-mesh.js,runtime only; built in the browser from source,,"2026-09-07 ledger correction; built earlier, row was stale. Covered by prop-mesh pieces car, each with a near and a map LOD. Verified: node tools/ui/check_prop_mesh.cjs. The KIT is built and tested; it has no consumer yet. The world map is 661 m/px at ZOOM_MAX, so the 'map LOD first' premise in this row's acceptance cannot hold there -- see docs/art/SCATTER_SCALE_FINDING.md. Choosing a surface is a design decision, not art work."
transport.bus.v1,Bus,Civilian vehicles,base_asset,P2,visual_only,Proposed,reviewed,not_integrated,P0 pipeline,LOD0/1/2; neutral previews; fallback,Map LOD first; bounded traffic; share chassis where appropriate; movement is not cargo accounting.,spheres-web/ui/prop-mesh.js,runtime only; built in the browser from source,,"2026-09-07 ledger correction; built earlier, row was stale. Covered by prop-mesh pieces bus, each with a near and a map LOD. Verified: node tools/ui/check_prop_mesh.cjs. The KIT is built and tested; it has no consumer yet. The world map is 661 m/px at ZOOM_MAX, so the 'map LOD first' premise in this row's acceptance cannot hold there -- see docs/art/SCATTER_SCALE_FINDING.md. Choosing a surface is a design decision, not art work."
transport.van.v1,Delivery van,Civilian vehicles,base_asset,P2,visual_only,Proposed,reviewed,not_integrated,P0 pipeline,LOD0/1/2; neutral previews; fallback,Map LOD first; bounded traffic; share chassis where appropriate; movement is not cargo accounting.,spheres-web/ui/prop-mesh.js,runtime only; built in the browser from source,,"2026-09-07 ledger correction; built earlier, row was stale. Covered by prop-mesh pieces service_van, rigid_box_van, each with a near and a map LOD. Verified: node tools/ui/check_prop_mesh.cjs. The KIT is built and tested; it has no consumer yet. The world map is 661 m/px at ZOOM_MAX, so the 'map LOD first' premise in this row's acceptance cannot hold there -- see docs/art/SCATTER_SCALE_FINDING.md. Choosing a surface is a design decision, not art work."
transport.truck.v1,Articulated freight truck,Civilian vehicles,base_asset,P2,visual_only,Proposed,reviewed,not_integrated,P0 pipeline,LOD0/1/2; neutral previews; fallback,Map LOD first; bounded traffic; share chassis where appropriate; movement is not cargo accounting.,spheres-web/ui/prop-mesh.js,runtime only; built in the browser from source,,"2026-09-07 ledger correction; built earlier, row was stale. Covered by prop-mesh pieces tractor_unit, trailer_box, trailer_flatbed, each with a near and a map LOD. Verified: node tools/ui/check_prop_mesh.cjs. The KIT is built and tested; it has no consumer yet. The world map is 661 m/px at ZOOM_MAX, so the 'map LOD first' premise in this row's acceptance cannot hold there -- see docs/art/SCATTER_SCALE_FINDING.md. Choosing a surface is a design decision, not art work."
transport.tanker.v1,Road tanker,Civilian vehicles,base_asset,P2,visual_only,Proposed,reviewed,not_integrated,P0 pipeline,LOD0/1/2; neutral previews; fallback,Map LOD first; bounded traffic; share chassis where appropriate; movement is not cargo accounting.,spheres-web/ui/prop-mesh.js,runtime only; built in the browser from source,,"2026-09-07 ledger correction; built earlier, row was stale. Covered by prop-mesh pieces trailer_tanker, each with a near and a map LOD. Verified: node tools/ui/check_prop_mesh.cjs. The KIT is built and tested; it has no consumer yet. The world map is 661 m/px at ZOOM_MAX, so the 'map LOD first' premise in this row's acceptance cannot hold there -- see docs/art/SCATTER_SCALE_FINDING.md. Choosing a surface is a design decision, not art work."
transport.excavator.v1,Excavator,Civilian vehicles,base_asset,P2,visual_only,Proposed,planned,not_integrated,P0 pipeline,LOD0/1/2; neutral previews; fallback,Map LOD first; bounded traffic; share chassis where appropriate; movement is not cargo accounting.,,,,
transport.bulldozer.v1,Bulldozer,Civilian vehicles,base_asset,P2,visual_only,Proposed,planned,not_integrated,P0 pipeline,LOD0/1/2; neutral previews; fallback,Map LOD first; bounded traffic; share chassis where appropriate; movement is not cargo accounting.,,,,
transport.mobile_crane.v1,Mobile crane,Civilian vehicles,base_asset,P2,visual_only,Proposed,planned,not_integrated,P0 pipeline,LOD0/1/2; neutral previews; fallback,Map LOD first; bounded traffic; share chassis where appropriate; movement is not cargo accounting.,,,,
transport.locomotive.v1,Locomotive,Civilian vehicles,base_asset,P2,visual_only,Proposed,reviewed,not_integrated,P0 pipeline,LOD0/1/2; neutral previews; fallback,Map LOD first; bounded traffic; share chassis where appropriate; movement is not cargo accounting.,spheres-web/ui/prop-mesh.js,runtime only; built in the browser from source,,"2026-09-07 ledger correction; built earlier, row was stale. Covered by prop-mesh pieces locomotive, each with a near and a map LOD. Verified: node tools/ui/check_prop_mesh.cjs. The KIT is built and tested; it has no consumer yet. The world map is 661 m/px at ZOOM_MAX, so the 'map LOD first' premise in this row's acceptance cannot hold there -- see docs/art/SCATTER_SCALE_FINDING.md. Choosing a surface is a design decision, not art work."
transport.coach.v1,Passenger rail coach,Civilian vehicles,base_asset,P2,visual_only,Proposed,planned,not_integrated,P0 pipeline,LOD0/1/2; neutral previews; fallback,Map LOD first; bounded traffic; share chassis where appropriate; movement is not cargo accounting.,,,,
transport.container_wagon.v1,Container wagon,Civilian vehicles,base_asset,P2,visual_only,Proposed,reviewed,not_integrated,P0 pipeline,LOD0/1/2; neutral previews; fallback,Map LOD first; bounded traffic; share chassis where appropriate; movement is not cargo accounting.,spheres-web/ui/prop-mesh.js,runtime only; built in the browser from source,,"2026-09-07 ledger correction; built earlier, row was stale. Covered by prop-mesh pieces wagon_container, each with a near and a map LOD. Verified: node tools/ui/check_prop_mesh.cjs. The KIT is built and tested; it has no consumer yet. The world map is 661 m/px at ZOOM_MAX, so the 'map LOD first' premise in this row's acceptance cannot hold there -- see docs/art/SCATTER_SCALE_FINDING.md. Choosing a surface is a design decision, not art work."
transport.grain_wagon.v1,Grain wagon,Civilian vehicles,base_asset,P2,visual_only,Proposed,reviewed,not_integrated,P0 pipeline,LOD0/1/2; neutral previews; fallback,Map LOD first; bounded traffic; share chassis where appropriate; movement is not cargo accounting.,spheres-web/ui/prop-mesh.js,runtime only; built in the browser from source,,"2026-09-07 ledger correction; built earlier, row was stale. Covered by prop-mesh pieces wagon_hopper, each with a near and a map LOD. Verified: node tools/ui/check_prop_mesh.cjs. The KIT is built and tested; it has no consumer yet. The world map is 661 m/px at ZOOM_MAX, so the 'map LOD first' premise in this row's acceptance cannot hold there -- see docs/art/SCATTER_SCALE_FINDING.md. Choosing a surface is a design decision, not art work."
transport.tank_wagon.v1,Tank wagon,Civilian vehicles,base_asset,P2,visual_only,Proposed,reviewed,not_integrated,P0 pipeline,LOD0/1/2; neutral previews; fallback,Map LOD first; bounded traffic; share chassis where appropriate; movement is not cargo accounting.,spheres-web/ui/prop-mesh.js,runtime only; built in the browser from source,,"2026-09-07 ledger correction; built earlier, row was stale. Covered by prop-mesh pieces wagon_tank, each with a near and a map LOD. Verified: node tools/ui/check_prop_mesh.cjs. The KIT is built and tested; it has no consumer yet. The world map is 661 m/px at ZOOM_MAX, so the 'map LOD first' premise in this row's acceptance cannot hold there -- see docs/art/SCATTER_SCALE_FINDING.md. Choosing a surface is a design decision, not art work."
transport.barge.v1,Inland cargo barge,Civilian vehicles,base_asset,P2,visual_only,Proposed,planned,not_integrated,P0 pipeline,LOD0/1/2; neutral previews; fallback,Map LOD first; bounded traffic; share chassis where appropriate; movement is not cargo accounting.,,,,
transport.container_ship.v1,Container ship,Civilian vehicles,base_asset,P2,visual_only,Proposed,planned,not_integrated,P0 pipeline,LOD0/1/2; neutral previews; fallback,Map LOD first; bounded traffic; share chassis where appropriate; movement is not cargo accounting.,,,,
transport.bulk_carrier.v1,Bulk carrier,Civilian vehicles,base_asset,P2,visual_only,Proposed,planned,not_integrated,P0 pipeline,LOD0/1/2; neutral previews; fallback,Map LOD first; bounded traffic; share chassis where appropriate; movement is not cargo accounting.,,,,
transport.oil_tanker.v1,Oil tanker,Civilian vehicles,base_asset,P2,visual_only,Proposed,planned,not_integrated,P0 pipeline,LOD0/1/2; neutral previews; fallback,Map LOD first; bounded traffic; share chassis where appropriate; movement is not cargo accounting.,,,,
transport.ferry.v1,Ferry,Civilian vehicles,base_asset,P2,visual_only,Proposed,planned,not_integrated,P0 pipeline,LOD0/1/2; neutral previews; fallback,Map LOD first; bounded traffic; share chassis where appropriate; movement is not cargo accounting.,,,,
transport.cargo_plane.v1,Cargo aircraft,Civilian vehicles,base_asset,P2,visual_only,Proposed,planned,not_integrated,P0 pipeline,LOD0/1/2; neutral previews; fallback,Map LOD first; bounded traffic; share chassis where appropriate; movement is not cargo accounting.,,,,
network.roads.v1,"Road straights, bends and junctions",Transport networks,assembly_kit,P2,visual_only,Proposed,reviewed,not_integrated,P0 pipeline,LOD0/1/2; neutral previews; fallback,Compatible endpoints and terrain anchors; spline-ready where appropriate; placement follows available geography.,spheres-web/ui/road-mesh.js,runtime only,"Original game art; representative network pieces, no sourced alignment.","7e694a4. 13 pieces with declared ports; all 362 legal ordered port pairs mate at 0.000000 m. Near 216-1,052, map 32-110. NOT INTEGRATED: nothing places these on the map yet."
network.highway.v1,Divided-highway kit,Transport networks,assembly_kit,P2,visual_only,Proposed,reviewed,not_integrated,P0 pipeline,LOD0/1/2; neutral previews; fallback,Compatible endpoints and terrain anchors; spline-ready where appropriate; placement follows available geography.,spheres-web/ui/road-mesh.js,runtime only,"Original game art; representative network pieces, no sourced alignment.","7e694a4. 13 pieces with declared ports; all 362 legal ordered port pairs mate at 0.000000 m. Near 216-1,052, map 32-110. NOT INTEGRATED: nothing places these on the map yet."
network.rail.v1,"Rail, curves and switches",Transport networks,assembly_kit,P2,visual_only,Proposed,reviewed,not_integrated,P0 pipeline,LOD0/1/2; neutral previews; fallback,Compatible endpoints and terrain anchors; spline-ready where appropriate; placement follows available geography.,spheres-web/ui/road-mesh.js,runtime only,"Original game art; representative network pieces, no sourced alignment.","7e694a4. 13 pieces with declared ports; all 362 legal ordered port pairs mate at 0.000000 m. Near 216-1,052, map 32-110. NOT INTEGRATED: nothing places these on the map yet."
network.bridges.v1,"Bridge span, deck and pier kit",Transport networks,assembly_kit,P2,visual_only,Proposed,reviewed,not_integrated,P0 pipeline,LOD0/1/2; neutral previews; fallback,Compatible endpoints and terrain anchors; spline-ready where appropriate; placement follows available geography.,spheres-web/ui/road-mesh.js,runtime only,"Original game art; representative network pieces, no sourced alignment.","7e694a4. 13 pieces with declared ports; all 362 legal ordered port pairs mate at 0.000000 m. Near 216-1,052, map 32-110. NOT INTEGRATED: nothing places these on the map yet."
network.tunnels.v1,Tunnel portal kit,Transport networks,assembly_kit,P2,visual_only,Proposed,reviewed,not_integrated,P0 pipeline,LOD0/1/2; neutral previews; fallback,Compatible endpoints and terrain anchors; spline-ready where appropriate; placement follows available geography.,spheres-web/ui/road-mesh.js,runtime only,"Original game art; representative network pieces, no sourced alignment.","7e694a4. 13 pieces with declared ports; all 362 legal ordered port pairs mate at 0.000000 m. Near 216-1,052, map 32-110. NOT INTEGRATED: nothing places these on the map yet."
network.station.v1,Rail station,Transport networks,assembly_kit,P2,visual_only,Proposed,reviewed,not_integrated,P0 pipeline,LOD0/1/2; neutral previews; fallback,Compatible endpoints and terrain anchors; spline-ready where appropriate; placement follows available geography.,spheres-web/ui/road-mesh.js,runtime only,"Original game art; representative network pieces, no sourced alignment.","7e694a4. 13 pieces with declared ports; all 362 legal ordered port pairs mate at 0.000000 m. Near 216-1,052, map 32-110. NOT INTEGRATED: nothing places these on the map yet."
network.airport.v1,"Runway, taxiway, gate and hangar kit",Transport networks,assembly_kit,P2,visual_only,Proposed,reviewed,not_integrated,P0 pipeline,LOD0/1/2; neutral previews; fallback,Compatible endpoints and terrain anchors; spline-ready where appropriate; placement follows available geography.,spheres-web/ui/road-mesh.js,runtime only,"Original game art; representative network pieces, no sourced alignment.","7e694a4. 13 pieces with declared ports; all 362 legal ordered port pairs mate at 0.000000 m. Near 216-1,052, map 32-110. NOT INTEGRATED: nothing places these on the map yet."
network.quay.v1,Port quay and breakwater kit,Transport networks,assembly_kit,P2,visual_only,Proposed,reviewed,not_integrated,P0 pipeline,LOD0/1/2; neutral previews; fallback,Compatible endpoints and terrain anchors; spline-ready where appropriate; placement follows available geography.,spheres-web/ui/road-mesh.js,runtime only,"Original game art; representative network pieces, no sourced alignment.","7e694a4. 13 pieces with declared ports; all 362 legal ordered port pairs mate at 0.000000 m. Near 216-1,052, map 32-110. NOT INTEGRATED: nothing places these on the map yet."
network.cranes.v1,Port container and bulk cranes,Transport networks,assembly_kit,P2,visual_only,Proposed,reviewed,not_integrated,P0 pipeline,LOD0/1/2; neutral previews; fallback,Compatible endpoints and terrain anchors; spline-ready where appropriate; placement follows available geography.,spheres-web/ui/road-mesh.js,runtime only,"Original game art; representative network pieces, no sourced alignment.","7e694a4. 13 pieces with declared ports; all 362 legal ordered port pairs mate at 0.000000 m. Near 216-1,052, map 32-110. NOT INTEGRATED: nothing places these on the map yet."
urban.house.v1,Detached house,Urban core,building_kit,P2,visual_only,Proposed,reviewed,integrated,P0 pipeline,LOD0/1/2; neutral previews; fallback,Shared footprints; representative density and regional materials; readable map LOD.,spheres-web/ui/town-mesh.js,runtime only; built in the browser from source,,"2026-09-07 ledger correction; built earlier, row was stale. TownMesh.building('house') builds at close and map LOD with a real reduction, and carries its own footprint. All 15 urban kinds match this row set by name exactly. Verified: node tools/ui/check_town_mesh.cjs. Integrated: a selected city's card shows a representative block, asserted in arsenal_model_tests.rs."
urban.row_house.v1,Row houses,Urban core,building_kit,P2,visual_only,Proposed,reviewed,integrated,P0 pipeline,LOD0/1/2; neutral previews; fallback,Shared footprints; representative density and regional materials; readable map LOD.,spheres-web/ui/town-mesh.js,runtime only; built in the browser from source,,"2026-09-07 ledger correction; built earlier, row was stale. TownMesh.building('row_house') builds at close and map LOD with a real reduction, and carries its own footprint. All 15 urban kinds match this row set by name exactly. Verified: node tools/ui/check_town_mesh.cjs. Integrated: a selected city's card shows a representative block, asserted in arsenal_model_tests.rs."
urban.low_apartment.v1,Low-rise apartments,Urban core,building_kit,P2,visual_only,Proposed,reviewed,integrated,P0 pipeline,LOD0/1/2; neutral previews; fallback,Shared footprints; representative density and regional materials; readable map LOD.,spheres-web/ui/town-mesh.js,runtime only; built in the browser from source,,"2026-09-07 ledger correction; built earlier, row was stale. TownMesh.building('low_apartment') builds at close and map LOD with a real reduction, and carries its own footprint. All 15 urban kinds match this row set by name exactly. Verified: node tools/ui/check_town_mesh.cjs. Integrated: a selected city's card shows a representative block, asserted in arsenal_model_tests.rs."
urban.mid_apartment.v1,Mid-rise apartments,Urban core,building_kit,P2,visual_only,Proposed,reviewed,integrated,P0 pipeline,LOD0/1/2; neutral previews; fallback,Shared footprints; representative density and regional materials; readable map LOD.,spheres-web/ui/town-mesh.js,runtime only; built in the browser from source,,"2026-09-07 ledger correction; built earlier, row was stale. TownMesh.building('mid_apartment') builds at close and map LOD with a real reduction, and carries its own footprint. All 15 urban kinds match this row set by name exactly. Verified: node tools/ui/check_town_mesh.cjs. Integrated: a selected city's card shows a representative block, asserted in arsenal_model_tests.rs."
urban.high_apartment.v1,High-rise apartments,Urban core,building_kit,P2,visual_only,Proposed,reviewed,integrated,P0 pipeline,LOD0/1/2; neutral previews; fallback,Shared footprints; representative density and regional materials; readable map LOD.,spheres-web/ui/town-mesh.js,runtime only; built in the browser from source,,"2026-09-07 ledger correction; built earlier, row was stale. TownMesh.building('high_apartment') builds at close and map LOD with a real reduction, and carries its own footprint. All 15 urban kinds match this row set by name exactly. Verified: node tools/ui/check_town_mesh.cjs. Integrated: a selected city's card shows a representative block, asserted in arsenal_model_tests.rs."
urban.office.v1,Office blocks,Urban core,building_kit,P2,visual_only,Proposed,reviewed,integrated,P0 pipeline,LOD0/1/2; neutral previews; fallback,Shared footprints; representative density and regional materials; readable map LOD.,spheres-web/ui/town-mesh.js,runtime only; built in the browser from source,,"2026-09-07 ledger correction; built earlier, row was stale. TownMesh.building('office') builds at close and map LOD with a real reduction, and carries its own footprint. All 15 urban kinds match this row set by name exactly. Verified: node tools/ui/check_town_mesh.cjs. Integrated: a selected city's card shows a representative block, asserted in arsenal_model_tests.rs."
urban.shop.v1,Storefront and market,Urban core,building_kit,P2,visual_only,Proposed,reviewed,integrated,P0 pipeline,LOD0/1/2; neutral previews; fallback,Shared footprints; representative density and regional materials; readable map LOD.,spheres-web/ui/town-mesh.js,runtime only; built in the browser from source,,"2026-09-07 ledger correction; built earlier, row was stale. TownMesh.building('shop') builds at close and map LOD with a real reduction, and carries its own footprint. All 15 urban kinds match this row set by name exactly. Verified: node tools/ui/check_town_mesh.cjs. Integrated: a selected city's card shows a representative block, asserted in arsenal_model_tests.rs."
urban.warehouse.v1,Urban warehouse,Urban core,building_kit,P2,visual_only,Proposed,reviewed,integrated,P0 pipeline,LOD0/1/2; neutral previews; fallback,Shared footprints; representative density and regional materials; readable map LOD.,spheres-web/ui/town-mesh.js,runtime only; built in the browser from source,,"2026-09-07 ledger correction; built earlier, row was stale. TownMesh.building('warehouse') builds at close and map LOD with a real reduction, and carries its own footprint. All 15 urban kinds match this row set by name exactly. Verified: node tools/ui/check_town_mesh.cjs. Integrated: a selected city's card shows a representative block, asserted in arsenal_model_tests.rs."
urban.civic.v1,Civic building,Urban core,building_kit,P2,visual_only,Proposed,reviewed,integrated,P0 pipeline,LOD0/1/2; neutral previews; fallback,Shared footprints; representative density and regional materials; readable map LOD.,spheres-web/ui/town-mesh.js,runtime only; built in the browser from source,,"2026-09-07 ledger correction; built earlier, row was stale. TownMesh.building('civic') builds at close and map LOD with a real reduction, and carries its own footprint. All 15 urban kinds match this row set by name exactly. Verified: node tools/ui/check_town_mesh.cjs. Integrated: a selected city's card shows a representative block, asserted in arsenal_model_tests.rs."
urban.school.v1,School,Urban core,building_kit,P2,visual_only,Proposed,reviewed,integrated,P0 pipeline,LOD0/1/2; neutral previews; fallback,Shared footprints; representative density and regional materials; readable map LOD.,spheres-web/ui/town-mesh.js,runtime only; built in the browser from source,,"2026-09-07 ledger correction; built earlier, row was stale. TownMesh.building('school') builds at close and map LOD with a real reduction, and carries its own footprint. All 15 urban kinds match this row set by name exactly. Verified: node tools/ui/check_town_mesh.cjs. Integrated: a selected city's card shows a representative block, asserted in arsenal_model_tests.rs."
urban.hospital.v1,Hospital,Urban core,building_kit,P2,visual_only,Proposed,reviewed,integrated,P0 pipeline,LOD0/1/2; neutral previews; fallback,Shared footprints; representative density and regional materials; readable map LOD.,spheres-web/ui/town-mesh.js,runtime only; built in the browser from source,,"2026-09-07 ledger correction; built earlier, row was stale. TownMesh.building('hospital') builds at close and map LOD with a real reduction, and carries its own footprint. All 15 urban kinds match this row set by name exactly. Verified: node tools/ui/check_town_mesh.cjs. Integrated: a selected city's card shows a representative block, asserted in arsenal_model_tests.rs."
urban.university.v1,University,Urban core,building_kit,P2,visual_only,Proposed,reviewed,integrated,P0 pipeline,LOD0/1/2; neutral previews; fallback,Shared footprints; representative density and regional materials; readable map LOD.,spheres-web/ui/town-mesh.js,runtime only; built in the browser from source,,"2026-09-07 ledger correction; built earlier, row was stale. TownMesh.building('university') builds at close and map LOD with a real reduction, and carries its own footprint. All 15 urban kinds match this row set by name exactly. Verified: node tools/ui/check_town_mesh.cjs. Integrated: a selected city's card shows a representative block, asserted in arsenal_model_tests.rs."
urban.stadium.v1,Stadium,Urban core,building_kit,P2,visual_only,Proposed,reviewed,integrated,P0 pipeline,LOD0/1/2; neutral previews; fallback,Shared footprints; representative density and regional materials; readable map LOD.,spheres-web/ui/town-mesh.js,runtime only; built in the browser from source,,"2026-09-07 ledger correction; built earlier, row was stale. TownMesh.building('stadium') builds at close and map LOD with a real reduction, and carries its own footprint. All 15 urban kinds match this row set by name exactly. Verified: node tools/ui/check_town_mesh.cjs. Integrated: a selected city's card shows a representative block, asserted in arsenal_model_tests.rs."
urban.park.v1,Park and public space,Urban core,building_kit,P2,visual_only,Proposed,reviewed,integrated,P0 pipeline,LOD0/1/2; neutral previews; fallback,Shared footprints; representative density and regional materials; readable map LOD.,spheres-web/ui/town-mesh.js,runtime only; built in the browser from source,,"2026-09-07 ledger correction; built earlier, row was stale. TownMesh.building('park') builds at close and map LOD with a real reduction, and carries its own footprint. All 15 urban kinds match this row set by name exactly. Verified: node tools/ui/check_town_mesh.cjs. Integrated: a selected city's card shows a representative block, asserted in arsenal_model_tests.rs."
urban.utility.v1,Neighborhood utilities,Urban core,building_kit,P2,visual_only,Proposed,reviewed,integrated,P0 pipeline,LOD0/1/2; neutral previews; fallback,Shared footprints; representative density and regional materials; readable map LOD.,spheres-web/ui/town-mesh.js,runtime only; built in the browser from source,,"2026-09-07 ledger correction; built earlier, row was stale. TownMesh.building('utility') builds at close and map LOD with a real reduction, and carries its own footprint. All 15 urban kinds match this row set by name exactly. Verified: node tools/ui/check_town_mesh.cjs. Integrated: a selected city's card shows a representative block, asserted in arsenal_model_tests.rs."
urban.temperate_block.v1,Representative temperate town block,Urban core,scene_assembly,P0,visual_only,Proposed,reviewed,not_integrated,P0 pipeline,LOD0/1/2; neutral previews; fallback,"Small reusable mixed-use block; prove terrain placement, label clearance, map LOD and close-up readability.",spheres-web/ui/town-mesh.js,runtime only - no GLB exporter for town meshes yet,"Representative 1990 temperate massing. NOT a reconstruction of any real town; layout is a seeded hash, not sourced geography.","13f7de7. 15 building kinds, 148x104 m tile, 16 lots, 0 overlaps, tallest 15.48 m. LOD0 75,078 tri, map LOD 3,718 (20.2x). Checks: check_town_mesh.cjs. NOT INTEGRATED: the mesh builds and is checked but appears in no panel and on no map layer - terrain placement, label clearance and map-zoom readability are UNPROVEN."
region.temperate.v1,Temperate masonry,Regional architecture,style_kit,P6,visual_only,Proposed,planned,not_integrated,P0 pipeline,Roof/wall/material/footprint variants; population-scale clusters; shared LODs,Variants of urban core; era/climate tags; mixed usage rather than one national stereotype.,,,,
region.north_american.v1,North American grid and suburb,Regional architecture,style_kit,P6,visual_only,Proposed,planned,not_integrated,P0 pipeline,Roof/wall/material/footprint variants; population-scale clusters; shared LODs,Variants of urban core; era/climate tags; mixed usage rather than one national stereotype.,,,,
region.east_asian.v1,East Asian dense-city kit,Regional architecture,style_kit,P6,visual_only,Proposed,planned,not_integrated,P0 pipeline,Roof/wall/material/footprint variants; population-scale clusters; shared LODs,Variants of urban core; era/climate tags; mixed usage rather than one national stereotype.,,,,
region.mediterranean.v1,Mediterranean urban kit,Regional architecture,style_kit,P6,visual_only,Proposed,planned,not_integrated,P0 pipeline,Roof/wall/material/footprint variants; population-scale clusters; shared LODs,Variants of urban core; era/climate tags; mixed usage rather than one national stereotype.,,,,
region.arid.v1,Arid courtyard kit,Regional architecture,style_kit,P6,visual_only,Proposed,planned,not_integrated,P0 pipeline,Roof/wall/material/footprint variants; population-scale clusters; shared LODs,Variants of urban core; era/climate tags; mixed usage rather than one national stereotype.,,,,
region.tropical.v1,Tropical mixed-density kit,Regional architecture,style_kit,P6,visual_only,Proposed,planned,not_integrated,P0 pipeline,Roof/wall/material/footprint variants; population-scale clusters; shared LODs,Variants of urban core; era/climate tags; mixed usage rather than one national stereotype.,,,,
region.continental.v1,Continental apartment-estate kit,Regional architecture,style_kit,P6,visual_only,Proposed,planned,not_integrated,P0 pipeline,Roof/wall/material/footprint variants; population-scale clusters; shared LODs,Variants of urban core; era/climate tags; mixed usage rather than one national stereotype.,,,,
region.high_latitude.v1,High-latitude settlement kit,Regional architecture,style_kit,P6,visual_only,Proposed,planned,not_integrated,P0 pipeline,Roof/wall/material/footprint variants; population-scale clusters; shared LODs,Variants of urban core; era/climate tags; mixed usage rather than one national stereotype.,,,,
terrain.deciduous.v1,Deciduous tree kit,Terrain detail,scatter_kit,P2,visual_only,Proposed,reviewed,not_integrated,P0 pipeline,LOD0/1/2; neutral previews; fallback,Preserve measured elevation/coastlines; deterministic visual placement; cull distant instances; slope/water/label exclusions.,spheres-web/ui/scatter-mesh.js,runtime only; built in the browser from source,,"2026-09-07 ledger correction; built earlier, row was stale. Covered by scatter-mesh kinds oak, holm_oak, acacia, dwarf_birch -- each builds at near and far LOD with a fixed triangle count per LOD. All 11 terrain rows are covered and all 30 scatter kinds are used, none spare. Verified: node tools/ui/check_scatter_mesh.cjs. The KIT is built and tested; it has no consumer yet. The world map is 661 m/px at ZOOM_MAX, so the 'map LOD first' premise in this row's acceptance cannot hold there -- see docs/art/SCATTER_SCALE_FINDING.md. Choosing a surface is a design decision, not art work."
terrain.conifer.v1,Conifer tree kit,Terrain detail,scatter_kit,P2,visual_only,Proposed,reviewed,not_integrated,P0 pipeline,LOD0/1/2; neutral previews; fallback,Preserve measured elevation/coastlines; deterministic visual placement; cull distant instances; slope/water/label exclusions.,spheres-web/ui/scatter-mesh.js,runtime only; built in the browser from source,,"2026-09-07 ledger correction; built earlier, row was stale. Covered by scatter-mesh kinds pine, spruce, krummholz -- each builds at near and far LOD with a fixed triangle count per LOD. All 11 terrain rows are covered and all 30 scatter kinds are used, none spare. Verified: node tools/ui/check_scatter_mesh.cjs. The KIT is built and tested; it has no consumer yet. The world map is 661 m/px at ZOOM_MAX, so the 'map LOD first' premise in this row's acceptance cannot hold there -- see docs/art/SCATTER_SCALE_FINDING.md. Choosing a surface is a design decision, not art work."
terrain.tropical.v1,Tropical tree kit,Terrain detail,scatter_kit,P2,visual_only,Proposed,reviewed,not_integrated,P0 pipeline,LOD0/1/2; neutral previews; fallback,Preserve measured elevation/coastlines; deterministic visual placement; cull distant instances; slope/water/label exclusions.,spheres-web/ui/scatter-mesh.js,runtime only; built in the browser from source,,"2026-09-07 ledger correction; built earlier, row was stale. Covered by scatter-mesh kinds palm, tropical_thicket, saguaro -- each builds at near and far LOD with a fixed triangle count per LOD. All 11 terrain rows are covered and all 30 scatter kinds are used, none spare. Verified: node tools/ui/check_scatter_mesh.cjs. The KIT is built and tested; it has no consumer yet. The world map is 661 m/px at ZOOM_MAX, so the 'map LOD first' premise in this row's acceptance cannot hold there -- see docs/art/SCATTER_SCALE_FINDING.md. Choosing a surface is a design decision, not art work."
terrain.scrub.v1,Scrub and shrubs,Terrain detail,scatter_kit,P2,visual_only,Proposed,reviewed,not_integrated,P0 pipeline,LOD0/1/2; neutral previews; fallback,Preserve measured elevation/coastlines; deterministic visual placement; cull distant instances; slope/water/label exclusions.,spheres-web/ui/scatter-mesh.js,runtime only; built in the browser from source,,"2026-09-07 ledger correction; built earlier, row was stale. Covered by scatter-mesh kinds hazel_scrub, heather, maquis, creosote, thorn_scrub, alpine_cushion -- each builds at near and far LOD with a fixed triangle count per LOD. All 11 terrain rows are covered and all 30 scatter kinds are used, none spare. Verified: node tools/ui/check_scatter_mesh.cjs. The KIT is built and tested; it has no consumer yet. The world map is 661 m/px at ZOOM_MAX, so the 'map LOD first' premise in this row's acceptance cannot hold there -- see docs/art/SCATTER_SCALE_FINDING.md. Choosing a surface is a design decision, not art work."
terrain.grass.v1,Grass patches,Terrain detail,scatter_kit,P2,visual_only,Proposed,reviewed,not_integrated,P0 pipeline,LOD0/1/2; neutral previews; fallback,Preserve measured elevation/coastlines; deterministic visual placement; cull distant instances; slope/water/label exclusions.,spheres-web/ui/scatter-mesh.js,runtime only; built in the browser from source,,"2026-09-07 ledger correction; built earlier, row was stale. Covered by scatter-mesh kinds grass_tuft, bunchgrass, sedge_tussock -- each builds at near and far LOD with a fixed triangle count per LOD. All 11 terrain rows are covered and all 30 scatter kinds are used, none spare. Verified: node tools/ui/check_scatter_mesh.cjs. The KIT is built and tested; it has no consumer yet. The world map is 661 m/px at ZOOM_MAX, so the 'map LOD first' premise in this row's acceptance cannot hold there -- see docs/art/SCATTER_SCALE_FINDING.md. Choosing a surface is a design decision, not art work."
terrain.rock.v1,Rock clusters,Terrain detail,scatter_kit,P2,visual_only,Proposed,reviewed,not_integrated,P0 pipeline,LOD0/1/2; neutral previews; fallback,Preserve measured elevation/coastlines; deterministic visual placement; cull distant instances; slope/water/label exclusions.,spheres-web/ui/scatter-mesh.js,runtime only; built in the browser from source,,"2026-09-07 ledger correction; built earlier, row was stale. Covered by scatter-mesh kinds boulder, rock_cluster, scree_patch -- each builds at near and far LOD with a fixed triangle count per LOD. All 11 terrain rows are covered and all 30 scatter kinds are used, none spare. Verified: node tools/ui/check_scatter_mesh.cjs. The KIT is built and tested; it has no consumer yet. The world map is 661 m/px at ZOOM_MAX, so the 'map LOD first' premise in this row's acceptance cannot hold there -- see docs/art/SCATTER_SCALE_FINDING.md. Choosing a surface is a design decision, not art work."
terrain.cliff.v1,Cliff dressing,Terrain detail,scatter_kit,P2,visual_only,Proposed,reviewed,not_integrated,P0 pipeline,LOD0/1/2; neutral previews; fallback,Preserve measured elevation/coastlines; deterministic visual placement; cull distant instances; slope/water/label exclusions.,spheres-web/ui/scatter-mesh.js,runtime only; built in the browser from source,,"2026-09-07 ledger correction; built earlier, row was stale. Covered by scatter-mesh kinds cliff_face -- each builds at near and far LOD with a fixed triangle count per LOD. All 11 terrain rows are covered and all 30 scatter kinds are used, none spare. Verified: node tools/ui/check_scatter_mesh.cjs. The KIT is built and tested; it has no consumer yet. The world map is 661 m/px at ZOOM_MAX, so the 'map LOD first' premise in this row's acceptance cannot hold there -- see docs/art/SCATTER_SCALE_FINDING.md. Choosing a surface is a design decision, not art work."
terrain.snow.v1,Snow-edge dressing,Terrain detail,scatter_kit,P2,visual_only,Proposed,reviewed,not_integrated,P0 pipeline,LOD0/1/2; neutral previews; fallback,Preserve measured elevation/coastlines; deterministic visual placement; cull distant instances; slope/water/label exclusions.,spheres-web/ui/scatter-mesh.js,runtime only; built in the browser from source,,"2026-09-07 ledger correction; built earlier, row was stale. Covered by scatter-mesh kinds snow_edge -- each builds at near and far LOD with a fixed triangle count per LOD. All 11 terrain rows are covered and all 30 scatter kinds are used, none spare. Verified: node tools/ui/check_scatter_mesh.cjs. The KIT is built and tested; it has no consumer yet. The world map is 661 m/px at ZOOM_MAX, so the 'map LOD first' premise in this row's acceptance cannot hold there -- see docs/art/SCATTER_SCALE_FINDING.md. Choosing a surface is a design decision, not art work."
terrain.shore.v1,Shoreline dressing,Terrain detail,scatter_kit,P2,visual_only,Proposed,reviewed,not_integrated,P0 pipeline,LOD0/1/2; neutral previews; fallback,Preserve measured elevation/coastlines; deterministic visual placement; cull distant instances; slope/water/label exclusions.,spheres-web/ui/scatter-mesh.js,runtime only; built in the browser from source,,"2026-09-07 ledger correction; built earlier, row was stale. Covered by scatter-mesh kinds shore_sand, shore_shingle, shore_shelf -- each builds at near and far LOD with a fixed triangle count per LOD. All 11 terrain rows are covered and all 30 scatter kinds are used, none spare. Verified: node tools/ui/check_scatter_mesh.cjs. The KIT is built and tested; it has no consumer yet. The world map is 661 m/px at ZOOM_MAX, so the 'map LOD first' premise in this row's acceptance cannot hold there -- see docs/art/SCATTER_SCALE_FINDING.md. Choosing a surface is a design decision, not art work."
terrain.riverbank.v1,River-bank dressing,Terrain detail,scatter_kit,P2,visual_only,Proposed,reviewed,not_integrated,P0 pipeline,LOD0/1/2; neutral previews; fallback,Preserve measured elevation/coastlines; deterministic visual placement; cull distant instances; slope/water/label exclusions.,spheres-web/ui/scatter-mesh.js,runtime only; built in the browser from source,,"2026-09-07 ledger correction; built earlier, row was stale. Covered by scatter-mesh kinds river_bank -- each builds at near and far LOD with a fixed triangle count per LOD. All 11 terrain rows are covered and all 30 scatter kinds are used, none spare. Verified: node tools/ui/check_scatter_mesh.cjs. The KIT is built and tested; it has no consumer yet. The world map is 661 m/px at ZOOM_MAX, so the 'map LOD first' premise in this row's acceptance cannot hold there -- see docs/art/SCATTER_SCALE_FINDING.md. Choosing a surface is a design decision, not art work."
terrain.fields.v1,Agricultural field patches,Terrain detail,scatter_kit,P2,visual_only,Proposed,reviewed,not_integrated,P0 pipeline,LOD0/1/2; neutral previews; fallback,Preserve measured elevation/coastlines; deterministic visual placement; cull distant instances; slope/water/label exclusions.,spheres-web/ui/scatter-mesh.js,runtime only; built in the browser from source,,"2026-09-07 ledger correction; built earlier, row was stale. Covered by scatter-mesh kinds field_patch, hedgerow -- each builds at near and far LOD with a fixed triangle count per LOD. All 11 terrain rows are covered and all 30 scatter kinds are used, none spare. Verified: node tools/ui/check_scatter_mesh.cjs. The KIT is built and tested; it has no consumer yet. The world map is 661 m/px at ZOOM_MAX, so the 'map LOD first' premise in this row's acceptance cannot hold there -- see docs/art/SCATTER_SCALE_FINDING.md. Choosing a surface is a design decision, not art work."
site.foundation.v1,Foundation and excavation kit,Shared construction props,assembly_kit,P2,visual_only,Proposed,reviewed,integrated,P0 pipeline,LOD0/1/2; neutral previews; fallback,Reusable project stages driven by actual funded progress; paused sites stop activity.,spheres-web/ui/site-mesh.js,runtime only; built in the browser from source,,"2026-09-07 ledger correction; built earlier, row was stale. site-mesh draws this across its five stages and five levels -- parts include earthworks / excavation, corridor / utility duct trench. 157 distinct part names across all kinds, stages and levels. Verified: node tools/ui/check_site_mesh.cjs. Integrated: the construction card shows the staged site, driven by actual funded progress."
site.structure.v1,Structural frame kit,Shared construction props,assembly_kit,P2,visual_only,Proposed,reviewed,integrated,P0 pipeline,LOD0/1/2; neutral previews; fallback,Reusable project stages driven by actual funded progress; paused sites stop activity.,spheres-web/ui/site-mesh.js,runtime only; built in the browser from source,,"2026-09-07 ledger correction; built earlier, row was stale. site-mesh draws this across its five stages and five levels -- parts include structure / portal frames and haunches, structure / deck beams. 157 distinct part names across all kinds, stages and levels. Verified: node tools/ui/check_site_mesh.cjs. Integrated: the construction card shows the staged site, driven by actual funded progress."
site.scaffold.v1,Scaffolding and tower crane kit,Shared construction props,assembly_kit,P2,visual_only,Proposed,reviewed,integrated,P0 pipeline,LOD0/1/2; neutral previews; fallback,Reusable project stages driven by actual funded progress; paused sites stop activity.,spheres-web/ui/site-mesh.js,runtime only; built in the browser from source,,"2026-09-07 ledger correction; built earlier, row was stale. site-mesh draws this across its five stages and five levels -- parts include plant / tower crane, plant / gable scaffold. 157 distinct part names across all kinds, stages and levels. Verified: node tools/ui/check_site_mesh.cjs. Integrated: the construction card shows the staged site, driven by actual funded progress."
site.yard.v1,"Containers, barriers and service yard",Shared construction props,assembly_kit,P2,visual_only,Proposed,reviewed,integrated,P0 pipeline,LOD0/1/2; neutral previews; fallback,Reusable project stages driven by actual funded progress; paused sites stop activity.,spheres-web/ui/site-mesh.js,runtime only; built in the browser from source,,"2026-09-07 ledger correction; built earlier, row was stale. site-mesh draws this across its five stages and five levels -- parts include site / perimeter hoarding and gate, site / stacked materials, yard / precast stockpile. 157 distinct part names across all kinds, stages and levels. Verified: node tools/ui/check_site_mesh.cjs. Integrated: the construction card shows the staged site, driven by actual funded progress."
site.retrofit.v1,Factory retrofit machinery kit,Shared construction props,assembly_kit,P2,visual_only,Proposed,reviewed,integrated,P0 pipeline,LOD0/1/2; neutral previews; fallback,Reusable project stages driven by actual funded progress; paused sites stop activity.,spheres-web/ui/site-mesh.js,runtime only; built in the browser from source,,"2026-09-07 ledger correction; built earlier, row was stale. site-mesh draws this across its five stages and five levels -- parts include plant / batching skid and bowser, services / roof plant. 157 distinct part names across all kinds, stages and levels. Verified: node tools/ui/check_site_mesh.cjs. Integrated: the construction card shows the staged site, driven by actual funded progress."
scene.menu.v1,Main menu,Page backgrounds,scene_assembly,P7,visual_only,Proposed,planned,not_integrated,P0 pipeline,Desktop/narrow composition; still fallback; reduced-motion option; optional bounded animation,Reuse accepted assets; text-safe composition; neutral interactive-object lighting; no input obstruction.,,,,
scene.nation.v1,Nation selection,Page backgrounds,scene_assembly,P7,visual_only,Proposed,planned,not_integrated,P0 pipeline,Desktop/narrow composition; still fallback; reduced-motion option; optional bounded animation,Reuse accepted assets; text-safe composition; neutral interactive-object lighting; no input obstruction.,,,,
scene.economy.v1,Economy,Page backgrounds,scene_assembly,P7,visual_only,Proposed,planned,not_integrated,P0 pipeline,Desktop/narrow composition; still fallback; reduced-motion option; optional bounded animation,Reuse accepted assets; text-safe composition; neutral interactive-object lighting; no input obstruction.,,,,
scene.budget.v1,Treasury and budget,Page backgrounds,scene_assembly,P7,visual_only,Proposed,planned,not_integrated,P0 pipeline,Desktop/narrow composition; still fallback; reduced-motion option; optional bounded animation,Reuse accepted assets; text-safe composition; neutral interactive-object lighting; no input obstruction.,,,,
scene.construction.v1,Construction manager,Page backgrounds,scene_assembly,P7,visual_only,Proposed,planned,not_integrated,P0 pipeline,Desktop/narrow composition; still fallback; reduced-motion option; optional bounded animation,Reuse accepted assets; text-safe composition; neutral interactive-object lighting; no input obstruction.,,,,
scene.industry.v1,Industry,Page backgrounds,scene_assembly,P7,visual_only,Proposed,planned,not_integrated,P0 pipeline,Desktop/narrow composition; still fallback; reduced-motion option; optional bounded animation,Reuse accepted assets; text-safe composition; neutral interactive-object lighting; no input obstruction.,,,,
scene.resources.v1,Resources,Page backgrounds,scene_assembly,P7,visual_only,Proposed,planned,not_integrated,P0 pipeline,Desktop/narrow composition; still fallback; reduced-motion option; optional bounded animation,Reuse accepted assets; text-safe composition; neutral interactive-object lighting; no input obstruction.,,,,
scene.research.v1,Research campus,Page backgrounds,scene_assembly,P7,visual_only,Proposed,planned,not_integrated,P0 pipeline,Desktop/narrow composition; still fallback; reduced-motion option; optional bounded animation,Reuse accepted assets; text-safe composition; neutral interactive-object lighting; no input obstruction.,,,,
scene.chassis.v1,Chassis research,Page backgrounds,scene_assembly,P7,visual_only,Proposed,planned,not_integrated,P0 pipeline,Desktop/narrow composition; still fallback; reduced-motion option; optional bounded animation,Reuse accepted assets; text-safe composition; neutral interactive-object lighting; no input obstruction.,,,,
scene.engines.v1,Engine research,Page backgrounds,scene_assembly,P7,visual_only,Proposed,planned,not_integrated,P0 pipeline,Desktop/narrow composition; still fallback; reduced-motion option; optional bounded animation,Reuse accepted assets; text-safe composition; neutral interactive-object lighting; no input obstruction.,,,,
scene.weapons.v1,Weapon research,Page backgrounds,scene_assembly,P7,visual_only,Proposed,planned,not_integrated,P0 pipeline,Desktop/narrow composition; still fallback; reduced-motion option; optional bounded animation,Reuse accepted assets; text-safe composition; neutral interactive-object lighting; no input obstruction.,,,,
scene.armor.v1,Armor research,Page backgrounds,scene_assembly,P7,visual_only,Proposed,planned,not_integrated,P0 pipeline,Desktop/narrow composition; still fallback; reduced-motion option; optional bounded animation,Reuse accepted assets; text-safe composition; neutral interactive-object lighting; no input obstruction.,,,,
scene.optics.v1,Optics research,Page backgrounds,scene_assembly,P7,visual_only,Proposed,planned,not_integrated,P0 pipeline,Desktop/narrow composition; still fallback; reduced-motion option; optional bounded animation,Reuse accepted assets; text-safe composition; neutral interactive-object lighting; no input obstruction.,,,,
scene.communications.v1,Communications research,Page backgrounds,scene_assembly,P7,visual_only,Proposed,planned,not_integrated,P0 pipeline,Desktop/narrow composition; still fallback; reduced-motion option; optional bounded animation,Reuse accepted assets; text-safe composition; neutral interactive-object lighting; no input obstruction.,,,,
scene.library.v1,Equipment library,Page backgrounds,scene_assembly,P7,visual_only,Proposed,planned,not_integrated,P0 pipeline,Desktop/narrow composition; still fallback; reduced-motion option; optional bounded animation,Reuse accepted assets; text-safe composition; neutral interactive-object lighting; no input obstruction.,,,,
scene.ground.v1,Ground designer,Page backgrounds,scene_assembly,P7,visual_only,Proposed,planned,not_integrated,P0 pipeline,Desktop/narrow composition; still fallback; reduced-motion option; optional bounded animation,Reuse accepted assets; text-safe composition; neutral interactive-object lighting; no input obstruction.,,,,
scene.air.v1,Aircraft hangar,Page backgrounds,scene_assembly,P7,visual_only,Proposed,planned,not_integrated,P0 pipeline,Desktop/narrow composition; still fallback; reduced-motion option; optional bounded animation,Reuse accepted assets; text-safe composition; neutral interactive-object lighting; no input obstruction.,,,,
scene.naval.v1,Naval dockyard,Page backgrounds,scene_assembly,P7,visual_only,Proposed,planned,not_integrated,P0 pipeline,Desktop/narrow composition; still fallback; reduced-motion option; optional bounded animation,Reuse accepted assets; text-safe composition; neutral interactive-object lighting; no input obstruction.,,,,
scene.production.v1,Equipment production,Page backgrounds,scene_assembly,P7,visual_only,Proposed,planned,not_integrated,P0 pipeline,Desktop/narrow composition; still fallback; reduced-motion option; optional bounded animation,Reuse accepted assets; text-safe composition; neutral interactive-object lighting; no input obstruction.,,,,
scene.service.v1,Service and refit,Page backgrounds,scene_assembly,P7,visual_only,Proposed,planned,not_integrated,P0 pipeline,Desktop/narrow composition; still fallback; reduced-motion option; optional bounded animation,Reuse accepted assets; text-safe composition; neutral interactive-object lighting; no input obstruction.,,,,
scene.logistics.v1,Logistics,Page backgrounds,scene_assembly,P7,visual_only,Proposed,planned,not_integrated,P0 pipeline,Desktop/narrow composition; still fallback; reduced-motion option; optional bounded animation,Reuse accepted assets; text-safe composition; neutral interactive-object lighting; no input obstruction.,,,,
scene.diplomacy.v1,Diplomacy,Page backgrounds,scene_assembly,P7,visual_only,Proposed,planned,not_integrated,P0 pipeline,Desktop/narrow composition; still fallback; reduced-motion option; optional bounded animation,Reuse accepted assets; text-safe composition; neutral interactive-object lighting; no input obstruction.,,,,
scene.intelligence.v1,Intelligence,Page backgrounds,scene_assembly,P7,visual_only,Proposed,planned,not_integrated,P0 pipeline,Desktop/narrow composition; still fallback; reduced-motion option; optional bounded animation,Reuse accepted assets; text-safe composition; neutral interactive-object lighting; no input obstruction.,,,,
scene.government.v1,Domestic government,Page backgrounds,scene_assembly,P7,visual_only,Proposed,planned,not_integrated,P0 pipeline,Desktop/narrow composition; still fallback; reduced-motion option; optional bounded animation,Reuse accepted assets; text-safe composition; neutral interactive-object lighting; no input obstruction.,,,,
scene.history.v1,World and history,Page backgrounds,scene_assembly,P7,visual_only,Proposed,planned,not_integrated,P0 pipeline,Desktop/narrow composition; still fallback; reduced-motion option; optional bounded animation,Reuse accepted assets; text-safe composition; neutral interactive-object lighting; no input obstruction.,,,,
scene.help.v1,Help and onboarding,Page backgrounds,scene_assembly,P7,visual_only,Proposed,planned,not_integrated,P0 pipeline,Desktop/narrow composition; still fallback; reduced-motion option; optional bounded animation,Reuse accepted assets; text-safe composition; neutral interactive-object lighting; no input obstruction.,,,,
